"last_name, first_name","player_id","team_name_alt","pitch_type","pitch_name","run_value_per_100","run_value","pitches","pitch_usage","pa","ba","slg","woba","whiff_percent","k_percent","put_away","est_ba","est_slg","est_woba","hard_hit_percent"
"Gausman, Kevin",592332,"CHC","FF","4-Seam Fastball",0.9,10,"1149",51.4,"315","0.289","0.436","0.342",16.6,19.4,18.8,"0.275","0.444","0.335",45.5
"Misiorowski, Jacob",694819,"MIL","FF","4-Seam Fastball",1.8,22,"1269",63.9,"296","0.172","0.269","0.247",42.5,47.3,35.4,"0.156","0.244","0.22",39.5
"Sánchez, Cristopher",650911,"PHI","SI","Sinker",0.1,1,"1029",43.1,"289","0.332","0.465","0.382",12.3,15.2,20,"0.315","0.493","0.368",53.7
"Singer, Brady",663903,"CIN","SI","Sinker",-0.4,-4,"1003",48.3,"287","0.28","0.452","0.369",16.9,18.5,19,"0.28","0.445","0.358",45.5
"Abbott, Andrew",671096,"CIN","FF","4-Seam Fastball",-0.2,-2,"1003",45.3,"280","0.249","0.419","0.372",12.5,13.9,12.7,"0.297","0.505","0.404",49
"Peralta, Freddy",642547,"TB","FF","4-Seam Fastball",-0.6,-7,"1199",53,"280","0.292","0.49","0.386",21.3,18.2,16.6,"0.262","0.415","0.34",50.3
"Valdez, Framber",664285,"DET","SI","Sinker",0.2,2,"959",45.1,"273","0.313","0.429","0.368",10.5,7.7,14.9,"0.309","0.47","0.374",51.1
"Burns, Chase",695505,"CIN","FF","4-Seam Fastball",0.4,4,"1149",56.3,"270","0.241","0.388","0.338",17.1,14.8,13.1,"0.247","0.402","0.335",38.3
"Bradley, Taj",671737,"MIN","FF","4-Seam Fastball",0.4,4,"1039",46.4,"264","0.241","0.42","0.348",15.7,18.9,18.9,"0.276","0.5","0.383",55.4
"Detmers, Reid",672282,"LAA","FF","4-Seam Fastball",0,0,"1004",45.3,"260","0.235","0.427","0.32",21.9,21.2,16.7,"0.248","0.439","0.329",50.3
"Sánchez, Cristopher",650911,"PHI","CH","Changeup",1.2,11,"896",37.5,"251","0.178","0.258","0.219",46.9,39,29.4,"0.161","0.222","0.193",27.1
"Gore, MacKenzie",669022,"TEX","FF","4-Seam Fastball",1,11,"1042",45.9,"250","0.242","0.379","0.312",22.6,22,20,"0.234","0.351","0.3",40.1
"Wrobleski, Justin",680736,"LAD","FF","4-Seam Fastball",1.2,10,"876",48.9,"239","0.192","0.338","0.267",22.7,25.9,22,"0.23","0.4","0.302",41.8
"Woo, Bryan",693433,"SEA","FF","4-Seam Fastball",1.2,12,"968",47.4,"236","0.242","0.384","0.297",25.3,22.5,16.9,"0.249","0.418","0.312",44.3
"Schlittler, Cam",693645,"NYY","FF","4-Seam Fastball",1.6,17,"1011",44.2,"233","0.181","0.306","0.243",34.4,39.5,26.7,"0.178","0.315","0.239",46.5
"Burke, Sean",680732,"CWS","FF","4-Seam Fastball",1.5,12,"818",37.5,"229","0.171","0.317","0.251",26.9,35.4,22,"0.187","0.346","0.269",35.4
"McLean, Nolan",690997,"NYM","SI","Sinker",2.9,21,"733",32.5,"228","0.177","0.256","0.243",13.4,23.7,29,"0.219","0.316","0.275",36.2
"Skenes, Paul",694973,"PIT","FF","4-Seam Fastball",1.1,10,"933",41,"228","0.204","0.359","0.282",29.9,33.3,26,"0.2","0.355","0.277",47.7
"Chandler, Bubba",696149,"PIT","FF","4-Seam Fastball",0.2,1,"963",48.5,"227","0.214","0.364","0.333",22.9,19.8,15.4,"0.231","0.403","0.344",39.9
"Ryan, Joe",657746,"MIN","FF","4-Seam Fastball",0.4,4,"953",45.6,"226","0.243","0.456","0.336",26.2,25.2,18.7,"0.233","0.426","0.314",46.7
"Eovaldi, Nathan",543135,"TEX","FS","Split-Finger",1.4,10,"737",36.7,"226","0.196","0.354","0.267",33.6,28.8,26,"0.231","0.364","0.287",47.6
"Pérez, Eury",691587,"MIA","FF","4-Seam Fastball",1.2,9,"752",39.7,"225","0.188","0.335","0.298",23.4,29.8,24.6,"0.192","0.355","0.302",46
"Houser, Adrian",605288,"SF","SI","Sinker",0.3,2,"757",46.6,"220","0.288","0.455","0.365",9.3,6.8,11.2,"0.313","0.512","0.39",43.6
"Harrison, Kyle",690986,"MIL","FF","4-Seam Fastball",1,9,"928",57.4,"219","0.236","0.407","0.313",30,33.3,23.1,"0.223","0.37","0.293",42.9
"Bradish, Kyle",680694,"BAL","SI","Sinker",1,7,"731",34.7,"219","0.245","0.323","0.294",10.5,22.4,22.3,"0.229","0.352","0.298",38.8
"Imanaga, Shota",684007,"CHC","FF","4-Seam Fastball",0.3,3,"882",40.8,"218","0.244","0.468","0.323",20.1,21.1,18.2,"0.237","0.45","0.314",43.1
"Baz, Shane",669358,"BAL","CU","Curveball",-0.8,-6,"742",32.7,"218","0.296","0.422","0.328",29.7,29.4,20.8,"0.237","0.363","0.274",44.5
"Rea, Colin",607067,"CHC","FF","4-Seam Fastball",-0.2,-2,"856",42.8,"218","0.298","0.471","0.369",14.3,13.8,12.5,"0.29","0.505","0.375",43.6
"Springs, Jeffrey",605488,"ATH","FF","4-Seam Fastball",-1.9,-16,"828",44.2,"215","0.287","0.547","0.404",15.4,16.7,14,"0.265","0.493","0.374",41.2
"Nelson, Ryne",669194,"AZ","FF","4-Seam Fastball",0.3,2,"734",56.8,"214","0.23","0.434","0.322",19.8,17.8,15.4,"0.263","0.506","0.357",46.2
"Alcantara, Sandy",645261,"MIA","SI","Sinker",1.7,11,"648",26.3,"214","0.259","0.326","0.301",12.3,15.4,18.2,"0.254","0.333","0.293",37.7
"Castillo, Luis",622491,"CWS","FF","4-Seam Fastball",-0.5,-4,"852",43.9,"214","0.247","0.456","0.353",27.9,24.8,16.6,"0.244","0.415","0.33",45.9
"Cease, Dylan",656302,"TOR","FF","4-Seam Fastball",1.1,9,"826",36.8,"213","0.209","0.311","0.298",28.6,34.7,24.6,"0.189","0.282","0.285",41.3
"Gausman, Kevin",592332,"CHC","FS","Split-Finger",0.2,2,"864",38.6,"212","0.198","0.289","0.247",39.7,28.8,17.7,"0.195","0.28","0.235",23.9
"Burns, Chase",695505,"CIN","SL","Slider",2,16,"783",38.4,"212","0.139","0.249","0.199",51.6,47.2,32.4,"0.148","0.241","0.193",36.3
"Messick, Parker",800048,"CLE","FF","4-Seam Fastball",2.5,20,"802",38.1,"211","0.161","0.26","0.226",26.5,34.1,27,"0.172","0.268","0.231",33.6
"Rodriguez, Eduardo",593958,"AZ","FF","4-Seam Fastball",1.4,13,"895",39.4,"210","0.2","0.347","0.281",21.2,25.7,17.9,"0.241","0.454","0.333",41.2
"Hancock, Emerson",676106,"SEA","FF","4-Seam Fastball",2,15,"755",39.5,"206","0.203","0.344","0.274",22.8,26.2,19.9,"0.24","0.449","0.319",48.6
"Rogers, Trevor",669432,"BAL","FF","4-Seam Fastball",0.5,5,"875",44.8,"205","0.243","0.436","0.343",23.6,20.5,16.4,"0.24","0.434","0.329",44
"deGrom, Jacob",594798,"TEX","SL","Slider",2.2,16,"723",36.7,"204","0.168","0.237","0.211",39.9,32.8,22.6,"0.201","0.288","0.242",38.4
"Luzardo, Jesús",666200,"PHI","ST","Sweeper",1.9,17,"888",38.1,"204","0.122","0.181","0.176",49.1,52.5,30.8,"0.131","0.192","0.183",25.9
"Sale, Chris",519242,"ATL","SL","Slider",1.2,9,"775",39.4,"202","0.188","0.242","0.238",38.7,42.6,25.8,"0.18","0.249","0.226",16
"Sale, Chris",519242,"ATL","FF","4-Seam Fastball",1.1,9,"804",40.8,"201","0.221","0.359","0.295",26.7,29.9,22.1,"0.232","0.383","0.306",45.1
"Flaherty, Jack",656427,"DET","FF","4-Seam Fastball",0.4,3,"806",49.2,"201","0.224","0.388","0.324",21,26.4,20.9,"0.235","0.403","0.332",53.3
"Imanaga, Shota",684007,"CHC","FS","Split-Finger",0.6,4,"709",32.8,"199","0.208","0.359","0.267",40.1,30.7,22.1,"0.208","0.327","0.246",24.4
"King, Michael",650633,"SD","CH","Changeup",1.4,9,"627",28.2,"198","0.189","0.272","0.242",28.9,16.7,16.8,"0.23","0.361","0.292",25
"Ray, Robbie",592662,"SD","FF","4-Seam Fastball",-0.3,-2,"745",33.3,"197","0.239","0.478","0.372",20.7,22.3,16.9,"0.233","0.482","0.374",41.5
"Griffin, Foster",656492,"CLE","FC","Cutter",1.5,11,"722",32.4,"197","0.223","0.418","0.3",21,15.2,17.6,"0.254","0.444","0.319",38.5
"Tolle, Payton",801139,"BOS","FF","4-Seam Fastball",0.4,3,"761",46.9,"195","0.193","0.369","0.292",29.7,34.4,25.5,"0.18","0.316","0.253",37.8
"deGrom, Jacob",594798,"TEX","FF","4-Seam Fastball",-0.1,-1,"833",42.3,"195","0.272","0.533","0.367",25.2,26.2,23,"0.264","0.531","0.363",55
"Ginn, J.T.",669372,"ATH","SI","Sinker",1.5,10,"667",34.8,"194","0.206","0.297","0.29",23.1,24.7,29.6,"0.233","0.342","0.307",35
"Gilbert, Logan",669302,"SEA","FF","4-Seam Fastball",1.1,10,"854",39.5,"194","0.232","0.475","0.333",24.1,18,18.4,"0.269","0.511","0.362",51
"Detmers, Reid",672282,"LAA","SL","Slider",1.8,13,"719",32.4,"194","0.179","0.251","0.229",35.8,38.7,25.7,"0.175","0.252","0.221",26.7
"Sasaki, Roki",808963,"LAD","FF","4-Seam Fastball",-1.6,-12,"753",42.2,"193","0.315","0.606","0.434",20.4,17.1,18,"0.298","0.526","0.401",57.6
"Holmes, Grant",656550,"ATL","SL","Slider",0.2,1,"657",36.3,"192","0.224","0.385","0.299",38.7,31.8,23.8,"0.232","0.387","0.301",38.6
"Yesavage, Trey",702056,"TOR","FF","4-Seam Fastball",1,8,"722",46.6,"192","0.198","0.358","0.307",20.1,18.2,18.8,"0.217","0.369","0.312",40
"Rodriguez, Eduardo",593958,"AZ","CH","Changeup",0.9,5,"610",26.8,"191","0.209","0.326","0.275",26.1,15.2,14.6,"0.234","0.348","0.288",24.7
"McDonald, Trevor",686790,"SF","SI","Sinker",1,6,"655",57.6,"190","0.286","0.363","0.347",9.9,12.1,16.8,"0.26","0.35","0.312",40.4
"Fedde, Erick",607200,"CWS","ST","Sweeper",1,7,"674",37,"188","0.212","0.376","0.29",21.1,17.6,14.7,"0.22","0.385","0.295",30.2
"Webb, Logan",657277,"SF","SI","Sinker",2.3,13,"589",29.7,"187","0.226","0.351","0.299",10.5,8.6,17,"0.289","0.437","0.351",52
"Nola, Aaron",605400,"PHI","CU","Curveball",0.7,5,"712",32.8,"187","0.193","0.369","0.273",41.7,38.5,26.4,"0.188","0.307","0.234",28.3
"Young, Brandon",687064,"BAL","FF","4-Seam Fastball",1.8,13,"723",39.8,"187","0.195","0.317","0.276",22.8,16.6,14.2,"0.239","0.392","0.323",41.4
"Rocker, Kumar",677958,"TEX","SL","Slider",1,7,"716",38.8,"186","0.183","0.309","0.232",40.2,38.7,25.2,"0.179","0.294","0.226",37.1
"Warren, Will",701542,"NYY","FF","4-Seam Fastball",-0.1,-1,"742",37,"185","0.232","0.47","0.331",21.4,27.6,21.7,"0.214","0.405","0.303",45.7
"Baz, Shane",669358,"BAL","FF","4-Seam Fastball",-0.2,-1,"777",34.2,"182","0.253","0.409","0.332",17.4,21.4,18.4,"0.248","0.422","0.336",45.5
"Roupp, Landen",694738,"SF","SI","Sinker",0.1,1,"762",34.8,"181","0.264","0.466","0.387",9.1,11.6,15.9,"0.276","0.46","0.383",37.5
"Mahle, Tyler",641816,"ATL","FF","4-Seam Fastball",0.7,6,"853",48.4,"181","0.218","0.436","0.324",20.8,26.5,23.6,"0.206","0.368","0.3",36
"Manaea, Sean",640455,"NYM","FF","4-Seam Fastball",0.9,6,"684",38,"179","0.206","0.394","0.294",21.4,26.8,19.1,"0.233","0.436","0.322",50
"Peterson, David",656849,"CHC","SI","Sinker",0,0,"552",30.2,"179","0.286","0.435","0.38",13.1,6.7,15.6,"0.339","0.517","0.425",52.9
"Cease, Dylan",656302,"TOR","SL","Slider",3.3,22,"664",29.6,"178","0.123","0.179","0.185",43.7,41,27.1,"0.162","0.214","0.206",23.1
"Cavalli, Cade",676917,"WSH","FF","4-Seam Fastball",-1,-8,"727",33.8,"178","0.306","0.506","0.385",21.8,23,18.6,"0.265","0.475","0.35",45
"Pallante, Andre",669467,"STL","FF","4-Seam Fastball",1.1,7,"676",32,"178","0.275","0.394","0.341",14,7.9,11.1,"0.274","0.404","0.333",40.4
"López, Reynaldo",625643,"ATL","FF","4-Seam Fastball",1,7,"672",54.8,"177","0.281","0.444","0.354",15.9,19.8,21.5,"0.279","0.464","0.354",40.8
"Meyer, Max",676974,"MIA","ST","Sweeper",0.8,5,"537",30,"177","0.199","0.267","0.245",35.7,39,27.5,"0.202","0.301","0.257",39.4
"Martinez, Nick",607259,"TB","SI","Sinker",0.8,5,"583",30.7,"177","0.277","0.41","0.313",8.1,14.1,17.4,"0.303","0.499","0.356",39.6
"Sasaki, Roki",808963,"LAD","FS","Split-Finger",0.6,4,"653",36.6,"176","0.158","0.321","0.235",35.3,29.5,19.7,"0.2","0.319","0.249",30.7
"Cantillo, Joey",676282,"CLE","FF","4-Seam Fastball",-1.3,-9,"723",34.6,"175","0.304","0.541","0.408",16,15.4,16.6,"0.263","0.495","0.376",54.1
"Bello, Brayan",678394,"BOS","SI","Sinker",0.8,4,"567",41.9,"172","0.296","0.388","0.342",15.3,13.4,19.5,"0.307","0.435","0.36",48.5
"Lauer, Eric",641778,"LAD","FF","4-Seam Fastball",-0.5,-3,"682",42.3,"172","0.233","0.533","0.361",20.6,21.5,16.3,"0.265","0.558","0.381",44.8
"Wacha, Michael",608379,"KC","CH","Changeup",1.4,8,"557",24.7,"172","0.196","0.307","0.253",27.4,25.6,20,"0.196","0.284","0.23",26.7
"Soriano, José",667755,"TOR","SI","Sinker",0.9,5,"614",27.6,"171","0.243","0.299","0.32",21.6,11.1,16.2,"0.296","0.424","0.376",49.2
"Kelly, Merrill",518876,"AZ","CH","Changeup",-0.4,-2,"545",27.4,"169","0.23","0.342","0.294",31.8,23.7,20.2,"0.295","0.464","0.367",39.8
"Rogers, Tyler",643511,"TOR","SI","Sinker",2.4,14,"603",76.8,"169","0.214","0.253","0.263",11.9,10.1,11.1,"0.235","0.3","0.273",28.3
"Elder, Bryce",693821,"ATL","SI","Sinker",0.9,5,"558",28.1,"169","0.224","0.362","0.309",12.4,21.9,27.8,"0.246","0.381","0.308",44.8
"Alcantara, Sandy",645261,"MIA","CH","Changeup",-0.3,-1,"506",20.5,"169","0.233","0.365","0.302",29.6,20.7,22.4,"0.251","0.34","0.274",30.2
"Kirby, George",669923,"SEA","FF","4-Seam Fastball",0.2,1,"587",29.2,"168","0.255","0.446","0.325",22.6,18.5,16,"0.255","0.46","0.33",40.5
"Blubaugh, AJ",805123,"HOU","FF","4-Seam Fastball",0.4,2,"659",50.9,"167","0.206","0.433","0.332",22.9,23.4,18.5,"0.228","0.437","0.343",43.3
"Okert, Steven",595345,"HOU","SL","Slider",1.8,11,"628",67.7,"166","0.171","0.303","0.239",34.8,27.7,21.2,"0.183","0.331","0.248",28.2
"Ohtani, Shohei",660271,"LAD","FF","4-Seam Fastball",1.7,10,"602",45.1,"166","0.193","0.307","0.263",26.9,25.3,26.9,"0.2","0.311","0.261",39.4
"Kirby, George",669923,"SEA","ST","Sweeper",0.1,1,"594",29.6,"164","0.248","0.389","0.288",26.8,29.3,21.4,"0.228","0.342","0.264",33.9
"Rocker, Kumar",677958,"TEX","SI","Sinker",-1.1,-6,"526",28.5,"164","0.326","0.496","0.425",9.5,6.1,11.5,"0.31","0.474","0.387",45
"Ashcraft, Braxton",677952,"PIT","FF","4-Seam Fastball",-0.7,-4,"642",31.8,"163","0.299","0.558","0.387",17.2,19,20.3,"0.234","0.432","0.316",45
"Rasmussen, Drew",656876,"TB","FC","Cutter",0.9,5,"584",29.3,"162","0.224","0.355","0.283",25.7,19.8,18.1,"0.254","0.385","0.296",28.9
"Assad, Javier",665871,"CHC","SI","Sinker",1.4,7,"533",42.1,"161","0.236","0.354","0.297",7.4,14.3,17.3,"0.269","0.406","0.33",51.2
"Liberatore, Matthew",669461,"STL","FF","4-Seam Fastball",-0.4,-3,"599",31.3,"160","0.293","0.479","0.378",12.3,12.5,12.3,"0.306","0.528","0.394",41.3
"Jump, Gage",695611,"ATH","FF","4-Seam Fastball",-0.5,-3,"583",46.3,"160","0.283","0.486","0.378",23.3,27.5,24.3,"0.251","0.405","0.338",45.7
"Cantillo, Joey",676282,"CLE","CU","Curveball",0.7,4,"602",28.8,"159","0.204","0.245","0.264",38,37.1,27.6,"0.186","0.244","0.225",34.1
"Yamamoto, Yoshinobu",808967,"LAD","FS","Split-Finger",0.6,4,"559",27.1,"159","0.169","0.299","0.215",32.4,24.5,17.3,"0.198","0.263","0.215",32.2
"Pallante, Andre",669467,"STL","SL","Slider",2,12,"627",29.6,"159","0.201","0.315","0.265",31.4,27,20.4,"0.22","0.347","0.272",35.8
"Boyd, Matthew",571510,"CHC","FF","4-Seam Fastball",-0.4,-2,"571",46.3,"159","0.282","0.458","0.364",15.1,11.9,11.9,"0.298","0.519","0.384",53.7
"Williams, Gavin",668909,"CLE","ST","Sweeper",1.1,7,"639",28.5,"159","0.162","0.304","0.232",43.1,45.9,26.4,"0.161","0.263","0.217",32
"Warren, Will",701542,"NYY","SI","Sinker",-1,-5,"538",26.8,"158","0.302","0.432","0.379",18.7,17.7,21.4,"0.306","0.425","0.36",48.2
"Ureña, Walbert",700712,"LAA","CH","Changeup",2.2,12,"562",32.3,"158","0.159","0.232","0.248",37.9,27.2,23.9,"0.145","0.206","0.22",20
"Cole, Gerrit",543037,"NYY","FF","4-Seam Fastball",1.7,10,"582",47.8,"158","0.19","0.333","0.256",21.9,34.2,27.4,"0.215","0.353","0.274",45.2
"Gallen, Zac",668678,"AZ","FF","4-Seam Fastball",-1.1,-6,"605",37,"158","0.331","0.545","0.405",6.6,11.4,13.1,"0.354","0.649","0.44",48.8
"Martinez, Nick",607259,"TB","CH","Changeup",1.7,9,"523",27.5,"157","0.153","0.267","0.199",32.7,22.9,19.1,"0.204","0.294","0.233",23.5
"Scott, Christian",681035,"NYM","FF","4-Seam Fastball",0,0,"707",49,"157","0.235","0.409","0.342",27.8,30.6,20.9,"0.226","0.389","0.331",45.2
"Hill, Tim",657612,"NYY","SI","Sinker",0.8,4,"514",81.8,"157","0.228","0.379","0.304",10.2,7.6,9.5,"0.264","0.405","0.313",43
"Schlittler, Cam",693645,"NYY","FC","Cutter",0.2,1,"589",25.7,"156","0.229","0.424","0.316",23.4,24.4,23.3,"0.243","0.395","0.3",38
"Imai, Tatsuya",837227,"HOU","SL","Slider",0.6,4,"562",45.3,"155","0.175","0.336","0.272",40.6,38.7,27.5,"0.189","0.325","0.274",41.6
"Wacha, Michael",608379,"KC","FF","4-Seam Fastball",0.7,4,"613",27.1,"155","0.228","0.359","0.292",20,19.4,16,"0.275","0.477","0.344",40.9
"Ferrer, José A.",678606,"SEA","SI","Sinker",0.4,2,"559",70.7,"155","0.288","0.432","0.363",13.4,14.2,16.9,"0.254","0.404","0.322",38.1
"Elder, Bryce",693821,"ATL","SL","Slider",-1.5,-7,"479",24.1,"152","0.25","0.486","0.353",30.1,25.7,23.1,"0.237","0.426","0.315",43.6
"Mikolas, Miles",571945,"WSH","SI","Sinker",-1,-5,"436",23.9,"152","0.308","0.559","0.384",9.7,10.5,16.5,"0.314","0.549","0.381",42.6
"Bibee, Tanner",676440,"CLE","SI","Sinker",1.1,6,"522",23.2,"152","0.27","0.394","0.339",15.2,16.4,21.4,"0.289","0.435","0.35",44.6
"Luzardo, Jesús",666200,"PHI","FF","4-Seam Fastball",-0.5,-3,"576",24.7,"151","0.301","0.444","0.359",16.7,23.8,17.2,"0.245","0.36","0.307",32
"Pérez, Martín",527048,"ATL","CH","Changeup",1,5,"500",30.5,"151","0.152","0.29","0.231",33.9,22.5,18.4,"0.229","0.35","0.284",24.3
"Smith, Cade",671922,"CLE","FF","4-Seam Fastball",0,0,"598",62.8,"150","0.254","0.388","0.341",29.5,30.7,23.8,"0.245","0.414","0.322",51.7
"Hudson, Bryan",663542,"CWS","FF","4-Seam Fastball",0.9,5,"547",66.8,"150","0.24","0.302","0.291",24,24,21.6,"0.233","0.336","0.288",36.4
"Harris, Hogan",663687,"ATH","FF","4-Seam Fastball",0.5,3,"593",58.9,"150","0.246","0.361","0.34",24.9,28,23.2,"0.217","0.335","0.32",35.8
"Pérez, Martín",527048,"ATL","SI","Sinker",0.9,5,"567",34.6,"150","0.234","0.313","0.319",9,14.7,16.1,"0.269","0.395","0.347",46.2
"King, Michael",650633,"SD","SI","Sinker",-0.2,-1,"622",27.9,"149","0.266","0.468","0.376",16.3,18.8,18.7,"0.29","0.512","0.398",41.8
"Ober, Bailey",641927,"MIN","CH","Changeup",-1.3,-7,"528",34.4,"149","0.268","0.449","0.342",21.9,14.8,13.3,"0.285","0.503","0.362",31.9
"Bradley, Taj",671737,"MIN","FC","Cutter",1.4,8,"546",24.4,"149","0.17","0.274","0.239",35.9,32.9,25.7,"0.152","0.231","0.215",29.1
"Sheehan, Emmet",686218,"LAD","SL","Slider",0.6,3,"510",30,"149","0.231","0.448","0.309",38.1,33.6,27,"0.198","0.352","0.267",33
"Messick, Parker",800048,"CLE","CH","Changeup",0.3,1,"498",23.7,"149","0.221","0.329","0.261",35.5,34.2,21.5,"0.206","0.256","0.226",23.1
"McClanahan, Shane",663556,"TB","FF","4-Seam Fastball",0.4,2,"582",37.6,"148","0.254","0.389","0.346",18.5,14.2,16.2,"0.286","0.487","0.385",46.7
"Fedde, Erick",607200,"CWS","SI","Sinker",-0.7,-4,"548",30.1,"148","0.287","0.457","0.37",12.7,15.5,16.1,"0.287","0.454","0.362",50.5
"Bazardo, Eduard",660825,"SEA","SI","Sinker",0.2,1,"528",63.1,"147","0.288","0.432","0.344",14.1,21.8,20.5,"0.268","0.428","0.326",43.8
"Sheehan, Emmet",686218,"LAD","FF","4-Seam Fastball",-1.2,-9,"726",42.8,"146","0.262","0.631","0.404",29.2,24,19.4,"0.252","0.532","0.368",47.9
"Lambert, Peter",663567,"HOU","FF","4-Seam Fastball",0.1,0,"587",31.1,"146","0.198","0.397","0.297",26.3,29.5,22.4,"0.214","0.456","0.325",47.7
"Richards, Trevor",670950,"CWS","FF","4-Seam Fastball",0.8,4,"518",62.6,"146","0.26","0.481","0.352",13,17.8,19.5,"0.246","0.45","0.333",43
"Mahle, Tyler",641816,"ATL","FS","Split-Finger",-0.3,-2,"464",26.3,"146","0.25","0.36","0.29",28.3,27.4,19.6,"0.24","0.361","0.284",36.1
"Valdez, Framber",664285,"DET","CU","Curveball",-0.3,-2,"617",29,"146","0.184","0.312","0.292",32.2,32.2,19.7,"0.181","0.278","0.265",34.2
"King, Bryan",687911,"HOU","FF","4-Seam Fastball",0.4,2,"486",58.3,"146","0.24","0.384","0.32",18.8,21.2,17.7,"0.223","0.356","0.303",41.2
"Wheeler, Zack",554430,"PHI","FF","4-Seam Fastball",0.7,5,"651",35.3,"145","0.198","0.42","0.308",29.6,31.7,22,"0.185","0.335","0.266",49.4
"Rodriguez, Grayson",680570,"LAA","FF","4-Seam Fastball",-1.5,-8,"545",53.5,"145","0.306","0.573","0.409",15.5,14.5,12.8,"0.318","0.561","0.414",56.2
"Fuentes, Didier",800311,"ATL","FF","4-Seam Fastball",0.9,5,"612",70.6,"144","0.233","0.326","0.293",27.4,30.6,21.9,"0.232","0.373","0.297",36.8
"Patrick, Chad",694477,"MIL","FC","Cutter",1.4,8,"597",42.4,"144","0.2","0.338","0.273",30.7,22.2,24.8,"0.25","0.399","0.315",31.3
"Ashby, Aaron",676879,"MIL","SI","Sinker",-0.3,-2,"631",52.6,"143","0.325","0.455","0.416",16.7,11.9,17.2,"0.283","0.41","0.349",44.9
"Gilbert, Logan",669302,"SEA","SL","Slider",1.2,6,"537",24.8,"143","0.208","0.408","0.28",36,27.3,23.1,"0.25","0.422","0.306",44.8
"Skubal, Tarik",669373,"LAD","FF","4-Seam Fastball",0.6,3,"568",35.3,"143","0.226","0.406","0.304",24.9,28.7,21.6,"0.241","0.403","0.297",38.3
"Cavalli, Cade",676917,"WSH","CU","Curveball",0.5,3,"580",26.9,"142","0.209","0.271","0.264",39.7,37.3,27.3,"0.204","0.269","0.245",29.5
"Montero, Keider",672456,"DET","FF","4-Seam Fastball",1.8,9,"537",30.5,"142","0.192","0.323","0.261",14.7,16.2,15.2,"0.229","0.421","0.312",43.9
"Schlittler, Cam",693645,"NYY","SI","Sinker",1.8,8,"461",20.1,"142","0.168","0.244","0.233",17.5,26.1,24.7,"0.198","0.297","0.251",29.8
"Keller, Mitch",656605,"PIT","FF","4-Seam Fastball",1.4,9,"603",32,"142","0.234","0.32","0.289",16.9,12,11.4,"0.303","0.463","0.365",49.5
"Miller, Bryce",682243,"SEA","FF","4-Seam Fastball",0.6,3,"541",42.7,"142","0.244","0.435","0.318",21.6,22.5,21.2,"0.225","0.386","0.291",36
"Wrobleski, Justin",680736,"LAD","SL","Slider",-0.3,-1,"507",28.3,"142","0.224","0.388","0.305",20.1,17.6,13.9,"0.269","0.467","0.335",50.9
"Roupp, Landen",694738,"SF","CU","Curveball",1.1,6,"570",26,"141","0.194","0.258","0.254",34.9,36.9,25.7,"0.175","0.217","0.224",18.9
"Ureña, Walbert",700712,"LAA","SI","Sinker",-0.6,-3,"534",30.7,"140","0.308","0.419","0.384",19.2,12.1,19.8,"0.287","0.414","0.366",40.6
"Ashcraft, Braxton",677952,"PIT","CU","Curveball",1.7,9,"530",26.3,"140","0.134","0.244","0.202",39.7,45,26.4,"0.16","0.27","0.227",36.4
"Holmes, Grant",656550,"ATL","FF","4-Seam Fastball",0,0,"532",29.4,"140","0.263","0.483","0.364",15.9,11.4,11.9,"0.267","0.504","0.377",48.6
"Williams, Gavin",668909,"CLE","FF","4-Seam Fastball",1.3,7,"572",25.5,"137","0.154","0.26","0.227",30.9,37.2,23.7,"0.205","0.36","0.284",42.5
"Martin, Davis",663436,"CWS","FF","4-Seam Fastball",-0.1,-1,"529",26.9,"137","0.283","0.358","0.327",24.9,24.1,19,"0.252","0.378","0.312",35.6
"Weathers, Ryan",677960,"NYY","CH","Changeup",0.4,2,"526",24.9,"137","0.192","0.3","0.232",35.7,27.7,19.2,"0.226","0.325","0.254",37.9
"Rasmussen, Drew",656876,"TB","FF","4-Seam Fastball",0.5,3,"582",29.2,"137","0.228","0.39","0.309",27.5,32.1,21.1,"0.218","0.361","0.293",36.7
"Anderson, Drew",623454,"DET","FF","4-Seam Fastball",2,9,"483",40.4,"136","0.195","0.274","0.291",19.8,20.6,19.3,"0.209","0.323","0.302",36.8
"Webb, Logan",657277,"SF","CH","Changeup",0.2,1,"494",24.9,"136","0.227","0.305","0.276",29,26.5,16.1,"0.246","0.324","0.274",31.2
"Peralta, Freddy",642547,"TB","CH","Changeup",-0.6,-3,"494",21.8,"135","0.26","0.407","0.334",28.1,21.5,17.8,"0.23","0.341","0.283",23.2
"Hancock, Emerson",676106,"SEA","SI","Sinker",1.3,6,"444",23.3,"135","0.314","0.43","0.36",12.1,6.7,13.8,"0.327","0.473","0.377",47.8
"Matthews, Zebby",805673,"MIN","FF","4-Seam Fastball",-0.5,-3,"550",37.2,"135","0.304","0.504","0.405",13.6,14.1,12.1,"0.293","0.484","0.386",41.7
"Arrighetti, Spencer",681293,"HOU","CU","Curveball",-0.2,-1,"507",33.7,"135","0.182","0.236","0.279",38.7,35.6,26.7,"0.182","0.244","0.28",22.6
"Liberatore, Matthew",669461,"STL","SL","Slider",-0.6,-3,"457",23.9,"135","0.213","0.41","0.302",36.8,40.7,27.5,"0.188","0.346","0.265",44.9
"Vásquez, Randy",681190,"SD","FF","4-Seam Fastball",1.2,7,"553",32,"134","0.22","0.325","0.272",20.3,17.9,11.9,"0.262","0.426","0.326",45.5
"Mayza, Tim",641835,"PHI","SI","Sinker",2.2,11,"514",58.3,"134","0.244","0.333","0.286",19.8,19.4,22.2,"0.237","0.336","0.276",44.4
"Littell, Zack",641793,"AZ","SL","Slider",0.8,4,"527",28.9,"134","0.232","0.384","0.312",19.7,11.9,16.3,"0.285","0.47","0.371",43.6
"Junk, Janson",676083,"MIA","FF","4-Seam Fastball",0.5,2,"504",36.1,"134","0.259","0.371","0.344",11.1,23.9,19,"0.234","0.355","0.313",41.7
"O'Brien, Riley",676617,"STL","SI","Sinker",1.2,6,"486",60.8,"134","0.254","0.322","0.314",19.1,18.7,20,"0.273","0.395","0.332",38.9
"Bibee, Tanner",676440,"CLE","FC","Cutter",0.9,5,"551",24.5,"133","0.197","0.443","0.292",31.7,21.8,17.7,"0.257","0.481","0.342",38.5
"Seymour, Ian",693855,"TB","CH","Changeup",1.9,9,"454",31,"133","0.159","0.238","0.202",39.5,36.8,25.7,"0.19","0.276","0.224",35.4
"Miles, Spencer",693686,"TOR","SI","Sinker",3.1,16,"502",42.1,"133","0.197","0.254","0.239",14.3,16.5,19.8,"0.245","0.352","0.294",36
"Woods Richardson, Simeon",680573,"TOR","FF","4-Seam Fastball",0.3,1,"460",43.7,"132","0.288","0.414","0.369",18.7,12.9,17.5,"0.24","0.373","0.326",40.6
"McGreevy, Michael",700241,"STL","FF","4-Seam Fastball",-0.2,-1,"515",25.3,"132","0.264","0.44","0.317",13.2,14.4,13.6,"0.295","0.575","0.382",46.7
"Lowder, Rhett",695076,"CIN","SI","Sinker",0.5,2,"464",28.9,"132","0.288","0.441","0.382",7.8,9.8,13.5,"0.322","0.559","0.424",46.5
"McClanahan, Shane",663556,"TB","CH","Changeup",2,9,"451",29.2,"131","0.137","0.177","0.195",38.7,36.6,25.9,"0.173","0.266","0.216",32.9
"Ober, Bailey",641927,"MIN","FF","4-Seam Fastball",-0.1,0,"497",32.4,"131","0.275","0.542","0.374",14.8,13,14.5,"0.244","0.489","0.342",40.8
"Ashcraft, Braxton",677952,"PIT","SL","Slider",-0.5,-2,"468",23.2,"131","0.273","0.446","0.353",30.4,29.8,24.4,"0.24","0.36","0.287",38.6
"Fisher, Braydon",680755,"TOR","SL","Slider",0.6,3,"490",50.5,"131","0.205","0.348","0.294",29.1,19.8,18.6,"0.214","0.323","0.287",34.4
"Lorenzen, Michael",547179,"COL","SI","Sinker",-2.3,-10,"422",20,"131","0.435","0.583","0.503",9.4,6.1,10.5,"0.337","0.523","0.408",46.7
"Cantillo, Joey",676282,"CLE","CH","Changeup",-0.2,-1,"533",25.5,"130","0.214","0.375","0.297",40.8,33.1,25,"0.193","0.29","0.264",23.6
"Mejia, Juan",675848,"COL","FF","4-Seam Fastball",-0.6,-3,"504",52.8,"130","0.306","0.37","0.366",19,16.9,14.4,"0.293","0.394","0.359",40.4
"Littell, Zack",641793,"AZ","FF","4-Seam Fastball",-2.6,-12,"471",25.8,"130","0.306","0.631","0.446",14.8,18.5,16.1,"0.294","0.573","0.416",52.9
"Soriano, José",667755,"TOR","FF","4-Seam Fastball",-0.3,-1,"515",23.1,"130","0.245","0.491","0.377",20.3,20,16,"0.246","0.492","0.378",35.4
"Headrick, Brent",687396,"NYY","FF","4-Seam Fastball",2.5,11,"460",48.4,"130","0.198","0.284","0.264",23.5,29.2,26.4,"0.211","0.348","0.288",43.6
"Gray, Sonny",543243,"BOS","SI","Sinker",1.9,7,"385",21,"130","0.217","0.3","0.264",15.6,26.9,26.7,"0.218","0.298","0.26",34.1
"Taylor, Grant",691799,"CWS","FF","4-Seam Fastball",1.3,6,"474",47.5,"130","0.202","0.333","0.29",28.8,33.8,26.2,"0.196","0.293","0.267",48.6
"Manaea, Sean",640455,"NYM","ST","Sweeper",-1.8,-10,"554",30.8,"129","0.243","0.423","0.347",31.4,31.8,20.2,"0.192","0.281","0.264",24.7
"Cecconi, Slade",677944,"CLE","SI","Sinker",-1,-4,"386",20.8,"129","0.361","0.513","0.418",10.9,8.5,11.7,"0.331","0.471","0.373",42.6
"Bibee, Tanner",676440,"CLE","FF","4-Seam Fastball",0.2,1,"496",22.1,"129","0.264","0.388","0.31",16.6,15.5,13.7,"0.261","0.427","0.314",45.1
"Martinez, Nick",607259,"TB","FC","Cutter",1.7,7,"397",20.9,"128","0.258","0.419","0.305",12.9,5.5,11.3,"0.295","0.442","0.336",28.8
"Cruz, Fernando",518585,"NYY","FS","Split-Finger",0.7,3,"455",52.1,"128","0.159","0.283","0.243",51.5,44.5,30,"0.135","0.227","0.213",21.1
"Suarez, Ranger",624133,"BOS","SI","Sinker",0.1,1,"400",23.2,"128","0.291","0.385","0.325",14.2,18,26.1,"0.313","0.417","0.349",38.9
"Gordon, Tanner",685299,"COL","FF","4-Seam Fastball",-0.6,-2,"439",41.9,"128","0.305","0.508","0.366",24.2,23.4,21.4,"0.265","0.487","0.336",53.3
"Petersen, Michael",656848,"MIA","FF","4-Seam Fastball",1.8,9,"507",60.9,"128","0.156","0.284","0.263",26.7,32,21.9,"0.18","0.373","0.303",45.6
"Mlodzinski, Carmen",669387,"PIT","FF","4-Seam Fastball",-1,-5,"469",27.7,"127","0.324","0.55","0.416",17.1,19.7,17.1,"0.287","0.498","0.378",58.6
"Lugo, Seth",607625,"KC","SI","Sinker",0.5,2,"429",19.9,"126","0.278","0.472","0.37",13.7,11.1,18.4,"0.323","0.545","0.408",51
"Kelly, Merrill",518876,"AZ","FF","4-Seam Fastball",-1.7,-9,"535",26.9,"126","0.314","0.676","0.46",12.4,7.9,9.7,"0.336","0.745","0.492",53.1
"Painter, Andrew",691725,"PHI","FF","4-Seam Fastball",-2,-9,"451",32.7,"125","0.366","0.607","0.444",12,9.6,10.6,"0.331","0.57","0.415",38.6
"Feltner, Ryan",663372,"COL","FF","4-Seam Fastball",-1.6,-6,"401",28.1,"125","0.315","0.565","0.432",12.4,12.8,15.2,"0.302","0.561","0.411",46.7
"Alvarado, José",621237,"PHI","SI","Sinker",0.2,1,"548",62.6,"125","0.308","0.452","0.391",23.1,16.8,18.3,"0.261","0.391","0.348",33.3
"Cecconi, Slade",677944,"CLE","FF","4-Seam Fastball",-0.3,-1,"495",26.7,"124","0.289","0.465","0.357",17.8,23.4,17,"0.26","0.484","0.338",46
"Mikolas, Miles",571945,"WSH","FF","4-Seam Fastball",0.5,2,"450",24.6,"124","0.265","0.416","0.331",14.3,12.1,10.6,"0.283","0.509","0.368",55.6
"McGreevy, Michael",700241,"STL","CH","Changeup",0.5,2,"400",19.7,"124","0.196","0.313","0.267",25.8,16.9,16.7,"0.253","0.407","0.329",31.5
"Civale, Aaron",650644,"CHC","FC","Cutter",0.7,4,"517",35.5,"124","0.295","0.473","0.36",27.5,20.2,19.8,"0.233","0.394","0.303",42.7
"Bruihl, Justin",677865,"STL","SI","Sinker",1.2,5,"452",45.4,"124","0.299","0.374","0.346",10,6.5,10.7,"0.3","0.387","0.351",46
"Soriano, José",667755,"TOR","CU","Curveball",1.4,8,"576",25.9,"124","0.191","0.304","0.247",46.6,41.9,26.8,"0.21","0.357","0.272",35.9
"Lopez, Jacob",682052,"ATH","SL","Slider",0,0,"489",32.5,"124","0.206","0.346","0.304",28.4,25.8,17.9,"0.166","0.248","0.246",25
"Cameron, Noah",702070,"KC","FC","Cutter",0.8,3,"441",20.5,"124","0.298","0.456","0.356",22,10.5,19.4,"0.279","0.396","0.319",38.2
"Springs, Jeffrey",605488,"ATH","CH","Changeup",-1.5,-7,"440",23.5,"124","0.271","0.432","0.324",38.9,25,19.7,"0.23","0.347","0.264",25
"Uribe, Abner",682842,"MIL","SI","Sinker",1.3,6,"478",63.1,"123","0.218","0.282","0.286",20.6,17.1,18.4,"0.264","0.346","0.304",37.4
"Kochanowicz, Jack",686799,"LAA","SI","Sinker",0.4,2,"424",38.3,"123","0.28","0.383","0.353",17.3,8.9,16.2,"0.295","0.481","0.38",54.6
"Kay, Anthony",641743,"CWS","FF","4-Seam Fastball",-0.5,-2,"466",22.6,"123","0.269","0.49","0.369",19.7,18.7,14.1,"0.279","0.448","0.366",37.6
"Perkins, Jack",678022,"ATH","FF","4-Seam Fastball",-2.3,-11,"478",33.8,"123","0.31","0.64","0.453",15.9,16.3,14.8,"0.267","0.508","0.391",37
"Cecconi, Slade",677944,"CLE","FC","Cutter",0.2,1,"467",25.2,"122","0.236","0.443","0.34",21.4,19.7,19.2,"0.237","0.417","0.324",35.7
"Luzardo, Jesús",666200,"PHI","SI","Sinker",1.7,8,"434",18.6,"122","0.264","0.377","0.342",12.5,4.9,24,"0.261","0.332","0.307",38.8
"Peterson, David",656849,"CHC","SL","Slider",1.2,5,"416",22.7,"122","0.229","0.297","0.249",29.9,32.8,23.7,"0.216","0.347","0.256",38.8
"Latz, Jacob",656641,"TEX","FF","4-Seam Fastball",2.9,14,"462",54.7,"122","0.144","0.252","0.214",20,24.6,17.5,"0.191","0.328","0.261",44.6
"Lopez, Jacob",682052,"ATH","FF","4-Seam Fastball",0.3,2,"515",34.2,"122","0.224","0.421","0.317",19.6,21.3,16.1,"0.198","0.323","0.271",33.7
"Williams, Gavin",668909,"CLE","CU","Curveball",-0.2,-1,"478",21.3,"122","0.214","0.402","0.286",28.6,28.7,19.4,"0.223","0.419","0.289",50
"Chandler, Bubba",696149,"PIT","SL","Slider",0,0,"413",20.8,"122","0.248","0.398","0.33",27.9,25.4,20.8,"0.218","0.343","0.274",45.1
"Bradish, Kyle",680694,"BAL","SL","Slider",-1.1,-6,"546",25.9,"121","0.248","0.524","0.38",35,25.6,16,"0.22","0.396","0.32",29.7
"Weathers, Ryan",677960,"NYY","FF","4-Seam Fastball",-1.7,-8,"493",23.3,"120","0.278","0.593","0.409",22,25,18.9,"0.268","0.622","0.404",52.6
"Kay, Anthony",641743,"CWS","SI","Sinker",-0.2,-1,"367",17.8,"120","0.279","0.462","0.386",16.5,15.8,21.6,"0.293","0.459","0.37",52.9
"Early, Connelly",813349,"BOS","FF","4-Seam Fastball",0.2,1,"536",35.1,"120","0.219","0.448","0.327",24.1,28.3,20.1,"0.207","0.456","0.326",43.1
"Alcantara, Sandy",645261,"MIA","FF","4-Seam Fastball",-1,-5,"481",19.5,"120","0.309","0.564","0.416",20.8,18.3,16.1,"0.293","0.531","0.379",48.9
"Buehler, Walker",621111,"SD","FC","Cutter",1.5,7,"489",24.8,"120","0.221","0.298","0.286",20.4,15.8,22.1,"0.223","0.322","0.293",30.2
"May, Dustin",669160,"MIL","FF","4-Seam Fastball",0.6,3,"500",25.9,"120","0.221","0.346","0.299",20.8,23.3,18.2,"0.214","0.35","0.303",57.1
"Montero, Keider",672456,"DET","SI","Sinker",0.7,3,"402",22.8,"120","0.257","0.385","0.319",9,8.3,14.1,"0.278","0.393","0.321",43.1
"Rogers, Trevor",669432,"BAL","CH","Changeup",-1.2,-5,"433",22.1,"120","0.296","0.426","0.359",24.2,12.5,11.4,"0.294","0.421","0.325",45.5
"Soroka, Michael",647336,"AZ","SV","Slurve",1.1,5,"446",32.6,"120","0.194","0.25","0.245",33.5,39.2,24.2,"0.216","0.285","0.265",32.8
"Phillips, Tyler",663969,"MIA","SI","Sinker",-1.8,-7,"381",25.7,"120","0.317","0.535","0.425",6,3.3,6.7,"0.311","0.524","0.411",49.5
"Rasmussen, Drew",656876,"TB","SI","Sinker",2.8,13,"454",22.8,"120","0.168","0.274","0.234",16.3,25,23.3,"0.202","0.316","0.249",37.3
"Roupp, Landen",694738,"SF","CH","Changeup",1.3,6,"464",21.2,"120","0.179","0.223","0.215",30.6,21.7,15.5,"0.223","0.276","0.246",23
"Burrows, Mike",681347,"HOU","CH","Changeup",0.1,0,"424",27.1,"119","0.248","0.305","0.305",31.4,21.8,19,"0.222","0.299","0.28",26.6
"Skubal, Tarik",669373,"LAD","CH","Changeup",2,8,"411",25.5,"119","0.162","0.308","0.214",49,40.3,27.1,"0.187","0.297","0.215",29
"Sproat, Brandon",687075,"MIL","SI","Sinker",-0.2,-1,"439",26,"119","0.277","0.396","0.368",17,17.6,19.3,"0.245","0.345","0.323",43.8
"Singer, Brady",663903,"CIN","SL","Slider",-0.2,-1,"534",25.7,"119","0.264","0.436","0.348",33.1,19.3,18.4,"0.251","0.421","0.312",40.9
"Harrison, Kyle",690986,"MIL","SV","Slurve",1.8,9,"501",31,"119","0.15","0.212","0.208",29,30.3,20.3,"0.186","0.249","0.214",23.4
"Teng, Kai-Wei",678906,"HOU","ST","Sweeper",0.5,2,"407",35,"119","0.175","0.33","0.279",29.5,29.4,23.8,"0.203","0.35","0.298",29.4
"Leiter, Jack",683004,"TEX","FF","4-Seam Fastball",0,0,"538",38.5,"119","0.238","0.438","0.335",22.4,21,16.8,"0.238","0.403","0.323",41.3
"Ray, Robbie",592662,"SD","CH","Changeup",1.7,7,"410",18.3,"119","0.182","0.273","0.234",24.8,19.3,18.1,"0.204","0.32","0.252",25.6
"Cameron, Noah",702070,"KC","FF","4-Seam Fastball",-0.2,-1,"555",25.9,"119","0.279","0.423","0.369",16.5,11.8,8.8,"0.307","0.54","0.397",50.5
"May, Dustin",669160,"MIL","FC","Cutter",1.2,5,"449",23.3,"119","0.292","0.377","0.336",23.8,13.4,21.9,"0.254","0.363","0.304",33.7
"Littell, Zack",641793,"AZ","FS","Split-Finger",-0.3,-1,"398",21.8,"118","0.224","0.371","0.285",18.6,16.1,12.6,"0.261","0.455","0.311",38.1
"Yamamoto, Yoshinobu",808967,"LAD","FF","4-Seam Fastball",2.1,12,"548",26.6,"118","0.144","0.346","0.256",27.1,28,21.6,"0.229","0.51","0.356",47.2
"Gray, Sonny",543243,"BOS","ST","Sweeper",1.6,6,"370",20.1,"118","0.129","0.224","0.162",37.9,45.8,23.7,"0.17","0.264","0.195",43.5
"Mlodzinski, Carmen",669387,"PIT","FS","Split-Finger",1.2,5,"438",25.8,"118","0.194","0.25","0.237",30.1,22,15.2,"0.237","0.305","0.275",31.7
"Matz, Steven",571927,"TB","SI","Sinker",-1.7,-9,"510",48.8,"118","0.287","0.614","0.446",19,13.6,12.8,"0.29","0.54","0.402",43.5
"Soroka, Michael",647336,"AZ","FF","4-Seam Fastball",1.1,5,"442",32.3,"118","0.259","0.37","0.303",15.2,19.5,15.8,"0.273","0.464","0.346",41.9
"Finnegan, Kyle",640448,"DET","FF","4-Seam Fastball",-1.4,-6,"428",53,"117","0.326","0.568","0.447",16.1,13.7,16.7,"0.305","0.538","0.42",47.5
"Lambert, Peter",663567,"HOU","CH","Changeup",1,4,"434",23,"117","0.175","0.223","0.247",35.3,29.1,20.6,"0.163","0.221","0.228",24.3
"Kinley, Tyler",641755,"ATL","SL","Slider",0.1,0,"441",66.2,"116","0.216","0.431","0.318",29.9,25.9,23.8,"0.185","0.32","0.268",26
"Springs, Jeffrey",605488,"ATH","SL","Slider",-0.6,-3,"465",24.8,"116","0.255","0.604","0.373",23.9,15.5,20,"0.27","0.515","0.362",39.3
"Luzardo, Jesús",666200,"PHI","CH","Changeup",-0.1,-1,"431",18.5,"116","0.271","0.449","0.341",37.8,23.3,20.6,"0.234","0.392","0.301",25
"Svanson, Matt",694335,"STL","SI","Sinker",-1.4,-5,"354",44.9,"116","0.357","0.531","0.418",13.2,15.5,19.8,"0.324","0.492","0.394",45.8
"Holmes, Clay",605280,"CHC","SI","Sinker",0.9,4,"447",49.8,"115","0.253","0.404","0.337",12.3,5.2,10.2,"0.304","0.475","0.381",45.7
"Corbin, Patrick",571578,"TOR","SI","Sinker",-1.4,-5,"383",27.1,"115","0.35","0.524","0.423",9.1,9.6,12.5,"0.36","0.551","0.423",53.3
"Freeland, Kyle",607536,"COL","FF","4-Seam Fastball",-2.7,-12,"457",24.8,"115","0.356","0.723","0.485",13.3,11.3,9.4,"0.304","0.565","0.402",41.6
"Weathers, Ryan",677960,"NYY","SI","Sinker",1.1,4,"405",19.2,"115","0.272","0.369","0.347",8.6,7.8,13,"0.324","0.448","0.372",45.7
"Mize, Casey",663554,"SD","FF","4-Seam Fastball",1.1,6,"506",34.2,"115","0.196","0.333","0.277",24.1,24.3,17.9,"0.196","0.313","0.262",39.5
"Pallante, Andre",669467,"STL","SI","Sinker",0.1,0,"381",18,"115","0.24","0.3","0.315",12.3,9.6,9,"0.258","0.335","0.31",21.1
"Morejon, Adrian",670970,"SD","SI","Sinker",1.8,8,"467",45.4,"115","0.24","0.269","0.289",19.8,11.3,15.3,"0.268","0.319","0.293",29.3
"Jones, Jared",683003,"PIT","FF","4-Seam Fastball",-0.4,-2,"436",45.3,"115","0.212","0.471","0.314",22.2,20,19.5,"0.242","0.482","0.335",37.3
"Freeland, Kyle",607536,"COL","CU","Curveball",-1.8,-7,"387",21,"115","0.283","0.519","0.365",33.8,31.3,24.5,"0.263","0.446","0.334",52.1
"Ray, Robbie",592662,"SD","SL","Slider",-0.1,-1,"545",24.4,"114","0.245","0.392","0.323",34.7,23.7,16.9,"0.254","0.451","0.337",32.9
"Baz, Shane",669358,"BAL","FC","Cutter",1.1,4,"369",16.2,"114","0.25","0.44","0.337",22.7,12.3,17.5,"0.266","0.41","0.336",37.9
"Megill, Trevor",656730,"MIL","FF","4-Seam Fastball",2.4,10,"435",64.8,"114","0.194","0.252","0.234",23.3,24.6,23.5,"0.241","0.411","0.31",48.1
"Nola, Aaron",605400,"PHI","FF","4-Seam Fastball",-3,-16,"517",23.8,"114","0.356","0.74","0.479",13.3,17.5,16.1,"0.292","0.6","0.401",52.9
"Suárez, Albert",544150,"BAL","FF","4-Seam Fastball",-0.7,-3,"410",53.4,"114","0.267","0.436","0.348",20.6,18.4,18.8,"0.265","0.43","0.341",50.6
"Lowder, Rhett",695076,"CIN","SL","Slider",-1.5,-7,"448",27.9,"113","0.28","0.477","0.346",34,29.2,22.8,"0.226","0.386","0.284",37.8
"Bednar, David",670280,"NYY","FS","Split-Finger",2.7,10,"355",39.5,"113","0.145","0.191","0.186",36.8,33.6,23.9,"0.188","0.229","0.196",31.9
"May, Dustin",669160,"MIL","ST","Sweeper",-0.7,-3,"369",19.1,"113","0.218","0.307","0.285",30.4,38.1,24.2,"0.218","0.336","0.293",32.8
"Woo, Bryan",693433,"SEA","SI","Sinker",-0.1,0,"375",18.4,"113","0.269","0.404","0.337",12.8,15,18.3,"0.273","0.414","0.324",50
"Imai, Tatsuya",837227,"HOU","FF","4-Seam Fastball",-0.1,-1,"540",43.5,"113","0.299","0.402","0.382",19.6,15,13.4,"0.278","0.479","0.401",49.3
"Mattson, Isaac",676755,"PIT","FF","4-Seam Fastball",0.5,2,"458",70.7,"113","0.258","0.371","0.327",20.2,18.6,13.6,"0.295","0.507","0.386",53.2
"Prielipp, Connor",687570,"MIN","SL","Slider",0.3,1,"417",29.5,"112","0.204","0.327","0.29",30.3,29.5,20.8,"0.229","0.402","0.312",47.8
"Thompson, Ryan",657044,"AZ","SI","Sinker",-1,-4,"409",62.5,"112","0.34","0.46","0.391",15.6,10.7,14.5,"0.295","0.374","0.332",39.3
"Kirby, George",669923,"SEA","SI","Sinker",0.1,0,"423",21.1,"112","0.324","0.448","0.362",12.1,16.1,17.3,"0.258","0.366","0.297",47.1
"Bennett, Jake",687562,"BOS","FF","4-Seam Fastball",0.6,2,"365",34.2,"112","0.245","0.388","0.309",22.4,19.6,20.4,"0.241","0.41","0.314",41.3
"Bassitt, Chris",605135,"BAL","SI","Sinker",-1.3,-5,"364",37.2,"112","0.36","0.48","0.404",14.9,13.4,20.3,"0.303","0.411","0.348",43
"Valdez, Framber",664285,"DET","CH","Changeup",0,0,"394",18.5,"112","0.28","0.449","0.338",21.4,15.2,16.5,"0.287","0.45","0.333",40
"Kelly, Kevin",687330,"TB","SI","Sinker",2.3,10,"417",58.3,"112","0.233","0.34","0.305",12.3,11.6,18.1,"0.306","0.435","0.347",45.1
"Meyer, Max",676974,"MIA","SL","Slider",1.7,8,"466",26,"111","0.198","0.281","0.285",39.6,31.5,26.7,"0.203","0.308","0.284",36.1
"Cameron, Noah",702070,"KC","CH","Changeup",0.6,3,"455",21.2,"111","0.204","0.347","0.295",33.9,20.7,18.1,"0.236","0.368","0.3",24.4
"Martin, Davis",663436,"CWS","SI","Sinker",1.1,4,"360",18.3,"111","0.292","0.385","0.357",7.1,6.3,9.7,"0.285","0.408","0.354",49.4
"Nola, Aaron",605400,"PHI","SI","Sinker",-2.5,-10,"411",18.9,"111","0.347","0.643","0.446",12.8,18,15.7,"0.285","0.52","0.379",41.8
"Brazobán, Huascar",623211,"CWS","SI","Sinker",2.1,10,"453",50.8,"111","0.17","0.277","0.278",21,12.6,21.9,"0.231","0.309","0.299",29.3
"Mikolas, Miles",571945,"WSH","SL","Slider",-1.1,-5,"424",23.2,"110","0.274","0.547","0.36",16.7,10,11.3,"0.256","0.476","0.319",34
"Montgomery, Mason",682254,"PIT","FF","4-Seam Fastball",0.8,4,"450",54.6,"110","0.216","0.32","0.287",29.1,40.9,31.5,"0.181","0.288","0.26",48.1
"Melton, Troy",675512,"DET","FF","4-Seam Fastball",1,4,"414",35.6,"110","0.192","0.374","0.285",22.5,17.3,17.8,"0.231","0.4","0.312",40
"Lugo, Seth",607625,"KC","FC","Cutter",0.2,1,"350",16.2,"109","0.277","0.436","0.346",22.5,21.1,17.8,"0.261","0.438","0.347",42.5
"Yesavage, Trey",702056,"TOR","FS","Split-Finger",0.4,2,"446",28.8,"109","0.137","0.232","0.218",39.1,30.3,17.6,"0.189","0.294","0.257",20
"Sugano, Tomoyuki",608372,"COL","FF","4-Seam Fastball",-1,-4,"371",20.5,"109","0.29","0.62","0.406",14.9,17.4,13.2,"0.31","0.638","0.423",60.5
"Marinaccio, Ron",676760,"CIN","FF","4-Seam Fastball",-0.3,-1,"416",42.7,"109","0.277","0.479","0.374",26.3,25.7,21.2,"0.265","0.454","0.361",51.5
"Lugo, Seth",607625,"KC","CU","Curveball",-1.1,-4,"394",18.3,"109","0.208","0.356","0.285",22.2,25.7,20.1,"0.218","0.329","0.254",31.6
"Castillo, Luis",622491,"CWS","SL","Slider",-1,-5,"503",25.9,"109","0.275","0.549","0.379",27.2,21.1,12.9,"0.244","0.455","0.316",37.5
"Gore, MacKenzie",669022,"TEX","CU","Curveball",-0.7,-3,"432",19,"108","0.228","0.455","0.317",31.1,28.7,18.5,"0.254","0.438","0.323",47.9
"Stanek, Ryne",592773,"STL","FF","4-Seam Fastball",-0.3,-1,"429",51.3,"108","0.276","0.506","0.404",25,21.3,17.4,"0.269","0.511","0.401",42.2
"Bachman, Sam",696147,"LAA","SL","Slider",1.7,7,"387",50.9,"108","0.181","0.277","0.265",38.9,25.9,24.6,"0.193","0.282","0.27",27.3
"De Los Santos, Enyel",660853,"HOU","FF","4-Seam Fastball",0,0,"391",44.5,"108","0.294","0.471","0.346",20.3,21.3,16.4,"0.271","0.464","0.331",46.3
"Perkins, Jack",678022,"ATH","ST","Sweeper",0.3,1,"407",28.8,"108","0.237","0.371","0.305",35.6,36.1,27.9,"0.223","0.356","0.286",36.7
"Abbott, Andrew",671096,"CIN","ST","Sweeper",0,0,"455",20.6,"108","0.214","0.359","0.259",27.8,32.4,17.1,"0.188","0.338","0.239",33.3
"Miller, Mason",695243,"SD","SL","Slider",2.5,11,"430",51.6,"107","0.133","0.143","0.178",54.8,57.9,41.6,"0.088","0.103","0.142",16.7
"Soriano, José",667755,"TOR","FS","Split-Finger",1,4,"420",18.9,"107","0.188","0.228","0.213",38,29.9,21.3,"0.223","0.305","0.254",29
"May, Dustin",669160,"MIL","SI","Sinker",1.2,4,"348",18,"107","0.237","0.33","0.3",17,17.8,21.6,"0.285","0.415","0.339",55.1
"Peralta, Wandy",593974,"SD","SI","Sinker",0.9,3,"386",39.5,"107","0.263","0.421","0.336",15.2,10.3,13.6,"0.22","0.354","0.292",35.3
"Matthews, Zebby",805673,"MIN","SL","Slider",1.5,5,"317",21.4,"106","0.19","0.34","0.252",33.7,29.2,21.7,"0.204","0.376","0.272",39.1
"Gallen, Zac",668678,"AZ","SL","Slider",-2.1,-7,"353",21.6,"106","0.298","0.511","0.382",29.7,16,15.7,"0.281","0.471","0.36",43.6
"Mize, Casey",663554,"SD","FS","Split-Finger",-0.3,-1,"348",23.5,"106","0.238","0.337","0.279",33.2,31.1,21.7,"0.232","0.329","0.264",35.3
"Sánchez, Cristopher",650911,"PHI","SL","Slider",1.1,5,"464",19.4,"106","0.196","0.299","0.263",46.2,36.8,29.5,"0.193","0.321","0.261",32.8
"Jansen, Kenley",445276,"DET","FC","Cutter",1.5,7,"463",85.6,"106","0.172","0.299","0.284",26.4,23.6,20.8,"0.204","0.308","0.3",31.7
"Sugano, Tomoyuki",608372,"COL","FS","Split-Finger",0.1,1,"389",21.5,"106","0.19","0.37","0.265",31.9,23.6,18.9,"0.265","0.458","0.329",27.6
"Lorenzen, Michael",547179,"COL","CH","Changeup",-2,-9,"436",20.7,"105","0.272","0.424","0.336",29.2,21.9,13.5,"0.245","0.388","0.314",31
"Wacha, Michael",608379,"KC","SI","Sinker",0.9,3,"333",14.7,"105","0.182","0.375","0.318",15,19,18.5,"0.252","0.432","0.357",42.6
"Leahy, Kyle",681517,"STL","FF","4-Seam Fastball",-1.1,-6,"518",26.8,"105","0.355","0.624","0.439",16.1,13.3,13.6,"0.334","0.644","0.438",61.7
"Cabrera, Edward",665795,"CHC","CH","Changeup",0,0,"367",30.5,"105","0.273","0.374","0.317",30.9,22.9,19.2,"0.266","0.393","0.307",42.7
"Ginn, J.T.",669372,"ATH","CH","Changeup",2,8,"390",20.4,"105","0.168","0.211","0.23",35.7,21,19.1,"0.185","0.245","0.236",24.3
"Seymour, Ian",693855,"TB","FF","4-Seam Fastball",0.1,0,"394",26.9,"105","0.191","0.404","0.316",23.4,30.5,21.1,"0.208","0.382","0.308",42.4
"Burrows, Mike",681347,"HOU","FF","4-Seam Fastball",-2,-9,"447",28.5,"104","0.316","0.716","0.454",12.7,17.3,14.9,"0.301","0.569","0.397",53.2
"Lorenzen, Michael",547179,"COL","FF","4-Seam Fastball",-2.1,-9,"398",18.9,"104","0.337","0.607","0.424",8.8,13.5,10.1,"0.327","0.582","0.418",57.7
"Sproat, Brandon",687075,"MIL","FF","4-Seam Fastball",0.2,1,"411",24.3,"103","0.207","0.345","0.317",23.4,28.2,20,"0.235","0.392","0.333",43.1
"Ginkel, Kevin",656464,"AZ","SL","Slider",1.8,7,"388",48.8,"103","0.168","0.316","0.236",43.1,31.1,22.2,"0.188","0.345","0.255",40.6
"Morris, Andrew",702193,"MIN","FF","4-Seam Fastball",2.6,11,"438",45.4,"103","0.195","0.218","0.246",20.3,28.2,19,"0.192","0.238","0.256",29.5
"Brown, Ben",676962,"CHC","CU","Curveball",3.4,12,"366",36.5,"103","0.124","0.186","0.16",44.3,40.8,29.6,"0.177","0.263","0.222",39.3
"Henderson, Logan",701656,"MIL","FF","4-Seam Fastball",1.1,4,"387",45.5,"103","0.168","0.316","0.244",24.8,38.8,26,"0.167","0.278","0.23",47.3
"Scott, Tanner",656945,"LAD","SL","Slider",3.3,13,"381",54.1,"103","0.153","0.194","0.174",43.2,36.9,26.6,"0.213","0.268","0.228",29.5
"Rogers, Taylor",573124,"MIN","ST","Sweeper",-0.5,-2,"391",49.8,"103","0.308","0.418","0.35",21.8,18.4,16.4,"0.221","0.28","0.263",18.9
"Burke, Sean",680732,"CWS","CU","Curveball",0.2,1,"451",20.7,"103","0.191","0.277","0.253",28.3,33,21.1,"0.212","0.282","0.266",36.1
"Lee, Dylan",669276,"ATL","SL","Slider",1.9,8,"450",53.1,"103","0.16","0.287","0.216",43.5,36.9,25.3,"0.17","0.265","0.224",27.1
"Manaea, Sean",640455,"NYM","SI","Sinker",0.1,0,"364",20.2,"103","0.341","0.451","0.404",7.6,9.7,18.9,"0.313","0.465","0.378",42
"Anderson, Drew",623454,"DET","CH","Changeup",-1.5,-5,"368",30.7,"102","0.247","0.433","0.319",37.6,35.3,22.8,"0.205","0.335","0.254",37.7
"Abbott, Andrew",671096,"CIN","CH","Changeup",0.6,3,"414",18.7,"102","0.242","0.316","0.272",37.5,15.7,15.7,"0.245","0.339","0.279",23.8
"Guerrero, Tyron",594027,"BOS","SI","Sinker",2.1,8,"396",84.1,"102","0.227","0.278","0.244",24.6,25.5,23.9,"0.207","0.286","0.238",32.4
"Jax, Griffin",643377,"TB","CH","Changeup",0.6,2,"328",23.4,"102","0.223","0.277","0.287",41.3,35.3,33.6,"0.245","0.314","0.265",42.6
"McGreevy, Michael",700241,"STL","SI","Sinker",2.7,9,"338",16.6,"102","0.213","0.319","0.267",11.8,18.6,19.4,"0.268","0.365","0.307",40
"Brubaker, JT",664141,"SF","SI","Sinker",0.6,3,"421",46,"102","0.236","0.416","0.326",10.7,15.7,20,"0.309","0.52","0.383",48
"Meyer, Max",676974,"MIA","FF","4-Seam Fastball",-0.8,-3,"430",24,"102","0.202","0.494","0.35",12.5,10.8,12.5,"0.243","0.547","0.378",51.3
"Tolle, Payton",801139,"BOS","SI","Sinker",-0.7,-3,"351",21.6,"102","0.312","0.484","0.4",14.5,6.9,15.9,"0.273","0.403","0.328",38.4
"Kimbrel, Craig",518886,"KC","FF","4-Seam Fastball",0.3,1,"403",67.4,"101","0.221","0.442","0.34",24.9,19.8,17.1,"0.261","0.431","0.346",39.7
"Williams, Gavin",668909,"CLE","SI","Sinker",-0.4,-2,"392",17.5,"101","0.304","0.5","0.386",15.7,15.8,26.7,"0.323","0.576","0.411",64.5
"Cameron, Noah",702070,"KC","CU","Curveball",0.6,2,"369",17.2,"101","0.149","0.234","0.21",31.7,42.6,23.8,"0.169","0.264","0.222",33.3
"Myers, Tobias",668964,"NYM","FF","4-Seam Fastball",0.4,1,"340",47.9,"101","0.287","0.479","0.357",12.2,14.9,16.1,"0.304","0.493","0.365",51.9
"Jax, Griffin",643377,"TB","SI","Sinker",0.1,0,"291",20.8,"101","0.291","0.453","0.383",13.1,11.9,26.1,"0.266","0.393","0.342",33.3
"Flaherty, Jack",656427,"DET","SL","Slider",-0.5,-2,"397",24.2,"101","0.281","0.494","0.371",32,23.8,16.8,"0.246","0.41","0.326",45.5
"Varland, Louis",686973,"TOR","FF","4-Seam Fastball",2.2,9,"397",40.1,"101","0.216","0.25","0.259",23.6,33.7,23.1,"0.194","0.239","0.243",37.5
"Alvarez, Andrew",674841,"WSH","CU","Curveball",0.7,2,"350",30.1,"101","0.189","0.253","0.225",32.9,40.6,24.3,"0.187","0.24","0.214",52.7
"Bernardino, Brennan",657514,"COL","SI","Sinker",1.3,4,"322",40.6,"101","0.286","0.418","0.358",16,12.9,20.3,"0.279","0.419","0.333",39.2
"Keller, Mitch",656605,"PIT","ST","Sweeper",-2.7,-8,"302",16,"100","0.209","0.484","0.325",24,25,17.2,"0.216","0.396","0.3",34.3
"Hoffman, Jeff",656546,"MIN","SL","Slider",0.7,3,"413",42.7,"100","0.227","0.307","0.298",49.7,45,31.9,"0.181","0.253","0.256",37.2
"Burke, Brock",656271,"CIN","FF","4-Seam Fastball",0.2,1,"377",40.8,"100","0.193","0.349","0.312",25.9,30,20.7,"0.177","0.271","0.274",37
"Rea, Colin",607067,"CHC","CH","Changeup",1.4,5,"372",18.6,"100","0.182","0.216","0.248",27.7,19,15.1,"0.232","0.346","0.303",40.6
"Ramírez, Yohan",670990,"PIT","ST","Sweeper",1.9,8,"422",38.5,"100","0.116","0.174","0.224",39.8,43,27.6,"0.14","0.18","0.218",23.3
"Drohan, Shane",675660,"MIL","FF","4-Seam Fastball",1.7,7,"424",29.1,"99","0.143","0.231","0.213",30.9,32.3,22.1,"0.139","0.246","0.206",33.9
"King, Michael",650633,"SD","FF","4-Seam Fastball",-0.7,-3,"425",19.1,"99","0.232","0.415","0.357",28.6,32.3,20.3,"0.24","0.446","0.362",42
"Bradish, Kyle",680694,"BAL","CU","Curveball",0.2,1,"463",22,"99","0.196","0.359","0.269",40.9,33.3,21.6,"0.189","0.308","0.25",46.7
"Orze, Eric",679358,"MIN","FS","Split-Finger",-0.6,-2,"340",50.2,"99","0.253","0.368","0.31",27.3,22.2,23.2,"0.247","0.333","0.278",24.3
"Gilbert, Logan",669302,"SEA","FS","Split-Finger",-0.7,-2,"294",13.6,"99","0.163","0.25","0.224",38.6,45.5,19.3,"0.15","0.219","0.198",23.4
"Sewald, Paul",623149,"AZ","FF","4-Seam Fastball",-1.2,-5,"371",58.6,"99","0.256","0.589","0.373",22.1,21.2,20,"0.256","0.574","0.369",47.9
"Eovaldi, Nathan",543135,"TEX","FC","Cutter",-0.1,0,"387",19.3,"99","0.244","0.433","0.344",27.3,18.2,18.4,"0.275","0.504","0.365",33.3
"Sugano, Tomoyuki",608372,"COL","SI","Sinker",0,0,"351",19.4,"99","0.36","0.551","0.397",3.2,5.1,7.7,"0.401","0.587","0.455",52.3
"Matz, Steven",571927,"TB","CH","Changeup",0.5,2,"310",29.7,"99","0.194","0.344","0.243",25.6,24.2,17.6,"0.243","0.383","0.286",25.4
"Gray, Sonny",543243,"BOS","FF","4-Seam Fastball",1.8,6,"323",17.6,"98","0.267","0.407","0.357",11.7,6.1,22.2,"0.309","0.437","0.368",37.5
"Fluharty, Mason",689254,"TOR","FC","Cutter",0.3,1,"398",48.8,"98","0.277","0.373","0.341",24.1,28.6,24.8,"0.214","0.346","0.301",40.4
"Fermin, José",820862,"LAA","SL","Slider",1.5,6,"417",57.9,"98","0.174","0.304","0.243",38.5,39.8,25.7,"0.178","0.322","0.242",39.6
"Mize, Casey",663554,"SD","SL","Slider",0.7,3,"394",26.7,"98","0.225","0.427","0.296",26,21.4,22.8,"0.23","0.451","0.32",43.7
"Bruihl, Justin",677865,"STL","ST","Sweeper",0.2,1,"383",38.5,"98","0.214","0.298","0.274",24.1,24.5,17.3,"0.188","0.255","0.25",26.6
"Wacha, Michael",608379,"KC","FC","Cutter",-0.9,-3,"334",14.8,"98","0.315","0.618","0.418",12.3,11.2,19,"0.285","0.498","0.363",43
"Lodolo, Nick",666157,"CIN","SI","Sinker",-1.2,-3,"295",25.5,"98","0.329","0.697","0.494",10.4,9.2,13.8,"0.357","0.68","0.486",48.6
"Pomeranz, Drew",519141,"CHC","FF","4-Seam Fastball",-1.5,-5,"349",73,"98","0.31","0.595","0.418",18.3,10.2,13.7,"0.258","0.49","0.361",35.5
"Legumina, Casey",668984,"TB","FF","4-Seam Fastball",1,3,"331",41.2,"98","0.221","0.384","0.293",23.7,22.4,17.1,"0.246","0.429","0.321",41.8
"Klein, Will",694361,"LAD","FF","4-Seam Fastball",0.3,1,"388",50.9,"98","0.253","0.356","0.336",21.1,24.5,21.8,"0.238","0.316","0.292",44.4
"McLean, Nolan",690997,"NYM","FF","4-Seam Fastball",0.2,1,"473",21,"98","0.218","0.471","0.334",27.8,24.5,24.5,"0.278","0.533","0.376",49.2
"Webb, Jacob",657097,"CHC","CH","Changeup",1.4,5,"330",37,"98","0.209","0.286","0.256",43.8,31.6,24.2,"0.196","0.276","0.239",30
"Pfaadt, Brandon",694297,"AZ","FF","4-Seam Fastball",2,7,"323",24.8,"98","0.205","0.284","0.262",13.4,13.3,12.9,"0.214","0.338","0.284",33.3
"Vodnik, Victor",680767,"MIA","FF","4-Seam Fastball",-1.1,-4,"361",50.3,"98","0.357","0.44","0.414",19.5,11.2,14.7,"0.282","0.401","0.352",47.9
"Suter, Brent",608718,"ATL","SI","Sinker",1.5,6,"371",31.3,"98","0.267","0.349","0.337",12.3,18.4,14.5,"0.274","0.406","0.339",36.2
"Freeland, Kyle",607536,"COL","FC","Cutter",0.7,3,"404",21.9,"98","0.316","0.463","0.357",19.8,12.2,18.8,"0.307","0.466","0.344",37.3
"Civale, Aaron",650644,"CHC","CU","Curveball",0.2,1,"361",24.8,"98","0.233","0.367","0.293",24.4,22.4,18,"0.243","0.393","0.305",35.3
"Zeferjahn, Ryan",666171,"CHC","ST","Sweeper",1.4,5,"379",37.2,"97","0.153","0.376","0.278",39.8,34,28.9,"0.156","0.294","0.254",30.8
"Webb, Jacob",657097,"CHC","FF","4-Seam Fastball",-0.7,-3,"402",45,"97","0.247","0.4","0.344",25.4,27.8,18.2,"0.267","0.476","0.357",56.7
"Messick, Parker",800048,"CLE","SI","Sinker",2.9,10,"350",16.6,"97","0.216","0.307","0.262",10.8,5.2,12.2,"0.337","0.464","0.372",47.1
"Lowder, Rhett",695076,"CIN","FF","4-Seam Fastball",0.8,3,"331",20.6,"97","0.229","0.325","0.306",12.1,17.5,16.3,"0.263","0.435","0.353",38.8
"Boyd, Matthew",571510,"CHC","CH","Changeup",0.7,2,"325",26.3,"97","0.258","0.387","0.296",26.7,17.5,14,"0.275","0.436","0.321",22.4
"Peralta, Wandy",593974,"SD","CH","Changeup",0.2,1,"332",34,"97","0.269","0.387","0.294",29.3,18.6,15.4,"0.309","0.409","0.321",35.5
"Hurt, Kyle",669165,"LAD","FF","4-Seam Fastball",0.7,2,"326",54.7,"97","0.22","0.305","0.306",33.9,30.9,31.3,"0.186","0.271","0.269",45.3
"Arrighetti, Spencer",681293,"HOU","FF","4-Seam Fastball",0.2,1,"445",29.6,"97","0.237","0.463","0.348",20.7,17.5,16.7,"0.287","0.544","0.399",40.9
"Young, Brandon",687064,"BAL","FS","Split-Finger",-1.4,-5,"359",19.8,"97","0.308","0.429","0.336",23.7,15.5,12,"0.292","0.389","0.315",48.1
"Williams, Devin",642207,"NYM","CH","Changeup",-0.4,-1,"337",46.3,"97","0.289","0.411","0.338",39.2,33,24.4,"0.2","0.304","0.247",20.3
"Peterson, David",656849,"CHC","FF","4-Seam Fastball",-1.9,-8,"443",24.2,"97","0.314","0.5","0.389",17.6,15.5,13.3,"0.275","0.408","0.34",25.4
"Gray, Peyton",682608,"TEX","CH","Changeup",-0.3,-1,"312",40.5,"97","0.231","0.418","0.3",27.9,23.7,19.3,"0.229","0.339","0.266",21.7
"Vesia, Alex",681911,"LAD","FF","4-Seam Fastball",1,4,"400",53.3,"97","0.148","0.185","0.247",27.3,29.9,21.6,"0.174","0.269","0.275",38.5
"Holderman, Colin",670059,"CLE","SI","Sinker",2.6,10,"372",50.4,"96","0.212","0.259","0.271",15.3,10.4,14.1,"0.272","0.409","0.335",43.4
"Gray, Sonny",543243,"BOS","FC","Cutter",-0.6,-2,"358",19.5,"96","0.333","0.54","0.407",15.8,3.1,10.3,"0.304","0.491","0.365",35.3
"Drohan, Shane",675660,"MIL","SL","Slider",1.1,3,"294",20.2,"96","0.189","0.322","0.243",41.6,37.5,27.9,"0.188","0.265","0.215",30.4
"Festa, Matt",670036,"CLE","FF","4-Seam Fastball",-0.3,-1,"385",47.4,"96","0.291","0.43","0.347",27.6,28.1,27,"0.266","0.382","0.316",42.6
"Sabrowski, Erik",681870,"CLE","FF","4-Seam Fastball",-0.1,0,"402",67.4,"95","0.188","0.362","0.339",26.3,31.6,27.5,"0.153","0.308","0.328",43.9
"Cruz, Steven",674444,"KC","FF","4-Seam Fastball",-0.4,-2,"394",55.6,"95","0.232","0.512","0.364",29.4,28.4,23.5,"0.229","0.415","0.332",40
"Lauer, Eric",641778,"LAD","FC","Cutter",0.6,2,"359",22.3,"95","0.238","0.405","0.326",20.5,11.6,12,"0.23","0.377","0.302",21.3
"Phillips, Tyler",663969,"MIA","FS","Split-Finger",1.8,6,"354",23.9,"95","0.136","0.205","0.207",32.4,25.3,18.6,"0.229","0.339","0.278",42.2
"Kuhnel, Joel",669270,"MIL","SI","Sinker",0.2,1,"289",51.4,"95","0.275","0.362","0.334",13.8,7.4,11.1,"0.311","0.423","0.37",38.7
"Bradley, Taj",671737,"MIN","FS","Split-Finger",-0.2,-1,"448",20,"95","0.242","0.33","0.268",35.6,25.3,16.4,"0.231","0.303","0.252",43.3
"Bradish, Kyle",680694,"BAL","FF","4-Seam Fastball",0.9,3,"369",17.5,"95","0.298","0.393","0.371",13.9,8.4,18.2,"0.311","0.462","0.376",35.5
"Baker, Bryan",641329,"TB","CH","Changeup",1.9,6,"327",44.9,"95","0.154","0.275","0.196",33.5,33.7,22.7,"0.176","0.249","0.205",23.3
"Gómez, Yoendrys",672782,"MIN","FF","4-Seam Fastball",-0.1,0,"393",45.4,"95","0.208","0.416","0.355",24.7,24.2,18.7,"0.256","0.498","0.39",48.1
"Pérez, Martín",527048,"ATL","FC","Cutter",0.2,1,"368",22.5,"94","0.237","0.487","0.351",18.2,22.3,23.6,"0.244","0.414","0.335",42.6
"Jones, Jared",683003,"PIT","SL","Slider",0.8,3,"346",35.9,"94","0.214","0.357","0.303",38.5,34,29.9,"0.17","0.279","0.246",30.8
"Farris, Mitch",815083,"LAA","FF","4-Seam Fastball",-1.4,-5,"370",48.6,"94","0.253","0.519","0.394",15.7,22.3,21.9,"0.269","0.511","0.388",51.7
"Vásquez, Randy",681190,"SD","FC","Cutter",-1.5,-6,"410",23.8,"94","0.345","0.667","0.44",19.6,7.4,10.9,"0.315","0.626","0.423",43
"Buehler, Walker",621111,"SD","SI","Sinker",1.5,6,"369",18.7,"94","0.235","0.309","0.301",10.4,17,17.4,"0.236","0.301","0.297",35.4
"Senzatela, Antonio",622608,"MIL","FF","4-Seam Fastball",-0.3,-1,"327",38,"94","0.272","0.395","0.344",29.3,28.7,20.6,"0.23","0.325","0.298",44.6
"Morillo, Juan",666661,"AZ","FF","4-Seam Fastball",1.7,6,"367",48.1,"94","0.159","0.244","0.245",32.2,40.4,27.7,"0.154","0.225","0.217",39.1
"Avila, Luinder",679883,"KC","SI","Sinker",0.2,1,"354",27.4,"94","0.28","0.347","0.358",18.5,14.9,18.7,"0.278","0.373","0.363",38.7
"Ragans, Cole",666142,"KC","FF","4-Seam Fastball",1.2,4,"358",56.1,"94","0.133","0.333","0.288",30.9,33,26.7,"0.174","0.353","0.312",44.4
"Eovaldi, Nathan",543135,"TEX","CU","Curveball",0.5,2,"449",22.4,"94","0.225","0.382","0.276",40.6,33,21.7,"0.196","0.314","0.237",32.2
"Newcomb, Sean",656794,"CWS","FF","4-Seam Fastball",2,7,"377",37.5,"94","0.159","0.244","0.245",33,36.2,28.1,"0.177","0.258","0.248",24.5
"Brown, Ben",676962,"CHC","FF","4-Seam Fastball",0.5,2,"371",37,"94","0.247","0.321","0.326",15.6,16,14.6,"0.268","0.438","0.352",52.2
"Johnson, Pierce",572955,"CIN","CU","Curveball",-0.1,0,"372",63.5,"94","0.273","0.455","0.331",25.8,17,14.5,"0.301","0.511","0.36",35.1
"Keller, Mitch",656605,"PIT","SI","Sinker",-1.4,-4,"322",17.1,"93","0.367","0.506","0.438",14.7,8.6,13.8,"0.359","0.558","0.439",53.5
"Ashcraft, Braxton",677952,"PIT","SI","Sinker",1.5,4,"281",13.9,"93","0.235","0.341","0.294",19.6,10.8,23.8,"0.289","0.402","0.33",40.8
"Rodriguez, Bradgley",699134,"SD","CH","Changeup",2.1,8,"374",42.4,"93","0.148","0.239","0.223",38.8,35.5,24.8,"0.152","0.21","0.185",27.3
"Ureña, Walbert",700712,"LAA","FF","4-Seam Fastball",-0.1,0,"378",21.7,"92","0.164","0.26","0.309",20.9,22.8,14.5,"0.171","0.262","0.292",44.2
"Brazobán, Huascar",623211,"CWS","CH","Changeup",0.8,3,"352",39.5,"92","0.183","0.28","0.251",32.2,28.3,16.1,"0.176","0.25","0.234",19
"Corbin, Patrick",571578,"TOR","SL","Slider",0.7,3,"387",27.4,"92","0.169","0.301","0.241",37.1,34.8,20.1,"0.159","0.252","0.227",25
"Muñoz, Andrés",662253,"SEA","SL","Slider",1.4,5,"345",48.3,"92","0.149","0.299","0.224",50.3,48.9,32.1,"0.171","0.324","0.243",45.2
"Paddack, Chris",663978,"TEX","CH","Changeup",-0.4,-1,"276",27.2,"92","0.27","0.371","0.315",27.5,18.5,15.7,"0.256","0.375","0.285",31.9
"Elder, Bryce",693821,"ATL","FF","4-Seam Fastball",0.1,1,"446",22.4,"92","0.287","0.412","0.34",17.9,16.3,15.2,"0.277","0.398","0.33",38.2
"Santillan, Tony",663574,"CIN","FF","4-Seam Fastball",-0.3,-1,"321",64.5,"92","0.25","0.475","0.347",19,21.7,20.6,"0.231","0.411","0.313",39.7
"Chandler, Bubba",696149,"PIT","CH","Changeup",0.3,1,"319",16.1,"92","0.205","0.277","0.268",24.1,20.7,16.5,"0.24","0.323","0.289",21.9
"Miller, Bryce",682243,"SEA","FS","Split-Finger",1.7,5,"327",25.8,"92","0.154","0.275","0.199",36.1,39.1,24.3,"0.16","0.235","0.175",29.1
"Márquez, Germán",608566,"SD","FF","4-Seam Fastball",-1.6,-6,"350",38.1,"92","0.278","0.5","0.403",13.7,13,12.2,"0.298","0.548","0.434",54.1
"Burke, Sean",680732,"CWS","SL","Slider",-0.4,-1,"368",16.8,"92","0.306","0.494","0.378",34.1,26.1,22.9,"0.251","0.417","0.324",36.1
"Castillo, Luis",622491,"CWS","SI","Sinker",0.7,2,"331",17.1,"92","0.271","0.353","0.325",10.5,14.1,18.6,"0.336","0.537","0.4",47.2
"Leahy, Kyle",681517,"STL","SI","Sinker",1,3,"252",13,"91","0.253","0.316","0.33",10.4,17.6,18,"0.284","0.399","0.348",46
"Ohtani, Shohei",660271,"LAD","ST","Sweeper",3.1,12,"393",29.4,"91","0.129","0.176","0.17",37.7,35.2,28.1,"0.187","0.257","0.226",20.8
"Graceffo, Gordon",700669,"STL","FF","4-Seam Fastball",2.5,9,"351",39.6,"91","0.19","0.329","0.277",9.1,9.9,12.5,"0.306","0.578","0.409",60.6
"McLean, Nolan",690997,"NYM","CU","Curveball",1.3,4,"327",14.5,"91","0.106","0.141","0.157",40.4,60.4,24.4,"0.101","0.136","0.142",23.3
"King, Michael",650633,"SD","ST","Sweeper",1.5,7,"450",20.2,"91","0.19","0.262","0.236",29,24.2,19.5,"0.2","0.321","0.259",29
"Drohan, Shane",675660,"MIL","SI","Sinker",-2.3,-7,"295",20.3,"91","0.383","0.63","0.469",14.2,9.9,22.5,"0.294","0.505","0.386",50.7
"Cavalli, Cade",676917,"WSH","SI","Sinker",-0.1,0,"301",14,"91","0.367","0.456","0.416",12.5,11,20,"0.301","0.419","0.361",49.3
"Suarez, Ranger",624133,"BOS","FC","Cutter",1.3,5,"355",20.6,"91","0.217","0.373","0.305",14.1,12.1,15.5,"0.251","0.38","0.299",29.7
"Kilian, Caleb",668873,"PHI","FF","4-Seam Fastball",1,4,"392",49.9,"90","0.227","0.293","0.306",19.1,22.2,19,"0.227","0.326","0.294",35.6
"Kerkering, Orion",689147,"PHI","ST","Sweeper",1.4,5,"375",43.8,"90","0.159","0.268","0.228",27,26.7,20.5,"0.213","0.3","0.263",29.3
"Hughes, Gabriel",687312,"COL","FF","4-Seam Fastball",1.6,5,"316",56.6,"90","0.218","0.359","0.315",17.7,16.7,16.3,"0.22","0.325","0.284",27.7
"Moll, Sam",594580,"CIN","SI","Sinker",-0.6,-2,"331",37.3,"90","0.338","0.441","0.456",13.1,6.7,10.9,"0.316","0.444","0.417",38.8
"Blackburn, Paul",621112,"NYY","SI","Sinker",1.7,5,"309",33.2,"89","0.24","0.267","0.31",11.6,12.4,19.3,"0.283","0.354","0.343",40.6
"Peralta, Freddy",642547,"TB","CU","Curveball",-0.8,-3,"324",14.3,"89","0.247","0.482","0.325",35.4,32.6,20.4,"0.202","0.333","0.25",33.9
"Bubic, Kris",663460,"KC","FF","4-Seam Fastball",-0.8,-3,"334",41.2,"88","0.225","0.394","0.348",25.2,25,21.6,"0.241","0.474","0.378",38.8
"Varland, Gus",681402,"WSH","FF","4-Seam Fastball",-1.5,-5,"328",58.1,"88","0.342","0.553","0.423",20.4,18.2,14.3,"0.3","0.534","0.4",55.7
"Patrick, Chad",694477,"MIL","FF","4-Seam Fastball",1.6,6,"356",25.3,"88","0.177","0.278","0.242",30.1,29.5,17.8,"0.208","0.327","0.272",40.7
"Irvin, Jake",663623,"WSH","FF","4-Seam Fastball",0.4,1,"332",28.1,"88","0.179","0.254","0.305",21.6,23.9,14.5,"0.226","0.39","0.366",55.1
"Montero, Keider",672456,"DET","SL","Slider",1.8,6,"334",19,"88","0.185","0.272","0.245",30.1,31.8,27.2,"0.186","0.294","0.24",27.8
"Prielipp, Connor",687570,"MIN","FF","4-Seam Fastball",-1.6,-6,"408",28.9,"88","0.288","0.561","0.429",15,13.6,10.9,"0.273","0.506","0.413",43.9
"López, Reynaldo",625643,"ATL","SL","Slider",-1.5,-5,"377",30.8,"88","0.211","0.355","0.305",34.6,28.4,18.8,"0.246","0.393","0.333",34.6
"Yates, Kirby",489446,"PIT","FF","4-Seam Fastball",2.2,8,"365",66,"88","0.173","0.28","0.248",28.6,33,27.4,"0.178","0.287","0.256",46.9
"Patrick, Chad",694477,"MIL","SI","Sinker",-0.3,-1,"323",22.9,"87","0.311","0.486","0.387",13.6,12.6,14.5,"0.275","0.451","0.355",40.9
"Canning, Griffin",656288,"SD","CH","Changeup",-2.6,-7,"282",22.5,"87","0.316","0.494","0.383",24.8,17.2,17.9,"0.243","0.341","0.285",46.2
"Brown, Hunter",686613,"HOU","SI","Sinker",1.1,3,"316",28.5,"87","0.205","0.356","0.334",19.7,18.4,23.9,"0.205","0.328","0.304",24.6
"Lawrence, Justin",664875,"WSH","SI","Sinker",-4.4,-13,"292",42.7,"87","0.369","0.677","0.541",12.6,3.4,14.3,"0.384","0.58","0.479",49.2
"Alvarez, Andrew",674841,"WSH","FF","4-Seam Fastball",0,0,"327",28.1,"87","0.292","0.403","0.363",12.8,10.3,13.4,"0.306","0.431","0.376",37.5
"Suarez, José",660761,"ATH","FF","4-Seam Fastball",-0.8,-3,"382",37.6,"87","0.306","0.514","0.403",21.1,20.7,16.7,"0.264","0.418","0.354",38.2
"Bibee, Tanner",676440,"CLE","CH","Changeup",0,0,"328",14.6,"87","0.167","0.282","0.247",36.3,29.9,23.4,"0.186","0.279","0.244",20.8
"Miller, Mason",695243,"SD","FF","4-Seam Fastball",2.5,10,"384",46,"86","0.149","0.162","0.209",40.2,34.9,27.5,"0.186","0.266","0.258",35.6
"Rolison, Ryan",669020,"CHC","FF","4-Seam Fastball",0.9,3,"302",41.9,"86","0.186","0.357","0.315",14.4,20.9,22,"0.227","0.411","0.345",46.3
"Ginkel, Kevin",656464,"AZ","FF","4-Seam Fastball",-0.3,-1,"371",46.7,"86","0.267","0.453","0.339",18.4,18.6,15.4,"0.281","0.502","0.37",50.8
"Abreu, Bryan",650556,"HOU","SL","Slider",-0.7,-2,"360",46.3,"86","0.24","0.44","0.345",36.6,33.7,25.2,"0.219","0.379","0.312",43.5
"Dreyer, Jack",676263,"LAD","FF","4-Seam Fastball",0.7,3,"361",47.2,"86","0.227","0.413","0.322",26.8,32.6,25,"0.208","0.381","0.299",53.1
"Young, Brandon",687064,"BAL","SI","Sinker",-0.5,-1,"245",13.5,"86","0.324","0.486","0.422",10.5,11.6,26.3,"0.293","0.424","0.36",40
"Sulser, Cole",642121,"TB","FF","4-Seam Fastball",1.1,4,"350",45.2,"85","0.241","0.443","0.314",22.1,23.5,21.1,"0.257","0.545","0.359",48.3
"Yesavage, Trey",702056,"TOR","SL","Slider",-0.1,0,"381",24.6,"85","0.219","0.438","0.327",38.3,27.1,21.5,"0.178","0.288","0.259",36.5
"Miller, Erik",669062,"BOS","SI","Sinker",1.7,6,"326",45.9,"85","0.206","0.279","0.304",19.2,20,21.5,"0.205","0.33","0.314",28.3
"Bennett, Jake",687562,"BOS","SI","Sinker",1.9,5,"267",25,"85","0.253","0.361","0.277",8.4,12.9,25.6,"0.261","0.388","0.29",37.5
"Griffin, Foster",656492,"CLE","FF","4-Seam Fastball",-0.8,-3,"364",16.4,"85","0.217","0.42","0.342",17.9,29.4,16.2,"0.219","0.407","0.339",40
"Cano, Yennier",666974,"BAL","SI","Sinker",3.1,10,"334",54,"85","0.154","0.192","0.218",22.2,16.5,25.5,"0.204","0.264","0.247",38.5
"Elder, Bryce",693821,"ATL","FC","Cutter",0.1,0,"297",14.9,"85","0.253","0.48","0.358",21,4.7,13.8,"0.305","0.484","0.372",41.7
"Abreu, Bryan",650556,"HOU","FF","4-Seam Fastball",0.5,2,"352",45.3,"85","0.159","0.349","0.33",26.7,29.4,26.9,"0.167","0.28","0.314",42.5
"Festa, Matt",670036,"CLE","ST","Sweeper",-2.2,-7,"323",39.7,"85","0.289","0.513","0.411",28.6,16.5,17.3,"0.247","0.442","0.335",41.9
"Skubal, Tarik",669373,"LAD","SI","Sinker",0.5,2,"339",21,"85","0.284","0.338","0.34",19.5,20,19.5,"0.274","0.325","0.319",36.8
"Sheehan, Emmet",686218,"LAD","CH","Changeup",-1.7,-5,"276",16.3,"85","0.295","0.385","0.341",23.2,21.2,14.9,"0.26","0.337","0.294",43.3
"Iglesias, Raisel",628452,"ATL","CH","Changeup",0.9,2,"243",35.2,"85","0.203","0.342","0.29",38.7,28.2,27,"0.205","0.325","0.26",25.5
"Dreyer, Jack",676263,"LAD","SL","Slider",1,3,"290",37.9,"85","0.207","0.354","0.266",30.7,25.9,22.9,"0.235","0.383","0.279",31.7
"Beeter, Clayton",690925,"WSH","SL","Slider",1.7,5,"296",50.7,"85","0.104","0.195","0.183",34.8,34.1,26.4,"0.157","0.228","0.22",34.7
"Singer, Brady",663903,"CIN","ST","Sweeper",-0.9,-3,"335",16.1,"85","0.229","0.434","0.305",40.2,25.9,16.8,"0.227","0.389","0.272",32.8
"Wheeler, Zack",554430,"PHI","SI","Sinker",1.9,5,"285",15.4,"85","0.235","0.37","0.284",10.4,12.9,18,"0.25","0.371","0.287",24.3
"Senga, Kodai",673540,"NYM","FF","4-Seam Fastball",-1.4,-5,"343",38.8,"85","0.268","0.535","0.389",17.9,23.5,25,"0.256","0.455","0.36",38.5
"Alvarado, Elvis",665660,"ATH","FF","4-Seam Fastball",-0.2,-1,"376",58.1,"85","0.164","0.433","0.342",35.2,36.5,23.8,"0.173","0.419","0.343",55.6
"Doval, Camilo",666808,"PIT","SI","Sinker",1.2,4,"307",40.1,"85","0.23","0.338","0.283",17.4,15.3,25,"0.244","0.349","0.296",53.1
"Morán, Jovani",663558,"BOS","FF","4-Seam Fastball",1.6,5,"296",38.4,"84","0.132","0.265","0.285",20,19,23.9,"0.193","0.298","0.297",30.2
"Phillips, Tyler",663969,"MIA","ST","Sweeper",1.5,5,"354",23.9,"84","0.218","0.333","0.281",33.3,27.4,31.1,"0.213","0.37","0.28",40
"Quantrill, Cal",615698,"TEX","SI","Sinker",3,9,"290",25.8,"84","0.192","0.244","0.249",14.8,17.9,19.2,"0.219","0.286","0.253",25.4
"Domínguez, Seranthony",622554,"SEA","FF","4-Seam Fastball",-0.4,-1,"334",41.6,"84","0.25","0.412","0.365",24.3,23.8,18,"0.228","0.358","0.34",29.2
"McClanahan, Shane",663556,"TB","SL","Slider",0.9,3,"294",19,"84","0.237","0.375","0.277",27.7,17.9,20.8,"0.27","0.483","0.339",43.1
"Houser, Adrian",605288,"SF","FF","4-Seam Fastball",1.2,4,"324",19.9,"84","0.177","0.291","0.221",19.5,29.8,17.6,"0.189","0.298","0.231",36.4
"Burke, Sean",680732,"CWS","SI","Sinker",-0.2,-1,"318",14.6,"84","0.257","0.446","0.351",11.6,8.3,11.9,"0.282","0.466","0.365",37.3
"Avila, Luinder",679883,"KC","FF","4-Seam Fastball",-0.6,-2,"336",26,"84","0.296","0.423","0.372",16.2,15.5,16.7,"0.262","0.401","0.344",32.2
"Dollander, Chase",801403,"COL","FF","4-Seam Fastball",1.2,3,"280",37.7,"84","0.197","0.38","0.31",29.7,32.1,23.5,"0.147","0.368","0.285",53.3
"Paddack, Chris",663978,"TEX","FF","4-Seam Fastball",-1.1,-4,"350",34.5,"84","0.38","0.507","0.421",16.4,17.9,12.6,"0.294","0.433","0.357",37.3
"Strider, Spencer",675911,"ATL","FF","4-Seam Fastball",-1.2,-4,"329",47.6,"84","0.286","0.6","0.417",18.3,15.5,17.1,"0.265","0.511","0.382",43.1
"Fedde, Erick",607200,"CWS","FC","Cutter",-1.9,-7,"353",19.4,"84","0.321","0.654","0.43",15.4,9.5,11,"0.296","0.561","0.386",40
"Weaver, Luke",596133,"PIT","FF","4-Seam Fastball",1.9,6,"328",50.5,"84","0.184","0.25","0.254",21.9,27.4,24.5,"0.212","0.321","0.269",40.7
"Martin, Davis",663436,"CWS","CH","Changeup",1.4,4,"277",14.1,"83","0.205","0.359","0.274",14.6,13.3,12.6,"0.293","0.451","0.343",55.2
"Pagán, Emilio",641941,"CIN","FF","4-Seam Fastball",1.7,5,"277",63.4,"83","0.167","0.333","0.258",22.7,24.1,22.2,"0.185","0.4","0.29",53.7
"Winn, Keaton",676775,"SF","FS","Split-Finger",0.1,0,"287",45.8,"83","0.186","0.286","0.278",35.1,28.9,21.1,"0.207","0.295","0.287",29.2
"Taillon, Jameson",592791,"TOR","FF","4-Seam Fastball",-1.3,-5,"390",27.6,"83","0.316","0.697","0.447",22.8,19.3,17.6,"0.311","0.692","0.445",43.3
"Kelly, Merrill",518876,"AZ","FC","Cutter",-2.7,-7,"276",13.9,"83","0.36","0.707","0.473",11.7,9.6,15.7,"0.311","0.633","0.426",53.7
"Early, Connelly",813349,"BOS","CH","Changeup",-0.2,-1,"279",18.3,"83","0.272","0.407","0.314",22.7,15.7,13.1,"0.288","0.432","0.318",48.5
"Yamamoto, Yoshinobu",808967,"LAD","FC","Cutter",1.5,5,"309",15,"83","0.227","0.333","0.278",21.2,20.5,25.8,"0.217","0.36","0.282",23.7
"Junk, Janson",676083,"MIA","SL","Slider",-0.1,0,"288",20.6,"83","0.231","0.449","0.344",15.2,14.5,14,"0.26","0.446","0.325",37.9
"Bender, Anthony",669622,"MIA","ST","Sweeper",3.4,9,"279",51.8,"83","0.143","0.169","0.17",26.8,37.3,27.4,"0.158","0.242","0.201",29.8
"Duran, Jhoan",661395,"PHI","FS","Split-Finger",2,6,"304",45.9,"82","0.304","0.354","0.299",30.9,20.7,37,"0.254","0.346","0.277",48.4
"Pfaadt, Brandon",694297,"AZ","SI","Sinker",-0.6,-2,"248",19.1,"82","0.293","0.493","0.379",8.6,8.5,15.6,"0.281","0.484","0.358",44.1
"Bachar, Lake",669199,"PIT","FF","4-Seam Fastball",0.4,1,"315",29.2,"82","0.208","0.486","0.339",16.8,15.9,16,"0.206","0.462","0.331",44.1
"Barnett, Mason",686930,"ATH","FF","4-Seam Fastball",-1.4,-4,"310",47,"82","0.242","0.485","0.375",20.8,20.7,21,"0.238","0.441","0.361",36
"Parker, Mitchell",680730,"WSH","SL","Slider",-2.2,-7,"331",49.9,"82","0.284","0.554","0.403",34.1,20.7,16.8,"0.269","0.467","0.342",45.8
"Gaddis, Hunter",683769,"CLE","SL","Slider",-0.2,-1,"334",47.9,"82","0.243","0.357","0.331",33.5,20.7,18.7,"0.266","0.426","0.348",28.3
"Fluharty, Mason",689254,"TOR","ST","Sweeper",-0.1,0,"339",41.5,"82","0.213","0.4","0.289",34,28,22.8,"0.17","0.294","0.232",24.5
"Schultz, Noah",702273,"CWS","SI","Sinker",0.3,1,"297",25.9,"82","0.277","0.415","0.37",10.7,9.8,15.1,"0.306","0.45","0.39",41.7
"Miles, Spencer",693686,"TOR","CU","Curveball",0.5,1,"308",25.8,"82","0.224","0.355","0.279",21.4,30.5,23.6,"0.243","0.376","0.291",34
"Pallante, Andre",669467,"STL","CU","Curveball",-1.7,-6,"373",17.6,"82","0.256","0.423","0.311",30.2,29.3,15.7,"0.23","0.418","0.295",38.9
"Mahle, Tyler",641816,"ATL","FC","Cutter",0.2,1,"301",17.1,"81","0.292","0.431","0.338",15.6,12.3,25.6,"0.274","0.397","0.316",38.5
"Alcantara, Sandy",645261,"MIA","FC","Cutter",2.5,9,"361",14.6,"81","0.189","0.284","0.251",23.6,18.5,19.7,"0.249","0.378","0.307",35.6
"Teng, Kai-Wei",678906,"HOU","FF","4-Seam Fastball",-0.9,-3,"326",28.1,"81","0.278","0.472","0.374",17,16,13.4,"0.247","0.4","0.324",40.7
"Suter, Brent",608718,"ATL","FF","4-Seam Fastball",-2.3,-7,"300",25.3,"81","0.315","0.575","0.426",19.1,22.2,16.4,"0.246","0.412","0.323",30.9
"Nola, Aaron",605400,"PHI","CH","Changeup",0.5,2,"349",16.1,"81","0.214","0.286","0.278",27.7,13.6,13.6,"0.244","0.326","0.303",42.6
"Vásquez, Randy",681190,"SD","SI","Sinker",0.9,2,"239",13.8,"81","0.243","0.371","0.315",12.2,14.8,21.8,"0.28","0.509","0.376",47.5
"Hicks, Jordan",663855,"CWS","SI","Sinker",-0.6,-2,"296",49.8,"81","0.324","0.426","0.411",9.8,13.6,17.7,"0.284","0.329","0.329",31
"Johnson, Ryan",696270,"LAA","FC","Cutter",0.3,1,"314",31.3,"81","0.214","0.386","0.316",26.1,29.6,21.6,"0.203","0.402","0.317",43.5
"Gasser, Robert",688107,"MIL","ST","Sweeper",-1,-3,"296",26.6,"81","0.222","0.472","0.338",26.2,29.6,18.2,"0.188","0.339","0.268",26.5
"Medina, Luis",665622,"ATH","FF","4-Seam Fastball",-2.4,-7,"281",30.6,"80","0.348","0.515","0.422",21.5,22.5,19.4,"0.273","0.459","0.371",44.9
"Leahy, Kyle",681517,"STL","CU","Curveball",0.2,1,"316",16.4,"80","0.187","0.32","0.246",26.6,30,19,"0.205","0.382","0.277",51
"Nelson, Ryne",669194,"AZ","SL","Slider",-2.3,-6,"259",20,"80","0.293","0.533","0.386",26.8,23.8,21.1,"0.26","0.459","0.322",43.9
"Walker, Ryan",676254,"SF","SI","Sinker",-1.3,-4,"335",68.4,"80","0.353","0.515","0.421",13.3,18.8,15.8,"0.266","0.387","0.339",38.9
"Woodruff, Brandon",605540,"MIL","FF","4-Seam Fastball",2.4,7,"281",44,"80","0.114","0.243","0.221",25.8,33.8,25.7,"0.153","0.307","0.249",29.5
"Warren, Will",701542,"NYY","ST","Sweeper",-2.3,-9,"380",19,"80","0.389","0.681","0.464",20.8,15,13.6,"0.331","0.542","0.399",41.3
"Weathers, Ryan",677960,"NYY","SL","Slider",0.9,2,"260",12.3,"80","0.224","0.342","0.267",35.5,40,27.1,"0.187","0.322","0.24",38.6
"Webb, Logan",657277,"SF","ST","Sweeper",1,4,"386",19.4,"80","0.205","0.315","0.278",23.7,30,25.8,"0.192","0.349","0.27",32.7
"Romero, JoJo",668941,"STL","SI","Sinker",1.5,5,"318",44.1,"80","0.265","0.324","0.336",14,15,27.9,"0.287","0.407","0.355",56.1
"Blubaugh, AJ",805123,"HOU","CH","Changeup",-0.3,-1,"276",21.3,"80","0.214","0.314","0.268",32.8,27.5,19.6,"0.225","0.347","0.272",38.5
"Whitlock, Garrett",676477,"BOS","SI","Sinker",1.8,6,"347",55.9,"80","0.224","0.289","0.249",20.7,17.5,15.6,"0.247","0.326","0.273",33.3
"Cabrera, Edward",665795,"CHC","SI","Sinker",0.1,0,"257",21.4,"80","0.309","0.485","0.383",7.6,7.5,15.4,"0.333","0.504","0.398",42.2
"Silseth, Chase",681217,"TEX","FF","4-Seam Fastball",1.8,6,"332",40.6,"79","0.194","0.242","0.278",37.8,32.9,23,"0.222","0.364","0.325",38.5
"Kay, Anthony",641743,"CWS","FC","Cutter",0.3,1,"350",16.9,"79","0.234","0.359","0.357",20.1,7.6,9.5,"0.303","0.539","0.421",30.5
"Feltner, Ryan",663372,"COL","SL","Slider",-1.6,-5,"349",24.4,"79","0.279","0.632","0.423",28.3,8.9,13.5,"0.303","0.643","0.439",36.1
"Williams, Devin",642207,"NYM","FF","4-Seam Fastball",-0.2,-1,"382",52.5,"79","0.25","0.359","0.365",30.7,24.1,18.1,"0.249","0.323","0.329",41.3
"Dodd, Dylan",689266,"ATL","SI","Sinker",0.8,3,"366",61.7,"79","0.157","0.329","0.254",24.2,26.6,16,"0.177","0.344","0.268",44
"Griffin, Foster",656492,"CLE","ST","Sweeper",0.4,1,"320",14.4,"79","0.247","0.455","0.308",31.5,31.6,23.8,"0.273","0.465","0.324",46.2
"Suarez, Ranger",624133,"BOS","FF","4-Seam Fastball",2.1,8,"391",22.7,"79","0.222","0.25","0.253",18.4,27.8,25,"0.247","0.348","0.296",34
"Young, Brandon",687064,"BAL","SL","Slider",-0.3,-1,"278",15.3,"79","0.211","0.355","0.265",41.1,40.5,27.4,"0.19","0.364","0.247",37.8
"Schultz, Noah",702273,"CWS","FF","4-Seam Fastball",-0.5,-1,"259",22.6,"79","0.191","0.353","0.318",20.8,26.6,18.4,"0.237","0.361","0.318",42.6
"Taillon, Jameson",592791,"TOR","ST","Sweeper",1.8,4,"233",16.5,"79","0.143","0.273","0.189",33.8,36.7,27.6,"0.124","0.243","0.169",33.3
"Soriano, George",666277,"STL","CH","Changeup",1.3,3,"263",30.3,"79","0.167","0.278","0.235",41.3,44.3,29.2,"0.167","0.216","0.213",29.7
"Leahy, Kyle",681517,"STL","SL","Slider",2.1,7,"317",16.4,"79","0.26","0.397","0.31",21.4,13.9,25.6,"0.308","0.443","0.347",41.3
"Eovaldi, Nathan",543135,"TEX","FF","4-Seam Fastball",-2.8,-8,"275",13.7,"79","0.375","0.736","0.489",22.7,26.6,30.9,"0.308","0.623","0.421",54.9
"Leiter, Jack",683004,"TEX","CH","Changeup",-1.9,-5,"243",17.4,"79","0.254","0.423","0.322",30.3,25.3,19.2,"0.238","0.43","0.318",36.5
"Skenes, Paul",694973,"PIT","CH","Changeup",-1.6,-5,"310",13.6,"78","0.247","0.397","0.294",37.8,35.9,17.5,"0.21","0.294","0.239",17.4
"Rodón, Carlos",607074,"NYY","FF","4-Seam Fastball",0.8,3,"368",44.4,"78","0.164","0.255","0.333",25,21.8,19.5,"0.243","0.414","0.404",52.6
"Rogers, Trevor",669432,"BAL","ST","Sweeper",0.7,2,"257",13.1,"78","0.186","0.314","0.245",31,37.2,21.6,"0.173","0.244","0.219",23.3
"Freeland, Kyle",607536,"COL","CH","Changeup",-1.7,-4,"251",13.6,"78","0.303","0.487","0.382",21.4,11.5,12,"0.325","0.516","0.37",52.2
"Holton, Tyler",663947,"DET","FC","Cutter",1.6,4,"272",31.4,"78","0.243","0.365","0.28",21.9,15.4,19,"0.25","0.358","0.279",44.4
"Lauer, Eric",641778,"LAD","CH","Changeup",-1.1,-3,"251",15.6,"78","0.28","0.387","0.317",14.7,6.4,7.5,"0.275","0.425","0.315",38.6
"Buehler, Walker",621111,"SD","FF","4-Seam Fastball",-0.8,-3,"387",19.6,"78","0.373","0.567","0.447",12.6,9,6.8,"0.335","0.533","0.417",51.7
"Scott, Christian",681035,"NYM","ST","Sweeper",0.4,1,"332",23,"78","0.211","0.296","0.264",31.1,37.2,23.8,"0.184","0.262","0.238",21.4
"Agnos, Zach",688642,"COL","FC","Cutter",-0.8,-2,"269",23.9,"77","0.324","0.456","0.384",15.9,7.8,11.8,"0.326","0.497","0.384",47.6
"Burrows, Mike",681347,"HOU","SL","Slider",-1.1,-3,"258",16.5,"77","0.301","0.521","0.369",27.3,19.5,19,"0.255","0.421","0.308",32.8
"Cavalli, Cade",676917,"WSH","ST","Sweeper",1.7,4,"263",12.2,"77","0.116","0.13","0.197",28.8,35.1,22.9,"0.187","0.243","0.238",32.6
"Sasaki, Roki",808963,"LAD","SL","Slider",-0.5,-2,"380",21.3,"77","0.232","0.507","0.343",39.3,27.3,23.9,"0.175","0.299","0.246",30.6
"Natera Jr., Samy",696519,"LAA","FF","4-Seam Fastball",2.5,9,"374",81,"77","0.145","0.217","0.212",32.2,33.8,25.2,"0.17","0.265","0.24",34.9
"Tolle, Payton",801139,"BOS","FC","Cutter",1.6,5,"316",19.5,"77","0.247","0.329","0.275",31.8,27.3,23.9,"0.224","0.302","0.252",26.9
"Yamamoto, Yoshinobu",808967,"LAD","SI","Sinker",2.9,8,"261",12.7,"77","0.157","0.214","0.211",11.8,23.4,25,"0.207","0.269","0.25",40.4
"Lord, Brad",695418,"WSH","FF","4-Seam Fastball",-0.1,0,"395",36.2,"77","0.303","0.424","0.386",24.8,32.5,16,"0.244","0.394","0.328",54.8
"Raley, Brooks",548384,"PHI","ST","Sweeper",0.2,0,"258",37.4,"77","0.229","0.414","0.311",20.5,27.3,20.8,"0.249","0.424","0.324",28.6
"Gordon, Tanner",685299,"COL","SL","Slider",-1.8,-5,"257",24.5,"77","0.316","0.579","0.389",21.9,18.2,20.9,"0.26","0.477","0.318",40.3
"Aldegheri, Sam",691951,"LAA","FF","4-Seam Fastball",1,3,"288",47.2,"77","0.215","0.308","0.315",12.1,10.4,9.6,"0.272","0.435","0.365",29.3
"Scott, Tanner",656945,"LAD","FF","4-Seam Fastball",-0.7,-2,"323",45.9,"77","0.254","0.479","0.336",28.6,28.6,21.6,"0.266","0.475","0.339",38
"Leahy, Kyle",681517,"STL","CH","Changeup",-0.2,0,"269",13.9,"77","0.239","0.338","0.286",33.3,28.6,21.4,"0.237","0.36","0.291",36.7
"Severino, Luis",622663,"ATH","SI","Sinker",-0.9,-2,"259",23.8,"76","0.323","0.508","0.411",15.2,14.5,18.6,"0.312","0.517","0.397",44.6
"Pérez, Eury",691587,"MIA","SI","Sinker",-1.1,-3,"306",16.2,"76","0.303","0.424","0.369",17.4,11.8,12.7,"0.277","0.367","0.325",39.7
"Burrows, Mike",681347,"HOU","SI","Sinker",-1.8,-4,"212",13.5,"76","0.371","0.571","0.441",9.9,5.3,16,"0.303","0.504","0.372",42.4
"Rogers, Taylor",573124,"MIN","SI","Sinker",-0.6,-2,"291",37.1,"76","0.27","0.444","0.359",8.9,21.1,16.7,"0.263","0.454","0.375",34.7
"Lord, Brad",695418,"WSH","SI","Sinker",3.9,10,"249",22.8,"76","0.159","0.174","0.21",13.7,11.8,17,"0.212","0.253","0.249",32.8
"Gallen, Zac",668678,"AZ","CU","Curveball",-2.3,-7,"304",18.6,"76","0.357","0.571","0.421",22.9,15.8,10.1,"0.309","0.5","0.373",46.6
"Martin, Davis",663436,"CWS","SL","Slider",-0.2,-1,"268",13.6,"76","0.243","0.405","0.3",37.3,31.6,20.9,"0.24","0.388","0.279",32
"Senzatela, Antonio",622608,"MIL","FC","Cutter",1.8,5,"260",30.2,"76","0.222","0.333","0.264",26.4,18.4,21.5,"0.227","0.319","0.26",32.8
"Weissert, Greg",669711,"BOS","SI","Sinker",2.3,6,"272",36.9,"76","0.229","0.357","0.288",14.1,18.4,23.3,"0.219","0.346","0.278",33.9
"Wheeler, Zack",554430,"PHI","FS","Split-Finger",2.3,7,"294",15.9,"76","0.162","0.216","0.18",46.4,40.8,25,"0.197","0.254","0.208",18.6
"Graceffo, Gordon",700669,"STL","SL","Slider",0,0,"263",29.7,"76","0.254","0.388","0.308",26.2,17.1,16.5,"0.253","0.409","0.318",37.5
"Ritchie, JR",702275,"ATL","CU","Curveball",0.7,2,"280",27.4,"76","0.185","0.292","0.268",31.9,36.8,24.6,"0.202","0.319","0.291",34.2
"Lopez, Jacob",682052,"ATH","FC","Cutter",-1.2,-4,"307",20.4,"76","0.323","0.484","0.404",26.4,18.4,21.9,"0.225","0.319","0.313",30.6
"Mlodzinski, Carmen",669387,"PIT","SI","Sinker",-0.6,-2,"298",17.6,"76","0.319","0.42","0.372",6.8,6.6,11.1,"0.37","0.553","0.419",53.8
"Kerkering, Orion",689147,"PHI","FF","4-Seam Fastball",0,0,"285",33.3,"76","0.224","0.414","0.362",34.4,30.3,24.5,"0.179","0.319","0.319",38.9
"Mejia, Juan",675848,"COL","ST","Sweeper",0,0,"338",35.4,"76","0.231","0.369","0.303",37.7,32.9,22.5,"0.214","0.352","0.297",35.7
"Antone, Tejay",622088,"CIN","ST","Sweeper",2.2,7,"336",54.2,"75","0.153","0.222","0.22",33.1,28,18.8,"0.182","0.268","0.214",25.5
"Early, Connelly",813349,"BOS","SI","Sinker",0.6,2,"304",19.9,"75","0.286","0.349","0.345",12.7,14.7,24.4,"0.292","0.396","0.364",38.5
"Varland, Louis",686973,"TOR","CU","Curveball",-0.2,-1,"311",31.4,"75","0.239","0.352","0.295",35.1,33.3,19.1,"0.225","0.327","0.254",46.8
"Sulser, Cole",642121,"TB","CH","Changeup",-0.9,-3,"304",39.2,"75","0.246","0.362","0.301",35.6,32,22.2,"0.212","0.337","0.266",30.4
"Woo, Bryan",693433,"SEA","SL","Slider",0,0,"312",15.3,"75","0.239","0.373","0.291",32.5,30.7,21.9,"0.243","0.398","0.311",52.2
"Lovelady, Richard",663992,"WSH","ST","Sweeper",0,0,"231",42.9,"75","0.2","0.369","0.308",25.2,21.3,19.3,"0.224","0.365","0.301",27.5
"Agnos, Zach",688642,"COL","FF","4-Seam Fastball",-3.3,-9,"285",25.3,"75","0.318","0.712","0.47",14.8,10.7,8,"0.311","0.678","0.439",50.8
"Fairbanks, Pete",664126,"MIA","FF","4-Seam Fastball",-2.2,-7,"341",50.5,"75","0.294","0.603","0.407",27.7,32,22.6,"0.248","0.5","0.351",61.4
"Ray, Robbie",592662,"SD","SI","Sinker",-0.6,-2,"297",13.3,"75","0.313","0.438","0.395",8.8,5.3,11.8,"0.336","0.445","0.382",52.5
"Kay, Anthony",641743,"CWS","CH","Changeup",-0.3,-1,"290",14,"75","0.25","0.333","0.287",25.4,13.3,9.4,"0.244","0.317","0.261",41.3
"Ryan, Joe",657746,"MIN","ST","Sweeper",0.3,1,"302",14.5,"75","0.211","0.366","0.285",36.3,37.3,28.6,"0.175","0.328","0.23",29.5
"Littell, Zack",641793,"AZ","SI","Sinker",-2.5,-7,"268",14.7,"75","0.315","0.63","0.409",11.8,8,10.2,"0.338","0.643","0.431",48.5
"Johnson, Ryan",696270,"LAA","SI","Sinker",-4.5,-12,"253",25.2,"75","0.383","0.75","0.517",2.8,1.3,1.9,"0.392","0.762","0.518",50.8
"Liberatore, Matthew",669461,"STL","CH","Changeup",0.1,0,"281",14.7,"75","0.338","0.441","0.363",21,4,9.7,"0.337","0.493","0.373",33.8
"Lowder, Rhett",695076,"CIN","CH","Changeup",-0.9,-3,"329",20.5,"75","0.239","0.394","0.306",26.9,17.3,14.4,"0.245","0.409","0.302",24.1
"Nance, Tommy",667297,"MIN","SL","Slider",1.9,5,"287",40.3,"75","0.191","0.309","0.272",31.4,25.3,28.4,"0.25","0.401","0.318",32.7
"Morán, Jovani",663558,"BOS","CH","Changeup",0.3,1,"279",36.2,"75","0.188","0.362","0.267",51.1,41.3,31.3,"0.178","0.306","0.231",25
"Ramírez, Yohan",670990,"PIT","SI","Sinker",2.2,6,"271",24.7,"75","0.229","0.3","0.274",13.2,9.3,20,"0.269","0.358","0.3",33.3
"Ramírez, Yohan",670990,"PIT","FF","4-Seam Fastball",-1,-3,"257",23.4,"74","0.237","0.441","0.382",25.6,25.7,25,"0.241","0.352","0.346",35
"Baker, Bryan",641329,"TB","FF","4-Seam Fastball",2.5,9,"376",51.6,"74","0.115","0.131","0.213",25,24.3,14.5,"0.192","0.326","0.305",44.2
"Anderson, Grant",681982,"MIL","FF","4-Seam Fastball",-1.3,-4,"282",38.3,"74","0.231","0.523","0.36",23.9,21.6,16,"0.215","0.389","0.311",42.9
"Jax, Griffin",643377,"TB","ST","Sweeper",0.7,2,"354",25.2,"74","0.203","0.422","0.278",37,29.7,23.9,"0.216","0.393","0.303",40.4
"Kittredge, Andrew",552640,"BAL","SL","Slider",1.2,3,"257",49.6,"74","0.169","0.282","0.262",35.3,33.8,22.7,"0.218","0.322","0.25",30.4
"Rea, Colin",607067,"CHC","SL","Slider",0.9,2,"216",10.8,"74","0.159","0.377","0.246",28.7,32.4,21.6,"0.23","0.459","0.309",43.5
"Newcomb, Sean",656794,"CWS","SV","Slurve",1.5,5,"333",33.1,"74","0.179","0.284","0.236",28.3,27,20.8,"0.222","0.31","0.267",33.3
"Bednar, David",670280,"NYY","FF","4-Seam Fastball",0.6,2,"373",41.5,"74","0.246","0.344","0.334",22.5,21.6,13.2,"0.213","0.323","0.313",44.4
"Parker, Mitchell",680730,"WSH","FF","4-Seam Fastball",-0.6,-1,"225",33.9,"74","0.302","0.413","0.372",17.8,16.2,21.1,"0.302","0.497","0.387",41.5
"Ginn, J.T.",669372,"ATH","SL","Slider",-0.9,-3,"299",15.6,"74","0.274","0.452","0.316",33.3,27,18.2,"0.226","0.353","0.254",39.6
"Ober, Bailey",641927,"MIN","SL","Slider",0.9,2,"257",16.7,"73","0.243","0.386","0.282",13.7,16.4,19.4,"0.247","0.404","0.288",39
"Suarez, Ranger",624133,"BOS","CU","Curveball",1.4,4,"284",16.5,"73","0.209","0.269","0.249",41.2,49.3,28.8,"0.137","0.18","0.183",32.3
"Perkins, Jack",678022,"ATH","CH","Changeup",0.3,1,"272",19.2,"73","0.2","0.243","0.253",42.5,38.4,25.9,"0.196","0.246","0.213",45.2
"Faucher, Calvin",676534,"MIA","FC","Cutter",-0.3,-1,"324",36,"73","0.339","0.393","0.408",23.8,9.6,12.1,"0.326","0.413","0.405",50
"Freeland, Kyle",607536,"COL","ST","Sweeper",1.8,4,"208",11.3,"73","0.162","0.294","0.228",32.5,32.9,26.7,"0.189","0.359","0.264",24.4
"Suter, Brent",608718,"ATL","CH","Changeup",0.2,1,"343",28.9,"73","0.208","0.292","0.239",32.7,17.8,9.1,"0.263","0.355","0.274",22
"Weathers, Ryan",677960,"NYY","ST","Sweeper",0.1,1,"429",20.3,"73","0.25","0.344","0.303",37.2,37,28.7,"0.242","0.34","0.299",23.7
"Gasser, Robert",688107,"MIL","FF","4-Seam Fastball",-0.4,-1,"275",24.7,"73","0.229","0.4","0.285",23.8,31.5,17.4,"0.223","0.352","0.265",21.3
"Gallen, Zac",668678,"AZ","CH","Changeup",1.6,5,"288",17.6,"73","0.147","0.191","0.201",26.5,17.8,15.5,"0.245","0.338","0.273",33.9
"Quantrill, Cal",615698,"TEX","FC","Cutter",-0.6,-2,"301",26.8,"73","0.299","0.478","0.377",15.7,9.6,11.3,"0.316","0.582","0.407",35
"Dobnak, Randy",677976,"KC","SI","Sinker",1.4,3,"245",39.8,"73","0.262","0.338","0.303",3.5,4.1,6.4,"0.349","0.444","0.383",46.8
"Fried, Max",608331,"NYY","FC","Cutter",2.9,8,"279",23.1,"72","0.177","0.194","0.23",28.1,26.4,30.6,"0.161","0.203","0.226",36.4
"Canning, Griffin",656288,"SD","FF","4-Seam Fastball",-0.5,-2,"326",26,"72","0.254","0.525","0.395",18.8,22.2,17.2,"0.275","0.605","0.429",58.1
"Seymour, Ian",693855,"TB","ST","Sweeper",0.8,3,"339",23.2,"72","0.209","0.463","0.309",32.9,31.9,26.7,"0.19","0.412","0.284",31.8
"Suarez, José",660761,"ATH","CH","Changeup",-0.2,0,"248",24.4,"72","0.246","0.369","0.308",37.4,30.6,19.3,"0.235","0.287","0.273",30.2
"Houser, Adrian",605288,"SF","CH","Changeup",-0.4,-1,"264",16.2,"72","0.209","0.358","0.299",35,29.2,21.6,"0.207","0.345","0.267",37
"Fried, Max",608331,"NYY","SI","Sinker",1.3,3,"259",21.4,"72","0.258","0.318","0.293",17.7,8.3,13,"0.232","0.294","0.268",32.8
"Leiter, Jack",683004,"TEX","SL","Slider",-0.4,-1,"255",18.3,"72","0.222","0.444","0.346",33.1,29.2,25.3,"0.259","0.463","0.356",48.8
"McDonald, Trevor",686790,"SF","SL","Slider",0.2,1,"295",25.9,"72","0.15","0.3","0.274",38.7,30.6,21.4,"0.208","0.311","0.301",34.2
"Painter, Andrew",691725,"PHI","SL","Slider",-0.8,-2,"278",20.2,"72","0.283","0.417","0.354",38.1,30.6,26.8,"0.258","0.389","0.337",45
"Ryan, Joe",657746,"MIN","CU","Curveball",0.7,2,"242",11.6,"72","0.174","0.246","0.226",27.6,41.7,20.5,"0.15","0.22","0.193",28.2
"Kochanowicz, Jack",686799,"LAA","CH","Changeup",-1.8,-5,"257",23.2,"72","0.317","0.429","0.397",31.1,22.2,21.1,"0.273","0.357","0.327",27.7
"Wolfram, Grant",664991,"BAL","SI","Sinker",0.1,0,"251",39.8,"72","0.308","0.431","0.395",17.3,22.2,27.1,"0.254","0.37","0.311",34.7
"Lorenzen, Michael",547179,"COL","FC","Cutter",-1.3,-4,"299",14.2,"72","0.387","0.645","0.464",15,6.9,15.6,"0.326","0.515","0.405",40.7
"Cameron, Noah",702070,"KC","SL","Slider",-0.7,-2,"242",11.3,"72","0.25","0.485","0.325",34.8,33.3,25.8,"0.269","0.544","0.348",45.7
"Melton, Troy",675512,"DET","FC","Cutter",4.3,11,"259",22.3,"72","0.123","0.185","0.188",22.4,15.3,16.9,"0.189","0.251","0.24",22.2
"Lee, Dylan",669276,"ATL","FF","4-Seam Fastball",3.7,10,"255",30.1,"72","0.123","0.169","0.183",21.7,29.2,19.8,"0.197","0.344","0.275",45.5
"Gaddis, Hunter",683769,"CLE","FF","4-Seam Fastball",0.4,1,"213",30.5,"72","0.27","0.444","0.346",22.3,19.4,20,"0.258","0.437","0.338",44
"Gray, Peyton",682608,"TEX","FF","4-Seam Fastball",1.2,4,"302",39.2,"71","0.238","0.333","0.319",24.5,32.4,23.7,"0.214","0.299","0.269",46.3
"Quantrill, Cal",615698,"TEX","FS","Split-Finger",-1.4,-4,"254",22.6,"71","0.242","0.424","0.313",23,19.7,15.7,"0.251","0.394","0.307",40.4
"Matsui, Yuki",673513,"SD","FF","4-Seam Fastball",-0.4,-1,"285",37.8,"71","0.273","0.509","0.382",24.6,16.9,16.2,"0.211","0.419","0.357",42.2
"Davila, Nick",689546,"SEA","SL","Slider",2,5,"246",65.3,"71","0.18","0.246","0.239",15.4,12.7,10.8,"0.248","0.361","0.305",24.1
"Newcomb, Sean",656794,"CWS","SI","Sinker",-0.3,-1,"229",22.8,"71","0.328","0.438","0.37",10.4,5.6,10.8,"0.37","0.534","0.421",46.7
"Brown, Hunter",686613,"HOU","FF","4-Seam Fastball",0.9,3,"375",33.8,"71","0.117","0.25","0.241",21.7,31,20.6,"0.132","0.227","0.228",48.7
"Sterner, Justin",686993,"ATH","FF","4-Seam Fastball",-0.4,-1,"287",39.5,"71","0.286","0.54","0.377",20.5,16.9,13.2,"0.252","0.474","0.345",50
"Severino, Luis",622663,"ATH","ST","Sweeper",-1,-3,"267",24.6,"71","0.21","0.419","0.32",28.8,33.8,20.5,"0.185","0.331","0.28",39.5
"Lodolo, Nick",666157,"CIN","FF","4-Seam Fastball",-1.5,-4,"308",26.6,"71","0.29","0.516","0.382",19.3,25.4,19.4,"0.237","0.405","0.316",41.3
"Woo, Bryan",693433,"SEA","ST","Sweeper",-0.6,-1,"225",11,"70","0.214","0.371","0.262",33.9,35.7,23.8,"0.202","0.334","0.229",31.1
"Montero, Keider",672456,"DET","CH","Changeup",2,5,"246",14,"70","0.136","0.258","0.21",29,17.1,15,"0.173","0.274","0.221",25.9
"Montero, Keider",672456,"DET","CU","Curveball",-2.4,-6,"243",13.8,"70","0.284","0.537","0.36",19.8,18.6,15.7,"0.263","0.522","0.332",39.3
"Kay, Anthony",641743,"CWS","ST","Sweeper",-0.8,-4,"471",22.8,"70","0.241","0.463","0.377",36.8,22.9,14.5,"0.216","0.359","0.326",24.4
"Schultz, Paxton",687606,"WSH","FF","4-Seam Fastball",1.6,3,"207",33.9,"70","0.222","0.238","0.245",14.1,34.3,22.9,"0.191","0.286","0.249",40
"Loáisiga, Jonathan",642528,"AZ","CH","Changeup",0.6,1,"211",29.2,"70","0.222","0.349","0.271",31.6,27.1,22.1,"0.213","0.324","0.277",39.1
"Weaver, Luke",596133,"PIT","CH","Changeup",2.7,6,"225",34.6,"70","0.154","0.231","0.217",38.3,28.6,24.1,"0.165","0.274","0.224",26.7
"Soto, Gregory",642397,"PIT","SI","Sinker",0,0,"318",36.6,"70","0.268","0.411","0.391",9.7,4.3,9.1,"0.342","0.472","0.413",43.6
"Canning, Griffin",656288,"SD","SL","Slider",-0.4,-1,"299",23.8,"70","0.281","0.391","0.317",37.3,38.6,30,"0.215","0.311","0.26",47.4
"Alvarado, José",621237,"PHI","FC","Cutter",-0.5,-2,"284",32.5,"70","0.222","0.381","0.301",40.4,41.4,19.5,"0.16","0.26","0.231",14.7
"Webb, Logan",657277,"SF","FF","4-Seam Fastball",1.5,4,"252",12.7,"70","0.197","0.273","0.233",21.6,27.1,14.6,"0.226","0.331","0.265",36.2
"Bennett, Jake",687562,"BOS","CH","Changeup",2.8,8,"273",25.6,"69","0.179","0.194","0.162",33.8,23.2,17.6,"0.156","0.205","0.158",24.5
"Kremer, Dean",665152,"MIN","FS","Split-Finger",0.2,0,"219",28.3,"69","0.2","0.338","0.257",37.5,40.6,25.9,"0.182","0.267","0.223",18.9
"Headrick, Brent",687396,"NYY","SL","Slider",0.6,2,"316",33.2,"69","0.2","0.323","0.251",46.6,37.7,25.5,"0.175","0.259","0.202",29.3
"Feltner, Ryan",663372,"COL","CH","Changeup",1.1,2,"233",16.3,"69","0.177","0.274","0.225",45.6,37.7,26.3,"0.13","0.205","0.182",26.3
"Márquez, Germán",608566,"SD","CU","Curveball",-2.6,-8,"292",31.8,"69","0.284","0.582","0.386",26.7,23.2,15.2,"0.286","0.542","0.36",43.1
"Misiorowski, Jacob",694819,"MIL","SL","Slider",2.4,5,"215",10.8,"69","0.167","0.288","0.216",32,21.7,22.7,"0.196","0.293","0.231",27.5
"Clarke, Taylor",664199,"AZ","CH","Changeup",1.1,2,"217",28.6,"69","0.219","0.313","0.248",19.8,15.9,15.3,"0.264","0.405","0.31",30.9
"Finnegan, Kyle",640448,"DET","FS","Split-Finger",0.4,1,"259",32.1,"69","0.188","0.328","0.254",33.1,24.6,16.5,"0.177","0.289","0.235",36.2
"Woods Richardson, Simeon",680573,"TOR","FS","Split-Finger",-5.4,-14,"259",24.6,"68","0.345","0.621","0.469",19.6,14.7,9.7,"0.306","0.568","0.418",44.9
"Zeferjahn, Ryan",666171,"CHC","FF","4-Seam Fastball",0.8,3,"350",34.3,"68","0.111","0.13","0.218",38.7,48.5,25,"0.127","0.196","0.247",45.5
"Flaherty, Jack",656427,"DET","CU","Curveball",-1.6,-5,"321",19.6,"68","0.25","0.433","0.374",37.6,36.8,18.9,"0.228","0.369","0.302",33.3
"Phillips, Connor",683175,"CIN","ST","Sweeper",1.2,3,"263",48.2,"68","0.127","0.218","0.243",36.7,26.5,20.9,"0.194","0.305","0.305",42.1
"Davis, Tyler",699823,"CWS","FF","4-Seam Fastball",1.9,5,"243",61.7,"68","0.148","0.278","0.267",25.6,25,23.3,"0.184","0.317","0.294",43.6
"Junis, Jakob",596001,"TEX","ST","Sweeper",2,5,"254",43.5,"68","0.197","0.288","0.225",19.1,19.1,16.7,"0.25","0.409","0.294",18.9
"Ginn, J.T.",669372,"ATH","FC","Cutter",-0.1,0,"327",17.1,"68","0.246","0.474","0.357",22.1,5.9,13.3,"0.336","0.558","0.426",38.9
"Muñoz, Andrés",662253,"SEA","FF","4-Seam Fastball",0.7,2,"278",38.9,"68","0.281","0.386","0.371",23.6,22.1,30,"0.257","0.348","0.333",47.6
"Kochanowicz, Jack",686799,"LAA","FF","4-Seam Fastball",-0.3,-1,"245",22.2,"68","0.232","0.464","0.344",18.6,19.1,16.7,"0.245","0.476","0.358",35.6
"Civale, Aaron",650644,"CHC","SI","Sinker",-3.2,-8,"259",17.8,"68","0.365","0.667","0.46",12.5,19.1,18.1,"0.313","0.567","0.395",56.9
"Avila, Luinder",679883,"KC","SL","Slider",-1.3,-4,"280",21.7,"68","0.207","0.466","0.347",34.8,30.9,17.5,"0.194","0.348","0.3",27
"Lugo, Seth",607625,"KC","FF","4-Seam Fastball",-2.1,-7,"339",15.7,"68","0.4","0.667","0.483",14.7,22.1,20.5,"0.296","0.496","0.379",44.4
"Bazardo, Eduard",660825,"SEA","ST","Sweeper",-0.9,-3,"286",34.2,"68","0.254","0.508","0.338",37.4,27.9,20.2,"0.235","0.447","0.318",26.7
"Alexander, Tyler",641302,"TEX","CH","Changeup",-0.4,-1,"199",24.3,"68","0.231","0.323","0.288",25,22.1,16.7,"0.237","0.337","0.268",48
"Bello, Brayan",678394,"BOS","CH","Changeup",0.7,2,"254",18.8,"67","0.222","0.333","0.249",28.2,20.9,15.2,"0.263","0.384","0.276",30.8
"Megill, Trevor",656730,"MIL","CU","Curveball",3.4,8,"236",35.2,"67","0.125","0.141","0.138",46.9,37.3,29.4,"0.131","0.164","0.146",30
"Faucher, Calvin",676534,"MIA","ST","Sweeper",2.5,5,"217",24.1,"67","0.153","0.203","0.21",32.4,38.8,26,"0.167","0.267","0.237",32.4
"Wells, Tyler",669330,"TB","CH","Changeup",2.1,4,"208",23.6,"67","0.177","0.306","0.243",36.4,23.9,21.3,"0.195","0.311","0.251",15.2
"Imanaga, Shota",684007,"CHC","ST","Sweeper",-1.1,-4,"323",15,"67","0.242","0.532","0.351",28.4,23.9,15.4,"0.265","0.502","0.352",28.3
"Banda, Anthony",607455,"MIN","SL","Slider",-1.2,-3,"249",41,"67","0.197","0.344","0.309",39.8,37.3,27.5,"0.184","0.264","0.248",41.7
"Castillo, Luis",622491,"CWS","CH","Changeup",-1,-3,"254",13.1,"67","0.277","0.369","0.299",26.3,16.4,12.9,"0.246","0.364","0.266",29.1
"Estrada, Jeremiah",669093,"SD","FF","4-Seam Fastball",2,5,"255",58.5,"67","0.179","0.196","0.248",27.1,23.9,25.4,"0.235","0.377","0.328",39
"Henderson, Logan",701656,"MIL","CH","Changeup",0.8,2,"273",32.1,"67","0.19","0.429","0.278",37.4,32.8,22.2,"0.2","0.364","0.258",23.8
"Lawrence, Justin",664875,"WSH","ST","Sweeper",-1.3,-4,"299",43.7,"67","0.161","0.357","0.296",45.5,46.3,26.3,"0.141","0.285","0.264",32
"Ryan, Joe",657746,"MIN","FS","Split-Finger",1.1,3,"262",12.5,"67","0.2","0.338","0.244",21.8,17.9,13.5,"0.237","0.373","0.275",43.4
"Loáisiga, Jonathan",642528,"AZ","SI","Sinker",2,5,"233",32.2,"66","0.258","0.339","0.295",17.2,12.1,18.2,"0.231","0.321","0.26",32.7
"Javier, Cristian",664299,"HOU","FF","4-Seam Fastball",-1.3,-4,"283",50,"66","0.34","0.509","0.433",25.2,15.2,10.8,"0.351","0.574","0.455",55.8
"Halvorsen, Seth",678020,"LAD","FF","4-Seam Fastball",-2.4,-6,"244",63.2,"66","0.309","0.509","0.422",12.3,9.1,11.3,"0.334","0.491","0.413",40.8
"Rodriguez, Eduardo",593958,"AZ","CU","Curveball",1.7,5,"284",12.5,"66","0.231","0.323","0.248",20.4,10.6,13.5,"0.313","0.484","0.347",44.8
"Jump, Gage",695611,"ATH","SL","Slider",1.4,4,"290",23.1,"66","0.214","0.286","0.26",30.2,21.2,19.7,"0.266","0.378","0.314",28.9
"Gore, MacKenzie",669022,"TEX","CH","Changeup",1.6,4,"269",11.9,"66","0.125","0.188","0.158",43,47,29.8,"0.147","0.249","0.177",26.5
"Harris, Hogan",663687,"ATH","CU","Curveball",0.4,1,"267",26.5,"66","0.193","0.263","0.267",35.8,37.9,28.1,"0.197","0.312","0.285",31.3
"Garcia, Brandyn",805299,"AZ","SI","Sinker",2.3,5,"222",49,"66","0.241","0.276","0.28",10.4,12.1,21.6,"0.231","0.297","0.279",39.2
"Marinaccio, Ron",676760,"CIN","CH","Changeup",-1.7,-5,"276",28.3,"66","0.254","0.458","0.344",24.8,10.6,6.8,"0.236","0.375","0.308",23.1
"Gasser, Robert",688107,"MIL","SI","Sinker",0.8,2,"262",23.5,"66","0.288","0.39","0.333",14.7,16.7,16.7,"0.316","0.48","0.376",53.1
"Misiorowski, Jacob",694819,"MIL","FC","Cutter",3,8,"262",13.2,"66","0.098","0.262","0.193",20.6,18.2,28.6,"0.207","0.307","0.246",36
"Leahy, Kyle",681517,"STL","ST","Sweeper",-0.8,-2,"260",13.5,"66","0.302","0.46","0.345",26.7,27.3,18.4,"0.273","0.458","0.33",42.2
"Lodolo, Nick",666157,"CIN","CH","Changeup",0.1,0,"270",23.3,"66","0.254","0.39","0.295",21.3,4.5,5.1,"0.318","0.466","0.36",32.2
"Thielbar, Caleb",573204,"CHC","FF","4-Seam Fastball",-0.5,-1,"255",40.3,"66","0.246","0.508","0.341",23.6,25.8,17.5,"0.255","0.57","0.369",40
"Ginn, J.T.",669372,"ATH","FF","4-Seam Fastball",-1,-2,"231",12.1,"66","0.192","0.385","0.34",20.8,19.7,18.3,"0.244","0.412","0.369",41
"Rodriguez, Eduardo",593958,"AZ","FC","Cutter",-1.4,-4,"287",12.6,"65","0.339","0.548","0.409",15,9.2,15.4,"0.332","0.57","0.399",44.6
"Scherzer, Max",453286,"TOR","FF","4-Seam Fastball",-0.2,-1,"309",46.3,"65","0.273","0.455","0.372",14.1,12.3,10.8,"0.291","0.466","0.381",48.9
"Cruz, Fernando",518585,"NYY","FF","4-Seam Fastball",-0.4,-1,"277",31.7,"65","0.321","0.509","0.408",14.7,6.2,12.1,"0.298","0.536","0.407",30
"Lange, Alex",656638,"KC","SL","Slider",1,3,"279",31.6,"65","0.22","0.271","0.261",36.7,32.3,19.3,"0.197","0.329","0.268",36.8
"Sterner, Justin",686993,"ATH","FC","Cutter",-1.3,-3,"224",30.9,"65","0.333","0.55","0.42",31.2,15.4,17.9,"0.244","0.427","0.306",43.1
"Sproat, Brandon",687075,"MIL","FC","Cutter",-1.6,-6,"364",21.5,"65","0.357","0.714","0.479",23.9,12.3,17,"0.319","0.587","0.42",40
"Uribe, Abner",682842,"MIL","SL","Slider",1.6,5,"279",36.8,"65","0.136","0.203","0.215",37.7,41.5,24.3,"0.125","0.156","0.177",15.6
"Hoffman, Jeff",656546,"MIN","FF","4-Seam Fastball",-0.9,-3,"295",30.5,"65","0.25","0.518","0.395",26.5,35.4,20.9,"0.215","0.449","0.348",42.9
"Minter, A.J.",621345,"MIN","FC","Cutter",1.8,4,"221",55.3,"65","0.206","0.397","0.276",25.8,24.6,30.8,"0.208","0.341","0.242",25
"Webb, Logan",657277,"SF","FC","Cutter",0.6,1,"264",13.3,"65","0.274","0.419","0.326",19.9,12.3,18.2,"0.256","0.362","0.28",20
"Phillips, Tyler",663969,"MIA","CU","Curveball",0.1,0,"247",16.7,"65","0.25","0.286","0.302",44.1,26.2,20.7,"0.294","0.38","0.349",59
"Warren, Will",701542,"NYY","CH","Changeup",0.7,2,"243",12.1,"65","0.129","0.21","0.198",29.5,24.6,17.6,"0.241","0.339","0.271",34.8
"Alvarez, Andrew",674841,"WSH","SL","Slider",-0.6,-2,"277",23.8,"65","0.264","0.453","0.378",36.8,21.5,18.7,"0.257","0.45","0.374",38.5
"Gordon, Tanner",685299,"COL","CH","Changeup",-0.4,-1,"223",21.3,"65","0.254","0.458","0.321",22.4,16.9,14.1,"0.262","0.424","0.329",32
"Beeter, Clayton",690925,"WSH","FF","4-Seam Fastball",-0.8,-2,"288",49.3,"64","0.304","0.609","0.44",19.3,12.5,18.2,"0.301","0.592","0.468",51.2
"Irvin, Jake",663623,"WSH","CU","Curveball",2.1,6,"286",24.2,"64","0.105","0.158","0.178",40.6,35.9,20.2,"0.165","0.277","0.245",23.5
"De Los Santos, Enyel",660853,"HOU","CH","Changeup",3.1,7,"220",25,"64","0.175","0.254","0.208",40,28.1,29.5,"0.208","0.305","0.229",26.7
"Hanifee, Brenan",669724,"DET","SI","Sinker",-0.1,0,"195",60.7,"64","0.316","0.474","0.381",10.2,4.7,7.7,"0.327","0.415","0.359",45.5
"Skenes, Paul",694973,"PIT","FS","Split-Finger",0.6,2,"254",11.2,"64","0.333","0.386","0.355",18.6,12.5,21.6,"0.284","0.396","0.331",40
"Woods Richardson, Simeon",680573,"TOR","SL","Slider",-1.9,-5,"247",23.5,"64","0.328","0.517","0.409",18.5,9.4,9.5,"0.344","0.531","0.405",44.2
"Roycroft, Chris",688297,"TB","SI","Sinker",-4,-8,"191",51.2,"64","0.352","0.648","0.49",12.8,10.9,18.9,"0.308","0.553","0.419",48.9
"Henriquez, Edgardo",683618,"LAD","FF","4-Seam Fastball",0.7,2,"249",32.5,"64","0.14","0.18","0.256",31,35.9,23.2,"0.155","0.221","0.273",28.6
"Romero, JoJo",668941,"STL","ST","Sweeper",-0.3,-1,"260",36.1,"64","0.237","0.441","0.313",26.9,31.3,23,"0.247","0.486","0.334",32.5
"Anderson, Grant",681982,"MIL","ST","Sweeper",0.7,2,"269",36.5,"64","0.177","0.323","0.227",38,32.8,24.1,"0.182","0.26","0.207",29.3
"Wells, Tyler",669330,"TB","FF","4-Seam Fastball",-0.5,-1,"251",28.5,"64","0.25","0.481","0.353",23.2,14.1,12.9,"0.245","0.402","0.335",41.3
"Gusto, Ryan",687473,"MIA","FF","4-Seam Fastball",-0.5,-1,"222",28.2,"64","0.271","0.424","0.33",22.8,32.8,28.4,"0.274","0.468","0.346",52.6
"Martinez, Nick",607259,"TB","FF","4-Seam Fastball",-0.1,0,"226",11.9,"64","0.276","0.5","0.363",14.5,15.6,11.9,"0.289","0.51","0.373",47.9
"Hurter, Brant",676428,"DET","SI","Sinker",2.8,6,"208",57.8,"64","0.127","0.218","0.232",9.9,7.8,13.2,"0.258","0.373","0.332",37.3
"Misiorowski, Jacob",694819,"MIL","CU","Curveball",2,4,"211",10.6,"64","0.085","0.085","0.139",44,53.1,29.6,"0.11","0.125","0.15",20
"Herget, Jimmy",623474,"COL","ST","Sweeper",-3.5,-7,"196",30.7,"64","0.304","0.607","0.39",28.3,28.1,18.8,"0.186","0.346","0.254",29.3
"Morejon, Adrian",670970,"SD","CH","Changeup",2.3,5,"231",22.5,"64","0.177","0.21","0.202",52.5,46.9,29.4,"0.134","0.16","0.147",31.3
"Taillon, Jameson",592791,"TOR","CH","Changeup",-1.4,-3,"225",15.9,"64","0.258","0.484","0.341",31,20.3,18.3,"0.261","0.428","0.307",20.4
"Fried, Max",608331,"NYY","FF","4-Seam Fastball",0,0,"224",18.5,"64","0.222","0.37","0.312",22.4,34.4,26.5,"0.164","0.245","0.26",36.4
"Kolek, Stephen",663568,"KC","SI","Sinker",-1.3,-2,"182",21.7,"64","0.322","0.525","0.409",5.6,6.3,10.5,"0.275","0.375","0.314",47.3
"Soriano, George",666277,"STL","FF","4-Seam Fastball",0.9,2,"252",29,"64","0.224","0.362","0.293",17.8,9.4,9.7,"0.256","0.489","0.352",51.9
"Mayza, Tim",641835,"PHI","SL","Slider",-2.2,-6,"281",31.9,"64","0.217","0.517","0.352",28.2,26.6,14.2,"0.242","0.482","0.324",45.5
"Watson, Ryan",670245,"LAA","FC","Cutter",-0.8,-2,"243",26.3,"63","0.339","0.643","0.442",17,9.5,19.4,"0.336","0.692","0.459",41.2
"Lynch IV, Daniel",663738,"KC","SI","Sinker",3.1,7,"227",30.3,"63","0.158","0.246","0.242",15.8,12.7,26.7,"0.235","0.343","0.293",26.5
"Rogers, Trevor",669432,"BAL","SI","Sinker",0.9,2,"198",10.1,"63","0.254","0.322","0.275",9.8,19,17.6,"0.24","0.349","0.282",31.9
"Erceg, Lucas",668674,"KC","SL","Slider",-1.5,-3,"232",28.6,"63","0.241","0.352","0.309",29.6,27,15.3,"0.174","0.213","0.239",28.9
"Santana, Dennis",642701,"PIT","SL","Slider",-1.1,-3,"247",35,"63","0.268","0.446","0.348",37.6,31.7,18.9,"0.207","0.34","0.285",41.7
"Sewald, Paul",623149,"AZ","ST","Sweeper",0.2,0,"257",40.6,"63","0.19","0.448","0.302",38.5,36.5,28.7,"0.189","0.407","0.275",33.3
"Bachar, Lake",669199,"PIT","SL","Slider",1.4,4,"256",23.8,"63","0.148","0.389","0.279",41.5,31.7,33.3,"0.194","0.381","0.298",28.6
"Chapman, Aroldis",547973,"BOS","SI","Sinker",1.4,3,"228",35.2,"63","0.14","0.263","0.248",28.9,38.1,24.2,"0.146","0.218","0.208",39.4
"Warren, Austin",681810,"NYM","ST","Sweeper",0,0,"311",47.7,"63","0.273","0.4","0.348",26.9,17.5,17.2,"0.293","0.463","0.371",36.4
"Kelly, Kevin",687330,"TB","CH","Changeup",1.9,4,"188",26.3,"62","0.148","0.197","0.165",29.9,32.3,24.1,"0.218","0.298","0.231",48.8
"King, John",667463,"MIA","SI","Sinker",2.1,4,"207",31.8,"62","0.157","0.255","0.276",15.8,12.9,16.7,"0.187","0.268","0.282",38.6
"Brown, Hunter",686613,"HOU","CU","Curveball",-0.6,-1,"223",20.1,"62","0.241","0.31","0.272",34,32.3,20.4,"0.237","0.371","0.289",47.4
"Weissert, Greg",669711,"BOS","FF","4-Seam Fastball",-0.3,-1,"211",28.6,"62","0.228","0.404","0.304",22.7,22.6,16.1,"0.204","0.346","0.272",27.9
"Corbin, Patrick",571578,"TOR","FC","Cutter",-3.5,-8,"214",15.2,"62","0.462","0.788","0.561",13.8,4.8,8.1,"0.376","0.719","0.487",56.9
"Giolito, Lucas",608337,"SD","FF","4-Seam Fastball",-0.4,-1,"229",41.6,"62","0.319","0.404","0.41",16.7,8.1,10.9,"0.323","0.495","0.434",64.3
"Bird, Jake",656234,"WSH","SI","Sinker",-0.2,0,"205",35.3,"62","0.309","0.473","0.393",19.1,12.9,21.1,"0.266","0.45","0.35",40.4
"Lodolo, Nick",666157,"CIN","CU","Curveball",-0.3,-1,"284",24.5,"62","0.218","0.236","0.259",39,40.3,22.3,"0.236","0.294","0.283",26.7
"Skenes, Paul",694973,"PIT","SI","Sinker",-0.7,-2,"240",10.6,"62","0.304","0.5","0.393",8.9,16.1,18.5,"0.273","0.416","0.335",54.3
"Quintana, Jose",500779,"COL","FF","4-Seam Fastball",-0.1,0,"204",29.7,"62","0.288","0.481","0.361",18.9,12.9,12.1,"0.265","0.413","0.328",34
"Petty, Chase",695534,"CIN","SI","Sinker",0.1,0,"164",34.4,"62","0.302","0.547","0.42",9.3,3.2,8.7,"0.317","0.559","0.424",42.3
"Klein, Will",694361,"LAD","ST","Sweeper",1,2,"216",28.3,"62","0.236","0.273","0.279",28.2,32.3,24.4,"0.216","0.267","0.264",25.7
"Thompson, Ryan",657044,"AZ","SL","Slider",0.4,1,"217",33.2,"62","0.233","0.333","0.249",25.2,22.6,17.3,"0.227","0.336","0.244",21.3
"Jax, Griffin",643377,"TB","FF","4-Seam Fastball",-1,-3,"250",17.8,"61","0.259","0.519","0.359",27.6,26.2,18.4,"0.242","0.521","0.359",43.6
"Hader, Josh",623352,"HOU","SI","Sinker",3.4,9,"264",62.9,"61","0.107","0.161","0.164",30.2,39.3,24.7,"0.101","0.138","0.153",31.3
"Rasmussen, Drew",656876,"TB","CH","Changeup",1.9,5,"243",12.2,"61","0.148","0.148","0.148",36.4,36.1,17.9,"0.194","0.248","0.192",25.6
"Senga, Kodai",673540,"NYM","FS","Split-Finger",0.1,0,"216",24.4,"61","0.102","0.143","0.223",43.6,45.9,24.8,"0.121","0.153","0.234",33.3
"Kelly, Merrill",518876,"AZ","SL","Slider",0.4,1,"201",10.1,"61","0.241","0.345","0.279",33.3,18,13.3,"0.26","0.427","0.304",29.2
"Holderman, Colin",670059,"CLE","ST","Sweeper",2.8,7,"249",33.7,"61","0.075","0.075","0.151",44,41,26.9,"0.115","0.18","0.201",39.3
"Iglesias, Raisel",628452,"ATL","FF","4-Seam Fastball",0.8,2,"267",38.6,"61","0.271","0.407","0.307",26.8,29.5,18.8,"0.239","0.396","0.284",46.3
"Ryan, Joe",657746,"MIN","SI","Sinker",-0.6,-1,"201",9.6,"61","0.345","0.527","0.385",7.3,14.8,15.8,"0.291","0.499","0.372",50
"Phillips, Connor",683175,"CIN","FF","4-Seam Fastball",-1.9,-5,"267",48.9,"61","0.31","0.476","0.466",14.9,14.8,14.1,"0.286","0.464","0.438",33.3
"Thornton, Trent",663423,"CHC","FF","4-Seam Fastball",1.5,3,"190",35.6,"61","0.208","0.396","0.308",16.2,9.8,10.9,"0.292","0.562","0.4",50
"Henriquez, Edgardo",683618,"LAD","SI","Sinker",2.6,5,"206",26.9,"61","0.216","0.235","0.291",13.9,8.2,16.1,"0.226","0.262","0.286",29.8
"Cole, Gerrit",543037,"NYY","SL","Slider",0.4,1,"238",19.5,"61","0.246","0.421","0.311",26,21.3,20.3,"0.223","0.372","0.284",38.6
"Taillon, Jameson",592791,"TOR","FC","Cutter",-2.4,-6,"263",18.6,"61","0.288","0.692","0.451",27.2,14.8,21.4,"0.305","0.757","0.48",51.2
"Strahm, Matt",621381,"KC","FF","4-Seam Fastball",-0.1,0,"246",38.9,"61","0.207","0.5","0.313",26.2,26.2,17.8,"0.168","0.353","0.243",40.5
"Irvin, Jake",663623,"WSH","SI","Sinker",-1.9,-5,"258",21.8,"61","0.346","0.769","0.519",10.7,11.5,14.3,"0.32","0.723","0.469",50
"Kittredge, Andrew",552640,"BAL","SI","Sinker",-0.3,-1,"202",39,"61","0.352","0.537","0.433",11.8,4.9,13.6,"0.294","0.446","0.345",39.6
"Melton, Troy",675512,"DET","SL","Slider",0,0,"191",16.4,"61","0.193","0.386","0.274",32,36.1,27.2,"0.205","0.33","0.262",36.1
"Medina, Luis",665622,"ATH","SI","Sinker",-0.8,-2,"246",26.8,"61","0.354","0.542","0.437",7,3.3,7.4,"0.36","0.575","0.447",42.9
"Beeks, Jalen",656222,"TEX","FF","4-Seam Fastball",0,0,"207",50.9,"61","0.286","0.464","0.341",14,18,19.3,"0.27","0.421","0.317",44.7
"Blackburn, Paul",621112,"NYY","CH","Changeup",5.1,10,"193",20.8,"60","0.085","0.153","0.111",32.1,23.3,25.9,"0.179","0.265","0.198",33.3
"Brubaker, JT",664141,"SF","SL","Slider",0.5,1,"238",26,"60","0.196","0.353","0.28",37.5,18.3,13.3,"0.216","0.334","0.287",23.8
"Greene, Hunter",668881,"CIN","FF","4-Seam Fastball",0.8,2,"237",52,"60","0.189","0.34","0.315",16.5,20,17.6,"0.25","0.445","0.343",53.7
"Skenes, Paul",694973,"PIT","SL","Slider",1,2,"168",7.4,"60","0.176","0.314","0.297",37.8,40,29.3,"0.156","0.295","0.267",37
"Skenes, Paul",694973,"PIT","ST","Sweeper",0.9,3,"358",15.8,"60","0.158","0.333","0.249",30.1,33.3,19.8,"0.162","0.262","0.202",23.7
"Hancock, Emerson",676106,"SEA","ST","Sweeper",-0.1,0,"307",16.1,"60","0.14","0.228","0.188",37.8,43.3,19.4,"0.142","0.179","0.169",12.9
"Erceg, Lucas",668674,"KC","SI","Sinker",1.1,2,"225",27.8,"60","0.271","0.313","0.341",14.8,11.7,13,"0.246","0.293","0.322",45.2
"Junk, Janson",676083,"MIA","ST","Sweeper",-2.4,-5,"192",13.8,"60","0.259","0.552","0.34",14.7,13.3,12.7,"0.233","0.482","0.313",33.3
"Assad, Javier",665871,"CHC","FF","4-Seam Fastball",0.3,1,"240",19,"60","0.25","0.518","0.342",17.6,15,13.6,"0.306","0.564","0.386",50
"Clarke, Taylor",664199,"AZ","SL","Slider",4,9,"236",31.1,"59","0.073","0.127","0.115",35.5,25.4,19.2,"0.191","0.394","0.273",34.1
"De Jesus, Enmanuel",646241,"DET","FF","4-Seam Fastball",1.5,4,"262",43,"59","0.176","0.294","0.277",25.8,28.8,21.3,"0.215","0.42","0.321",51.4
"Varland, Gus",681402,"WSH","SL","Slider",-3,-7,"224",39.6,"59","0.283","0.585","0.384",24.3,23.7,20.9,"0.29","0.597","0.377",42.9
"Rocker, Kumar",677958,"TEX","FC","Cutter",-0.6,-2,"274",14.9,"59","0.327","0.577","0.41",22.7,13.6,20.5,"0.367","0.603","0.437",46.7
"Backhus, Kyle",679775,"PHI","SI","Sinker",-1,-2,"196",55.4,"59","0.365","0.442","0.404",11.2,16.9,19.2,"0.31","0.462","0.376",35.7
"Miller, Erik",669062,"BOS","SL","Slider",1.9,6,"291",41,"59","0.13","0.185","0.185",55,57.6,27.6,"0.14","0.202","0.194",25
"Bassitt, Chris",605135,"BAL","CU","Curveball",0.5,1,"228",23.3,"58","0.204","0.286","0.292",29.4,15.5,13.2,"0.245","0.326","0.305",12.2
"Griffin, Foster",656492,"CLE","CU","Curveball",-3.3,-7,"221",9.9,"58","0.333","0.596","0.404",24.5,22.4,20,"0.317","0.543","0.36",42.2
"Blubaugh, AJ",805123,"HOU","ST","Sweeper",2.1,6,"284",21.9,"58","0.212","0.25","0.231",35.7,27.6,19,"0.162","0.243","0.242",21.1
"Richards, Trevor",670950,"CWS","CH","Changeup",0.6,1,"241",29.1,"58","0.096","0.154","0.157",46.6,37.9,21,"0.185","0.254","0.241",31.3
"De Los Santos, Enyel",660853,"HOU","SL","Slider",-0.7,-2,"268",30.5,"58","0.235","0.412","0.336",33.9,20.7,16.2,"0.203","0.309","0.27",27.5
"Taylor, Grant",691799,"CWS","CU","Curveball",2.2,6,"274",27.5,"58","0.151","0.17","0.191",34.4,37.9,27.5,"0.194","0.314","0.259",54.8
"Dobbins, Hunter",690928,"STL","FF","4-Seam Fastball",-0.2,0,"243",32.1,"58","0.388","0.469","0.428",16,15.5,17.6,"0.323","0.439","0.387",47.5
"Elder, Bryce",693821,"ATL","CH","Changeup",1.2,3,"208",10.5,"58","0.161","0.196","0.176",30.7,22.4,19.1,"0.177","0.272","0.209",27.9
"Bibee, Tanner",676440,"CLE","CU","Curveball",-0.9,-2,"243",10.8,"58","0.212","0.5","0.346",25.2,15.5,11.7,"0.221","0.455","0.321",34.1
"Hurt, Kyle",669165,"LAD","CH","Changeup",0.4,1,"212",35.6,"58","0.192","0.365","0.3",36.7,27.6,25.4,"0.24","0.45","0.334",38.9
"Hart, Kyle",606996,"SD","SI","Sinker",3,6,"218",28.2,"58","0.137","0.157","0.187",11.9,25.9,27.8,"0.16","0.197","0.211",18.9
"Roupp, Landen",694738,"SF","FC","Cutter",-0.7,-2,"289",13.2,"58","0.308","0.462","0.385",28.1,22.4,24.1,"0.252","0.346","0.305",28.2
"Arrighetti, Spencer",681293,"HOU","ST","Sweeper",-0.9,-2,"186",12.4,"58","0.188","0.333","0.329",26.1,25.9,30,"0.174","0.304","0.282",17.6
"Nunez, Anthony",689296,"BAL","ST","Sweeper",1.6,4,"225",29.3,"58","0.154","0.192","0.228",47.1,39.7,27.1,"0.158","0.246","0.216",30
"Quantrill, Cal",615698,"TEX","FF","4-Seam Fastball",0,0,"228",20.3,"58","0.217","0.37","0.32",27.3,20.7,13.5,"0.225","0.464","0.351",50
"Bowlan, Jonathan",680742,"PHI","FF","4-Seam Fastball",2.4,7,"302",44.3,"58","0.127","0.236","0.171",39.1,55.2,29.4,"0.107","0.207","0.162",37.5
"Lambert, Peter",663567,"HOU","FC","Cutter",0.1,0,"190",10.1,"58","0.277","0.34","0.353",16.5,20.7,19.4,"0.243","0.314","0.328",37.1
"Nance, Tommy",667297,"MIN","CU","Curveball",1.4,3,"221",31,"58","0.132","0.151","0.178",25,43.1,21.9,"0.16","0.184","0.188",27.6
"Bratt, Mitch",683352,"AZ","FF","4-Seam Fastball",-1.4,-3,"218",40.4,"58","0.271","0.5","0.391",14.2,19,15.7,"0.253","0.463","0.371",48.6
"Rodriguez, Bradgley",699134,"SD","SI","Sinker",-0.1,0,"221",25,"58","0.296","0.463","0.353",11.7,6.9,12.9,"0.253","0.373","0.299",32
"Rodriguez, Eduardo",593958,"AZ","SI","Sinker",-1.9,-4,"198",8.7,"58","0.373","0.529","0.429",7.4,8.6,10,"0.34","0.532","0.413",34.8
"Fisher, Braydon",680755,"TOR","CU","Curveball",-0.9,-3,"278",28.7,"58","0.231","0.404","0.303",25.3,31,24.7,"0.24","0.438","0.341",48.6
"Santana, Dennis",642701,"PIT","FF","4-Seam Fastball",-0.9,-2,"214",30.3,"58","0.213","0.489","0.384",17.3,15.5,15.5,"0.28","0.535","0.41",36.8
"Bernardino, Brennan",657514,"COL","CU","Curveball",0.2,0,"265",33.4,"58","0.154","0.212","0.225",34,29.3,18.9,"0.176","0.246","0.218",24.3
"Liberatore, Matthew",669461,"STL","SI","Sinker",-2.8,-5,"171",8.9,"58","0.408","0.592","0.49",7.9,10.3,15,"0.314","0.481","0.397",58.1
"Hoppe, Alex",695380,"BAL","SL","Slider",-0.7,-2,"232",44.9,"58","0.241","0.352","0.306",40,36.2,25.3,"0.243","0.34","0.271",55.9
"Schultz, Paxton",687606,"WSH","FC","Cutter",-0.6,-2,"272",44.6,"58","0.34","0.62","0.459",20.3,12.1,18.9,"0.309","0.546","0.405",38.6
"Bachman, Sam",696147,"LAA","SI","Sinker",0,0,"236",31,"58","0.191","0.298","0.334",20.5,19,15.7,"0.248","0.363","0.345",38.9
"Garcia, Julian",670062,"CIN","ST","Sweeper",-0.9,-2,"213",56.5,"57","0.212","0.519","0.318",33.7,26.3,20.8,"0.206","0.346","0.252",28.2
"Cleavinger, Garrett",664076,"TB","SL","Slider",1.3,4,"275",44.9,"57","0.185","0.315","0.239",34.5,38.6,31.4,"0.2","0.306","0.242",34.4
"Pérez, Cionel",672335,"NYM","SV","Slurve",0,0,"223",31.8,"57","0.226","0.358","0.315",33.3,35.1,24.1,"0.2","0.308","0.253",33.3
"Cecconi, Slade",677944,"CLE","CU","Curveball",-1.1,-3,"275",14.8,"57","0.255","0.431","0.324",28.7,24.6,13.9,"0.25","0.463","0.332",31.6
"Abbott, Andrew",671096,"CIN","CU","Curveball",-0.4,-1,"295",13.3,"57","0.264","0.396","0.286",23.8,12.3,18.9,"0.261","0.38","0.295",27.7
"Armstrong, Shawn",542888,"CLE","FF","4-Seam Fastball",0.3,1,"189",31.7,"57","0.24","0.46","0.333",23.1,28.1,21.1,"0.243","0.513","0.361",48.6
"Leiter Jr., Mark",643410,"ATH","FS","Split-Finger",1,2,"181",32.8,"57","0.185","0.241","0.201",45.7,54.4,27,"0.19","0.235","0.203",25
"Chapman, Aroldis",547973,"BOS","FF","4-Seam Fastball",-1.1,-3,"237",36.6,"57","0.333","0.467","0.417",19,10.5,15,"0.285","0.486","0.401",42.5
"Scott, Christian",681035,"NYM","FC","Cutter",3.2,8,"247",17.1,"57","0.135","0.173","0.184",23.6,22.8,26.5,"0.227","0.321","0.278",25.6
"Wheeler, Zack",554430,"PHI","ST","Sweeper",0.2,1,"259",14,"57","0.212","0.365","0.273",36.4,29.8,21.5,"0.203","0.305","0.253",25
"Moll, Sam",594580,"CIN","ST","Sweeper",0.6,2,"324",36.5,"57","0.17","0.302","0.252",37.8,38.6,23.7,"0.161","0.253","0.213",25.8
"Milner, Hoby",571948,"CHC","SI","Sinker",0.7,2,"239",42.1,"57","0.321","0.509","0.369",18.6,7,10.5,"0.366","0.572","0.419",45.1
"Wells, Tyler",669330,"TB","FC","Cutter",1.4,4,"248",28.1,"57","0.214","0.339","0.246",33.9,42.1,26.4,"0.169","0.305","0.211",34.4
"Sears, JP",676664,"SD","FF","4-Seam Fastball",1.6,3,"182",34.4,"57","0.231","0.346","0.289",18.9,21.1,17.6,"0.224","0.461","0.325",42.5
"Matthews, Zebby",805673,"MIN","CH","Changeup",-2.6,-5,"194",13.1,"57","0.308","0.519","0.362",17.1,14,16.7,"0.269","0.444","0.324",42.6
"Gage, Matt",657424,"SF","SL","Slider",-2.5,-6,"236",44.9,"57","0.313","0.667","0.46",24.8,12.3,12.7,"0.313","0.601","0.432",38.1
"Lambert, Peter",663567,"HOU","SL","Slider",0.3,1,"254",13.5,"57","0.176","0.353","0.273",26.3,19.3,13.3,"0.197","0.322","0.271",37.5
"Kelly, Merrill",518876,"AZ","SI","Sinker",-1.8,-4,"196",9.8,"57","0.32","0.52","0.378",8.4,10.5,15.4,"0.34","0.563","0.408",45.7
"Pérez, Eury",691587,"MIA","SL","Slider",0.8,2,"294",15.5,"57","0.157","0.353","0.264",42.3,29.8,18.7,"0.204","0.423","0.311",44.1
"Seabold, Connor",657756,"KC","FF","4-Seam Fastball",-0.2,0,"252",52.9,"56","0.327","0.469","0.364",17.6,21.4,14.6,"0.256","0.35","0.294",43.6
"Orze, Eric",679358,"MIN","FF","4-Seam Fastball",-0.8,-1,"177",26.1,"56","0.279","0.442","0.397",8.2,21.4,28.6,"0.239","0.401","0.356",42.4
"Barlow, Scott",605130,"ATH","CU","Curveball",4,8,"199",34.3,"56","0.077","0.173","0.121",44.2,37.5,26.9,"0.124","0.215","0.171",18.2
"Suarez, Robert",663158,"ATL","FF","4-Seam Fastball",2.9,6,"221",47.4,"56","0.137","0.216","0.217",17.9,25,17.7,"0.213","0.374","0.29",45.9
"Vest, Will",676684,"DET","FF","4-Seam Fastball",-1.4,-3,"214",44.2,"56","0.362","0.532","0.433",19.2,23.2,18.1,"0.243","0.421","0.344",45.7
"Gómez, Yoendrys",672782,"MIN","ST","Sweeper",0.2,0,"213",24.6,"56","0.2","0.291","0.209",37.4,35.7,19.8,"0.179","0.31","0.219",38.9
"Doval, Camilo",666808,"PIT","SL","Slider",-1.1,-2,"214",28,"56","0.196","0.471","0.33",45,44.6,28.1,"0.165","0.335","0.254",42.3
"Garcia, Rico",670329,"BAL","FF","4-Seam Fastball",0.6,1,"244",33.6,"56","0.245","0.51","0.364",22.6,19.6,25,"0.293","0.501","0.381",42.1
"Peterson, David",656849,"CHC","CH","Changeup",-1.8,-4,"229",12.5,"56","0.283","0.396","0.364",22.2,19.6,18.6,"0.253","0.38","0.295",28.6
"Martin, Davis",663436,"CWS","FC","Cutter",-0.1,0,"256",13,"56","0.38","0.52","0.425",25,16.1,16.4,"0.354","0.51","0.408",48.8
"Griffin, Foster",656492,"CLE","CH","Changeup",0.7,2,"235",10.6,"56","0.157","0.196","0.256",34.7,17.9,18.2,"0.237","0.302","0.276",31.7
"Pérez, Eury",691587,"MIA","ST","Sweeper",0.9,2,"262",13.8,"55","0.204","0.37","0.252",36.2,36.4,21.3,"0.17","0.314","0.215",23.5
"Lugo, Seth",607625,"KC","ST","Sweeper",-3.4,-8,"224",10.4,"55","0.286","0.592","0.399",16.5,10.9,10.7,"0.286","0.61","0.408",43.2
"Silseth, Chase",681217,"TEX","FS","Split-Finger",-0.8,-2,"224",27.4,"55","0.204","0.367","0.293",37.5,29.1,17.4,"0.2","0.325","0.275",33.3
"Schreiber, John",670167,"KC","SI","Sinker",0.9,2,"172",23.5,"55","0.319","0.383","0.354",14.1,3.6,10.5,"0.331","0.493","0.391",52.2
"McGreevy, Michael",700241,"STL","FC","Cutter",-0.6,-1,"238",11.7,"55","0.353","0.588","0.449",16.7,9.1,15.6,"0.35","0.644","0.443",39.1
"Buehler, Walker",621111,"SD","SL","Slider",3.3,7,"212",10.7,"55","0.132","0.189","0.16",26.5,32.7,24,"0.166","0.282","0.208",42.9
"Imanaga, Shota",684007,"CHC","SI","Sinker",-1,-1,"142",6.6,"55","0.277","0.511","0.375",15.1,10.9,31.6,"0.295","0.47","0.373",52.4
"Winn, Cole",668390,"TEX","FF","4-Seam Fastball",-0.2,0,"207",30.9,"55","0.283","0.413","0.36",22.4,29.1,22.9,"0.259","0.458","0.363",61.3
"Paredes, Mike",702474,"MIN","FF","4-Seam Fastball",-2.3,-5,"204",37,"55","0.333","0.644","0.465",14.3,5.5,7.1,"0.293","0.495","0.402",66.7
"Lorenzen, Michael",547179,"COL","SL","Slider",-1,-2,"167",7.9,"55","0.25","0.404","0.323",22.9,27.3,22.1,"0.277","0.458","0.327",55.3
"Okert, Steven",595345,"HOU","FF","4-Seam Fastball",0.3,1,"252",27.2,"55","0.245","0.347","0.293",17.1,25.5,15.4,"0.24","0.342","0.287",52.8
"Alexander, Tyler",641302,"TEX","SI","Sinker",-0.4,-1,"162",19.8,"55","0.354","0.375","0.368",6.9,10.9,14.3,"0.257","0.3","0.295",25.6
"Matsui, Yuki",673513,"SD","FS","Split-Finger",0.2,0,"189",25.1,"55","0.149","0.319","0.244",48.1,38.2,22.3,"0.14","0.278","0.236",25
"Ashcraft, Graham",668933,"CIN","SL","Slider",2,4,"219",48.7,"55","0.093","0.204","0.157",45.5,50.9,37.8,"0.142","0.205","0.16",34.6
"Rodriguez, Bradgley",699134,"SD","FF","4-Seam Fastball",1.6,4,"221",25,"55","0.178","0.2","0.252",25.7,27.3,21.7,"0.169","0.229","0.239",24.2
"Ashby, Aaron",676879,"MIL","CU","Curveball",0.9,2,"246",20.5,"55","0.146","0.167","0.21",53.5,63.6,34.7,"0.111","0.129","0.18",23.1
"Johnson, Seth",686751,"ATH","FF","4-Seam Fastball",-2.3,-5,"197",47.8,"55","0.333","0.524","0.446",31.5,23.6,23.2,"0.26","0.469","0.401",58.6
"Buehler, Walker",621111,"SD","CU","Curveball",-3,-5,"178",9,"55","0.3","0.52","0.381",27.8,25.5,18.4,"0.279","0.523","0.373",41.7
"Pallette, Peyton",688883,"CLE","FF","4-Seam Fastball",-0.5,-1,"231",52.3,"55","0.275","0.425","0.41",29.1,16.4,16.1,"0.281","0.466","0.423",51.6
"Johnson, Ryan",696270,"LAA","FS","Split-Finger",0.7,2,"250",25,"55","0.173","0.231","0.225",35.9,21.8,15.4,"0.206","0.275","0.222",12.2
"Suarez, Ranger",624133,"BOS","CH","Changeup",-0.8,-2,"231",13.4,"55","0.226","0.396","0.28",29.2,18.2,11,"0.269","0.395","0.3",25.6
"Whisenhunt, Carson",687931,"SF","CH","Changeup",1.6,3,"186",38,"55","0.18","0.32","0.257",40.7,21.8,20,"0.221","0.378","0.296",42.1
"Dodd, Dylan",689266,"ATL","FC","Cutter",3,6,"192",32.4,"54","0.12","0.2","0.179",32,25.9,23,"0.21","0.299","0.254",30.6
"Gore, MacKenzie",669022,"TEX","SL","Slider",0.1,0,"226",10,"54","0.26","0.36","0.302",24.8,24.1,18.8,"0.209","0.356","0.274",48.6
"Prielipp, Connor",687570,"MIN","SI","Sinker",-0.1,0,"189",13.4,"54","0.346","0.442","0.376",14.1,13,19.4,"0.281","0.393","0.306",35.6
"Prielipp, Connor",687570,"MIN","CU","Curveball",-0.3,-1,"239",16.9,"54","0.196","0.275","0.249",38.9,50,21.6,"0.134","0.208","0.177",25
"Burke, Brock",656271,"CIN","SL","Slider",0.4,1,"266",28.8,"54","0.163","0.327","0.264",38.5,27.8,24.6,"0.214","0.422","0.302",31.4
"Schreiber, John",670167,"KC","FF","4-Seam Fastball",-2,-4,"201",27.5,"54","0.204","0.408","0.316",28.3,38.9,22.6,"0.196","0.333","0.269",35.7
"Svanson, Matt",694335,"STL","ST","Sweeper",0.3,1,"254",32.2,"54","0.196","0.294","0.256",27.7,31.5,19.5,"0.247","0.4","0.3",35.3
"Lynch IV, Daniel",663738,"KC","SL","Slider",2.5,4,"176",23.5,"54","0.137","0.235","0.189",43.4,35.2,26,"0.185","0.318","0.241",31.3
"Laweryson, Cody",689520,"MIN","FF","4-Seam Fastball",0.8,2,"203",68.6,"54","0.178","0.267","0.297",21.3,29.6,30.8,"0.171","0.24","0.251",36.7
"Rogers, Tyler",643511,"TOR","SL","Slider",-0.2,0,"182",23.2,"54","0.22","0.26","0.269",20.2,20.4,13.1,"0.191","0.233","0.212",15
"Whitlock, Garrett",676477,"BOS","SL","Slider",1.4,2,"168",27.1,"54","0.157","0.275","0.203",44.8,42.6,32.9,"0.192","0.34","0.244",37.9
"Sugano, Tomoyuki",608372,"COL","FC","Cutter",-1.5,-3,"207",11.4,"54","0.25","0.654","0.401",18,5.6,10.3,"0.316","0.735","0.45",44.9
"Gray, Sonny",543243,"BOS","CU","Curveball",-1.9,-6,"309",16.8,"54","0.326","0.652","0.445",32.8,22.2,20.7,"0.261","0.443","0.335",44.4
"Eovaldi, Nathan",543135,"TEX","SI","Sinker",-1.5,-2,"142",7.1,"54","0.34","0.48","0.399",10.2,3.7,14.3,"0.307","0.417","0.341",33.3
"Johnson, Pierce",572955,"CIN","FF","4-Seam Fastball",0.2,0,"212",36.2,"54","0.182","0.409","0.318",21.1,27.8,18.5,"0.232","0.479","0.361",46.7
"Giolito, Lucas",608337,"SD","CH","Changeup",-1.6,-3,"191",34.7,"54","0.283","0.457","0.391",24.4,14.8,15.4,"0.242","0.346","0.319",28.9
"Suarez, José",660761,"ATH","SL","Slider",1.5,4,"265",26.1,"54","0.231","0.327","0.264",27.9,25.9,23.7,"0.21","0.27","0.227",23.7
"Lynch IV, Daniel",663738,"KC","CH","Changeup",2.2,4,"180",24,"54","0.25","0.346","0.262",30,16.7,20.5,"0.247","0.329","0.253",36.4
"Vesia, Alex",681911,"LAD","SL","Slider",2.4,6,"242",32.2,"54","0.109","0.217","0.237",41.2,38.9,26.6,"0.156","0.294","0.266",32
"Lord, Brad",695418,"WSH","SL","Slider",-0.3,-1,"236",21.6,"54","0.229","0.292","0.315",25,20.4,12.6,"0.27","0.418","0.341",48.6
"Cease, Dylan",656302,"TOR","SI","Sinker",0.5,1,"191",8.5,"54","0.213","0.319","0.291",14.9,24.1,24.5,"0.244","0.422","0.336",32.4
"Garcia, Rico",670329,"BAL","CH","Changeup",1.7,4,"204",28.1,"54","0.118","0.373","0.244",46.4,37,26,"0.136","0.291","0.21",22.6
"Feltner, Ryan",663372,"COL","SI","Sinker",1.3,3,"198",13.9,"54","0.3","0.4","0.321",14.2,9.3,11.1,"0.256","0.318","0.282",41.3
"Eisert, Brandon",685126,"PIT","FF","4-Seam Fastball",-0.3,-1,"241",37.7,"54","0.224","0.571","0.349",26.4,29.6,22.9,"0.176","0.353","0.25",45.7
"McLean, Nolan",690997,"NYM","ST","Sweeper",-2.9,-9,"307",13.6,"53","0.385","0.564","0.488",27,17,13.4,"0.269","0.379","0.39",20
"Lugo, Seth",607625,"KC","CH","Changeup",2.2,4,"192",8.9,"53","0.176","0.196","0.186",17.2,11.3,10.7,"0.289","0.391","0.309",44.4
"Yamamoto, Yoshinobu",808967,"LAD","CU","Curveball",0.3,1,"256",12.4,"53","0.275","0.392","0.322",23.1,20.8,16.4,"0.284","0.408","0.314",27.5
"Rangel, Alan",660604,"PHI","CH","Changeup",-1.2,-2,"183",37.3,"53","0.313","0.542","0.382",35.5,28.3,21.4,"0.234","0.349","0.28",20.6
"Eisert, Brandon",685126,"PIT","SL","Slider",-0.7,-2,"227",35.5,"53","0.286","0.469","0.386",35.1,24.5,15.3,"0.253","0.396","0.31",27.8
"Soto, Gregory",642397,"PIT","SL","Slider",2.6,6,"243",28,"53","0.14","0.18","0.172",42.4,45.3,25.8,"0.126","0.178","0.165",15.4
"Rocker, Kumar",677958,"TEX","FF","4-Seam Fastball",-0.5,-1,"232",12.6,"53","0.255","0.511","0.365",25.7,22.6,17.4,"0.229","0.495","0.348",31.4
"Brown, Ben",676962,"CHC","SI","Sinker",2.2,5,"207",20.6,"53","0.224","0.245","0.268",13,7.5,18.2,"0.242","0.313","0.276",33.3
"Nance, Tommy",667297,"MIN","SI","Sinker",-2.3,-5,"201",28.2,"53","0.422","0.622","0.473",12.8,3.8,8,"0.369","0.618","0.446",42.2
"Rojas, Kendry",696070,"MIN","FF","4-Seam Fastball",1,2,"226",43.4,"53","0.19","0.286","0.301",29.7,34,27.7,"0.153","0.211","0.26",20
"Ashcraft, Graham",668933,"CIN","FC","Cutter",-0.7,-2,"231",51.3,"53","0.308","0.462","0.463",19.4,7.5,7.3,"0.278","0.458","0.424",37.1
"Romano, Jordan",605447,"COL","SL","Slider",-0.3,-1,"216",51.7,"53","0.277","0.404","0.327",32.4,28.3,21.7,"0.272","0.37","0.313",33.3
"McLean, Nolan",690997,"NYM","FC","Cutter",-2.7,-6,"228",10.1,"53","0.378","0.667","0.533",25,11.3,20,"0.294","0.499","0.393",43.6
"Wrobleski, Justin",680736,"LAD","SI","Sinker",0.8,1,"142",7.9,"53","0.347","0.531","0.403",8.1,3.8,28.6,"0.364","0.505","0.4",31.9
"Yoho, Craig",684974,"CLE","CH","Changeup",2.4,4,"179",46.7,"53","0.143","0.306","0.222",35.6,28.3,25.9,"0.195","0.278","0.233",25.7
"Cruz, Steven",674444,"KC","FC","Cutter",2.5,5,"199",28.1,"53","0.184","0.224","0.244",31.3,20.8,30.6,"0.199","0.257","0.228",23.1
"Poulin, PJ",676571,"WSH","ST","Sweeper",0.5,1,"224",35.3,"53","0.178","0.378","0.303",29,26.4,21.2,"0.204","0.439","0.336",45.2
"Cabrera, Edward",665795,"CHC","CU","Curveball",0.1,0,"238",19.8,"53","0.191","0.468","0.308",34.5,39.6,25.6,"0.192","0.343","0.28",48.1
"Liberatore, Matthew",669461,"STL","CU","Curveball",-1.3,-4,"315",16.5,"52","0.188","0.458","0.288",38.5,50,21,"0.184","0.356","0.251",34.8
"Lange, Alex",656638,"KC","SI","Sinker",-1.8,-4,"208",23.6,"52","0.317","0.61","0.457",19.3,17.3,26.5,"0.305","0.522","0.426",53.1
"Wacha, Michael",608379,"KC","SL","Slider",-1.3,-3,"194",8.6,"52","0.32","0.52","0.366",29.7,15.4,14.5,"0.296","0.429","0.318",32.6
"Keller, Mitch",656605,"PIT","SL","Slider",0.5,1,"180",9.5,"52","0.234","0.362","0.286",21.5,17.3,15.3,"0.286","0.42","0.33",35.9
"Severino, Luis",622663,"ATH","FF","4-Seam Fastball",-0.4,-1,"230",21.2,"52","0.298","0.447","0.357",26.1,30.8,17.8,"0.233","0.369","0.3",48.4
"Ashby, Aaron",676879,"MIL","SL","Slider",3.3,5,"165",13.8,"52","0.12","0.12","0.131",57.1,57.7,37.5,"0.113","0.131","0.129",25
"Roberts, Ethan",681799,"CHC","FC","Cutter",-1.7,-3,"196",45,"52","0.286","0.524","0.412",18.9,11.5,11.8,"0.258","0.406","0.364",47.2
"Smith, Cade",671922,"CLE","FS","Split-Finger",1.8,4,"235",24.7,"52","0.106","0.106","0.127",43.6,44.2,23,"0.121","0.172","0.18",34.6
"Ritchie, JR",702275,"ATL","CH","Changeup",-2.6,-5,"177",17.3,"52","0.283","0.5","0.38",23.7,19.2,16.7,"0.263","0.506","0.355",45.9
"Adam, Jason",592094,"SD","SL","Slider",3,6,"210",38.1,"52","0.2","0.28","0.244",38.2,17.3,20,"0.231","0.325","0.258",36.6
"Rodriguez, Grayson",680570,"LAA","CH","Changeup",-0.1,0,"240",23.6,"52","0.213","0.34","0.303",39.5,32.7,18.3,"0.238","0.427","0.323",41.9
"Funderburk, Kody",681892,"MIN","SI","Sinker",0.8,2,"221",35.2,"52","0.231","0.385","0.353",10.7,11.5,20,"0.3","0.474","0.406",36.1
"Sullivan, Sean",807743,"COL","FF","4-Seam Fastball",-3.1,-6,"189",45.9,"52","0.419","0.814","0.549",15.7,13.5,14.3,"0.266","0.491","0.385",47.2
"Kay, Anthony",641743,"CWS","SL","Slider",-1.4,-2,"122",5.9,"52","0.217","0.239","0.278",29.7,38.5,20.4,"0.191","0.272","0.258",46.2
"Madden, Ty",680744,"DET","FF","4-Seam Fastball",1.6,3,"182",33.5,"52","0.209","0.209","0.294",17.3,17.3,16.4,"0.203","0.261","0.287",38.2
"Cornelio, Riley",683000,"WSH","FF","4-Seam Fastball",-0.4,-1,"183",44.6,"52","0.286","0.343","0.386",15.8,9.6,10,"0.242","0.388","0.38",50
"Weiss, Ryan",680802,"HOU","FF","4-Seam Fastball",-4.9,-10,"196",37,"52","0.409","0.886","0.566",15.6,17.3,16.1,"0.356","0.717","0.491",57.1
"Hoppe, Alex",695380,"BAL","FF","4-Seam Fastball",-1,-2,"189",36.6,"52","0.25","0.432","0.353",17.6,23.1,22.6,"0.247","0.381","0.334",40.6
"Povich, Cade",700249,"BAL","FF","4-Seam Fastball",1.8,4,"204",45,"52","0.191","0.34","0.272",20.2,15.4,15.1,"0.242","0.455","0.335",35.9
"Watson, Ryan",670245,"LAA","FF","4-Seam Fastball",-0.8,-2,"181",19.6,"52","0.289","0.4","0.353",21.1,15.4,13.1,"0.284","0.459","0.369",45.9
"Junk, Janson",676083,"MIA","CH","Changeup",-0.4,-1,"253",18.1,"52","0.306","0.367","0.311",27.6,13.5,9.5,"0.288","0.366","0.302",52.3
"Glasnow, Tyler",607192,"LAD","CU","Curveball",0.7,1,"177",29.5,"52","0.082","0.184","0.144",50,57.7,33,"0.08","0.131","0.125",42.1
"Fermin, José",820862,"LAA","SI","Sinker",-0.3,-1,"213",29.6,"51","0.293","0.439","0.391",20.9,11.8,10.9,"0.299","0.398","0.38",45.7
"Rodón, Carlos",607074,"NYY","SL","Slider",-0.8,-2,"201",24.3,"51","0.208","0.417","0.292",32.3,41.2,22.6,"0.181","0.288","0.224",35.7
"Petersen, Michael",656848,"MIA","SL","Slider",1.1,3,"221",26.6,"51","0.204","0.327","0.246",35.8,31.4,23.9,"0.205","0.327","0.245",39.4
"Corbin, Patrick",571578,"TOR","CH","Changeup",0.4,1,"247",17.5,"51","0.208","0.271","0.242",29,15.7,10.7,"0.258","0.365","0.29",29.3
"Doval, Camilo",666808,"PIT","FC","Cutter",-1.5,-3,"220",28.8,"51","0.342","0.474","0.437",18.2,7.8,10.5,"0.226","0.313","0.336",45.9
"Marinaccio, Ron",676760,"CIN","FC","Cutter",-0.4,-1,"200",20.5,"51","0.273","0.455","0.365",24.4,13.7,18.9,"0.284","0.418","0.356",43.2
"Kilian, Caleb",668873,"PHI","CU","Curveball",-2.2,-4,"187",23.8,"51","0.271","0.438","0.327",39.8,39.2,25.3,"0.221","0.382","0.283",32.1
"Speier, Gabe",642100,"SEA","SI","Sinker",-1.5,-2,"151",31.4,"51","0.31","0.476","0.396",12.8,7.8,18.2,"0.265","0.426","0.354",43.6
"Anderson, Drew",623454,"DET","CU","Curveball",-0.4,-1,"271",22.6,"51","0.261","0.457","0.344",35.5,35.3,26.1,"0.191","0.302","0.258",46.4
"Scholtens, Jesse",669947,"TB","SL","Slider",-1.1,-2,"195",32.4,"51","0.245","0.49","0.377",14.7,9.8,11.6,"0.339","0.581","0.403",43.2
"Miles, Spencer",693686,"TOR","SL","Slider",-0.3,-1,"196",16.4,"51","0.28","0.34","0.299",19.4,23.5,17.1,"0.23","0.279","0.231",28.9
"Adams, Travis",701519,"MIN","CH","Changeup",-0.5,-1,"173",27.9,"51","0.25","0.375","0.312",37.5,31.4,29.1,"0.184","0.237","0.212",18.8
"Sale, Chris",519242,"ATL","CH","Changeup",1.4,3,"222",11.3,"50","0.286","0.367","0.281",34.2,2,3,"0.322","0.439","0.323",42.9
"Civale, Aaron",650644,"CHC","FF","4-Seam Fastball",-3.6,-7,"182",12.5,"50","0.348","0.783","0.476",10.8,10,7.2,"0.311","0.662","0.427",64.3
"Maton, Phil",664208,"CHC","FC","Cutter",-0.3,-1,"201",36.8,"50","0.325","0.375","0.346",23.2,22,16.9,"0.328","0.494","0.396",46.9
"Morillo, Juan",666661,"AZ","CH","Changeup",1.6,3,"163",21.4,"50","0.196","0.261","0.23",29.1,24,21.1,"0.19","0.24","0.218",17.1
"Hoffman, Jeff",656546,"MIN","FS","Split-Finger",-0.3,-1,"211",21.8,"50","0.292","0.354","0.301",33.9,22,17.7,"0.247","0.328","0.267",29.7
"Yarbrough, Ryan",642232,"NYY","CH","Changeup",0.6,1,"150",20.9,"50","0.245","0.286","0.262",32.3,22,21.2,"0.251","0.341","0.264",23.7
"Raley, Brooks",548384,"PHI","FC","Cutter",1.8,4,"198",28.7,"50","0.175","0.275","0.253",30.6,26,32.5,"0.134","0.228","0.228",25
"Gore, MacKenzie",669022,"TEX","FC","Cutter",-1.5,-3,"174",7.7,"50","0.256","0.651","0.419",26.4,26,27.7,"0.275","0.572","0.403",56.7
"Fuentes, Didier",800311,"ATL","SL","Slider",1.8,4,"199",23,"50","0.149","0.191","0.171",39.4,40,30.8,"0.136","0.197","0.164",28.6
"Thornton, Zac",804267,"NYM","FC","Cutter",0.3,1,"186",29.2,"50","0.279","0.419","0.373",18.3,10,14.7,"0.285","0.458","0.354",35
"Cole, Gerrit",543037,"NYY","CH","Changeup",-0.2,0,"181",14.9,"50","0.224","0.388","0.27",22,20,18.9,"0.249","0.36","0.273",25.6
"Pérez, Cionel",672335,"NYM","SI","Sinker",-0.7,-1,"204",29.1,"50","0.311","0.511","0.396",14.6,8,13.8,"0.285","0.541","0.384",53.7
"Hudson, Bryan",663542,"CWS","ST","Sweeper",-2,-4,"217",26.5,"50","0.326","0.419","0.361",23.7,18,13,"0.209","0.251","0.246",32.4
"Pfaadt, Brandon",694297,"AZ","CH","Changeup",-0.8,-2,"201",15.5,"50","0.319","0.553","0.377",25.5,18,16.1,"0.286","0.475","0.337",38.5
"Bieber, Shane",669456,"TOR","FF","4-Seam Fastball",-0.3,-1,"254",34.1,"50","0.22","0.537","0.368",13.3,16,14.3,"0.28","0.673","0.441",47.1
"Scherzer, Max",453286,"TOR","SL","Slider",-4.5,-7,"158",23.7,"50","0.289","0.711","0.443",21.8,20,13.2,"0.256","0.532","0.369",34.3
"Boyd, Matthew",571510,"CHC","SL","Slider",0.9,2,"190",15.4,"50","0.174","0.196","0.207",41,44,25.3,"0.187","0.264","0.234",25
"Skubal, Tarik",669373,"LAD","SL","Slider",1.6,4,"220",13.7,"49","0.208","0.375","0.267",29.6,22.4,23.4,"0.246","0.351","0.258",36.8
"Watson, Ryan",670245,"LAA","ST","Sweeper",1.8,4,"201",21.7,"49","0.143","0.204","0.169",34.4,32.7,17.8,"0.215","0.308","0.226",33.3
"Ray, Robbie",592662,"SD","CU","Curveball",1.7,4,"240",10.7,"49","0.156","0.2","0.2",35.9,30.6,24.2,"0.193","0.251","0.234",40
"Funderburk, Kody",681892,"MIN","FC","Cutter",2.2,5,"209",33.3,"49","0.163","0.186","0.221",35.5,28.6,29.8,"0.147","0.207","0.219",17.2
"Wheeler, Zack",554430,"PHI","FC","Cutter",0.4,1,"200",10.8,"49","0.273","0.455","0.351",20.8,20.4,27.8,"0.268","0.397","0.329",44.1
"Severino, Luis",622663,"ATH","FC","Cutter",-1.3,-3,"225",20.7,"49","0.3","0.475","0.438",18.1,8.2,12.1,"0.242","0.388","0.349",22.2
"Dotel, Wilber",696062,"PIT","FF","4-Seam Fastball",1.8,4,"209",46.1,"49","0.186","0.256","0.23",16.3,26.5,21.3,"0.228","0.337","0.288",62.5
"Houser, Adrian",605288,"SF","SL","Slider",-1.9,-3,"162",10,"49","0.283","0.565","0.402",16.7,12.2,13.3,"0.282","0.584","0.37",40.5
"Bachar, Lake",669199,"PIT","ST","Sweeper",-0.8,-2,"188",17.5,"49","0.256","0.372","0.324",36.8,28.6,18.7,"0.254","0.438","0.344",48.3
"Shugart, Chase",663767,"PHI","SI","Sinker",2.9,6,"193",28.4,"49","0.182","0.273","0.234",23.2,44.9,37.9,"0.206","0.395","0.294",39.1
"Rea, Colin",607067,"CHC","ST","Sweeper",1.8,3,"178",8.9,"49","0.13","0.261","0.197",29.8,30.6,19,"0.125","0.269","0.199",19.4
"Aleman, Franco",680916,"CLE","FF","4-Seam Fastball",1.4,3,"201",67.2,"49","0.209","0.302","0.281",23,30.6,27.8,"0.16","0.249","0.239",42.9
"Martin, Davis",663436,"CWS","CU","Curveball",-0.6,-2,"278",14.1,"49","0.2","0.356","0.26",40.4,42.9,25,"0.219","0.38","0.282",40
"Hall, DL",669084,"MIL","SI","Sinker",1.9,4,"225",37.5,"49","0.184","0.184","0.277",8.4,6.1,7.9,"0.286","0.381","0.369",27.8
"Drohan, Shane",675660,"MIL","FC","Cutter",1.7,3,"172",11.8,"49","0.295","0.386","0.344",16.2,4.1,11.1,"0.327","0.492","0.374",34.9
"O'Brien, Riley",676617,"STL","ST","Sweeper",0.9,2,"241",30.2,"49","0.051","0.051","0.183",47.4,40.8,17.9,"0.109","0.162","0.238",21.1
"Maton, Phil",664208,"CHC","CU","Curveball",-3.3,-5,"158",28.9,"49","0.25","0.523","0.355",32.1,38.8,24.4,"0.215","0.39","0.294",38.5
"Soto, Gregory",642397,"PIT","ST","Sweeper",0.5,1,"152",17.5,"48","0.133","0.244","0.194",45.2,56.3,37,"0.095","0.163","0.147",22.2
"Waldron, Matt",663362,"TOR","KN","Knuckleball",-3.1,-5,"172",29.2,"48","0.304","0.543","0.374",20.3,27.1,24.5,"0.23","0.325","0.258",39.4
"Mize, Casey",663554,"SD","SI","Sinker",1.3,2,"159",10.8,"48","0.279","0.395","0.324",15.9,10.4,20.8,"0.295","0.399","0.326",35
"Peterson, David",656849,"CHC","CU","Curveball",-3.3,-6,"190",10.4,"48","0.326","0.558","0.443",32.8,31.3,22.7,"0.262","0.363","0.306",51.7
"Bradley, Taj",671737,"MIN","CU","Curveball",-3.3,-7,"208",9.3,"48","0.222","0.489","0.323",35.7,52.1,22.9,"0.194","0.351","0.262",35
"Vásquez, Randy",681190,"SD","CU","Curveball",-2.6,-5,"174",10.1,"48","0.295","0.477","0.414",19.4,16.7,10.8,"0.309","0.437","0.367",47.2
"Agnos, Zach",688642,"COL","SI","Sinker",-0.2,0,"141",12.5,"48","0.341","0.415","0.357",2.7,0,0,"0.306","0.413","0.366",39.5
"Palencia, Daniel",694037,"CHC","FF","4-Seam Fastball",1.8,4,"191",66.1,"48","0.227","0.273","0.246",23.1,27.1,22.4,"0.261","0.413","0.314",28.1
"Warren, Austin",681810,"NYM","SI","Sinker",-0.3,-1,"163",25,"48","0.189","0.432","0.326",5.2,25,26.7,"0.199","0.376","0.336",46.2
"Schultz, Noah",702273,"CWS","FC","Cutter",-0.3,-1,"241",21,"48","0.25","0.4","0.334",19,12.5,14.3,"0.283","0.483","0.376",33.3
"Morris, Andrew",702193,"MIN","FC","Cutter",0.7,1,"185",19.2,"48","0.217","0.348","0.3",25,25,22.2,"0.229","0.362","0.272",41.2
"Poulin, PJ",676571,"WSH","FF","4-Seam Fastball",-0.6,-1,"189",29.8,"48","0.22","0.39","0.324",9.9,12.5,9.4,"0.298","0.545","0.407",51.4
"Speier, Gabe",642100,"SEA","FF","4-Seam Fastball",2.4,5,"189",39.3,"48","0.116","0.279","0.199",29.9,35.4,22.4,"0.167","0.406","0.269",35.7
"Watson, Ryan",670245,"LAA","SI","Sinker",-1.5,-2,"157",17,"48","0.275","0.6","0.416",15.4,4.2,7.7,"0.35","0.619","0.46",33.3
"Slaten, Justin",686580,"BOS","FC","Cutter",-1.8,-4,"211",41.5,"48","0.395","0.605","0.439",18.6,14.6,22.6,"0.316","0.506","0.375",44.7
"Garcia, Rico",670329,"BAL","SL","Slider",1.3,2,"146",20.1,"48","0.209","0.349","0.279",26,12.5,24,"0.255","0.375","0.307",34.2
"deGrom, Jacob",594798,"TEX","CH","Changeup",0.6,1,"246",12.5,"48","0.229","0.25","0.232",43.2,33.3,22.2,"0.239","0.333","0.246",37.5
"Mikolas, Miles",571945,"WSH","CU","Curveball",-1.1,-3,"273",15,"48","0.349","0.442","0.35",22.4,20.8,12,"0.251","0.399","0.309",35.3
"Tolle, Payton",801139,"BOS","CU","Curveball",1.7,2,"138",8.5,"48","0.149","0.277","0.191",48.5,56.3,34.6,"0.128","0.215","0.157",35
"Prielipp, Connor",687570,"MIN","CH","Changeup",0.6,1,"159",11.3,"48","0.227","0.5","0.321",21,18.8,23.7,"0.253","0.481","0.327",43.2
"Ritchie, JR",702275,"ATL","FF","4-Seam Fastball",-3.8,-7,"184",18,"48","0.243","0.541","0.413",20.6,18.8,17.6,"0.227","0.417","0.371",46.4
"Pearson, Nate",663878,"KC","FF","4-Seam Fastball",0.6,1,"181",41.4,"48","0.225","0.275","0.3",19.8,10.4,10.6,"0.286","0.482","0.39",42.9
"Sproat, Brandon",687075,"MIL","CU","Curveball",-3.8,-6,"166",9.8,"48","0.214","0.595","0.386",32,37.5,20.7,"0.234","0.516","0.363",54.2
"Franco, Jose",683742,"CIN","FF","4-Seam Fastball",-0.6,-1,"160",46,"48","0.243","0.514","0.405",9.6,12.5,17.6,"0.28","0.504","0.417",45.2
"Winn, Cole",668390,"TEX","FC","Cutter",0.4,1,"208",31,"48","0.262","0.381","0.317",22,2.1,5,"0.333","0.482","0.393",42.9
"Matsui, Yuki",673513,"SD","SL","Slider",2.8,6,"228",30.3,"48","0.093","0.116","0.141",40.4,25,28.6,"0.149","0.25","0.214",18.8
"Aldegheri, Sam",691951,"LAA","CH","Changeup",0.7,1,"189",31,"48","0.227","0.455","0.311",33.3,22.9,16.4,"0.233","0.436","0.294",40
"Nardi, Andrew",677053,"MIA","FF","4-Seam Fastball",1.1,2,"181",47.9,"48","0.25","0.3","0.311",29,29.2,25,"0.252","0.406","0.345",48.1
"Sisk, Evan",681895,"PIT","SI","Sinker",-1,-2,"232",31.2,"48","0.314","0.514","0.462",15.7,12.5,23.1,"0.303","0.49","0.43",46.7
"Lorenzen, Michael",547179,"COL","CU","Curveball",-1.3,-3,"236",11.2,"48","0.326","0.565","0.378",23.8,18.8,16.1,"0.291","0.487","0.333",47.4
"Burke, Brock",656271,"CIN","CH","Changeup",-0.7,-1,"157",17,"47","0.25","0.432","0.33",30.9,17,14.8,"0.284","0.494","0.355",36.1
"Holmes, Clay",605280,"CHC","CH","Changeup",0.8,1,"134",14.9,"47","0.213","0.234","0.199",29.3,27.7,17.1,"0.258","0.327","0.253",55.9
"Buehler, Walker",621111,"SD","CH","Changeup",-4.7,-9,"197",10,"47","0.37","0.674","0.468",28.1,25.5,17.4,"0.338","0.563","0.391",55.9
"Drohan, Shane",675660,"MIL","CU","Curveball",-0.7,-1,"199",13.7,"47","0.293","0.439","0.366",25.9,25.5,18.8,"0.277","0.397","0.335",30
"Dollander, Chase",801403,"COL","SI","Sinker",0.8,1,"178",24,"47","0.225","0.325","0.331",15.4,6.4,15,"0.283","0.407","0.343",44.7
"Yates, Kirby",489446,"PIT","FS","Split-Finger",-1,-2,"178",32.2,"47","0.225","0.35","0.334",35.6,21.3,17.9,"0.224","0.317","0.302",43.3
"Ribalta, Orlando",687377,"WSH","SL","Slider",1.4,3,"245",39.5,"47","0.214","0.333","0.285",26,14.9,9.5,"0.219","0.43","0.32",31.4
"Fried, Max",608331,"NYY","CH","Changeup",2.1,3,"151",12.5,"47","0.178","0.222","0.198",29.1,27.7,21,"0.229","0.279","0.241",25
"Sterner, Justin",686993,"ATH","ST","Sweeper",-1.2,-3,"215",29.6,"47","0.178","0.467","0.269",43.3,38.3,22,"0.161","0.259","0.196",39.3
"Kremer, Dean",665152,"MIN","FF","4-Seam Fastball",-0.1,0,"197",25.5,"47","0.25","0.675","0.383",16.1,14.9,14.6,"0.262","0.59","0.375",41.7
"Lange, Alex",656638,"KC","CH","Changeup",-1.8,-3,"191",21.6,"47","0.286","0.452","0.344",30.4,29.8,17.7,"0.219","0.342","0.275",41.4
"Ritchie, JR",702275,"ATL","SI","Sinker",2.5,5,"212",20.7,"47","0.154","0.179","0.227",15.7,8.5,21.1,"0.259","0.408","0.358",40
"Nunez, Anthony",689296,"BAL","FF","4-Seam Fastball",-0.6,-1,"219",28.6,"47","0.293","0.61","0.407",24,14.9,12.5,"0.251","0.474","0.341",36.1
"Akin, Keegan",669211,"BAL","FF","4-Seam Fastball",1.3,3,"219",49.4,"47","0.231","0.41","0.313",19,23.4,17.5,"0.216","0.356","0.291",41.9
"Sproat, Brandon",687075,"MIL","ST","Sweeper",-1.5,-3,"174",10.3,"47","0.171","0.341","0.297",40.3,40.4,19.4,"0.156","0.286","0.254",27.3
"Cano, Yennier",666974,"BAL","FS","Split-Finger",-0.5,-1,"168",27.2,"47","0.289","0.333","0.3",33.3,29.8,18.9,"0.282","0.431","0.324",38.7
"Hart, Kyle",606996,"SD","ST","Sweeper",0,0,"208",26.9,"47","0.233","0.442","0.327",23.7,19.1,13.4,"0.192","0.319","0.259",32.4
"Legumina, Casey",668984,"TB","SI","Sinker",1.9,3,"176",21.9,"47","0.293","0.341","0.326",10.8,6.4,10,"0.332","0.463","0.382",28.2
"Detmers, Reid",672282,"LAA","CH","Changeup",-0.6,-1,"221",10,"47","0.256","0.512","0.326",37.1,17,16,"0.259","0.498","0.324",32.4
"Bassitt, Chris",605135,"BAL","FC","Cutter",-1.6,-3,"219",22.4,"47","0.341","0.537","0.403",21.4,17,11.1,"0.305","0.455","0.365",38.2
"King, Bryan",687911,"HOU","ST","Sweeper",-2.3,-6,"237",28.4,"47","0.395","0.628","0.463",21.7,14.9,10.6,"0.322","0.469","0.37",27.8
"Erceg, Lucas",668674,"KC","FF","4-Seam Fastball",-1.1,-3,"236",29.1,"47","0.317","0.488","0.391",18.8,12.8,7.9,"0.306","0.489","0.387",42.9
"McCullers Jr., Lance",621121,"MIL","FC","Cutter",0.2,0,"219",27.6,"46","0.282","0.462","0.376",21.7,17.4,23.5,"0.285","0.431","0.366",48.4
"Domínguez, Seranthony",622554,"SEA","ST","Sweeper",-1.1,-3,"233",29.1,"46","0.214","0.381","0.316",33,30.4,21.5,"0.181","0.33","0.253",27.6
"Waguespack, Jacob",621097,"DET","FF","4-Seam Fastball",3.3,5,"156",47.7,"46","0.125","0.2","0.198",25.3,17.4,17,"0.196","0.266","0.254",30.3
"Holton, Tyler",663947,"DET","SI","Sinker",1,2,"161",18.6,"46","0.341","0.409","0.347",10.7,13,20.7,"0.287","0.391","0.311",42.1
"Buehler, Walker",621111,"SD","ST","Sweeper",-1.9,-3,"143",7.2,"46","0.233","0.535","0.345",28.9,30.4,18.4,"0.182","0.413","0.28",27.6
"Garcia, Brandyn",805299,"AZ","ST","Sweeper",3.5,5,"140",30.9,"46","0.067","0.067","0.093",53,58.7,35.5,"0.091","0.137","0.11",16.7
"Beeks, Jalen",656222,"TEX","CH","Changeup",-1.2,-2,"163",40,"46","0.238","0.405","0.312",36,19.6,17,"0.278","0.521","0.368",36.4
"Anderson, Grant",681982,"MIL","SI","Sinker",2,3,"166",22.6,"46","0.205","0.359","0.295",10.1,6.5,15,"0.215","0.309","0.285",37.8
"Fairbanks, Pete",664126,"MIA","FC","Cutter",-1.2,-2,"157",23.3,"46","0.263","0.526","0.396",28.9,26.1,19,"0.201","0.474","0.356",30.8
"Bello, Brayan",678394,"BOS","FC","Cutter",-2.1,-4,"208",15.4,"46","0.317","0.756","0.492",46.9,19.6,28.1,"0.32","0.692","0.454",31.3
"Kikuchi, Yusei",579328,"LAA","FF","4-Seam Fastball",-1.9,-4,"192",33.9,"46","0.341","0.477","0.354",20.6,21.7,14.7,"0.276","0.405","0.297",48.6
"Banda, Anthony",607455,"MIN","SI","Sinker",0.4,1,"162",26.6,"46","0.314","0.486","0.423",14.9,8.7,19,"0.268","0.431","0.388",34.4
"Adam, Jason",592094,"SD","CH","Changeup",-1.1,-2,"177",32.1,"46","0.279","0.349","0.304",29.5,17.4,11.1,"0.186","0.275","0.23",28.6
"Holmes, Grant",656550,"ATL","FC","Cutter",-0.7,-1,"164",9.1,"46","0.316","0.579","0.455",16.5,0,0,"0.29","0.58","0.424",34.2
"Nunez, Anthony",689296,"BAL","CH","Changeup",0.8,1,"176",22.9,"46","0.132","0.211","0.232",35.8,23.9,16.7,"0.253","0.339","0.324",46.4
"McClanahan, Shane",663556,"TB","CU","Curveball",0.5,1,"220",14.2,"46","0.211","0.342","0.309",21.6,15.2,17.5,"0.234","0.366","0.324",31.3
"Yarbrough, Ryan",642232,"NYY","FC","Cutter",1.4,3,"195",27.2,"46","0.225","0.3","0.302",18.6,10.9,13.2,"0.258","0.377","0.321",25
"Ferguson, Caleb",657571,"STL","SI","Sinker",0.7,1,"163",32.9,"46","0.256","0.333","0.312",19.7,26.1,21.8,"0.23","0.353","0.319",37
"Bigge, Hunter",685801,"TB","FF","4-Seam Fastball",1.4,2,"164",51.4,"46","0.179","0.256","0.267",18.3,13,24,"0.214","0.312","0.297",36.4
"Pfaadt, Brandon",694297,"AZ","ST","Sweeper",0.6,1,"173",13.3,"46","0.186","0.233","0.217",28.6,26.1,16.2,"0.163","0.241","0.209",32.3
"Ribalta, Orlando",687377,"WSH","FF","4-Seam Fastball",0.7,1,"174",28.1,"46","0.15","0.35","0.247",28.4,30.4,20.9,"0.169","0.422","0.292",53.6
"Lambert, Peter",663567,"HOU","SI","Sinker",0.7,1,"183",9.7,"45","0.286","0.357","0.311",4.8,2.2,8.3,"0.238","0.356","0.286",34.1
"Smith, Dylan",681916,"SF","FF","4-Seam Fastball",-1.4,-3,"201",49.4,"45","0.25","0.475","0.355",25,31.1,20.3,"0.211","0.458","0.31",53.6
"McCullers Jr., Lance",621121,"MIL","ST","Sweeper",-1.7,-2,"137",17.3,"45","0.229","0.4","0.363",30.2,33.3,25.4,"0.178","0.258","0.301",35
"Holmes, Grant",656550,"ATL","SI","Sinker",0.2,1,"217",12,"45","0.256","0.436","0.353",16.1,0,0,"0.349","0.505","0.41",52.5
"Rea, Colin",607067,"CHC","SI","Sinker",-2.4,-4,"163",8.2,"45","0.341","0.659","0.448",5.5,2.2,2.7,"0.362","0.65","0.453",40
"Varland, Louis",686973,"TOR","CH","Changeup",4.1,7,"176",17.8,"45","0.093","0.093","0.116",38.3,35.6,29.1,"0.151","0.201","0.163",25
"Scholtens, Jesse",669947,"TB","SI","Sinker",1.9,3,"147",24.5,"45","0.22","0.366","0.29",20.5,15.6,21.2,"0.265","0.419","0.328",29.4
"Sisk, Evan",681895,"PIT","CU","Curveball",1.5,3,"200",26.9,"45","0.128","0.179","0.198",29.5,31.1,21.9,"0.121","0.146","0.182",11.5
"Burrows, Mike",681347,"HOU","CU","Curveball",-0.5,-1,"226",14.4,"45","0.195","0.415","0.3",24.4,26.7,15.4,"0.229","0.44","0.32",37.9
"Griffin, Foster",656492,"CLE","FS","Split-Finger",-0.6,-1,"133",6,"45","0.222","0.289","0.223",28.2,37.8,14.9,"0.213","0.282","0.213",35.7
"Cease, Dylan",656302,"TOR","CH","Changeup",0.6,2,"255",11.4,"45","0.14","0.186","0.167",54.8,46.7,26.9,"0.159","0.214","0.186",27.3
"Dion, Will",702021,"WSH","FF","4-Seam Fastball",0.8,1,"155",43.9,"45","0.22","0.415","0.327",33.7,40,32.7,"0.188","0.335","0.265",43.5
"Bird, Jake",656234,"WSH","ST","Sweeper",0.7,2,"222",38.2,"45","0.195","0.415","0.279",34.6,31.1,21.9,"0.182","0.352","0.255",28.6
"Herrin, Tim",682120,"CLE","CU","Curveball",-0.6,-1,"193",28.5,"45","0.194","0.278","0.272",34.2,28.9,18.8,"0.183","0.304","0.281",28
"Winn, Cole",668390,"TEX","SL","Slider",-0.5,-1,"150",22.4,"45","0.182","0.386","0.274",41.7,33.3,22.4,"0.215","0.352","0.253",37.9
"Griffin, Foster",656492,"CLE","SI","Sinker",1,2,"230",10.3,"45","0.216","0.297","0.349",17.8,8.9,12.5,"0.251","0.344","0.334",27.3
"Morales, Luis",806960,"ATH","FF","4-Seam Fastball",-3.6,-6,"158",45.7,"45","0.306","0.667","0.504",9.7,15.6,15.9,"0.322","0.627","0.461",55.2
"Ureña, Walbert",700712,"LAA","ST","Sweeper",0.8,2,"267",15.3,"45","0.14","0.186","0.151",35.9,35.6,18.2,"0.211","0.349","0.251",32.1
"Detmers, Reid",672282,"LAA","CU","Curveball",0.1,0,"244",11,"44","0.2","0.4","0.332",39.8,38.6,24.6,"0.212","0.362","0.307",15
"Suarez, Robert",663158,"ATL","CH","Changeup",2.8,4,"148",31.8,"44","0.167","0.167","0.179",36.4,27.3,16.2,"0.212","0.249","0.225",20
"Mlodzinski, Carmen",669387,"PIT","CU","Curveball",0,0,"187",11,"44","0.25","0.35","0.3",23.8,18.2,12.5,"0.293","0.402","0.335",56.3
"Kolek, Stephen",663568,"KC","FF","4-Seam Fastball",0,0,"237",28.3,"44","0.244","0.39","0.342",18.6,6.8,5.1,"0.241","0.355","0.287",23.7
"Painter, Andrew",691725,"PHI","SI","Sinker",-1.6,-2,"138",10,"44","0.368","0.553","0.424",9.1,6.8,15.8,"0.327","0.527","0.398",36.1
"Bieber, Shane",669456,"TOR","CU","Curveball",-3,-4,"138",18.5,"44","0.425","0.6","0.468",35.7,18.2,21.1,"0.341","0.544","0.407",56.3
"Sugano, Tomoyuki",608372,"COL","SL","Slider",-1.4,-3,"179",9.9,"44","0.22","0.488","0.307",21.6,20.5,13,"0.228","0.469","0.311",33.3
"Keller, Mitch",656605,"PIT","CH","Changeup",-2,-3,"169",9,"44","0.295","0.477","0.351",25.6,22.7,20.8,"0.34","0.504","0.362",32.4
"Kolek, Stephen",663568,"KC","SL","Slider",0.9,1,"137",16.4,"44","0.171","0.341","0.249",42.9,34.1,25,"0.221","0.341","0.272",42.3
"Englert, Mason",669438,"TB","CH","Changeup",-1.1,-2,"161",27.9,"44","0.233","0.512","0.319",30.8,34.1,19.5,"0.207","0.402","0.268",35.7
"Whisenhunt, Carson",687931,"SF","FF","4-Seam Fastball",-3.9,-7,"172",35.1,"44","0.467","0.7","0.534",11.1,11.4,11.1,"0.378","0.619","0.503",55.6
"Murray, Jayden",681151,"CHC","FF","4-Seam Fastball",-0.7,-1,"162",53.3,"44","0.324","0.432","0.373",36,25,22.9,"0.242","0.418","0.331",51.9
"Gibson, Cade",806188,"MIA","ST","Sweeper",-1.4,-2,"152",26.9,"44","0.333","0.385","0.35",24.4,31.8,20,"0.28","0.346","0.292",25.9
"Ober, Bailey",641927,"MIN","ST","Sweeper",3.3,6,"185",12,"44","0.095","0.119","0.122",40.5,36.4,21.3,"0.147","0.204","0.177",11.5
"Soroka, Michael",647336,"AZ","CH","Changeup",-0.6,-1,"170",12.4,"44","0.256","0.465","0.315",21.4,9.1,12.5,"0.293","0.518","0.352",17.9
"Fisher, Braydon",680755,"TOR","FF","4-Seam Fastball",1,2,"170",17.5,"44","0.118","0.147","0.238",21.1,27.3,17.1,"0.177","0.237","0.288",30.4
"Vodnik, Victor",680767,"MIA","SL","Slider",-0.3,-1,"210",29.3,"44","0.2","0.343","0.299",32.3,22.7,17.9,"0.203","0.288","0.279",28.6
"Kelly, Merrill",518876,"AZ","CU","Curveball",0.8,2,"238",12,"44","0.175","0.325","0.256",22.6,15.9,12.1,"0.238","0.393","0.308",42.4
"Williams, Gavin",668909,"CLE","FC","Cutter",-1.2,-2,"158",7.1,"44","0.27","0.676","0.433",22.8,13.6,23.1,"0.3","0.609","0.426",43.8
"Bidois, Brandan",684049,"PIT","FF","4-Seam Fastball",-4.1,-7,"178",54.8,"44","0.314","0.743","0.477",34.4,22.7,23.3,"0.263","0.545","0.375",53.6
"Macko, Adam",671936,"TOR","SL","Slider",0.4,1,"165",41.3,"44","0.244","0.39","0.323",34.1,20.5,18,"0.246","0.424","0.313",28.1
"Morejon, Adrian",670970,"SD","FF","4-Seam Fastball",0.8,1,"150",14.6,"44","0.175","0.25","0.252",44.3,52.3,25,"0.138","0.212","0.2",41.2
"Rangel, Alan",660604,"PHI","FF","4-Seam Fastball",-0.1,0,"168",34.2,"44","0.25","0.528","0.393",9,13.6,12.5,"0.266","0.435","0.372",46.7
"Shugart, Chase",663767,"PHI","ST","Sweeper",-3.1,-4,"145",21.4,"44","0.225","0.55","0.356",32.4,31.8,22.6,"0.16","0.347","0.257",26.9
"Myers, Tobias",668964,"NYM","FS","Split-Finger",-0.1,0,"163",23,"44","0.175","0.45","0.272",32.1,31.8,20.9,"0.19","0.322","0.25",39.3
"Banks, Tanner",621383,"PHI","FF","4-Seam Fastball",-2.7,-3,"114",20.7,"44","0.244","0.512","0.363",28.8,36.4,28.6,"0.17","0.309","0.237",36
"Englert, Mason",669438,"TB","SI","Sinker",-0.9,-1,"114",19.8,"44","0.39","0.561","0.436",8.8,6.8,11.1,"0.371","0.657","0.456",41
"Early, Connelly",813349,"BOS","ST","Sweeper",2.9,3,"120",7.9,"43","0.103","0.103","0.149",43.1,48.8,31.3,"0.074","0.126","0.146",15.8
"Strahm, Matt",621381,"KC","SL","Slider",-4.3,-8,"177",28,"43","0.351","0.892","0.54",27.8,23.3,19.6,"0.328","0.673","0.46",37
"Woodford, Jake",663765,"CHC","FC","Cutter",-2.4,-4,"170",37.2,"43","0.395","0.737","0.483",20.7,9.3,14.8,"0.392","0.717","0.476",50
"Drake, Kohl",684442,"AZ","FF","4-Seam Fastball",0.4,1,"143",44,"43","0.297","0.514","0.378",12.9,16.3,17.5,"0.316","0.636","0.427",54.8
"Herrin, Tim",682120,"CLE","FF","4-Seam Fastball",0.1,0,"146",21.5,"43","0.29","0.323","0.343",21.5,18.6,22.2,"0.211","0.325","0.339",26.9
"Baz, Shane",669358,"BAL","SI","Sinker",2.5,5,"187",8.2,"43","0.189","0.243","0.249",14.4,2.3,4.8,"0.287","0.34","0.316",39.5
"Kirby, George",669923,"SEA","CU","Curveball",-2.3,-4,"187",9.3,"43","0.415","0.61","0.459",22.8,14,13.3,"0.324","0.426","0.327",55.6
"Mederos, Victor",682989,"ATL","FC","Cutter",0.1,0,"146",49,"43","0.162","0.405","0.319",36.4,23.3,22.2,"0.206","0.335","0.295",37
"Hader, Josh",623352,"HOU","SL","Slider",3,5,"156",37.1,"43","0.105","0.132","0.173",50,32.6,23.3,"0.184","0.252","0.247",29.2
"McCullers Jr., Lance",621121,"MIL","SI","Sinker",0.1,0,"174",21.9,"43","0.222","0.444","0.37",11.6,11.6,17.9,"0.272","0.414","0.36",51.6
"Teng, Kai-Wei",678906,"HOU","SI","Sinker",-0.5,-1,"177",15.2,"43","0.286","0.457","0.41",16.9,7,23.1,"0.289","0.444","0.386",50
"Roberts, Ethan",681799,"CHC","ST","Sweeper",1.6,3,"169",38.8,"43","0.108","0.189","0.207",30.9,23.3,17.9,"0.237","0.387","0.325",40.7
"Painter, Andrew",691725,"PHI","FS","Split-Finger",-0.4,-1,"164",11.9,"42","0.195","0.415","0.267",38.4,35.7,22.4,"0.174","0.353","0.234",30.8
"Duran, Jhoan",661395,"PHI","FF","4-Seam Fastball",2.5,4,"182",27.5,"42","0.139","0.167","0.215",40.4,45.2,27.1,"0.161","0.196","0.234",35.3
"Thornton, Zac",804267,"NYM","FF","4-Seam Fastball",1.8,3,"160",25.1,"42","0.19","0.333","0.223",11.3,21.4,24.3,"0.268","0.494","0.321",45.5
"Mikolas, Miles",571945,"WSH","CH","Changeup",-3.5,-5,"146",8,"42","0.293","0.634","0.426",11.8,4.8,3.4,"0.317","0.524","0.368",46.2
"Gore, MacKenzie",669022,"TEX","SI","Sinker",0.5,1,"127",5.6,"42","0.273","0.394","0.376",15.2,14.3,20,"0.283","0.354","0.368",33.3
"McDonald, Trevor",686790,"SF","CH","Changeup",-2.2,-4,"167",14.7,"42","0.237","0.5","0.32",33,26.2,18,"0.222","0.428","0.299",27.6
"Funderburk, Kody",681892,"MIN","ST","Sweeper",0.3,0,"128",20.4,"42","0.111","0.111","0.186",21.8,28.6,15.6,"0.181","0.253","0.262",12.5
"Blackburn, Paul",621112,"NYY","FC","Cutter",-0.1,0,"199",21.4,"42","0.275","0.475","0.338",15.8,14.3,16.7,"0.291","0.554","0.374",38.2
"Wheeler, Zack",554430,"PHI","CU","Curveball",0,0,"157",8.5,"42","0.158","0.237","0.226",48.7,52.4,24.7,"0.147","0.192","0.204",52.9
"Topa, Justin",623437,"MIN","SI","Sinker",-2.8,-4,"153",42.6,"42","0.417","0.5","0.493",12.5,11.9,16.7,"0.328","0.465","0.396",48.4
"Schlittler, Cam",693645,"NYY","CU","Curveball",-1.2,-2,"199",8.7,"42","0.282","0.385","0.319",39.3,31,16.5,"0.316","0.473","0.365",53.8
"Suárez, Albert",544150,"BAL","FC","Cutter",0.4,1,"162",21.1,"42","0.179","0.436","0.275",25.3,14.3,19.4,"0.184","0.352","0.254",37.1
"Bratt, Mitch",683352,"AZ","SV","Slurve",0,0,"136",25.2,"42","0.184","0.342","0.288",23.6,31,25.5,"0.167","0.248","0.227",20
"Gasser, Robert",688107,"MIL","FC","Cutter",1,2,"186",16.7,"42","0.235","0.471","0.366",24.3,2.4,5.3,"0.248","0.342","0.331",20.6
"Hentges, Sam",656529,"SF","FF","4-Seam Fastball",0.5,1,"160",30.6,"42","0.212","0.242","0.313",29.4,26.2,21.2,"0.151","0.168","0.247",34.8
"Banks, Tanner",621383,"PHI","SL","Slider",-3.4,-7,"195",35.4,"42","0.4","0.743","0.516",22.7,14.3,17.1,"0.326","0.561","0.423",33.3
"Gilbert, Logan",669302,"SEA","ST","Sweeper",1.2,2,"167",7.7,"42","0.167","0.262","0.205",35.7,31,20,"0.202","0.31","0.22",20.7
"Gibson, Trey",694346,"BAL","SI","Sinker",0,0,"157",25.4,"42","0.212","0.303","0.31",17.9,14.3,23.1,"0.237","0.367","0.346",39.3
"Sommers, Drew",805427,"DET","SI","Sinker",-0.1,0,"158",44.4,"42","0.324","0.353","0.37",14.7,23.8,28.6,"0.212","0.24","0.284",12
"Cabrera, Edward",665795,"CHC","FF","4-Seam Fastball",-2.3,-5,"203",16.9,"42","0.303","0.697","0.477",20.8,11.9,10.6,"0.285","0.699","0.472",50
"Shugart, Chase",663767,"PHI","FC","Cutter",-0.6,-1,"209",30.8,"42","0.313","0.5","0.382",17.9,4.8,6.3,"0.289","0.425","0.367",33.3
"Schultz, Noah",702273,"CWS","ST","Sweeper",-3.2,-7,"209",18.2,"42","0.222","0.611","0.393",32.5,33.3,19.2,"0.264","0.694","0.442",54.5
"Farris, Mitch",815083,"LAA","CH","Changeup",0,0,"192",25.2,"42","0.2","0.4","0.274",46.7,42.9,24,"0.199","0.285","0.232",40.9
"Gil, Luis",661563,"NYY","FF","4-Seam Fastball",-1.2,-2,"152",45.1,"41","0.278","0.583","0.402",9.5,4.9,4.9,"0.297","0.554","0.402",50
"Nola, Aaron",605400,"PHI","FC","Cutter",-2.8,-4,"159",7.3,"41","0.41","0.615","0.455",25.8,14.6,19.4,"0.295","0.451","0.339",48.5
"Pfaadt, Brandon",694297,"AZ","CU","Curveball",0.1,0,"199",15.3,"41","0.216","0.324","0.262",32.9,24.4,19.6,"0.197","0.332","0.272",28.6
"Barlow, Scott",605130,"ATH","ST","Sweeper",-0.5,-1,"206",35.5,"41","0.235","0.353","0.352",32.9,12.2,10.4,"0.301","0.517","0.408",44.8
"Lugo, Seth",607625,"KC","SL","Slider",-0.3,-1,"193",9,"41","0.256","0.41","0.306",22.1,26.8,18,"0.27","0.505","0.347",46.4
"Rucker, Michael",621074,"SEA","FF","4-Seam Fastball",-1.7,-3,"152",36,"41","0.333","0.556","0.42",24.4,24.4,24.4,"0.284","0.452","0.362",53.8
"Booser, Cam",592155,"TB","FF","4-Seam Fastball",3.6,6,"166",45,"41","0.132","0.158","0.152",24.7,26.8,21.6,"0.174","0.231","0.201",35.7
"Bowlan, Jonathan",680742,"PHI","SL","Slider",0.5,1,"124",18.2,"41","0.135","0.297","0.257",41.5,29.3,26.1,"0.198","0.325","0.254",46.2
"Cavalli, Cade",676917,"WSH","CH","Changeup",-1.3,-2,"168",7.8,"41","0.216","0.459","0.346",22.7,22,17,"0.264","0.492","0.358",35.7
"Enns, Dietrich",608650,"BAL","FF","4-Seam Fastball",2.8,5,"160",55,"41","0.171","0.286","0.268",22.5,17.1,15.2,"0.207","0.358","0.308",53.6
"Hancock, Emerson",676106,"SEA","FC","Cutter",0.7,2,"225",11.8,"41","0.189","0.459","0.294",32,17.1,14.9,"0.209","0.461","0.31",32.3
"Thielbar, Caleb",573204,"CHC","CU","Curveball",0.9,2,"167",26.4,"41","0.205","0.359","0.262",29.7,43.9,26.5,"0.204","0.329","0.251",42.9
"Criswell, Cooper",681867,"SEA","CH","Changeup",-1.6,-2,"124",26.8,"41","0.289","0.447","0.35",23.5,19.5,14.3,"0.247","0.357","0.28",25.8
"Glasnow, Tyler",607192,"LAD","FF","4-Seam Fastball",-1.2,-2,"174",29,"41","0.297","0.649","0.407",11.8,14.6,13.6,"0.312","0.57","0.389",46.9
"Yamamoto, Yoshinobu",808967,"LAD","SL","Slider",1.2,2,"130",6.3,"41","0.225","0.3","0.284",30.7,19.5,17.8,"0.265","0.336","0.272",37.5
"Woodford, Jake",663765,"CHC","SI","Sinker",-1.4,-2,"133",29.1,"41","0.417","0.556","0.424",10,14.6,25,"0.367","0.462","0.386",53.1
"Morejon, Adrian",670970,"SD","SL","Slider",-1.7,-3,"180",17.5,"41","0.256","0.462","0.378",32.4,34.1,28,"0.223","0.405","0.29",44
"Herrin, Tim",682120,"CLE","SI","Sinker",0.8,1,"161",23.7,"40","0.242","0.394","0.338",16.2,5,11.1,"0.261","0.404","0.349",37.5
"Bender, Anthony",669622,"MIA","SI","Sinker",0.1,0,"171",31.7,"40","0.212","0.364","0.37",18.2,17.5,21.9,"0.236","0.341","0.328",34.6
"Matthews, Zebby",805673,"MIN","FC","Cutter",-2.1,-3,"164",11.1,"40","0.361","0.667","0.445",16.7,7.5,14.3,"0.35","0.579","0.422",35.3
"Gibson, Cade",806188,"MIA","SI","Sinker",-2.7,-4,"135",23.9,"40","0.3","0.433","0.412",3.1,7.5,7.3,"0.225","0.257","0.307",37.9
"Fedde, Erick",607200,"CWS","CH","Changeup",-2.9,-7,"224",12.3,"40","0.308","0.462","0.351",28,30,16.2,"0.26","0.38","0.285",44.4
"Bello, Brayan",678394,"BOS","ST","Sweeper",1.7,3,"170",12.6,"40","0.184","0.211","0.201",27.1,27.5,15.7,"0.159","0.194","0.181",22.2
"Pérez, Cionel",672335,"NYM","FF","4-Seam Fastball",-0.5,-1,"147",20.9,"40","0.343","0.486","0.403",26.1,20,17.4,"0.328","0.607","0.433",59.3
"Treinen, Blake",595014,"LAD","ST","Sweeper",-1.6,-2,"156",41.7,"40","0.25","0.472","0.345",36.8,32.5,21,"0.299","0.552","0.394",43.5
"Crochet, Garrett",676979,"BOS","FC","Cutter",-0.2,0,"128",24.7,"40","0.265","0.382","0.399",19.4,20,38.1,"0.32","0.453","0.39",50
"Miles, Spencer",693686,"TOR","FF","4-Seam Fastball",-0.7,-1,"184",15.4,"40","0.243","0.405","0.309",24,32.5,15.9,"0.177","0.214","0.21",33.3
"Sale, Chris",519242,"ATL","SI","Sinker",1.9,3,"168",8.5,"40","0.25","0.278","0.294",10.8,7.5,17.6,"0.259","0.347","0.297",29.4
"Murphy, Chris",669684,"CWS","FF","4-Seam Fastball",-1,-2,"176",33.4,"40","0.344","0.531","0.406",28.2,22.5,17.3,"0.243","0.377","0.319",36
"Murphy, Chris",669684,"CWS","SL","Slider",0.9,1,"158",30,"40","0.226","0.355","0.35",34.1,5,7.4,"0.25","0.422","0.38",37.9
"Crochet, Garrett",676979,"BOS","FF","4-Seam Fastball",-0.8,-1,"174",33.6,"40","0.237","0.474","0.327",25.6,25,18.5,"0.239","0.434","0.304",39.3
"Schreiber, John",670167,"KC","ST","Sweeper",-2.1,-4,"203",27.8,"40","0.235","0.559","0.4",27.8,15,12.8,"0.267","0.5","0.371",41.4
"Alcantara, Sandy",645261,"MIA","ST","Sweeper",0.5,1,"220",8.9,"40","0.167","0.25","0.233",26.7,32.5,18.3,"0.178","0.28","0.246",21.7
"Meyer, Max",676974,"MIA","SI","Sinker",-1.2,-2,"173",9.7,"40","0.229","0.429","0.426",5.1,2.5,5.6,"0.297","0.408","0.337",40
"Leasure, Jordan",673929,"CWS","FF","4-Seam Fastball",1.4,2,"164",52.4,"40","0.143","0.4","0.265",18.9,20,14.3,"0.198","0.586","0.367",50
"Hernández, Jonathan",642546,"LAD","SI","Sinker",-2,-3,"140",36.9,"40","0.324","0.618","0.455",8.1,10,20,"0.327","0.574","0.432",40
"Way, Beck",694360,"KC","FC","Cutter",2.2,4,"164",42.2,"40","0.25","0.333","0.283",33.7,15,26.1,"0.26","0.382","0.338",38.7
"Taillon, Jameson",592791,"TOR","SI","Sinker",-3.8,-5,"135",9.5,"40","0.333","0.667","0.47",15.5,12.5,14.3,"0.328","0.616","0.452",39.3
"Seymour, Ian",693855,"TB","SI","Sinker",-1.6,-3,"194",13.3,"40","0.412","0.735","0.515",9.4,0,0,"0.362","0.633","0.46",42.9
"McGreevy, Michael",700241,"STL","ST","Sweeper",-3,-6,"205",10.1,"40","0.361","0.722","0.463",25.3,15,8.6,"0.375","0.706","0.486",51.6
"Gibson, Trey",694346,"BAL","SL","Slider",0.4,0,"130",21,"40","0.162","0.324","0.295",27.1,25,15.6,"0.27","0.436","0.332",48.1
"Cornelio, Riley",683000,"WSH","SL","Slider",-0.7,-1,"210",51.2,"40","0.176","0.324","0.268",49,37.5,18.3,"0.135","0.19","0.225",30
"Corbin, Patrick",571578,"TOR","FF","4-Seam Fastball",-1.9,-3,"159",11.3,"40","0.359","0.564","0.405",12.5,22.5,16.1,"0.306","0.462","0.338",30
"Armstrong, Shawn",542888,"CLE","FC","Cutter",0.6,1,"146",24.5,"39","0.212","0.333","0.32",23.8,15.4,18.8,"0.203","0.308","0.282",21.4
"Jump, Gage",695611,"ATH","CU","Curveball",-0.6,-1,"145",11.5,"39","0.237","0.289","0.267",21.7,35.9,18.4,"0.216","0.288","0.23",54.2
"Weiss, Ryan",680802,"HOU","ST","Sweeper",-1.7,-3,"171",32.3,"39","0.25","0.469","0.376",32.4,35.9,24.1,"0.181","0.37","0.316",55.6
"Farris, Mitch",815083,"LAA","FC","Cutter",-0.9,-1,"106",13.9,"39","0.343","0.457","0.386",28.8,7.7,17.6,"0.34","0.527","0.405",43.8
"Treinen, Blake",595014,"LAD","SI","Sinker",1.7,2,"138",36.9,"39","0.242","0.333","0.342",18.2,12.8,20.8,"0.26","0.443","0.353",34.5
"Bachar, Lake",669199,"PIT","CU","Curveball",2.4,4,"165",15.3,"39","0.162","0.162","0.156",40.3,43.6,27.4,"0.173","0.204","0.194",38.1
"McGreevy, Michael",700241,"STL","CU","Curveball",0.8,2,"241",11.9,"39","0.211","0.395","0.249",26.1,25.6,14.1,"0.231","0.363","0.247",58.6
"Hart, Kyle",606996,"SD","FS","Split-Finger",0.5,1,"158",20.4,"39","0.182","0.303","0.246",36.3,35.9,18.7,"0.171","0.226","0.225",19
"Strider, Spencer",675911,"ATL","SL","Slider",-1.4,-3,"191",27.6,"39","0.265","0.618","0.409",39.8,38.5,22.1,"0.149","0.308","0.257",36.8
"Stanek, Ryne",592773,"STL","SL","Slider",-1.2,-2,"195",23.3,"39","0.25","0.444","0.326",39.8,20.5,12.1,"0.248","0.358","0.293",35.7
"Winn, Keaton",676775,"SF","SI","Sinker",4.2,6,"141",22.5,"39","0.167","0.167","0.215",7,0,0,"0.235","0.278","0.262",33.3
"Leiter, Jack",683004,"TEX","FC","Cutter",-0.3,0,"137",9.8,"39","0.294","0.382","0.349",22.5,20.5,33.3,"0.289","0.431","0.359",34.6
"Rodríguez, Elmer",695684,"NYY","SI","Sinker",-0.5,-1,"132",41.5,"39","0.333","0.367","0.383",14.5,5.1,5.7,"0.312","0.391","0.409",31
"Canning, Griffin",656288,"SD","SI","Sinker",-1.4,-2,"125",10,"39","0.29","0.484","0.4",5.6,5.1,10,"0.332","0.553","0.437",53.3
"Pfaadt, Brandon",694297,"AZ","FC","Cutter",2.5,4,"156",12,"39","0.229","0.314","0.265",24.5,7.7,15.8,"0.233","0.322","0.269",27.3
"Burke, Brock",656271,"CIN","SI","Sinker",1.3,2,"123",13.3,"39","0.219","0.219","0.318",13.8,5.1,12.5,"0.256","0.289","0.324",6.7
"Kikuchi, Yusei",579328,"LAA","SL","Slider",0.4,1,"134",23.6,"39","0.294","0.471","0.399",30.1,28.2,26.2,"0.228","0.374","0.313",34.8
"Williamson, Brandon",682227,"CIN","FC","Cutter",-0.2,0,"137",26.4,"39","0.31","0.448","0.406",20,17.9,28,"0.266","0.469","0.397",56.5
"Agnos, Zach",688642,"COL","SL","Slider",0,0,"143",12.7,"39","0.222","0.333","0.287",30.9,28.2,18.3,"0.241","0.344","0.277",30.8
"Yarbrough, Ryan",642232,"NYY","ST","Sweeper",-0.4,-1,"149",20.8,"39","0.156","0.344","0.286",37.5,17.9,13,"0.103","0.131","0.196",7.7
"Littell, Zack",641793,"AZ","ST","Sweeper",0.6,1,"162",8.9,"39","0.216","0.216","0.203",19.1,17.9,10.1,"0.262","0.35","0.282",25.8
"Henderson, Logan",701656,"MIL","FC","Cutter",0.3,1,"163",19.2,"39","0.263","0.447","0.336",21.6,10.3,21.1,"0.275","0.381","0.294",32.4
"Henriquez, Edgardo",683618,"LAD","SL","Slider",0.8,1,"170",22.2,"39","0.132","0.237","0.194",40.5,43.6,24.6,"0.16","0.258","0.192",19
"Arrighetti, Spencer",681293,"HOU","SI","Sinker",-0.8,-1,"152",10.1,"38","0.286","0.5","0.413",6.8,0,0,"0.32","0.541","0.466",24.1
"Romano, Jordan",605447,"COL","FF","4-Seam Fastball",0.6,1,"190",45.5,"38","0.281","0.313","0.333",22.8,26.3,16.4,"0.199","0.267","0.281",36.4
"Matthews, Zebby",805673,"MIN","CU","Curveball",-0.5,-1,"191",12.9,"38","0.158","0.421","0.238",33.8,39.5,22.7,"0.158","0.287","0.188",52.2
"Lauer, Eric",641778,"LAD","CU","Curveball",-0.6,-1,"191",11.8,"38","0.2","0.486","0.317",18.6,18.4,11.5,"0.216","0.453","0.314",28.6
"Poulin, PJ",676571,"WSH","SI","Sinker",2.4,3,"147",23.1,"38","0.156","0.219","0.286",5.6,7.9,18.8,"0.239","0.308","0.313",34.5
"Woo, Bryan",693433,"SEA","CH","Changeup",4.1,5,"131",6.4,"38","0.111","0.111","0.132",17.6,28.9,21.2,"0.175","0.21","0.195",24
"Pivetta, Nick",601713,"SD","FF","4-Seam Fastball",1.5,2,"163",57.6,"38","0.182","0.273","0.262",23.8,34.2,21.3,"0.133","0.245","0.231",40
"Santillan, Tony",663574,"CIN","SV","Slurve",-2.1,-3,"165",33.1,"38","0.265","0.588","0.427",30.4,18.4,20.6,"0.323","0.667","0.449",63
"Holmes, Grant",656550,"ATL","CU","Curveball",0.1,0,"136",7.5,"38","0.237","0.263","0.222",35.8,34.2,25,"0.208","0.279","0.209",32
"Hentges, Sam",656529,"SF","SI","Sinker",2.5,4,"143",27.3,"38","0.242","0.303","0.3",22.4,23.7,42.9,"0.232","0.295","0.29",33.3
"Slaten, Justin",686580,"BOS","FF","4-Seam Fastball",-1.2,-2,"128",25.2,"38","0.278","0.417","0.345",20.8,34.2,22,"0.205","0.309","0.246",43.5
"Woodruff, Brandon",605540,"MIL","SI","Sinker",-0.6,-1,"123",19.2,"38","0.333","0.528","0.37",10.9,18.4,20.6,"0.282","0.492","0.34",43.3
"Booser, Cam",592155,"TB","FC","Cutter",-1.1,-2,"159",43.1,"38","0.257","0.6","0.384",25,28.9,22,"0.217","0.523","0.339",45.8
"Sandoval, Patrick",663776,"BOS","CH","Changeup",1.1,1,"123",25.1,"38","0.171","0.171","0.226",37.5,34.2,37.1,"0.188","0.215","0.199",21.7
"De Jesus, Enmanuel",646241,"DET","CH","Changeup",3.2,4,"132",21.6,"38","0.114","0.114","0.15",29,26.3,22.2,"0.204","0.263","0.241",40
"Clarke, Taylor",664199,"AZ","SI","Sinker",3.6,5,"145",19.1,"38","0.176","0.176","0.245",10.6,5.3,10.5,"0.221","0.25","0.242",21.2
"Mahle, Tyler",641816,"ATL","SL","Slider",-4.7,-6,"128",7.3,"38","0.353","0.559","0.459",26,15.8,14.3,"0.331","0.548","0.411",39.3
"Clarke, Taylor",664199,"AZ","FC","Cutter",-2.4,-3,"148",19.5,"38","0.333","0.611","0.416",8.1,2.6,4.2,"0.34","0.599","0.416",40
"Early, Connelly",813349,"BOS","CU","Curveball",-3.8,-6,"166",10.9,"38","0.29","0.613","0.438",21.7,28.9,16.9,"0.251","0.536","0.398",35
"Young, Brandon",687064,"BAL","CU","Curveball",-0.3,-1,"212",11.7,"38","0.281","0.406","0.324",17.6,13.2,13.9,"0.273","0.429","0.342",27.6
"Kirby, George",669923,"SEA","CH","Changeup",0.2,0,"147",7.3,"38","0.171","0.314","0.268",27.5,23.7,24.3,"0.235","0.434","0.316",42.3
"Wilcox, Cole",677961,"SEA","ST","Sweeper",-0.1,0,"133",27.3,"38","0.324","0.324","0.303",33.9,34.2,26.5,"0.306","0.385","0.311",54.2
"Baz, Shane",669358,"BAL","CH","Changeup",-1.1,-2,"196",8.6,"38","0.297","0.405","0.322",15.7,10.5,8,"0.35","0.57","0.388",35.3
"Holton, Tyler",663947,"DET","CH","Changeup",-0.1,0,"145",16.8,"38","0.211","0.421","0.297",31.6,21.1,15.4,"0.166","0.243","0.178",30
"García, Luis",472610,"MIN","SI","Sinker",-1.5,-2,"124",46.8,"38","0.441","0.618","0.48",9.4,5.3,11.1,"0.37","0.549","0.419",51.5
"Suárez, Albert",544150,"BAL","CH","Changeup",0.5,1,"128",16.7,"38","0.242","0.485","0.358",22.7,5.3,9.5,"0.349","0.558","0.428",22.6
"Fried, Max",608331,"NYY","CU","Curveball",1.5,2,"158",13.1,"38","0.167","0.167","0.189",27.6,23.7,17,"0.21","0.262","0.218",17.9
"Paredes, Mike",702474,"MIN","CH","Changeup",-0.6,-1,"141",25.6,"38","0.314","0.4","0.368",17.4,7.9,8.8,"0.29","0.38","0.323",50
"Tidwell, Blade",694918,"SF","ST","Sweeper",0.8,1,"144",38.1,"38","0.278","0.306","0.264",40.8,26.3,19.6,"0.183","0.223","0.188",25.9
"Rojas, Kendry",696070,"MIN","SL","Slider",-2.1,-3,"144",27.6,"38","0.258","0.419","0.366",33.3,26.3,17.2,"0.193","0.358","0.32",33.3
"Johnson, Ryan",696270,"LAA","ST","Sweeper",-1.6,-3,"181",18.1,"38","0.353","0.676","0.463",31.4,15.8,12.5,"0.238","0.422","0.323",28.6
"Bieber, Shane",669456,"TOR","CH","Changeup",2.2,3,"145",19.5,"38","0.125","0.25","0.243",22,10.5,12.9,"0.23","0.322","0.31",39.3
"Gausman, Kevin",592332,"CHC","SL","Slider",-2.9,-7,"223",10,"38","0.286","0.743","0.446",35.3,23.7,18,"0.284","0.637","0.41",57.7
"Brash, Matt",666374,"SEA","SL","Slider",2.4,4,"156",59.5,"37","0.097","0.161","0.192",38.1,32.4,23.1,"0.157","0.277","0.256",35
"Walker, Taijuan",592836,"PHI","FS","Split-Finger",-4.1,-4,"98",23.1,"37","0.361","0.583","0.449",19,13.5,17.2,"0.358","0.627","0.428",45.2
"Moll, Sam",594580,"CIN","FF","4-Seam Fastball",-0.2,0,"95",10.7,"37","0.212","0.333","0.337",15.1,32.4,19.4,"0.21","0.35","0.292",23.8
"Mey, Luis",682825,"CIN","SI","Sinker",0.8,1,"143",56.3,"37","0.222","0.37","0.396",28.8,18.9,24.1,"0.235","0.437","0.404",35
"López, Reynaldo",625643,"ATL","CU","Curveball",0.3,0,"134",10.9,"37","0.147","0.412","0.274",21.7,13.5,10.9,"0.154","0.319","0.239",17.2
"Herrin, Tim",682120,"CLE","SL","Slider",-1.2,-2,"170",25.1,"37","0.273","0.667","0.403",47.1,27,17.2,"0.198","0.389","0.298",58.3
"Sandlin, David",689818,"CWS","FF","4-Seam Fastball",-1.6,-2,"151",36.9,"37","0.355","0.548","0.441",19.4,16.2,15,"0.294","0.443","0.378",36
"Hicks, Jordan",663855,"CWS","ST","Sweeper",-0.1,0,"194",32.7,"37","0.167","0.367","0.295",45.8,35.1,20,"0.149","0.266","0.258",38.9
"Paredes, Mike",702474,"MIN","ST","Sweeper",-1.1,-1,"121",22,"37","0.219","0.375","0.276",28.3,27,20.8,"0.248","0.385","0.296",25
"Gómez, Yoendrys",672782,"MIN","FC","Cutter",0,0,"126",14.6,"37","0.25","0.438","0.349",19.3,10.8,22.2,"0.3","0.516","0.396",46.4
"Medina, Luis",665622,"ATH","CH","Changeup",0.9,1,"133",14.5,"37","0.143","0.257","0.199",58.5,59.5,32.4,"0.128","0.208","0.173",30.8
"Samaniego, Tyler",701719,"BOS","SI","Sinker",0.3,0,"128",40.8,"37","0.321","0.321","0.377",13.2,13.5,20,"0.259","0.311","0.319",38.5
"Quintana, Jose",500779,"COL","CH","Changeup",-1.2,-2,"144",21,"37","0.333","0.367","0.338",29.7,8.1,6.1,"0.281","0.372","0.346",16.7
"Feltner, Ryan",663372,"COL","ST","Sweeper",-3.1,-4,"140",9.8,"37","0.194","0.5","0.297",19.7,18.9,12.3,"0.278","0.622","0.383",31
"Holton, Tyler",663947,"DET","ST","Sweeper",0.1,0,"141",16.3,"37","0.194","0.333","0.238",37.9,37.8,25.5,"0.229","0.296","0.24",22.7
"Macko, Adam",671936,"TOR","FF","4-Seam Fastball",-1.5,-2,"154",38.5,"37","0.406","0.563","0.459",27.3,18.9,14.6,"0.338","0.576","0.431",48
"Zuber, Tyler",676604,"MIA","FF","4-Seam Fastball",1.5,2,"152",40.6,"37","0.188","0.25","0.284",25.6,29.7,22,"0.221","0.284","0.283",57.1
"Junis, Jakob",596001,"TEX","SI","Sinker",3.1,3,"110",18.8,"37","0.257","0.286","0.266",10.5,18.9,36.8,"0.277","0.403","0.313",57.1
"Junis, Jakob",596001,"TEX","CH","Changeup",0.6,1,"112",19.2,"37","0.25","0.361","0.276",19,10.8,10.5,"0.285","0.346","0.285",43.8
"Fairbanks, Pete",664126,"MIA","SL","Slider",3.3,5,"163",24.1,"37","0.091","0.121","0.139",43.1,40.5,25.9,"0.161","0.276","0.229",26.3
"Lambert, Peter",663567,"HOU","ST","Sweeper",0.3,1,"156",8.3,"37","0.257","0.343","0.285",27.5,21.6,14.5,"0.23","0.392","0.289",37
"Way, Beck",694360,"KC","SI","Sinker",-2,-2,"96",24.7,"37","0.344","0.438","0.416",7.1,10.8,21.1,"0.306","0.439","0.37",46.4
"Bubic, Kris",663460,"KC","CH","Changeup",2.9,5,"162",20,"37","0.114","0.114","0.139",31.9,24.3,14.1,"0.184","0.25","0.216",34.6
"Pearson, Nate",663878,"KC","SL","Slider",-1.3,-2,"144",33,"37","0.281","0.406","0.363",25,21.6,16,"0.267","0.394","0.343",33.3
"Rogers, Trevor",669432,"BAL","FC","Cutter",0.3,1,"192",9.8,"37","0.257","0.429","0.32",22.7,10.8,8.7,"0.284","0.454","0.326",28.1
"Glasnow, Tyler",607192,"LAD","SI","Sinker",3.7,6,"152",25.4,"37","0.097","0.194","0.241",22.8,18.9,28,"0.196","0.371","0.314",29.2
"Borucki, Ryan",621366,"SF","SI","Sinker",-1.2,-2,"133",35,"37","0.333","0.467","0.439",11.5,5.4,11.8,"0.309","0.421","0.389",46.4
"Borucki, Ryan",621366,"SF","SL","Slider",0.3,0,"143",37.6,"37","0.294","0.412","0.319",40.5,24.3,24.3,"0.254","0.334","0.275",38.5
"Walker, Ryan",676254,"SF","SL","Slider",-1.3,-2,"141",28.8,"37","0.229","0.429","0.315",20.3,10.8,8.5,"0.261","0.413","0.299",28.1
"Henry, Cole",669371,"WSH","FF","4-Seam Fastball",-1.2,-2,"135",47.9,"37","0.226","0.484","0.386",22.7,18.9,18.4,"0.229","0.496","0.37",37.5
"Gilbert, Logan",669302,"SEA","FC","Cutter",-0.4,-1,"142",6.6,"37","0.324","0.559","0.403",16.7,8.1,18.8,"0.266","0.424","0.328",48.4
"Márquez, Germán",608566,"SD","SI","Sinker",0.1,0,"128",13.9,"37","0.25","0.469","0.388",5.9,0,0,"0.239","0.371","0.304",30.3
"Harrison, Kyle",690986,"MIL","CH","Changeup",-2.8,-4,"154",9.5,"37","0.306","0.583","0.409",25.7,13.5,10.6,"0.299","0.465","0.338",38.7
"Soto, Gregory",642397,"PIT","FF","4-Seam Fastball",-2.5,-4,"155",17.8,"37","0.233","0.533","0.415",15.9,16.2,8.8,"0.213","0.406","0.346",54.2
"Mlodzinski, Carmen",669387,"PIT","ST","Sweeper",0.6,1,"182",10.7,"37","0.222","0.333","0.253",23.2,32.4,16.9,"0.264","0.388","0.294",37.5
"Alvarado, Elvis",665660,"ATH","SL","Slider",-2.8,-4,"155",24,"37","0.25","0.556","0.327",35.4,29.7,17.5,"0.252","0.552","0.366",34.6
"Keller, Mitch",656605,"PIT","CU","Curveball",-1.3,-2,"171",9.1,"37","0.161","0.323","0.284",36.5,45.9,27.4,"0.175","0.281","0.277",50
"Perkins, Jack",678022,"ATH","FC","Cutter",-0.5,-1,"169",12,"37","0.389","0.556","0.399",14.9,5.4,22.2,"0.284","0.44","0.301",25.7
"Lovelady, Richard",663992,"WSH","SI","Sinker",-1.9,-3,"160",29.7,"36","0.464","0.536","0.5",20.3,8.3,20,"0.395","0.476","0.451",52
"Zerpa, Angel",672582,"MIL","SI","Sinker",-0.5,-1,"147",68.1,"36","0.3","0.467","0.383",19.3,16.7,15,"0.338","0.489","0.407",52
"Sugano, Tomoyuki",608372,"COL","ST","Sweeper",-2,-4,"190",10.5,"36","0.294","0.559","0.36",19.7,8.3,10,"0.288","0.526","0.346",31.3
"Sandoval, Patrick",663776,"BOS","SL","Slider",-1.7,-2,"140",28.6,"36","0.303","0.455","0.339",27.4,22.2,20.5,"0.272","0.417","0.312",23.1
"Soriano, George",666277,"STL","SL","Slider",0.6,1,"193",22.2,"36","0.2","0.333","0.313",35.5,11.1,11.1,"0.26","0.42","0.337",44.4
"Young, Danny",664849,"ATL","SI","Sinker",-2.6,-3,"117",50.2,"36","0.393","0.607","0.484",10.4,11.1,17.4,"0.314","0.61","0.452",68
"Schweitzer, Tyler",805326,"CWS","FF","4-Seam Fastball",2.4,4,"151",41.9,"36","0.188","0.25","0.247",23.5,8.3,6.4,"0.296","0.462","0.366",48.3
"McLean, Nolan",690997,"NYM","CH","Changeup",-1.4,-2,"140",6.2,"36","0.265","0.441","0.349",25.7,22.2,14.3,"0.265","0.439","0.324",26.9
"Ahlstrom, Robby",695239,"TEX","SL","Slider",3.1,3,"103",23.4,"36","0.182","0.333","0.258",34.6,22.2,20.5,"0.179","0.299","0.245",40
"Thornton, Zac",804267,"NYM","SL","Slider",-0.1,0,"97",15.2,"36","0.226","0.355","0.313",25,19.4,15.2,"0.28","0.474","0.374",58.3
"Lord, Brad",695418,"WSH","ST","Sweeper",-2,-3,"155",14.2,"36","0.156","0.469","0.304",20.3,27.8,15.6,"0.244","0.547","0.371",36.4
"Ashby, Aaron",676879,"MIL","CH","Changeup",-1.4,-2,"133",11.1,"36","0.233","0.333","0.303",52.1,33.3,27.9,"0.169","0.2","0.243",26.3
"Alvarez, Andrew",674841,"WSH","SI","Sinker",1.3,2,"165",14.2,"36","0.313","0.344","0.347",15.2,2.8,14.3,"0.39","0.517","0.427",48.4
"Franco, Jose",683742,"CIN","SL","Slider",-0.5,-1,"141",40.5,"36","0.219","0.375","0.299",28.8,22.2,21.1,"0.164","0.24","0.243",24
"Vásquez, Randy",681190,"SD","ST","Sweeper",-1.7,-2,"116",6.7,"35","0.313","0.594","0.391",11.5,8.6,5.4,"0.374","0.746","0.472",43.3
"Chivilli, Angel",683409,"NYY","CH","Changeup",0.5,1,"119",41.8,"35","0.161","0.355","0.306",34.8,28.6,24.4,"0.191","0.368","0.289",33.3
"Cantillo, Joey",676282,"CLE","FC","Cutter",-3.3,-4,"120",5.7,"35","0.469","0.813","0.576",23,5.7,28.6,"0.385","0.706","0.484",36.7
"Garcia, Rico",670329,"BAL","CU","Curveball",3.3,4,"133",18.3,"35","0.118","0.147","0.133",39.3,42.9,28.3,"0.151","0.247","0.185",47.4
"Sisk, Evan",681895,"PIT","ST","Sweeper",-0.1,0,"121",16.3,"35","0.226","0.226","0.24",34.7,31.4,17.7,"0.2","0.255","0.236",28.6
"Burke, Sean",680732,"CWS","FC","Cutter",2.4,4,"181",8.3,"35","0.242","0.394","0.297",28.4,17.1,28.6,"0.251","0.382","0.296",55.6
"Cole, Gerrit",543037,"NYY","CU","Curveball",-1.1,-2,"160",13.1,"35","0.294","0.559","0.37",19.7,20,18.9,"0.269","0.38","0.291",59.3
"Akin, Keegan",669211,"BAL","CH","Changeup",-2.2,-2,"114",25.7,"35","0.333","0.485","0.412",20,14.3,11.9,"0.262","0.395","0.306",25
"Sandoval, Patrick",663776,"BOS","FF","4-Seam Fastball",-1.4,-2,"110",22.4,"35","0.4","0.633","0.48",16.1,11.4,25,"0.324","0.502","0.403",42.3
"Silseth, Chase",681217,"TEX","ST","Sweeper",1.6,2,"140",17.1,"35","0.206","0.324","0.241",30.2,28.6,21.7,"0.203","0.288","0.226",8.3
"Pintaro, Jonathan",702752,"NYM","FC","Cutter",0.4,1,"141",54.2,"35","0.214","0.536","0.391",30.4,14.3,15.2,"0.231","0.492","0.376",25
"Basso, Brady",669620,"ATH","FF","4-Seam Fastball",2.2,3,"120",40.1,"35","0.212","0.394","0.281",23,14.3,15.2,"0.231","0.322","0.264",28.6
"Pérez, Eury",691587,"MIA","CH","Changeup",-1.6,-3,"170",9,"35","0.2","0.371","0.263",42.5,31.4,16.2,"0.203","0.406","0.277",20.8
"Avila, Luinder",679883,"KC","CU","Curveball",-1,-2,"190",14.7,"35","0.333","0.633","0.41",24,11.4,8.2,"0.272","0.55","0.383",42.9
"Hill, Jaden",677955,"COL","SL","Slider",0.3,0,"143",29.7,"35","0.172","0.31","0.27",38.2,34.3,28.6,"0.222","0.342","0.301",50
"Stanek, Ryne",592773,"STL","FS","Split-Finger",-0.2,0,"124",14.8,"35","0.152","0.273","0.21",35,45.7,20.8,"0.102","0.172","0.15",29.4
"Senga, Kodai",673540,"NYM","FC","Cutter",-2,-3,"141",15.9,"35","0.37","0.556","0.469",25.8,5.7,10,"0.268","0.331","0.362",28
"Svanson, Matt",694335,"STL","FC","Cutter",-1.4,-2,"171",21.7,"35","0.333","0.467","0.379",19.3,17.1,16.2,"0.33","0.514","0.392",56
"Watson, Ryan",670245,"LAA","CU","Curveball",-0.6,-1,"133",14.4,"35","0.188","0.219","0.21",35.3,34.3,17.9,"0.197","0.235","0.219",33.3
"Greene, Hunter",668881,"CIN","SL","Slider",-3.7,-5,"145",31.8,"35","0.344","0.625","0.416",46.3,40,29.2,"0.281","0.484","0.337",57.9
"Dobbins, Hunter",690928,"STL","ST","Sweeper",-2.7,-3,"116",15.3,"35","0.265","0.588","0.366",22.6,25.7,18,"0.174","0.303","0.217",28
"Ohtani, Shohei",660271,"LAD","FS","Split-Finger",-1.5,-2,"114",8.5,"35","0.294","0.382","0.296",34.5,28.6,21.3,"0.251","0.292","0.237",36
"Milner, Hoby",571948,"CHC","ST","Sweeper",1.5,2,"162",28.5,"35","0.097","0.226","0.184",23.5,20,12.7,"0.169","0.278","0.237",28
"Keller, Mitch",656605,"PIT","FC","Cutter",-3.2,-4,"140",7.4,"35","0.323","0.613","0.456",20.5,8.6,15,"0.303","0.486","0.38",21.4
"Palmquist, Carson",687223,"WSH","ST","Sweeper",-0.4,-1,"131",41.9,"35","0.226","0.258","0.25",31,28.6,18.9,"0.258","0.351","0.296",13.6
"Taylor, Grant",691799,"CWS","SL","Slider",0.2,0,"146",14.6,"35","0.2","0.314","0.221",30.4,40,20.3,"0.139","0.201","0.147",23.8
"Cleavinger, Garrett",664076,"TB","SI","Sinker",-2.2,-4,"166",27.1,"35","0.385","0.615","0.499",15.5,5.7,11.8,"0.405","0.607","0.503",62.5
"Hoffmann, Andrew",694851,"AZ","FF","4-Seam Fastball",-1.1,-1,"118",51.5,"35","0.31","0.552","0.456",12.5,20,21.2,"0.243","0.44","0.341",56.5
"Faucher, Calvin",676534,"MIA","CU","Curveball",-2,-3,"132",14.7,"35","0.265","0.412","0.309",23.5,31.4,18,"0.252","0.374","0.264",29.2
"Crochet, Garrett",676979,"BOS","SI","Sinker",-1.8,-2,"116",22.4,"35","0.296","0.444","0.399",20.8,20,33.3,"0.262","0.462","0.388",38.1
"Hill, Jaden",677955,"COL","FF","4-Seam Fastball",1.2,2,"146",30.4,"35","0.226","0.323","0.316",28.6,25.7,18,"0.223","0.292","0.279",27.3
"Painter, Andrew",691725,"PHI","ST","Sweeper",-0.5,-1,"189",13.7,"35","0.241","0.517","0.374",22.6,11.4,10.8,"0.238","0.369","0.324",23.1
"Abner, Philip",691769,"AZ","FF","4-Seam Fastball",-0.2,0,"129",55.6,"34","0.3","0.367","0.341",13.1,8.8,10.7,"0.359","0.577","0.435",40.7
"Banda, Anthony",607455,"MIN","FF","4-Seam Fastball",-1.1,-2,"158",26,"34","0.276","0.517","0.388",15.7,11.8,9.1,"0.308","0.574","0.422",52
"Brogdon, Connor",641401,"CLE","FF","4-Seam Fastball",-0.6,-1,"129",48.3,"34","0.267","0.633","0.394",28.4,29.4,24.4,"0.238","0.54","0.35",45.5
"Adams, Travis",701519,"MIN","SL","Slider",0.1,0,"131",21.2,"34","0.212","0.394","0.269",40,38.2,23.2,"0.197","0.295","0.225",30
"Rodón, Carlos",607074,"NYY","CH","Changeup",0.5,1,"129",15.6,"34","0.25","0.313","0.253",40.9,26.5,18.8,"0.234","0.31","0.249",20.8
"Coulombe, Danny",543056,"BOS","FC","Cutter",1.1,2,"143",37.1,"34","0.167","0.267","0.247",19.4,14.7,16.1,"0.202","0.259","0.26",12
"Ferrer, José A.",678606,"SEA","CH","Changeup",0,0,"136",17.2,"34","0.176","0.206","0.196",40.6,32.4,15.5,"0.193","0.261","0.195",26.1
"Estrada, Jeremiah",669093,"SD","FS","Split-Finger",1.5,2,"135",31,"34","0.129","0.258","0.21",49.2,50,32.7,"0.164","0.243","0.221",21.4
"Blackburn, Paul",621112,"NYY","CU","Curveball",1.5,2,"140",15.1,"34","0.1","0.2","0.194",36.4,44.1,28.8,"0.114","0.21","0.205",13.3
"King, John",667463,"MIA","SL","Slider",-0.5,-1,"136",20.9,"34","0.212","0.545","0.303",20,11.8,12.5,"0.321","0.647","0.397",43.3
"Cruz, Steven",674444,"KC","SL","Slider",-3.9,-4,"113",15.9,"34","0.242","0.636","0.372",22.6,35.3,16.9,"0.261","0.522","0.341",42.9
"Keller, Brad",641745,"PHI","SL","Slider",2.8,3,"120",22.5,"34","0.156","0.281","0.216",24.6,26.5,23.7,"0.134","0.191","0.173",26.1
"Márquez, Germán",608566,"SD","SL","Slider",0.2,0,"119",13,"34","0.182","0.364","0.271",30.6,23.5,22.2,"0.18","0.309","0.223",36
"Soroka, Michael",647336,"AZ","FC","Cutter",-0.2,0,"159",11.6,"34","0.313","0.625","0.403",18.2,11.8,26.7,"0.301","0.588","0.384",34.5
"Bubic, Kris",663460,"KC","ST","Sweeper",-1.4,-2,"140",17.3,"34","0.273","0.545","0.354",29.1,35.3,32.4,"0.265","0.474","0.325",38.1
"Wolfram, Grant",664991,"BAL","FF","4-Seam Fastball",0.4,1,"142",22.5,"34","0.192","0.423","0.34",25.8,17.6,13,"0.266","0.474","0.386",33.3
"Whitlock, Garrett",676477,"BOS","CH","Changeup",0.1,0,"106",17.1,"34","0.226","0.355","0.269",35.5,35.3,23.5,"0.19","0.245","0.214",30
"Holmes, Clay",605280,"CHC","ST","Sweeper",1.4,2,"176",19.6,"34","0.167","0.2","0.225",32.4,50,30.9,"0.131","0.156","0.192",30.8
"Sousa, Bennett",656986,"HOU","SL","Slider",2.9,4,"146",73.7,"34","0.1","0.1","0.162",41.4,38.2,25,"0.111","0.177","0.19",11.8
"Winn, Keaton",676775,"SF","FF","4-Seam Fastball",-1.9,-3,"154",24.6,"34","0.333","0.6","0.444",8.8,14.7,11.4,"0.292","0.618","0.42",44
"Leiter Jr., Mark",643410,"ATH","SI","Sinker",4.1,6,"144",26.1,"34","0.226","0.226","0.247",13.3,5.9,20,"0.312","0.366","0.331",17.2
"Collyer, Gavin",686560,"TEX","FC","Cutter",1.4,2,"153",34.3,"34","0.233","0.267","0.278",23.3,14.7,18.5,"0.294","0.402","0.348",40
"Peoples, Ben",687239,"TEX","FF","4-Seam Fastball",0.6,1,"137",60.1,"34","0.172","0.379","0.3",20,8.8,6,"0.23","0.423","0.339",30.8
"Agnos, Zach",688642,"COL","FS","Split-Finger",-1,-1,"121",10.7,"34","0.233","0.333","0.299",35.8,26.5,16.1,"0.261","0.318","0.305",23.8
"Javier, Cristian",664299,"HOU","ST","Sweeper",-2.4,-3,"128",22.6,"34","0.242","0.515","0.329",25.5,26.5,20,"0.2","0.291","0.225",29.2
"Pérez, Cionel",672335,"NYM","CU","Curveball",0.5,1,"128",18.2,"34","0.188","0.313","0.269",27.6,26.5,22,"0.275","0.491","0.348",56.5
"Alexander, Tyler",641302,"TEX","ST","Sweeper",0.5,1,"140",17.1,"34","0.242","0.394","0.312",27.5,14.7,12.8,"0.222","0.355","0.259",25
"Gage, Matt",657424,"SF","FF","4-Seam Fastball",0.8,1,"174",33.1,"34","0.222","0.444","0.383",25.8,23.5,16,"0.175","0.276","0.286",15
"Morgan, Eli",669212,"KC","FF","4-Seam Fastball",-3.1,-4,"126",37.2,"34","0.379","0.621","0.511",18.5,5.9,7.4,"0.4","0.618","0.476",51.9
"Kent, Zak",687849,"WSH","FF","4-Seam Fastball",-0.5,-1,"108",41.5,"34","0.25","0.531","0.428",8.5,8.8,20,"0.224","0.386","0.285",41.4
"Latz, Jacob",656641,"TEX","CH","Changeup",3.2,5,"155",18.3,"34","0.091","0.121","0.11",42.5,29.4,19.6,"0.169","0.22","0.185",21.7
"Graceffo, Gordon",700669,"STL","CH","Changeup",3.2,4,"111",12.5,"33","0.065","0.097","0.108",19.1,18.2,16.2,"0.136","0.218","0.186",36
"Kinley, Tyler",641755,"ATL","CU","Curveball",-1.7,-2,"105",15.8,"33","0.188","0.344","0.239",28.3,27.3,18.4,"0.196","0.362","0.248",21.7
"Quintana, Jose",500779,"COL","SI","Sinker",-1,-1,"133",19.4,"33","0.296","0.481","0.4",10,12.1,16.7,"0.282","0.492","0.395",60.9
"Phillips, Tyler",663969,"MIA","FF","4-Seam Fastball",-3.6,-5,"131",8.8,"33","0.4","0.733","0.495",10.6,6.1,7.4,"0.319","0.513","0.377",24.1
"Hernández, Jonathan",642546,"LAD","SL","Slider",-0.1,0,"166",43.8,"33","0.226","0.323","0.292",25.8,24.2,14.8,"0.233","0.29","0.257",30.4
"Schweitzer, Tyler",805326,"CWS","SL","Slider",-0.9,-1,"128",35.6,"33","0.3","0.533","0.385",25.4,12.1,12.1,"0.308","0.494","0.376",53.8
"Adams, Travis",701519,"MIN","FC","Cutter",0.9,1,"127",20.5,"33","0.259","0.37","0.352",27.1,24.2,30.8,"0.236","0.299","0.32",31.6
"Vest, Will",676684,"DET","SL","Slider",0.6,1,"140",28.9,"33","0.25","0.313","0.247",41.4,30.3,14.5,"0.252","0.356","0.258",30.4
"Kerkering, Orion",689147,"PHI","SI","Sinker",-1.6,-2,"154",18,"33","0.321","0.464","0.441",11.3,3,3.3,"0.197","0.288","0.27",14.3
"Wilson, Bryse",669060,"MIL","FC","Cutter",-0.3,0,"138",34.4,"33","0.313","0.469","0.348",13.3,9.1,9.1,"0.301","0.48","0.343",37.9
"Valdez, Framber",664285,"DET","SL","Slider",1.3,1,"102",4.8,"33","0.129","0.161","0.162",42.9,45.5,23.1,"0.113","0.139","0.147",18.8
"Ribalta, Orlando",687377,"WSH","SI","Sinker",-2,-2,"113",18.2,"33","0.387","0.516","0.392",9.7,3,5.3,"0.362","0.502","0.373",25.8
"Pomeranz, Drew",519141,"CHC","CU","Curveball",0.3,0,"129",27,"33","0.194","0.226","0.223",15.4,21.2,12.1,"0.292","0.388","0.319",41.7
"Arrighetti, Spencer",681293,"HOU","FC","Cutter",0.4,0,"94",6.3,"33","0.241","0.517","0.375",13.3,18.2,35.3,"0.259","0.517","0.372",43.5
"Faucher, Calvin",676534,"MIA","SI","Sinker",1.3,2,"131",14.5,"33","0.154","0.192","0.268",17,18.2,20,"0.2","0.245","0.301",50
"Schultz, Noah",702273,"CWS","CH","Changeup",-3.3,-4,"115",10,"33","0.355","0.419","0.391",28.6,24.2,13.1,"0.286","0.355","0.304",30.4
"Waldron, Matt",663362,"TOR","FF","4-Seam Fastball",-3,-3,"117",19.8,"33","0.31","0.655","0.439",19.7,18.2,13,"0.224","0.489","0.347",39.1
"Soroka, Michael",647336,"AZ","SI","Sinker",3.8,5,"140",10.2,"33","0.161","0.226","0.221",16,12.1,22.2,"0.217","0.361","0.293",25.9
"Gray, Peyton",682608,"TEX","SL","Slider",-1,-2,"156",20.3,"33","0.241","0.379","0.37",24.2,6.1,12.5,"0.253","0.368","0.304",37.9
"Suter, Brent",608718,"ATL","SL","Slider",-0.2,0,"171",14.4,"33","0.219","0.531","0.331",32.4,30.3,18.2,"0.281","0.514","0.348",36.4
"Javier, Cristian",664299,"HOU","CH","Changeup",-3.3,-3,"93",16.4,"33","0.323","0.548","0.391",25.9,18.2,18.2,"0.267","0.498","0.349",16
"Irvin, Jake",663623,"WSH","FC","Cutter",-1.5,-2,"137",11.6,"33","0.333","0.606","0.397",12.1,12.1,19,"0.315","0.668","0.413",51.7
"Alexander, Tyler",641302,"TEX","FF","4-Seam Fastball",2.9,4,"135",16.5,"33","0.194","0.194","0.206",30.2,45.5,22.1,"0.202","0.313","0.249",50
"Gilbert, Logan",669302,"SEA","CH","Changeup",1,2,"155",7.2,"33","0.194","0.226","0.217",30.4,30.3,23.3,"0.226","0.314","0.261",33.3
"Thielbar, Caleb",573204,"CHC","SL","Slider",-1,-1,"135",21.3,"33","0.345","0.586","0.448",35.2,18.2,15.8,"0.316","0.518","0.397",43.5
"Falter, Bailey",663559,"KC","FF","4-Seam Fastball",-4.5,-5,"100",55.6,"33","0.5","0.786","0.576",9.5,0,0,"0.415","0.596","0.474",39.3
"Messick, Parker",800048,"CLE","CU","Curveball",-1.4,-3,"215",10.2,"33","0.29","0.548","0.376",11.3,3,2.8,"0.239","0.429","0.309",16.7
"Melton, Troy",675512,"DET","FS","Split-Finger",1.2,2,"131",11.3,"33","0.152","0.212","0.158",36.1,33.3,22.4,"0.207","0.262","0.204",31.8
"Lopez, Jacob",682052,"ATH","CH","Changeup",-5.6,-7,"132",8.8,"33","0.516","0.774","0.545",23,9.1,11.1,"0.346","0.524","0.384",31
"Rodriguez, Grayson",680570,"LAA","SL","Slider",-2.4,-3,"116",11.4,"33","0.31","0.586","0.397",35.6,30.3,28.6,"0.28","0.53","0.366",35
"Kilian, Caleb",668873,"PHI","SI","Sinker",-0.3,0,"106",13.5,"33","0.333","0.333","0.384",25,9.1,20,"0.251","0.358","0.343",33.3
"Lauer, Eric",641778,"LAD","SL","Slider",-1.4,-2,"130",8.1,"33","0.258","0.387","0.305",14.7,9.1,5.8,"0.213","0.296","0.248",28.6
"Waldron, Matt",663362,"TOR","SI","Sinker",-1.2,-1,"95",16.1,"33","0.379","0.586","0.42",16.7,15.2,29.4,"0.289","0.512","0.374",53.8
"Bidois, Brandan",684049,"PIT","SL","Slider",-0.6,-1,"136",41.8,"33","0.269","0.308","0.371",44.8,27.3,24.3,"0.233","0.38","0.376",41.2
"Maxwell, Zach",687209,"CIN","FF","4-Seam Fastball",-2.6,-4,"138",55.6,"33","0.429","0.679","0.511",8.2,15.2,10,"0.352","0.582","0.445",47.8
"Romero, JoJo",668941,"STL","CH","Changeup",-2.7,-3,"129",17.9,"33","0.226","0.355","0.305",32.8,24.2,13.6,"0.242","0.329","0.273",30.4
"Alcantara, Sandy",645261,"MIA","SL","Slider",1.5,2,"166",6.7,"33","0.156","0.281","0.202",30.8,30.3,16.9,"0.14","0.237","0.177",31.8
"Kuhnel, Joel",669270,"MIL","FC","Cutter",-2,-4,"178",31.7,"33","0.355","0.645","0.456",36.1,18.2,14.6,"0.293","0.477","0.351",48
"Wells, Tyler",669330,"TB","SL","Slider",2.8,4,"133",15.1,"33","0.125","0.219","0.164",31,33.3,22.9,"0.214","0.443","0.291",47.6
"Kilian, Caleb",668873,"PHI","SL","Slider",2.3,2,"101",12.8,"33","0.129","0.419","0.252",43.1,39.4,39.4,"0.154","0.414","0.264",38.9
"Keller, Brad",641745,"PHI","FF","4-Seam Fastball",-2.9,-5,"170",31.9,"33","0.44","0.56","0.503",21.4,21.2,14.6,"0.32","0.41","0.409",55.6
"Montgomery, Mason",682254,"PIT","CU","Curveball",-3.3,-4,"116",14.1,"32","0.3","0.6","0.428",35.8,37.5,24.5,"0.242","0.467","0.326",50
"Herget, Jimmy",623474,"COL","SI","Sinker",-0.8,-1,"148",23.2,"32","0.37","0.519","0.414",11.8,3.1,14.3,"0.395","0.699","0.502",66.7
"Kochanowicz, Jack",686799,"LAA","SL","Slider",0.7,1,"180",16.3,"32","0.08","0.08","0.194",37.5,21.9,20,"0.239","0.387","0.348",36.8
"Mantiply, Joe",573009,"TOR","SI","Sinker",0.1,0,"121",45.8,"32","0.346","0.5","0.408",3.8,12.5,14.8,"0.318","0.608","0.435",56.5
"Helsley, Ryan",664854,"BAL","FF","4-Seam Fastball",-0.4,0,"123",45.1,"32","0.222","0.481","0.386",33.3,28.1,36,"0.209","0.402","0.328",55.6
"Vodnik, Victor",680767,"MIA","CH","Changeup",-0.3,0,"115",16,"32","0.179","0.393","0.275",26.4,28.1,22.5,"0.204","0.403","0.289",30
"Morgan, Eli",669212,"KC","CH","Changeup",0.8,1,"112",33,"32","0.207","0.414","0.303",17.5,15.6,12.2,"0.258","0.396","0.318",20.8
"Kolek, Stephen",663568,"KC","CH","Changeup",0.7,1,"100",11.9,"32","0.3","0.3","0.297",16,15.6,16.7,"0.321","0.418","0.344",24
"Ferguson, Tyler",621053,"CHC","FF","4-Seam Fastball",-2,-2,"123",48,"32","0.267","0.733","0.428",28.8,31.3,25,"0.267","0.59","0.381",65
"Dotel, Wilber",696062,"PIT","SL","Slider",0.2,0,"105",23.2,"32","0.281","0.406","0.298",34,37.5,30.8,"0.166","0.281","0.19",35
"Brubaker, JT",664141,"SF","CH","Changeup",3.1,4,"127",13.9,"32","0.167","0.167","0.184",24.2,12.5,13.3,"0.195","0.274","0.234",15.4
"Tidwell, Blade",694918,"SF","FF","4-Seam Fastball",-0.2,0,"128",33.9,"32","0.259","0.407","0.352",20,18.8,14.3,"0.276","0.446","0.37",61.9
"King, John",667463,"MIA","CH","Changeup",3.3,4,"130",20,"32","0.097","0.194","0.141",35.1,31.3,25,"0.18","0.334","0.234",38.1
"Johnson, Seth",686751,"ATH","SL","Slider",0.5,1,"142",34.5,"32","0.207","0.414","0.331",27.4,21.9,17.5,"0.277","0.404","0.332",36.4
"Bowlan, Jonathan",680742,"PHI","CH","Changeup",-0.3,0,"102",15,"32","0.286","0.429","0.358",33.3,15.6,19.2,"0.244","0.391","0.324",34.8
"Akin, Keegan",669211,"BAL","SL","Slider",-1.4,-2,"110",24.8,"32","0.3","0.433","0.37",19,3.1,2.9,"0.267","0.366","0.3",17.2
"Patrick, Chad",694477,"MIL","SV","Slurve",-1.4,-2,"124",8.8,"32","0.233","0.333","0.273",22,28.1,11.8,"0.21","0.281","0.242",38.1
"Smith, Dylan",681916,"SF","ST","Sweeper",3.1,4,"119",29.2,"32","0.161","0.226","0.163",31.9,31.3,22.2,"0.185","0.26","0.199",31.8
"McCullers Jr., Lance",621121,"MIL","CU","Curveball",-1.4,-2,"116",14.6,"32","0.214","0.429","0.323",45.6,43.8,21.9,"0.17","0.338","0.276",64.3
"Vásquez, Randy",681190,"SD","SL","Slider",-2.3,-2,"100",5.8,"32","0.313","0.563","0.372",27.8,21.9,14.6,"0.242","0.442","0.289",40
"Meyer, Max",676974,"MIA","CH","Changeup",0.2,0,"183",10.2,"32","0.276","0.345","0.3",33.8,15.6,14.3,"0.315","0.433","0.348",40
"Madden, Ty",680744,"DET","SL","Slider",3.4,4,"125",23,"32","0.125","0.156","0.123",31.1,43.8,27.5,"0.151","0.236","0.166",22.2
"Adams, Travis",701519,"MIN","FF","4-Seam Fastball",-2.6,-4,"152",24.6,"32","0.346","0.769","0.509",15.1,12.5,11.4,"0.355","0.883","0.55",45.5
"Coulombe, Danny",543056,"BOS","SI","Sinker",-0.7,-1,"114",29.6,"32","0.36","0.36","0.406",10.4,0,0,"0.347","0.431","0.418",40
"Castaño, Blas",680604,"COL","SI","Sinker",0.9,1,"141",41.1,"32","0.25","0.357","0.347",12.5,15.6,16.1,"0.283","0.47","0.368",47.8
"Leasure, Jordan",673929,"CWS","SL","Slider",-2.7,-3,"129",41.2,"32","0.345","0.724","0.472",38.3,28.1,25,"0.359","0.731","0.482",40
"Rucker, Michael",621074,"SEA","CU","Curveball",1.9,3,"134",31.8,"32","0.133","0.133","0.168",37.7,46.9,28.3,"0.178","0.212","0.188",25
"Hill, Jaden",677955,"COL","SI","Sinker",-3.8,-4,"98",20.4,"32","0.435","0.696","0.545",8.2,3.1,9.1,"0.293","0.541","0.45",54.5
"Rolison, Ryan",669020,"CHC","SL","Slider",-0.1,0,"114",15.8,"31","0.345","0.379","0.347",17.3,12.9,18.2,"0.301","0.383","0.324",36
"Black, Mason",696131,"KC","SI","Sinker",0.8,1,"113",24.4,"31","0.231","0.385","0.311",21.7,12.9,19,"0.319","0.554","0.425",47.8
"Sears, JP",676664,"SD","CH","Changeup",-3.4,-4,"110",20.8,"31","0.321","0.5","0.4",24.5,12.9,21.1,"0.371","0.545","0.426",54.2
"Sheehan, Emmet",686218,"LAD","CU","Curveball",0.8,1,"186",11,"31","0.185","0.259","0.258",26.2,16.1,14.7,"0.2","0.23","0.254",13.6
"Fernandez, Ryan",681676,"STL","SL","Slider",1.5,2,"107",45.3,"31","0.143","0.25","0.248",46.4,48.4,31.9,"0.163","0.343","0.261",30.8
"Speier, Gabe",642100,"SEA","SL","Slider",-0.6,-1,"137",28.5,"31","0.24","0.32","0.31",26.2,22.6,13.2,"0.219","0.294","0.295",26.3
"De Jesus, Enmanuel",646241,"DET","FC","Cutter",-1.5,-2,"102",16.7,"31","0.3","0.433","0.317",34.6,25.8,21.6,"0.294","0.471","0.328",43.5
"Ferguson, Caleb",657571,"STL","FC","Cutter",-0.8,-1,"127",25.6,"31","0.192","0.308","0.294",25.4,29,21.4,"0.26","0.43","0.358",41.2
"Alexander, Jason",669920,"HOU","CH","Changeup",1.9,2,"105",35.1,"31","0.167","0.267","0.203",29.4,22.6,18.4,"0.257","0.34","0.274",17.4
"Kahnle, Tommy",592454,"BOS","CH","Changeup",-3.2,-3,"106",63.1,"31","0.357","0.679","0.463",20.3,16.1,14.3,"0.281","0.527","0.376",60.9
"Gamboa, Alec",687941,"BOS","FF","4-Seam Fastball",1.6,2,"104",52.3,"31","0.231","0.308","0.297",22.2,22.6,20,"0.159","0.201","0.226",25
"Early, Connelly",813349,"BOS","SL","Slider",0.4,1,"123",8,"31","0.2","0.52","0.393",28.6,9.7,18.8,"0.256","0.442","0.366",43.5
"Morgan, David",688158,"SD","SI","Sinker",-2.4,-3,"113",28.4,"31","0.36","0.52","0.444",15.4,6.5,11.8,"0.297","0.355","0.364",26.1
"Anderson, Shaun",641312,"LAA","SL","Slider",-3.7,-3,"94",26.8,"31","0.435","0.609","0.542",27.9,16.1,33.3,"0.358","0.6","0.476",42.1
"Sisk, Evan",681895,"PIT","FF","4-Seam Fastball",1.2,2,"123",16.6,"31","0.231","0.385","0.311",31.9,38.7,24.5,"0.157","0.238","0.233",26.7
"Kelly, Zack",677161,"BOS","FC","Cutter",1.3,2,"124",43.8,"31","0.259","0.407","0.34",21.2,16.1,38.5,"0.374","0.628","0.462",54.5
"King, John",667463,"MIA","ST","Sweeper",4.9,5,"92",14.1,"31","0.1","0.133","0.121",24.4,22.6,18.9,"0.158","0.21","0.176",21.7
"Ferguson, Caleb",657571,"STL","FF","4-Seam Fastball",-0.1,0,"130",26.2,"31","0.296","0.481","0.358",12.9,6.5,5.7,"0.222","0.29","0.267",23.1
"May, Dustin",669160,"MIL","CH","Changeup",-2.5,-3,"136",7,"31","0.29","0.548","0.367",20.7,22.6,21.2,"0.295","0.529","0.349",45.8
"Mears, Nick",683232,"KC","FF","4-Seam Fastball",1.8,2,"125",36.7,"31","0.167","0.208","0.263",9.3,9.7,8.6,"0.303","0.418","0.376",45.5
"Criswell, Cooper",681867,"SEA","SI","Sinker",1.2,1,"120",26,"31","0.321","0.357","0.34",12.3,0,0,"0.323","0.385","0.347",50
"Banks, Tanner",621383,"PHI","ST","Sweeper",-0.6,-1,"127",23,"31","0.345","0.483","0.382",24.6,19.4,14.3,"0.264","0.359","0.296",26.1
"Bummer, Aaron",607481,"KC","SI","Sinker",-2.6,-3,"127",38.7,"31","0.4","0.8","0.544",11.5,12.9,22.2,"0.285","0.493","0.402",57.1
"Zeferjahn, Ryan",666171,"CHC","SI","Sinker",-0.9,-1,"153",15,"31","0.308","0.5","0.417",11.5,16.1,17.9,"0.269","0.375","0.349",42.9
"Morgan, David",688158,"SD","FF","4-Seam Fastball",0.2,0,"113",28.4,"31","0.32","0.4","0.38",30.4,25.8,24.2,"0.206","0.258","0.285",22.2
"Medina, Luis",665622,"ATH","SL","Slider",3.6,5,"146",15.9,"31","0.069","0.069","0.103",39.7,32.3,24.4,"0.142","0.212","0.187",10.5
"Dobbins, Hunter",690928,"STL","SI","Sinker",2,2,"96",12.7,"31","0.185","0.185","0.265",21.4,19.4,23.1,"0.258","0.296","0.301",66.7
"Cosgrove, Tom",676680,"WSH","ST","Sweeper",0.3,0,"114",66.7,"31","0.231","0.423","0.329",12.5,22.6,21.9,"0.204","0.294","0.257",33.3
"Dobnak, Randy",677976,"KC","ST","Sweeper",0.7,1,"166",26.9,"31","0.192","0.385","0.294",35.5,22.6,16.3,"0.269","0.448","0.346",45
"Scott, Christian",681035,"NYM","CU","Curveball",-5,-4,"79",5.5,"31","0.367","0.6","0.421",12.2,22.6,12.7,"0.246","0.343","0.269",34.8
"Freeland, Kyle",607536,"COL","SI","Sinker",-2.5,-4,"138",7.5,"30","0.464","0.857","0.567",15.3,6.7,11.8,"0.316","0.526","0.381",42.3
"Palmquist, Carson",687223,"WSH","SI","Sinker",-0.9,-1,"102",32.6,"30","0.44","0.56","0.474",7,6.7,13.3,"0.305","0.378","0.35",33.3
"Leiter, Jack",683004,"TEX","SI","Sinker",-1.1,-1,"102",7.3,"30","0.346","0.462","0.4",5.9,6.7,14.3,"0.327","0.457","0.385",37.5
"Minter, A.J.",621345,"MIN","FF","4-Seam Fastball",-2.6,-3,"119",29.8,"30","0.357","0.679","0.455",23,20,18.2,"0.324","0.697","0.447",50
"Woodruff, Brandon",605540,"MIL","CH","Changeup",2.5,3,"136",21.3,"30","0.133","0.167","0.132",38.2,36.7,25.6,"0.171","0.24","0.177",15.8
"Zeferjahn, Ryan",666171,"CHC","SL","Slider",0,0,"109",10.7,"30","0.25","0.333","0.373",20.4,13.3,18.2,"0.225","0.297","0.321",40
"Erceg, Lucas",668674,"KC","CH","Changeup",-6.2,-7,"112",13.8,"30","0.542","1","0.64",19.6,0,0,"0.436","0.628","0.487",36
"Smith, Burch",572143,"DET","FF","4-Seam Fastball",0,0,"125",43.6,"30","0.231","0.5","0.358",23.7,36.7,26.8,"0.171","0.33","0.277",46.7
"Peralta, Wandy",593974,"SD","SL","Slider",0.3,1,"161",16.5,"30","0.25","0.375","0.343",26.5,20,13.6,"0.218","0.279","0.301",15.8
"Granillo, Andre",701552,"WSH","SL","Slider",-1.7,-2,"118",59.6,"30","0.321","0.571","0.402",12.2,10,12,"0.297","0.454","0.348",32
"Ramírez, Yohan",670990,"PIT","CU","Curveball",-2.1,-3,"141",12.9,"30","0.24","0.44","0.357",29.4,33.3,21.7,"0.19","0.345","0.305",26.7
"Gastelum, Luis",703725,"STL","CH","Changeup",-0.9,-1,"92",36.5,"30","0.222","0.556","0.335",48.1,36.7,26.2,"0.188","0.394","0.272",23.5
"Agnos, Zach",688642,"COL","ST","Sweeper",1.7,3,"168",14.9,"30","0.138","0.241","0.178",36.8,30,19.6,"0.204","0.28","0.225",30
"Paddack, Chris",663978,"TEX","FC","Cutter",-2.6,-3,"133",13.1,"30","0.28","0.68","0.485",23.4,10,12.5,"0.25","0.495","0.366",47.8
"Bigge, Hunter",685801,"TB","SL","Slider",-1.3,-2,"131",41.1,"30","0.261","0.478","0.408",36.2,20,14,"0.272","0.389","0.356",38.9
"Lee, Dylan",669276,"ATL","CH","Changeup",0.5,1,"143",16.9,"30","0.167","0.3","0.228",47.5,30,20.9,"0.175","0.301","0.203",9.5
"Scherzer, Max",453286,"TOR","CH","Changeup",1.3,1,"105",15.7,"30","0.179","0.25","0.197",16.4,20,12.5,"0.177","0.223","0.195",17.4
"Bieber, Shane",669456,"TOR","SL","Slider",-4.7,-4,"82",11,"30","0.357","0.571","0.42",34.9,36.7,24.4,"0.349","0.654","0.442",58.8
"Hart, Kyle",606996,"SD","SL","Slider",-0.3,0,"121",15.7,"30","0.321","0.571","0.436",18.2,6.7,16.7,"0.323","0.676","0.429",40.7
"Gusto, Ryan",687473,"MIA","CH","Changeup",1.5,2,"126",16,"30","0.12","0.24","0.243",21.7,13.3,8.3,"0.241","0.37","0.335",33.3
"Headrick, Brent",687396,"NYY","SI","Sinker",-0.1,0,"97",10.2,"30","0.37","0.444","0.383",17.3,10,16.7,"0.367","0.423","0.371",40
"Montgomery, Mason",682254,"PIT","SL","Slider",3.4,5,"141",17.1,"30","0.037","0.037","0.1",38,33.3,20,"0.151","0.176","0.199",11.8
"Eisert, Brandon",685126,"PIT","CH","Changeup",-2.3,-3,"130",20.3,"30","0.345","0.448","0.358",31.5,33.3,20,"0.278","0.391","0.303",52.6
"Klassen, George",691946,"LAA","FF","4-Seam Fastball",-1.3,-2,"127",40.3,"30","0.318","0.455","0.462",25.9,10,7.7,"0.289","0.372","0.397",31.6
"Milner, Hoby",571948,"CHC","FF","4-Seam Fastball",-0.4,0,"78",13.7,"30","0.231","0.308","0.297",8.5,16.7,10.6,"0.224","0.292","0.288",33.3
"Herget, Jimmy",623474,"COL","SL","Slider",1.4,3,"191",29.9,"30","0.333","0.542","0.429",34,23.3,21.9,"0.217","0.278","0.299",11.1
"Fulton, Dax",690978,"MIA","FF","4-Seam Fastball",-1.1,-1,"77",32.2,"30","0.238","0.381","0.395",26.5,23.3,31.8,"0.195","0.231","0.341",28.6
"Chandler, Bubba",696149,"PIT","SI","Sinker",1.3,2,"129",6.5,"29","0.25","0.25","0.307",15.8,6.9,16.7,"0.273","0.385","0.356",40.9
"Senzatela, Antonio",622608,"MIL","SI","Sinker",-0.2,0,"118",13.7,"29","0.393","0.429","0.378",3.3,0,0,"0.333","0.433","0.346",46.4
"Backhus, Kyle",679775,"PHI","ST","Sweeper",-0.1,0,"121",34.2,"29","0.185","0.519","0.291",35.3,31,22.5,"0.139","0.273","0.193",21.1
"Strider, Spencer",675911,"ATL","CU","Curveball",-0.1,0,"100",14.5,"29","0.111","0.259","0.191",48.6,44.8,33.3,"0.055","0.109","0.113",14.3
"Rodón, Carlos",607074,"NYY","SI","Sinker",2.6,3,"117",14.1,"29","0.185","0.222","0.198",19.4,13.8,22.2,"0.192","0.238","0.206",25
"Sandlin, David",689818,"CWS","CU","Curveball",0.9,1,"107",26.2,"29","0.185","0.519","0.317",25,24.1,26.9,"0.158","0.288","0.226",30
"Murphy, Chris",669684,"CWS","CU","Curveball",1.5,2,"116",22,"29","0.115","0.115","0.197",30.4,34.5,23.8,"0.129","0.14","0.179",6.3
"Barnett, Mason",686930,"ATH","SL","Slider",0.8,1,"137",20.8,"29","0.2","0.4","0.314",29.9,27.6,25.8,"0.229","0.382","0.321",58.8
"Davis, Tyler",699823,"CWS","SL","Slider",0.9,1,"126",32,"29","0.214","0.214","0.272",18,6.9,6.9,"0.269","0.327","0.274",42.3
"Raley, Brooks",548384,"PHI","CH","Changeup",0.7,1,"87",12.6,"29","0.172","0.172","0.155",26.3,34.5,20.4,"0.186","0.224","0.178",21.1
"Rolison, Ryan",669020,"CHC","CU","Curveball",-0.2,0,"129",17.9,"29","0.296","0.444","0.347",26.8,31,22.5,"0.245","0.361","0.291",44.4
"Garcia, Julian",670062,"CIN","FF","4-Seam Fastball",2.6,3,"115",30.5,"29","0.091","0.227","0.269",19.1,20.7,15.8,"0.153","0.289","0.312",43.8
"Samaniego, Tyler",701719,"BOS","FF","4-Seam Fastball",-0.2,0,"84",26.8,"29","0.28","0.36","0.338",25,20.7,24,"0.27","0.36","0.332",42.1
"Cleavinger, Garrett",664076,"TB","ST","Sweeper",0.3,0,"83",13.6,"29","0.25","0.417","0.26",32.6,37.9,31.4,"0.168","0.342","0.239",17.6
"Peralta, Freddy",642547,"TB","ST","Sweeper",-0.9,-1,"126",5.6,"29","0.276","0.517","0.334",23.5,20.7,13,"0.241","0.319","0.241",17.4
"Wacha, Michael",608379,"KC","CU","Curveball",-1.3,-3,"228",10.1,"29","0.259","0.407","0.322",21.5,13.8,12.1,"0.218","0.455","0.288",33.3
"Nunez, Anthony",689296,"BAL","SI","Sinker",-2.7,-3,"112",14.6,"29","0.458","0.667","0.555",14.8,6.9,18.2,"0.34","0.602","0.452",40.9
"Domínguez, Seranthony",622554,"SEA","SI","Sinker",-0.2,0,"134",16.7,"29","0.273","0.591","0.443",15.1,10.3,27.3,"0.372","0.755","0.529",73.7
"Antone, Tejay",622088,"CIN","FC","Cutter",1.4,1,"107",17.3,"29","0.182","0.364","0.317",16,6.9,14.3,"0.29","0.567","0.424",50
"Kremer, Dean",665152,"MIN","FC","Cutter",0.2,0,"122",15.8,"29","0.25","0.5","0.329",34.9,24.1,23.3,"0.213","0.397","0.274",28.6
"Díaz, Edwin",621242,"LAD","FF","4-Seam Fastball",-2.2,-3,"135",56.5,"29","0.36","0.72","0.471",14.8,27.6,22.9,"0.253","0.406","0.342",58.8
"Cabrera, Edward",665795,"CHC","SL","Slider",-0.2,0,"138",11.5,"29","0.179","0.286","0.217",44.3,31,15.8,"0.173","0.272","0.209",26.3
"Suarez, José",660761,"ATH","SI","Sinker",-2.6,-2,"87",8.6,"29","0.462","0.615","0.518",8.9,0,0,"0.397","0.488","0.407",37
"Taillon, Jameson",592791,"TOR","CU","Curveball",-0.8,-1,"154",10.9,"29","0.217","0.348","0.336",25,6.9,5.7,"0.283","0.557","0.426",52.4
"Rivera, Eduardo",700842,"BOS","FF","4-Seam Fastball",1.6,2,"114",54.3,"29","0.208","0.292","0.3",21.8,17.2,14.3,"0.207","0.273","0.293",52.6
"Black, Mason",696131,"KC","FF","4-Seam Fastball",-3.4,-4,"107",23.1,"29","0.263","0.579","0.472",16.7,17.2,10.2,"0.238","0.401","0.42",42.9
"Bubic, Kris",663460,"KC","SI","Sinker",2.8,3,"103",12.7,"29","0.208","0.25","0.288",8.2,0,0,"0.283","0.347","0.348",50
"Warren, Austin",681810,"NYM","CU","Curveball",-6.5,-4,"62",9.5,"29","0.308","0.538","0.395",25,24.1,15.6,"0.295","0.453","0.359",36.8
"Abel, Mick",690953,"MIN","FF","4-Seam Fastball",-0.3,0,"153",42.9,"29","0.391","0.522","0.46",33.8,24.1,15.9,"0.337","0.651","0.477",50
"Bolton, Cody",675989,"HOU","FF","4-Seam Fastball",-1.8,-2,"111",28.4,"29","0.333","0.429","0.425",25,34.5,21.7,"0.265","0.503","0.418",50
"Morris, Andrew",702193,"MIN","SI","Sinker",-1.2,-1,"109",11.3,"29","0.429","0.571","0.447",20.3,6.9,13.3,"0.398","0.623","0.444",42.3
"Sabrowski, Erik",681870,"CLE","CU","Curveball",-0.7,-1,"120",20.1,"29","0.241","0.414","0.279",35.2,48.3,27.5,"0.195","0.299","0.211",33.3
"Gibson, Trey",694346,"BAL","FF","4-Seam Fastball",-0.8,-1,"119",19.2,"29","0.304","0.348","0.374",23.4,31,30,"0.207","0.316","0.322",42.9
"Dotel, Wilber",696062,"PIT","FC","Cutter",-1,-1,"101",22.3,"28","0.409","0.545","0.479",33.3,10.7,20,"0.366","0.54","0.456",42.1
"Yarbrough, Ryan",642232,"NYY","SI","Sinker",-0.1,0,"93",13,"28","0.36","0.52","0.446",3.8,3.6,6.3,"0.329","0.384","0.352",20.8
"Dobnak, Randy",677976,"KC","CH","Changeup",0.7,1,"133",21.6,"28","0.259","0.296","0.238",24.7,21.4,11.8,"0.231","0.278","0.231",27.3
"Díaz, Edwin",621242,"LAD","SL","Slider",-2.6,-3,"104",43.5,"28","0.32","0.56","0.411",24.6,28.6,18.6,"0.278","0.456","0.355",52.9
"Morillo, Juan",666661,"AZ","SI","Sinker",2.7,3,"121",15.9,"28","0.208","0.25","0.273",20.6,3.6,8.3,"0.189","0.211","0.25",21.7
"Avila, Luinder",679883,"KC","CH","Changeup",-0.6,-1,"133",10.3,"28","0.259","0.333","0.275",37,32.1,22,"0.248","0.378","0.285",38.9
"Cleavinger, Garrett",664076,"TB","FF","4-Seam Fastball",-0.4,0,"88",14.4,"28","0.087","0.261","0.216",28.6,46.4,22,"0.137","0.265","0.243",36.4
"Sanders, Cam",676742,"BAL","FF","4-Seam Fastball",-1.4,-2,"124",42.5,"28","0.263","0.474","0.438",36.1,17.9,12.5,"0.261","0.482","0.439",21.4
"Jameson, Drey",686753,"AZ","SL","Slider",0.7,1,"91",34.2,"28","0.308","0.462","0.359",43.2,28.6,32,"0.266","0.387","0.308",22.2
"Collyer, Gavin",686560,"TEX","ST","Sweeper",0.4,0,"99",22.2,"28","0.192","0.308","0.248",31.3,28.6,19,"0.146","0.193","0.185",16.7
"Warren, Will",701542,"NYY","CU","Curveball",-2.7,-3,"102",5.1,"28","0.333","0.556","0.391",32.6,35.7,18.9,"0.247","0.348","0.272",23.5
"Sanders, Cam",676742,"BAL","SL","Slider",3,3,"116",39.7,"28","0.148","0.185","0.146",42.1,39.3,25.6,"0.163","0.221","0.167",23.5
"Winn, Cole",668390,"TEX","FS","Split-Finger",-2.3,-2,"93",13.9,"28","0.321","0.571","0.379",31.4,28.6,29.6,"0.247","0.416","0.283",30
"Iglesias, Raisel",628452,"ATL","SI","Sinker",0.5,1,"142",20.5,"28","0.348","0.522","0.434",12,10.7,20,"0.278","0.42","0.371",45
"Silseth, Chase",681217,"TEX","SI","Sinker",-2,-2,"121",14.8,"28","0.435","0.696","0.517",10.7,3.6,9.1,"0.331","0.66","0.459",43.5
"Waguespack, Jacob",621097,"DET","FC","Cutter",-1.5,-1,"99",30.3,"28","0.182","0.455","0.344",17.9,7.1,15.4,"0.213","0.331","0.319",33.3
"Little, Brendon",663893,"TOR","CU","Curveball",-1.3,-1,"98",31.9,"28","0.231","0.423","0.307",44.2,50,25.9,"0.156","0.288","0.225",58.3
"Lorenzen, Michael",547179,"COL","ST","Sweeper",-1.6,-2,"147",7,"28","0.259","0.444","0.326",31.6,25,24.1,"0.253","0.446","0.312",55
"Manaea, Sean",640455,"NYM","FC","Cutter",-2.4,-3,"131",7.3,"28","0.346","0.731","0.502",31.4,17.9,17.2,"0.306","0.623","0.413",33.3
"Kikuchi, Yusei",579328,"LAA","FS","Split-Finger",1.4,2,"126",22.2,"28","0.143","0.357","0.207",27.8,32.1,22,"0.213","0.516","0.304",36.8
"Armstrong, Shawn",542888,"CLE","ST","Sweeper",0,0,"164",27.5,"28","0.167","0.25","0.254",29.7,32.1,17.6,"0.105","0.158","0.196",20
"Messick, Parker",800048,"CLE","SL","Slider",-1.4,-1,"102",4.8,"28","0.308","0.654","0.425",23.5,7.1,5.7,"0.286","0.616","0.405",37.5
"Barco, Hunter",682995,"PIT","FF","4-Seam Fastball",-1.5,-2,"112",36.8,"28","0.375","0.542","0.441",14.6,17.9,13.5,"0.339","0.51","0.411",52.6
"Crow, Coleman",689441,"MIL","FC","Cutter",-0.7,-1,"107",36.3,"28","0.348","0.609","0.409",22.2,3.6,6.7,"0.279","0.518","0.39",50
"Singer, Brady",663903,"CIN","FC","Cutter",-2.5,-4,"150",7.2,"28","0.36","0.64","0.488",17.8,0,0,"0.354","0.626","0.447",20
"Raley, Brooks",548384,"PHI","SI","Sinker",-0.1,0,"146",21.2,"28","0.227","0.364","0.38",13,3.6,8.3,"0.297","0.418","0.391",42.9
"Foster, Cameron",671382,"BAL","FF","4-Seam Fastball",-1.5,-2,"110",58.2,"28","0.381","0.429","0.445",22.9,17.9,20.8,"0.275","0.344","0.376",31.3
"Sulser, Cole",642121,"TB","FC","Cutter",0.6,1,"89",11.5,"27","0.32","0.36","0.317",18.8,3.7,16.7,"0.35","0.438","0.357",32
"Wilson, Bryse",669060,"MIL","FF","4-Seam Fastball",-3.1,-2,"76",19,"27","0.36","0.56","0.419",25.5,29.6,24.2,"0.32","0.489","0.374",52.9
"Rock, Joe",697812,"CWS","SL","Slider",0.2,0,"73",37.4,"27","0.261","0.261","0.304",34.2,29.6,32,"0.275","0.381","0.346",53.3
"Keller, Brad",641745,"PHI","SI","Sinker",1.9,2,"106",19.9,"27","0.273","0.318","0.302",14.6,14.8,19,"0.284","0.34","0.31",25
"Jones, Jared",683003,"PIT","CH","Changeup",-1.6,-2,"114",11.8,"27","0.269","0.423","0.346",35.3,25.9,20.6,"0.269","0.338","0.281",68.4
"Santana, Dennis",642701,"PIT","SI","Sinker",-0.3,0,"85",12,"27","0.28","0.44","0.325",14,7.4,12.5,"0.31","0.484","0.353",45.8
"Teng, Kai-Wei",678906,"HOU","CU","Curveball",-1.4,-2,"113",9.7,"27","0.227","0.364","0.337",42.1,44.4,29.3,"0.198","0.339","0.316",50
"Scholtens, Jesse",669947,"TB","FF","4-Seam Fastball",-1.6,-2,"132",22,"27","0.238","0.571","0.417",22.8,33.3,18.8,"0.186","0.461","0.365",33.3
"Anderson, Shaun",641312,"LAA","FF","4-Seam Fastball",1.2,1,"94",26.8,"27","0.217","0.217","0.27",25,18.5,16.7,"0.244","0.412","0.343",33.3
"Wilcox, Cole",677961,"SEA","FF","4-Seam Fastball",-0.2,0,"135",27.7,"27","0.238","0.429","0.376",28.6,22.2,17.1,"0.197","0.287","0.317",33.3
"Myers, Tobias",668964,"NYM","SL","Slider",-3.3,-4,"115",16.2,"27","0.32","0.6","0.411",16.3,7.4,8.7,"0.27","0.386","0.312",43.5
"Hollowell, Gavin",668970,"CHC","FF","4-Seam Fastball",4.5,4,"92",36.4,"27","0.043","0.087","0.15",20.9,18.5,17.9,"0.176","0.408","0.312",38.9
"Nicolas, Kyle",693312,"CIN","FF","4-Seam Fastball",-3.1,-3,"96",48.5,"27","0.294","0.529","0.48",17.2,18.5,20.8,"0.235","0.445","0.441",33.3
"Barnett, Mason",686930,"ATH","ST","Sweeper",-2.8,-3,"104",15.8,"27","0.259","0.63","0.402",18.9,22.2,13,"0.244","0.481","0.305",23.8
"Barlow, Scott",605130,"ATH","FF","4-Seam Fastball",-3.4,-3,"76",13.1,"27","0.35","0.9","0.563",10.7,11.1,25,"0.293","0.685","0.481",58.8
"Morris, Andrew",702193,"MIN","ST","Sweeper",-0.2,0,"104",10.8,"27","0.16","0.2","0.231",25,25.9,12.1,"0.122","0.141","0.159",11.1
"Gusto, Ryan",687473,"MIA","ST","Sweeper",0.5,0,"101",12.8,"27","0.231","0.462","0.306",15.1,18.5,19.2,"0.201","0.381","0.263",42.9
"Madden, Ty",680744,"DET","FC","Cutter",3,3,"95",17.5,"27","0.125","0.25","0.219",35.4,29.6,29.6,"0.166","0.302","0.254",25
"Bachman, Sam",696147,"LAA","CH","Changeup",-2.7,-3,"110",14.5,"27","0.304","0.652","0.427",32.6,18.5,20,"0.245","0.394","0.339",33.3
"Irvin, Jake",663623,"WSH","ST","Sweeper",-3.3,-3,"105",8.9,"27","0.36","0.56","0.419",24.4,25.9,15.6,"0.285","0.454","0.346",33.3
"Gusto, Ryan",687473,"MIA","FC","Cutter",1.5,2,"109",13.8,"27","0.24","0.32","0.311",25.4,7.4,9.1,"0.297","0.391","0.33",34.8
"Rolison, Ryan",669020,"CHC","ST","Sweeper",2.3,2,"100",13.9,"27","0.148","0.148","0.133",43.1,48.1,29.5,"0.198","0.263","0.198",42.9
"Bibee, Tanner",676440,"CLE","ST","Sweeper",-0.4,0,"107",4.8,"27","0.24","0.4","0.306",19.6,18.5,10.2,"0.265","0.423","0.323",35
"Teng, Kai-Wei",678906,"HOU","CH","Changeup",-3.3,-4,"118",10.2,"27","0.346","0.538","0.393",24.1,11.1,8.1,"0.4","0.602","0.442",47.8
"Brown, Hunter",686613,"HOU","SL","Slider",-1.5,-1,"88",7.9,"27","0.227","0.364","0.37",28.6,22.2,17.1,"0.241","0.409","0.355",25
"Painter, Andrew",691725,"PHI","CU","Curveball",0.2,0,"104",7.5,"27","0.208","0.292","0.278",25,22.2,12.5,"0.17","0.303","0.232",26.3
"Dollander, Chase",801403,"COL","SL","Slider",0.6,1,"108",14.5,"26","0.25","0.417","0.315",31.3,19.2,19.2,"0.301","0.484","0.364",68.4
"Bido, Osvaldo",674370,"CWS","FF","4-Seam Fastball",0,0,"92",29,"26","0.158","0.263","0.319",19,11.5,9.4,"0.277","0.442","0.412",50
"Vásquez, Randy",681190,"SD","CH","Changeup",-2.3,-3,"134",7.8,"26","0.32","0.36","0.317",26.7,19.2,13.5,"0.338","0.484","0.365",45
"Adam, Jason",592094,"SD","FF","4-Seam Fastball",-2.6,-3,"126",22.9,"26","0.273","0.864","0.498",12.1,7.7,4.1,"0.295","0.654","0.444",50
"Blanco, Ronel",669854,"HOU","CH","Changeup",0.2,0,"89",26.9,"26","0.208","0.292","0.254",36.5,26.9,18.4,"0.178","0.23","0.217",29.4
"Kremer, Dean",665152,"MIN","SI","Sinker",-0.5,-1,"114",14.7,"26","0.261","0.478","0.392",13,15.4,21.1,"0.353","0.684","0.468",52.6
"Alexander, Tyler",641302,"TEX","FC","Cutter",0.6,1,"183",22.3,"26","0.25","0.4","0.334",20.6,15.4,20,"0.266","0.407","0.344",22.2
"Slaten, Justin",686580,"BOS","ST","Sweeper",-0.2,0,"87",17.1,"26","0.167","0.333","0.248",43.9,42.3,26.8,"0.104","0.158","0.158",23.1
"Hall, DL",669084,"MIL","FF","4-Seam Fastball",-2.3,-2,"79",13.2,"26","0.235","0.412","0.423",33.3,23.1,17.1,"0.245","0.31","0.398",45.5
"Matz, Steven",571927,"TB","CU","Curveball",3.3,4,"126",12.1,"26","0.12","0.16","0.117",23.9,23.1,28.6,"0.24","0.33","0.236",35
"Gibson, Cade",806188,"MIA","CU","Curveball",1.2,2,"129",22.8,"26","0.19","0.238","0.287",32.7,26.9,17.1,"0.215","0.267","0.301",42.9
"Sullivan, Sean",807743,"COL","CH","Changeup",-2.9,-2,"65",15.8,"26","0.208","0.417","0.296",22.2,15.4,16,"0.195","0.392","0.281",20
"Assad, Javier",665871,"CHC","CH","Changeup",-3.6,-3,"95",7.5,"26","0.308","0.692","0.417",30.2,26.9,18.4,"0.277","0.568","0.355",36.8
"Jax, Griffin",643377,"TB","CU","Curveball",0.7,1,"129",9.2,"26","0.154","0.192","0.158",46.7,53.8,28.6,"0.221","0.38","0.256",41.7
"Yarbrough, Ryan",642232,"NYY","FF","4-Seam Fastball",-0.8,-1,"131",18.2,"26","0.15","0.45","0.383",13.3,23.1,13.3,"0.164","0.376","0.334",42.9
"Natera Jr., Samy",696519,"LAA","SL","Slider",-0.2,0,"83",18,"26","0.13","0.261","0.227",60.5,57.7,38.5,"0.084","0.141","0.166",12.5
"Krook, Matt",640454,"WSH","ST","Sweeper",-4,-4,"93",52,"26","0.3","0.7","0.481",33.3,26.9,21.2,"0.266","0.499","0.408",38.5
"Mears, Nick",683232,"KC","SL","Slider",-4.2,-4,"93",27.3,"26","0.318","0.682","0.45",30.4,30.8,17.4,"0.301","0.557","0.401",46.7
"Brogdon, Connor",641401,"CLE","CH","Changeup",-0.7,-1,"104",39,"26","0.208","0.375","0.374",23.5,11.5,15.8,"0.283","0.462","0.336",45.5
"Blanco, Ronel",669854,"HOU","FF","4-Seam Fastball",-1.6,-2,"125",37.8,"26","0.25","0.6","0.422",20.7,11.5,9.7,"0.242","0.589","0.419",38.9
"Karinchak, James",675916,"ATL","FF","4-Seam Fastball",2.5,2,"98",60.5,"26","0.143","0.19","0.225",24.4,23.1,21.4,"0.182","0.302","0.29",43.8
"Ahlstrom, Robby",695239,"TEX","SI","Sinker",0.5,0,"101",23,"26","0.36","0.4","0.352",19.2,15.4,30.8,"0.309","0.414","0.329",33.3
"Estrada, Lazaro",681751,"TOR","FF","4-Seam Fastball",-0.2,0,"87",43.7,"26","0.2","0.35","0.342",21.1,23.1,20.7,"0.221","0.32","0.34",50
"Bradford, Cody",674003,"TEX","FF","4-Seam Fastball",-1,-1,"66",45.5,"26","0.348","0.478","0.386",23.7,11.5,20,"0.32","0.484","0.373",47.6
"De los Santos, Yerry",660787,"NYY","SI","Sinker",-0.3,0,"104",60.5,"26","0.238","0.381","0.372",12.2,11.5,10.3,"0.248","0.32","0.32",42.1
"Lynch IV, Daniel",663738,"KC","FF","4-Seam Fastball",-4.9,-6,"115",15.4,"26","0.35","0.8","0.529",13.6,15.4,10,"0.31","0.674","0.481",50
"Quintana, Jose",500779,"COL","CU","Curveball",0.3,0,"108",15.7,"26","0.25","0.417","0.358",22.4,3.8,7.1,"0.31","0.464","0.335",29.2
"Williams, Trevor",592866,"WSH","FF","4-Seam Fastball",1.6,1,"90",42.3,"26","0.208","0.375","0.283",17,34.6,20.9,"0.215","0.281","0.252",20
"Legumina, Casey",668984,"TB","ST","Sweeper",-3.1,-3,"101",12.6,"26","0.435","0.652","0.442",31.5,23.1,14.3,"0.349","0.464","0.349",36.8
"Basso, Brady",669620,"ATH","SL","Slider",-2.9,-2,"64",21.4,"26","0.346","0.577","0.392",28.2,30.8,36.4,"0.237","0.307","0.236",27.8
"Moll, Sam",594580,"CIN","CH","Changeup",-0.3,0,"138",15.5,"26","0.1","0.25","0.267",26.9,30.8,17.8,"0.172","0.367","0.338",30.8
"Beck, Tristan",663941,"SF","ST","Sweeper",1.8,2,"96",38.9,"26","0.2","0.2","0.2",25,11.5,9.4,"0.186","0.225","0.199",18.2
"Santana, Dennis",642701,"PIT","CH","Changeup",-3.2,-3,"106",15,"26","0.28","0.68","0.41",27.8,19.2,12.8,"0.308","0.555","0.381",40
"Black, Mason",696131,"KC","ST","Sweeper",0.4,0,"95",20.5,"26","0.24","0.4","0.29",16.7,15.4,14.8,"0.284","0.556","0.368",42.9
"Milner, Hoby",571948,"CHC","CH","Changeup",-2,-2,"89",15.7,"26","0.348","0.478","0.373",12.2,7.7,7.7,"0.39","0.586","0.426",36.4
"Canning, Griffin",656288,"SD","CU","Curveball",0.1,0,"102",8.1,"25","0.217","0.348","0.28",32.6,28,22.6,"0.228","0.348","0.284",18.8
"Bruihl, Justin",677865,"STL","CH","Changeup",0.5,0,"94",9.4,"25","0.087","0.174","0.192",30,20,17.2,"0.175","0.226","0.217",10.5
"Miller, Bryce",682243,"SEA","ST","Sweeper",1.9,2,"82",6.5,"25","0.16","0.16","0.144",26.3,32,18.2,"0.219","0.297","0.223",5.9
"De Jesus, Enmanuel",646241,"DET","SI","Sinker",-0.1,0,"75",12.3,"25","0.391","0.522","0.422",5,8,25,"0.281","0.331","0.301",42.9
"Finnegan, Kyle",640448,"DET","SL","Slider",-1.4,-2,"121",15,"25","0.273","0.409","0.344",33.9,16,14.3,"0.246","0.459","0.347",44.4
"Gómez, Yoendrys",672782,"MIN","SI","Sinker",2.2,2,"89",10.3,"25","0.25","0.25","0.304",15.2,4,10,"0.324","0.49","0.407",25
"Tong, Jonah",804636,"NYM","FF","4-Seam Fastball",-0.9,-1,"85",45.5,"25","0.211","0.211","0.384",18.4,12,13.6,"0.226","0.354","0.358",6.3
"Heuer, Codi",676051,"CLE","FF","4-Seam Fastball",-0.2,0,"81",42.9,"25","0.333","0.417","0.344",11.1,8,9.5,"0.3","0.453","0.34",54.5
"Morris, Andrew",702193,"MIN","CH","Changeup",-1.3,-1,"111",11.5,"25","0.261","0.435","0.328",25.6,16,8.7,"0.209","0.321","0.265",47.4
"Morgan, Eli",669212,"KC","SL","Slider",-1.2,-1,"101",29.8,"25","0.318","0.545","0.408",38.3,36,33.3,"0.315","0.533","0.4",61.5
"Nelson, Ryne",669194,"AZ","CU","Curveball",-2.1,-3,"123",9.5,"25","0.182","0.409","0.272",21.4,20,12.8,"0.223","0.46","0.317",38.9
"Bednar, David",670280,"NYY","CU","Curveball",-0.8,-1,"171",19,"25","0.304","0.565","0.368",40.6,24,20,"0.284","0.477","0.346",27.8
"Cecconi, Slade",677944,"CLE","SL","Slider",1.5,2,"99",5.3,"25","0.087","0.087","0.179",32.7,16,7.4,"0.188","0.259","0.212",35
"Miller, Bryce",682243,"SEA","SL","Slider",-1.4,-2,"125",9.9,"25","0.28","0.64","0.418",27.9,12,11.5,"0.267","0.602","0.363",40.9
"Thornton, Trent",663423,"CHC","FC","Cutter",1.1,1,"121",22.7,"25","0.16","0.32","0.202",31.9,16,26.7,"0.235","0.379","0.261",42.9
"Henry, Cole",669371,"WSH","ST","Sweeper",-0.8,-1,"98",34.8,"25","0.211","0.263","0.326",28.9,24,13.6,"0.23","0.319","0.349",38.5
"Hentges, Sam",656529,"SF","SL","Slider",-0.8,-1,"129",24.7,"25","0.348","0.348","0.344",27.7,12,7.7,"0.307","0.495","0.373",30
"Sproat, Brandon",687075,"MIL","CH","Changeup",-0.1,0,"137",8.1,"25","0.227","0.273","0.278",31.7,12,8.3,"0.303","0.366","0.338",42.1
"Latz, Jacob",656641,"TEX","SL","Slider",-0.7,-1,"160",18.9,"25","0.25","0.458","0.316",42.7,24,14.3,"0.27","0.476","0.334",38.9
"Santa, Alimber",695001,"HOU","ST","Sweeper",3,3,"90",37.8,"25","0.143","0.19","0.15",22.4,20,12.8,"0.148","0.187","0.197",36.8
"Loáisiga, Jonathan",642528,"AZ","CU","Curveball",0.2,0,"116",16,"25","0.261","0.435","0.302",28.3,20,12.2,"0.239","0.383","0.277",26.3
"Williamson, Brandon",682227,"CIN","FF","4-Seam Fastball",-5,-5,"106",20.5,"25","0.333","0.8","0.534",11.1,4,3.6,"0.385","0.83","0.567",40
"Zuber, Tyler",676604,"MIA","ST","Sweeper",-1.1,-1,"111",29.7,"25","0.25","0.542","0.374",23.4,36,22,"0.147","0.248","0.218",26.7
"Maton, Phil",664208,"CHC","SI","Sinker",0.7,1,"104",19,"25","0.294","0.471","0.448",14,0,0,"0.365","0.662","0.519",29.4
"Gusto, Ryan",687473,"MIA","SL","Slider",-2.3,-2,"75",9.5,"25","0.208","0.542","0.368",19,16,21.1,"0.27","0.472","0.303",42.9
"Holmes, Grant",656550,"ATL","CH","Changeup",2.1,2,"106",5.8,"25","0.043","0.043","0.1",23.9,16,16,"0.183","0.264","0.225",35
"Williamson, Brandon",682227,"CIN","CH","Changeup",0.5,1,"122",23.6,"25","0.25","0.292","0.258",38.3,16,12.9,"0.275","0.423","0.315",30
"Roycroft, Chris",688297,"TB","FC","Cutter",-1.8,-2,"89",23.9,"25","0.364","0.455","0.358",15.6,16,13.3,"0.3","0.388","0.304",40
"Spence, Mitch",687765,"KC","FC","Cutter",-1,-1,"76",38,"25","0.35","0.5","0.408",16.7,8,14.3,"0.301","0.398","0.366",31.6
"Assad, Javier",665871,"CHC","FC","Cutter",-1.8,-3,"159",12.6,"25","0.318","0.636","0.474",13.8,0,0,"0.332","0.617","0.438",45.5
"Bello, Brayan",678394,"BOS","FF","4-Seam Fastball",-6.4,-6,"89",6.6,"25","0.478","0.652","0.54",15.6,16,10,"0.468","0.796","0.547",55
"Kerry, Brett",695049,"LAA","FF","4-Seam Fastball",0.7,1,"101",47.6,"24","0.227","0.409","0.304",11.1,12.5,9.4,"0.225","0.327","0.275",52.6
"Hicks, Jordan",663855,"CWS","FF","4-Seam Fastball",4,3,"86",14.5,"24","0.045","0.091","0.11",27.1,50,22.2,"0.09","0.112","0.138",30
"Wilson, Bryse",669060,"MIL","SI","Sinker",2.7,3,"120",29.9,"24","0.261","0.261","0.254",10.3,20.8,14.7,"0.256","0.315","0.267",61.1
"Halvorsen, Seth",678020,"LAD","SL","Slider",0.6,1,"112",29,"24","0.136","0.182","0.223",42,33.3,19.5,"0.216","0.263","0.248",21.4
"Mey, Luis",682825,"CIN","SL","Slider",-0.7,-1,"107",42.1,"24","0.143","0.286","0.257",56.4,54.2,31,"0.148","0.373","0.279",50
"Helsley, Ryan",664854,"BAL","SL","Slider",-1.9,-2,"106",38.8,"24","0.238","0.429","0.335",37,33.3,20.5,"0.183","0.24","0.249",46.2
"Gasser, Robert",688107,"MIL","CH","Changeup",-2.8,-3,"95",8.5,"24","0.304","0.565","0.383",15.2,8.3,9.1,"0.361","0.601","0.421",47.6
"Kempner, William",687531,"MIA","FF","4-Seam Fastball",-1.7,-2,"96",48.2,"24","0.316","0.579","0.446",39,33.3,30.8,"0.275","0.507","0.41",36.4
"Bummer, Aaron",607481,"KC","CU","Curveball",-5.3,-4,"70",21.3,"24","0.286","0.571","0.479",17.1,16.7,14.3,"0.272","0.517","0.381",52.9
"Waldron, Matt",663362,"TOR","FC","Cutter",2.9,3,"118",20,"24","0.25","0.25","0.225",16.1,20.8,31.3,"0.151","0.204","0.155",15.8
"Ferrer, José A.",678606,"SEA","SL","Slider",-2.4,-2,"95",12,"24","0.333","0.429","0.365",33.3,29.2,15.9,"0.187","0.244","0.232",26.7
"Nelson, Ryne",669194,"AZ","FC","Cutter",-0.2,0,"128",9.9,"24","0.286","0.476","0.373",15.5,0,0,"0.291","0.508","0.383",23.8
"Graceffo, Gordon",700669,"STL","CU","Curveball",-0.6,-1,"102",11.5,"24","0.1","0.25","0.238",15.2,25,11.8,"0.271","0.584","0.416",35.7
"Bowlan, Jonathan",680742,"PHI","SI","Sinker",-0.4,0,"83",12.2,"24","0.318","0.318","0.413",6.8,4.2,14.3,"0.351","0.392","0.359",19
"Seabold, Connor",657756,"KC","SL","Slider",0.3,0,"76",16,"24","0.25","0.3","0.29",22.2,16.7,13.8,"0.27","0.432","0.34",52.9
"Curry, Xzavion",675540,"NYM","FF","4-Seam Fastball",1.7,1,"80",33.2,"24","0.227","0.273","0.26",15.4,20.8,26.3,"0.2","0.347","0.271",52.9
"Sugano, Tomoyuki",608372,"COL","CU","Curveball",0.5,1,"124",6.8,"24","0.174","0.304","0.225",18.8,8.3,8.3,"0.3","0.451","0.338",28.6
"Thornton, Trent",663423,"CHC","ST","Sweeper",0.1,0,"93",17.4,"24","0.227","0.273","0.26",22,8.3,6.1,"0.226","0.308","0.269",35
"Morgan, David",688158,"SD","CU","Curveball",-1.4,-1,"103",25.9,"24","0.19","0.429","0.313",41.9,45.8,24.4,"0.123","0.197","0.207",40
"Fernandez, Ryan",681676,"STL","FF","4-Seam Fastball",-0.2,0,"96",40.7,"24","0.286","0.429","0.394",20.9,16.7,21.1,"0.262","0.331","0.314",35.3
"Cease, Dylan",656302,"TOR","CU","Curveball",-0.9,-2,"212",9.5,"24","0.261","0.391","0.338",28.3,33.3,21.6,"0.277","0.547","0.362",46.7
"Ahlstrom, Robby",695239,"TEX","FF","4-Seam Fastball",1.2,2,"151",34.3,"24","0.158","0.211","0.273",32.8,37.5,14.5,"0.091","0.121","0.217",10
"Chapman, Aroldis",547973,"BOS","SL","Slider",1.1,1,"114",17.6,"24","0.174","0.217","0.231",42,41.7,28.6,"0.132","0.189","0.161",15.4
"Waldrep, Hurston",694462,"ATL","SI","Sinker",-1,-1,"83",38.6,"24","0.389","0.389","0.438",9.4,4.2,12.5,"0.255","0.285","0.353",41.2
"Chapman, Aroldis",547973,"BOS","FS","Split-Finger",1.7,1,"69",10.6,"24","0.174","0.304","0.225",37.8,41.7,29.4,"0.145","0.253","0.192",38.5
"Wesneski, Hayden",669713,"HOU","FF","4-Seam Fastball",1.7,1,"60",25,"24","0.136","0.273","0.217",16.1,12.5,17.6,"0.297","0.55","0.386",52.6
"deGrom, Jacob",594798,"TEX","CU","Curveball",-1.3,-2,"126",6.4,"24","0.25","0.5","0.317",44.9,41.7,41.7,"0.175","0.37","0.228",57.1
"Gibson, Trey",694346,"BAL","FC","Cutter",-1.8,-2,"119",19.2,"24","0.474","0.579","0.513",21.3,4.2,5.3,"0.372","0.548","0.457",44.4
"Collyer, Gavin",686560,"TEX","FF","4-Seam Fastball",-2.6,-3,"114",25.6,"24","0.125","0.313","0.354",39,37.5,18,"0.087","0.225","0.32",14.3
"Walker, Josh",677020,"BAL","SL","Slider",0.6,1,"99",45,"24","0.143","0.333","0.269",29.6,33.3,21.1,"0.14","0.225","0.195",35.7
"Bolton, Cody",675989,"HOU","FC","Cutter",-0.5,0,"93",23.8,"24","0.158","0.316","0.304",18.9,25,33.3,"0.247","0.353","0.351",46.2
"Hoppe, Alex",695380,"BAL","SI","Sinker",2,2,"90",17.4,"24","0.227","0.273","0.26",19.1,8.3,10,"0.243","0.264","0.262",20
"McCullers Jr., Lance",621121,"MIL","CH","Changeup",-1.2,-1,"118",14.9,"24","0.261","0.435","0.315",38.3,25,18.2,"0.24","0.401","0.293",41.2
"Abel, Mick",690953,"MIN","CH","Changeup",1.8,1,"63",17.6,"24","0.182","0.273","0.238",31.3,29.2,35,"0.222","0.291","0.262",60
"Kranick, Max",668820,"WSH","FF","4-Seam Fastball",-8.7,-6,"73",42.9,"24","0.5","1","0.652",14.7,8.3,8.7,"0.355","0.561","0.487",46.7
"Hancock, Emerson",676106,"SEA","CU","Curveball",-2.2,-2,"78",4.1,"24","0.261","0.304","0.269",37.1,50,20.7,"0.234","0.274","0.241",18.2
"Alvarado, Elvis",665660,"ATH","SI","Sinker",-2,-2,"86",13.3,"24","0.364","0.545","0.454",9.1,0,0,"0.281","0.545","0.38",63.6
"Seabold, Connor",657756,"KC","CH","Changeup",-2.3,-2,"100",21,"24","0.318","0.5","0.381",16.7,16.7,12.5,"0.249","0.364","0.301",16.7
"Hartlieb, Geoff",664129,"ATH","FF","4-Seam Fastball",0.5,0,"78",35.9,"24","0.235","0.353","0.354",11.8,8.3,10.5,"0.273","0.421","0.383",31.3
"Strahm, Matt",621381,"KC","CH","Changeup",0,0,"72",11.4,"24","0.19","0.238","0.252",17.1,8.3,4.1,"0.192","0.251","0.256",47.4
"Paredes, Mike",702474,"MIN","FC","Cutter",2.3,2,"85",15.4,"24","0.136","0.364","0.226",21.3,12.5,23.1,"0.28","0.538","0.362",50
"Phillips, Evan",623465,"LAD","FF","4-Seam Fastball",0.5,0,"98",50.5,"24","0.261","0.391","0.3",27.1,29.2,28,"0.221","0.378","0.276",50
"Kimbrel, Craig",518886,"KC","ST","Sweeper",-1,-1,"87",14.5,"24","0.273","0.364","0.313",36.4,33.3,19,"0.237","0.361","0.293",35.7
"Lange, Alex",656638,"KC","FC","Cutter",-0.4,0,"112",12.7,"24","0.263","0.474","0.392",12.8,4.2,7.7,"0.284","0.459","0.396",22.2
"Ragans, Cole",666142,"KC","SL","Slider",-1.6,-1,"85",13.3,"23","0.2","0.4","0.311",35.9,34.8,21.6,"0.221","0.296","0.285",25
"Bieber, Shane",669456,"TOR","FC","Cutter",-0.9,-1,"97",13,"23","0.286","0.571","0.391",21.6,0,0,"0.349","0.635","0.444",33.3
"Gusto, Ryan",687473,"MIA","SI","Sinker",-0.4,0,"101",12.8,"23","0.381","0.476","0.404",19.1,17.4,26.7,"0.291","0.351","0.316",47.1
"Paddack, Chris",663978,"TEX","CU","Curveball",-2,-2,"115",11.3,"23","0.333","0.667","0.446",25.6,8.7,7.1,"0.311","0.64","0.427",42.1
"Gallen, Zac",668678,"AZ","SI","Sinker",-3.8,-3,"86",5.3,"23","0.476","0.905","0.593",9.1,0,0,"0.414","0.687","0.491",42.9
"Lange, Alex",656638,"KC","FF","4-Seam Fastball",0.1,0,"93",10.5,"23","0.222","0.333","0.339",14.6,17.4,11.1,"0.29","0.504","0.415",64.3
"Sandoval, Patrick",663776,"BOS","SI","Sinker",-1.5,-1,"90",18.4,"23","0.412","0.471","0.461",19,13,14.3,"0.35","0.445","0.425",33.3
"Soriano, George",666277,"STL","SI","Sinker",-4.6,-3,"75",8.6,"23","0.471","1.235","0.641",5.7,0,0,"0.406","1.024","0.64",47.4
"Alexander, Jason",669920,"HOU","FF","4-Seam Fastball",-4.5,-3,"69",23.1,"23","0.381","0.762","0.52",11.4,13,14.3,"0.217","0.378","0.293",50
"Quintana, Jose",500779,"COL","SV","Slurve",-4.6,-4,"98",14.3,"23","0.261","0.826","0.478",24.4,17.4,8.9,"0.242","0.511","0.315",26.3
"Dobbins, Hunter",690928,"STL","CU","Curveball",-1.4,-1,"81",10.7,"23","0.238","0.429","0.32",39.4,34.8,29.6,"0.21","0.373","0.287",23.1
"Hill, Jaden",677955,"COL","CH","Changeup",1.2,1,"94",19.5,"23","0.227","0.273","0.241",46.9,26.1,23.1,"0.21","0.256","0.224",25
"Hancock, Emerson",676106,"SEA","CH","Changeup",-5.2,-5,"100",5.2,"23","0.304","0.565","0.409",20.5,13,13,"0.218","0.487","0.297",35
"Medina, Luis",665622,"ATH","CU","Curveball",0,0,"112",12.2,"23","0.238","0.476","0.304",55,47.8,40.7,"0.214","0.485","0.309",54.5
"Herget, Jimmy",623474,"COL","FF","4-Seam Fastball",-1.1,-1,"55",8.6,"23","0.111","0.278","0.278",17.9,34.8,18.6,"0.147","0.349","0.315",60
"Wilcox, Cole",677961,"SEA","SI","Sinker",-3.4,-3,"78",16,"23","0.429","0.5","0.524",16.1,4.3,9.1,"0.351","0.461","0.488",46.2
"Cavalli, Cade",676917,"WSH","FC","Cutter",-0.1,0,"115",5.3,"23","0.318","0.727","0.434",17.5,4.3,3.8,"0.355","0.585","0.417",50
"Petty, Chase",695534,"CIN","CH","Changeup",-1,-1,"110",23.1,"23","0.2","0.4","0.311",33.3,8.7,5.9,"0.239","0.37","0.319",22.2
"Bachar, Lake",669199,"PIT","FS","Split-Finger",-0.6,-1,"102",9.5,"23","0.25","0.4","0.335",37,17.4,13.3,"0.215","0.346","0.302",6.3
"Hurter, Brant",676428,"DET","ST","Sweeper",0.3,0,"97",26.9,"23","0.2","0.3","0.259",39.5,43.5,29.4,"0.137","0.174","0.185",9.1
"Dobbins, Hunter",690928,"STL","SL","Slider",1.6,2,"130",17.2,"23","0.136","0.318","0.211",22.6,21.7,15.6,"0.233","0.356","0.271",29.4
"Pérez, Eury",691587,"MIA","CU","Curveball",0.2,0,"109",5.8,"23","0.15","0.2","0.233",30,17.4,16.7,"0.267","0.399","0.342",41.2
"Hall, DL",669084,"MIL","CH","Changeup",-2,-2,"106",17.7,"23","0.238","0.429","0.359",39,34.8,27.6,"0.191","0.318","0.26",30.8
"Holton, Tyler",663947,"DET","FF","4-Seam Fastball",-0.6,-1,"109",12.6,"23","0.313","0.375","0.424",14,13,11.5,"0.299","0.426","0.43",38.5
"Civale, Aaron",650644,"CHC","FS","Split-Finger",-2.2,-2,"84",5.8,"23","0.391","0.478","0.383",13.5,0,0,"0.3","0.35","0.285",26.1
"Fluharty, Mason",689254,"TOR","CH","Changeup",0.7,1,"79",9.7,"23","0.182","0.227","0.202",28.9,17.4,14.8,"0.168","0.302","0.222",27.8
"Skubal, Tarik",669373,"LAD","CU","Curveball",-0.6,0,"73",4.5,"23","0.095","0.286","0.202",44.1,47.8,42.3,"0.112","0.301","0.217",40
"Orze, Eric",679358,"MIN","SL","Slider",2.2,2,"97",14.3,"23","0.2","0.25","0.263",21.2,4.3,10,"0.212","0.341","0.299",21.1
"Cameron, Noah",702070,"KC","SI","Sinker",-5.1,-4,"84",3.9,"23","0.55","0.85","0.614",6.7,4.3,8.3,"0.364","0.597","0.436",35
"Cantillo, Joey",676282,"CLE","SL","Slider",-0.8,-1,"111",5.3,"23","0.333","0.524","0.396",26.8,4.3,4,"0.343","0.471","0.38",35
"Woodford, Jake",663765,"CHC","ST","Sweeper",-0.6,0,"71",15.5,"23","0.304","0.304","0.274",33.3,39.1,32.1,"0.254","0.291","0.239",35.7
"Lovelady, Richard",663992,"WSH","FF","4-Seam Fastball",-1.6,-2,"116",21.5,"23","0.222","0.389","0.341",20.4,26.1,14.3,"0.264","0.373","0.351",15.4
"Aleman, Franco",680916,"CLE","SL","Slider",-3.6,-3,"73",24.4,"23","0.35","0.55","0.459",37.8,30.4,33.3,"0.209","0.329","0.322",30.8
"Kent, Zak",687849,"WSH","SL","Slider",-4.5,-4,"99",38.1,"23","0.353","0.765","0.496",32.6,21.7,16.1,"0.272","0.475","0.425",53.8
"Gaddis, Hunter",683769,"CLE","CH","Changeup",0.5,1,"144",20.6,"23","0.217","0.217","0.196",36,30.4,18.9,"0.273","0.313","0.256",0
"Klassen, George",691946,"LAA","SL","Slider",2,2,"74",23.5,"23","0.158","0.316","0.287",44.2,39.1,29,"0.246","0.47","0.373",60
"Gibson, Trey",694346,"BAL","CU","Curveball",-5.2,-4,"82",13.2,"23","0.368","0.895","0.554",26.7,17.4,25,"0.412","0.861","0.564",66.7
"Bernardino, Brennan",657514,"COL","FC","Cutter",-0.3,0,"95",12,"22","0.222","0.444","0.323",22.2,0,0,"0.281","0.533","0.379",20
"Rodriguez, Grayson",680570,"LAA","CU","Curveball",-2.6,-3,"118",11.6,"22","0.333","0.5","0.43",18.6,9.1,5.6,"0.346","0.487","0.41",41.2
"Wolfram, Grant",664991,"BAL","CU","Curveball",-2.4,-2,"97",15.4,"22","0.381","0.619","0.426",28.8,36.4,22.2,"0.269","0.326","0.258",42.9
"Povich, Cade",700249,"BAL","CU","Curveball",1,1,"95",21,"22","0.158","0.211","0.234",38.9,31.8,19.4,"0.172","0.232","0.248",25
"Crochet, Garrett",676979,"BOS","ST","Sweeper",-4.9,-4,"74",14.3,"22","0.318","0.636","0.441",25,50,20.8,"0.227","0.437","0.278",63.6
"Rea, Colin",607067,"CHC","FC","Cutter",-2.6,-3,"106",5.3,"22","0.474","0.684","0.57",17.8,4.5,12.5,"0.428","0.707","0.514",38.9
"Martin, Riley",702303,"CHC","FF","4-Seam Fastball",3.9,3,"65",55.1,"22","0.158","0.158","0.195",17.9,22.7,23.8,"0.167","0.226","0.218",33.3
"Wicks, Jordan",696136,"CHC","FF","4-Seam Fastball",-2,-1,"69",38.3,"22","0.381","0.571","0.423",17.5,13.6,15.8,"0.268","0.372","0.295",44.4
"Boyd, Matthew",571510,"CHC","CU","Curveball",1.1,2,"143",11.6,"22","0.105","0.211","0.209",27.3,36.4,25.8,"0.164","0.185","0.226",0
"Messick, Parker",800048,"CLE","FC","Cutter",-1.9,-3,"138",6.6,"22","0.3","0.75","0.459",31.5,22.7,35.7,"0.225","0.49","0.34",33.3
"Pallette, Peyton",688883,"CLE","CU","Curveball",0.7,1,"106",24,"22","0.15","0.15","0.186",25.7,40.9,19.1,"0.252","0.315","0.287",45.5
"Holderman, Colin",670059,"CLE","CU","Curveball",1.9,2,"82",11.1,"22","0.053","0.053","0.136",36.4,27.3,12.2,"0.153","0.197","0.227",23.1
"Valdez, Framber",664285,"DET","FF","4-Seam Fastball",-1.2,-1,"55",2.6,"22","0.176","0.176","0.282",19.4,22.7,13.9,"0.155","0.195","0.275",8.3
"Brieske, Beau",689225,"DET","FF","4-Seam Fastball",-6.4,-5,"72",48.3,"22","0.333","0.833","0.523",20.5,18.2,16,"0.248","0.553","0.405",57.1
"Sommers, Drew",805427,"DET","FF","4-Seam Fastball",2,2,"104",29.2,"22","0.143","0.143","0.155",55.2,63.6,27.5,"0.146","0.188","0.171",28.6
"Gordon, Colton",676467,"HOU","FF","4-Seam Fastball",-6.5,-5,"73",36.1,"22","0.421","0.895","0.573",17.5,27.3,18.2,"0.345","0.612","0.447",61.5
"Brown, Hunter",686613,"HOU","CH","Changeup",-1.6,-2,"106",9.6,"22","0.313","0.625","0.477",46.7,13.6,15,"0.264","0.528","0.434",30.8
"King, Bryan",687911,"HOU","SI","Sinker",3.4,4,"102",12.2,"22","0.143","0.19","0.221",11.4,13.6,16.7,"0.227","0.273","0.244",27.8
"Ragans, Cole",666142,"KC","CH","Changeup",-3.1,-3,"105",16.5,"22","0.318","0.636","0.402",40.4,27.3,18.8,"0.252","0.54","0.332",31.3
"Ohtani, Shohei",660271,"LAD","CU","Curveball",-0.5,-1,"133",10,"22","0.111","0.111","0.209",38.7,36.4,19,"0.117","0.148","0.22",20
"Wrobleski, Justin",680736,"LAD","CH","Changeup",0.7,1,"103",5.7,"22","0.182","0.182","0.205",15,9.1,6.1,"0.308","0.393","0.304",35
"Lawrence, Justin",664875,"WSH","FF","4-Seam Fastball",-2.5,-2,"93",13.6,"22","0.286","0.667","0.409",22,40.9,22,"0.24","0.518","0.336",33.3
"Ribalta, Orlando",687377,"WSH","CH","Changeup",-0.1,0,"88",14.2,"22","0.111","0.111","0.209",48.4,45.5,19.2,"0.063","0.071","0.175",0
"Mikolas, Miles",571945,"WSH","ST","Sweeper",-6.3,-6,"97",5.3,"22","0.333","0.762","0.509",22,18.2,8,"0.315","0.538","0.379",47.1
"Myers, Tobias",668964,"NYM","FC","Cutter",-3.2,-3,"82",11.5,"22","0.333","0.667","0.455",15.2,4.5,9.1,"0.31","0.48","0.356",30
"Thornton, Zac",804267,"NYM","ST","Sweeper",0.9,1,"89",13.9,"22","0.2","0.25","0.243",26.3,18.2,16,"0.203","0.288","0.255",37.5
"Jump, Gage",695611,"ATH","ST","Sweeper",0.7,1,"76",6,"22","0.238","0.286","0.22",41.7,50,28.9,"0.171","0.213","0.161",27.3
"Morales, Luis",806960,"ATH","SL","Slider",-6.3,-6,"94",27.2,"22","0.5","1.15","0.698",33.3,13.6,13,"0.325","0.548","0.374",33.3
"King, Michael",650633,"SD","SL","Slider",1.7,2,"103",4.6,"22","0.143","0.19","0.17",28.2,22.7,13.5,"0.169","0.273","0.211",31.3
"Hart, Kyle",606996,"SD","FF","4-Seam Fastball",-2.4,-2,"68",8.8,"22","0.176","0.412","0.331",3.6,18.2,14.3,"0.221","0.432","0.356",28.6
"Miller, Bryce",682243,"SEA","SI","Sinker",-1,-1,"75",5.9,"22","0.333","0.5","0.423",0,0,0,"0.221","0.316","0.317",38.9
"Domínguez, Seranthony",622554,"SEA","FS","Split-Finger",1.1,1,"86",10.7,"22","0.095","0.238","0.164",56.4,59.1,24.5,"0.155","0.297","0.215",25
"Beck, Tristan",663941,"SF","FF","4-Seam Fastball",-5.6,-5,"96",38.9,"22","0.353","0.941","0.568",7.1,9.1,8.7,"0.318","0.81","0.52",66.7
"Hentges, Sam",656529,"SF","CU","Curveball",0.3,0,"91",17.4,"22","0.125","0.125","0.273",37.9,36.4,21.6,"0.134","0.258","0.311",12.5
"Roupp, Landen",694738,"SF","FF","4-Seam Fastball",-1.7,-2,"107",4.9,"22","0.19","0.381","0.261",35.1,50,14.7,"0.132","0.265","0.192",50
"Matz, Steven",571927,"TB","SL","Slider",-1.3,-1,"96",9.2,"22","0.333","0.476","0.368",19.2,9.1,7.4,"0.378","0.634","0.443",42.1
"Englert, Mason",669438,"TB","FF","4-Seam Fastball",-4.5,-5,"100",17.3,"22","0.316","1.105","0.552",28,22.7,12.5,"0.277","0.857","0.456",56.3
"Ross, Joe",605452,"TEX","SL","Slider",-3.5,-2,"59",28.8,"22","0.316","0.684","0.498",23.5,9.1,11.1,"0.318","0.668","0.455",41.2
"Mantiply, Joe",573009,"TOR","CH","Changeup",3.6,3,"70",26.5,"22","0.15","0.2","0.153",27.3,31.8,22.6,"0.187","0.3","0.209",26.7
"Ryan, Joe",657746,"MIN","SL","Slider",-0.3,0,"129",6.2,"22","0.35","0.45","0.35",25,9.1,6.7,"0.342","0.591","0.408",42.1
"Kremer, Dean",665152,"MIN","CU","Curveball",-2.5,-3,"107",13.8,"22","0.3","0.65","0.425",23.8,0,0,"0.295","0.536","0.384",40
"Topa, Justin",623437,"MIN","FC","Cutter",0.7,1,"95",26.5,"22","0.188","0.375","0.364",17,9.1,7.4,"0.177","0.285","0.334",42.9
"Sands, Cole",663485,"MIN","FF","4-Seam Fastball",0.8,1,"83",39.7,"22","0.188","0.25","0.298",13.2,4.5,4.3,"0.224","0.419","0.358",68.8
"Keller, Brad",641745,"PHI","CH","Changeup",2.1,1,"71",13.3,"22","0.15","0.15","0.227",32.3,27.3,25,"0.163","0.184","0.202",7.1
"Walker, Taijuan",592836,"PHI","FC","Cutter",-6.1,-5,"84",19.8,"22","0.368","0.842","0.582",17.1,9.1,18.2,"0.347","0.651","0.434",22.2
"Sims, Lucas",608371,"CWS","FF","4-Seam Fastball",-1.6,-1,"78",45.6,"22","0.25","0.5","0.407",6.1,13.6,21.4,"0.276","0.536","0.428",64.3
"Taylor, Grant",691799,"CWS","SI","Sinker",3.4,3,"100",10,"22","0.2","0.2","0.195",13.2,0,0,"0.153","0.226","0.213",10
"Junk, Janson",676083,"MIA","CU","Curveball",-1,-1,"99",7.1,"22","0.318","0.545","0.368",17.5,13.6,17.6,"0.282","0.428","0.305",42.1
"Gibson, Cade",806188,"MIA","SL","Slider",1.5,1,"97",17.2,"22","0.158","0.316","0.257",23.3,4.5,5.3,"0.302","0.461","0.341",40
"Blackburn, Paul",621112,"NYY","ST","Sweeper",-1.8,-1,"54",5.8,"22","0.19","0.333","0.245",26.7,22.7,21.7,"0.215","0.383","0.274",6.3
"Petty, Chase",695534,"CIN","FF","4-Seam Fastball",3.4,2,"71",14.9,"21","0.05","0.05","0.17",17.9,14.3,9.7,"0.148","0.278","0.206",29.4
"Rom, Drew",680723,"ATH","FF","4-Seam Fastball",3.1,2,"78",61.9,"21","0.167","0.167","0.229",44.4,47.6,43.5,"0.112","0.16","0.199",12.5
"Sommers, Drew",805427,"DET","SL","Slider",-1.4,-1,"84",23.6,"21","0.211","0.368","0.29",30.2,28.6,16.2,"0.153","0.278","0.236",23.1
"Yean, Eddy",678868,"WSH","SI","Sinker",1.2,1,"80",57.1,"21","0.111","0.333","0.298",18.8,14.3,25,"0.191","0.329","0.29",33.3
"Barlow, Scott",605130,"ATH","SI","Sinker",-6.3,-5,"77",13.3,"21","0.467","1","0.638",17.9,0,0,"0.439","0.848","0.589",33.3
"Armstrong, Shawn",542888,"CLE","SI","Sinker",-2.1,-2,"98",16.4,"21","0.375","0.438","0.44",18.4,9.5,7.1,"0.272","0.313","0.363",42.9
"Arrighetti, Spencer",681293,"HOU","CH","Changeup",-0.4,0,"104",6.9,"21","0.211","0.263","0.255",25,4.8,7.7,"0.327","0.381","0.346",33.3
"Scholtens, Jesse",669947,"TB","FS","Split-Finger",-2.2,-1,"66",11,"21","0.3","0.55","0.343",14.3,9.5,8,"0.283","0.46","0.328",42.1
"McGreevy, Michael",700241,"STL","SL","Slider",-3,-3,"96",4.7,"21","0.381","0.571","0.41",22.5,23.8,8.8,"0.355","0.712","0.451",75
"Wesneski, Hayden",669713,"HOU","ST","Sweeper",0.5,0,"72",30,"21","0.235","0.294","0.268",41.9,23.8,20.8,"0.243","0.378","0.314",14.3
"Waldron, Matt",663362,"TOR","ST","Sweeper",-4.5,-4,"88",14.9,"21","0.353","0.765","0.512",8.8,4.8,4.2,"0.301","0.492","0.41",37.5
"Bird, Jake",656234,"WSH","CU","Curveball",-6.6,-5,"74",12.7,"21","0.5","0.833","0.555",23.3,19,12.9,"0.419","0.706","0.486",46.7
"Thompson, Keegan",624522,"COL","FF","4-Seam Fastball",-3.6,-2,"56",28.7,"21","0.368","0.684","0.469",18.8,19,21.1,"0.312","0.638","0.427",40
"Hernández, Jonathan",642546,"LAD","FF","4-Seam Fastball",4.5,3,"67",17.7,"21","0.056","0.056","0.143",13.3,19,14.8,"0.182","0.233","0.256",50
"Martin, Chris",455119,"TEX","FC","Cutter",-1.3,-1,"104",41.9,"21","0.368","0.579","0.402",23.1,14.3,13,"0.306","0.455","0.362",58.8
"Senga, Kodai",673540,"NYM","SL","Slider",-6.2,-4,"67",7.6,"21","0.263","0.947","0.507",47.7,23.8,27.8,"0.266","0.63","0.405",50
"Pop, Zach",647315,"PHI","SI","Sinker",3.4,3,"81",62.3,"21","0.111","0.167","0.169",11.8,19,20,"0.218","0.336","0.272",46.7
"Brubaker, JT",664141,"SF","CU","Curveball",-0.5,0,"78",8.5,"21","0.222","0.278","0.288",24.1,23.8,16.7,"0.291","0.403","0.358",23.1
"Legumina, Casey",668984,"TB","SL","Slider",-2.2,-2,"109",13.6,"21","0.3","0.5","0.36",26.4,9.5,11.8,"0.217","0.311","0.25",33.3
"Vesia, Alex",681911,"LAD","CH","Changeup",0.3,0,"109",14.5,"21","0.2","0.4","0.274",54.7,28.6,17.6,"0.211","0.341","0.258",35.7
"Castaño, Blas",680604,"COL","ST","Sweeper",0.4,0,"85",24.8,"21","0.15","0.4","0.248",37.8,42.9,25.7,"0.141","0.308","0.214",45.5
"Weiss, Ryan",680802,"HOU","SI","Sinker",0.3,0,"66",12.5,"21","0.278","0.278","0.357",19.4,19,50,"0.232","0.276","0.29",35.7
"Junk, Janson",676083,"MIA","SI","Sinker",-0.9,-1,"60",4.3,"21","0.35","0.4","0.35",5.9,4.8,11.1,"0.314","0.458","0.347",36.8
"Peralta, Freddy",642547,"TB","SL","Slider",-0.3,0,"119",5.3,"21","0.2","0.4","0.381",47.5,23.8,12.8,"0.266","0.565","0.448",40
"Junis, Jakob",596001,"TEX","FF","4-Seam Fastball",0.7,1,"108",18.5,"21","0.294","0.294","0.348",28.6,28.6,25,"0.252","0.306","0.33",27.3
"Morillo, Juan",666661,"AZ","SL","Slider",-1.8,-2,"112",14.7,"21","0.316","0.526","0.378",46.3,23.8,12.8,"0.258","0.482","0.353",53.3
"García, Luis",472610,"MIN","FS","Split-Finger",-0.4,0,"83",31.3,"21","0.176","0.235","0.325",34.1,14.3,10.7,"0.197","0.27","0.313",21.4
"Martin, Chris",455119,"TEX","FF","4-Seam Fastball",1.2,1,"65",26.2,"21","0.25","0.35","0.281",21.1,23.8,18.5,"0.277","0.404","0.311",40
"Kolek, Stephen",663568,"KC","FC","Cutter",1.1,1,"103",12.3,"21","0.19","0.619","0.245",20.8,23.8,41.7,"0.193","0.396","0.249",37.5
"Sears, JP",676664,"SD","SL","Slider",2.6,2,"74",14,"21","0.105","0.105","0.162",16.7,14.3,13,"0.149","0.177","0.227",29.4
"Dobbins, Hunter",690928,"STL","FS","Split-Finger",1.7,2,"92",12.1,"21","0.053","0.211","0.162",31.4,23.8,18.5,"0.154","0.365","0.263",28.6
"Criswell, Cooper",681867,"SEA","FC","Cutter",0.7,1,"98",21.2,"21","0.167","0.556","0.333",27.7,33.3,25.9,"0.219","0.522","0.349",41.7
"Dion, Will",702021,"WSH","CH","Changeup",0.9,1,"69",19.5,"20","0.1","0.25","0.145",32.5,25,18.5,"0.248","0.408","0.28",13.3
"Ekness, Josh",694795,"MIA","FF","4-Seam Fastball",1,1,"78",51.3,"20","0.214","0.214","0.345",21.9,20,16.7,"0.331","0.498","0.458",60
"Duarte, Daniel",650960,"NYM","ST","Sweeper",1.6,1,"69",26.5,"20","0.111","0.278","0.215",33.3,40,19,"0.097","0.255","0.203",20
"Soriano, José",667755,"TOR","SL","Slider",0.1,0,"101",4.5,"20","0.176","0.176","0.24",30.8,25,13.5,"0.24","0.304","0.303",25
"McCambley, Zach",685112,"CIN","FC","Cutter",-0.8,-1,"72",45.9,"20","0.35","0.45","0.35",27.8,15,17.6,"0.345","0.493","0.361",52.9
"Kerry, Brett",695049,"LAA","SL","Slider",-0.8,0,"58",27.4,"20","0.25","0.45","0.343",34.3,30,31.6,"0.307","0.526","0.357",50
"Wilcox, Cole",677961,"SEA","SL","Slider",-0.1,0,"84",17.2,"20","0.235","0.412","0.368",41.7,25,15.6,"0.315","0.637","0.414",53.8
"Vest, Will",676684,"DET","SI","Sinker",1,1,"75",15.5,"20","0.176","0.235","0.348",8.1,5,7.1,"0.276","0.304","0.321",25
"Wolfram, Grant",664991,"BAL","SL","Slider",-2.4,-2,"80",12.7,"20","0.278","0.556","0.368",44.1,30,26.1,"0.217","0.474","0.313",46.2
"Peralta, Wandy",593974,"SD","FF","4-Seam Fastball",-3.2,-3,"98",10,"20","0.353","0.353","0.375",9.3,15,4.8,"0.301","0.4","0.362",28.6
"Nardi, Andrew",677053,"MIA","ST","Sweeper",-3.1,-3,"87",23,"20","0.278","0.667","0.423",40.5,35,22.6,"0.259","0.576","0.385",36.4
"Anderson, Shaun",641312,"LAA","CH","Changeup",-2.3,-2,"90",25.6,"20","0.35","0.8","0.48",26.2,15,15,"0.351","0.676","0.434",41.2
"Perkins, Jack",678022,"ATH","SI","Sinker",-10,-5,"52",3.7,"20","0.5","1.125","0.683",14.3,0,0,"0.314","0.569","0.44",43.8
"Antone, Tejay",622088,"CIN","CU","Curveball",-1.6,-1,"79",12.7,"20","0.278","0.5","0.408",14.3,15,9.4,"0.19","0.364","0.287",26.7
"Criswell, Cooper",681867,"SEA","ST","Sweeper",1.7,2,"88",19,"20","0.222","0.222","0.215",22.2,25,15.6,"0.168","0.24","0.202",28.6
"Carrillo, Gerardo",672629,"AZ","FS","Split-Finger",4.2,2,"55",28.1,"20","0.056","0.111","0.133",53.8,55,31.4,"0.054","0.06","0.114",0
"Gusto, Ryan",687473,"MIA","CU","Curveball",-3.9,-2,"54",6.9,"20","0.368","0.526","0.448",19.2,15,17.6,"0.26","0.417","0.307",50
"Chandler, Bubba",696149,"PIT","CU","Curveball",-3.9,-2,"61",3.1,"20","0.267","0.533","0.393",4.2,5,5,"0.248","0.444","0.361",40
"Klein, Will",694361,"LAD","CU","Curveball",-2.1,-3,"123",16.1,"20","0.333","0.389","0.329",24.2,25,17.2,"0.231","0.288","0.276",30.8
"Young, Danny",664849,"ATL","ST","Sweeper",-0.5,-1,"113",48.5,"20","0.133","0.333","0.32",40.6,40,19,"0.129","0.261","0.3",28.6
"Barnes, Charlie",656212,"LAD","FF","4-Seam Fastball",-3.9,-3,"67",33.3,"20","0.267","0.667","0.465",7.7,10,16.7,"0.265","0.621","0.449",38.5
"Koenig, Jared",657649,"MIL","SI","Sinker",-0.9,-1,"77",47.8,"20","0.313","0.313","0.41",15.2,20,16,"0.237","0.346","0.34",58.3
"Mederos, Victor",682989,"ATL","FF","4-Seam Fastball",3.8,3,"72",24.2,"20","0.176","0.176","0.179",26.3,20,16.7,"0.181","0.209","0.199",46.7
"Weissert, Greg",669711,"BOS","ST","Sweeper",0.1,0,"102",13.8,"20","0.278","0.278","0.26",38.6,30,18.2,"0.262","0.295","0.292",15.4
"Mize, Casey",663554,"SD","SV","Slurve",-0.2,0,"71",4.8,"20","0.25","0.25","0.225",23.1,25,17.9,"0.273","0.358","0.277",26.7
"Rojas, Kendry",696070,"MIN","CH","Changeup",-0.9,-1,"76",14.6,"20","0.222","0.333","0.289",27,20,18.2,"0.234","0.379","0.262",50
"Whisenhunt, Carson",687931,"SF","SL","Slider",-0.6,-1,"97",19.8,"20","0.25","0.5","0.315",28.6,15,16.7,"0.207","0.432","0.268",47.1
"Parker, Mitchell",680730,"WSH","CU","Curveball",-1.7,-2,"103",15.5,"20","0.3","0.65","0.398",29.3,15,13,"0.221","0.38","0.256",29.4
"Martin, Trevor",694680,"TB","FF","4-Seam Fastball",0.9,1,"80",44.4,"20","0.176","0.529","0.35",39,30,35.3,"0.145","0.439","0.311",54.5
"Gerber, Joey",680702,"NYM","FF","4-Seam Fastball",2.1,1,"70",54.3,"20","0.125","0.188","0.248",21.4,20,26.7,"0.214","0.384","0.342",58.3
"Strahm, Matt",621381,"KC","SI","Sinker",0.3,0,"92",14.5,"20","0.368","0.526","0.403",9.1,5,11.1,"0.171","0.243","0.204",33.3
"Smith, Burch",572143,"DET","FC","Cutter",-4.5,-3,"60",20.9,"20","0.412","0.647","0.535",16,10,22.2,"0.303","0.482","0.391",40
"Gil, Luis",661563,"NYY","SL","Slider",-1.8,-1,"71",21.1,"20","0.125","0.375","0.303",32.3,20,21.1,"0.244","0.435","0.37",50
"Petty, Chase",695534,"CIN","ST","Sweeper",-1.3,-1,"87",18.2,"20","0.25","0.45","0.298",31.6,30,20,"0.263","0.446","0.302",21.4
"Burns, Chase",695505,"CIN","CH","Changeup",-5.6,-6,"108",5.3,"20","0.474","0.842","0.568",34.1,15,17.6,"0.334","0.64","0.428",25
"Vanasco, Ricky",676568,"DET","FF","4-Seam Fastball",-3.4,-3,"87",51.2,"20","0.438","0.875","0.628",15.2,10,9.1,"0.256","0.495","0.395",50
"Paddack, Chris",663978,"TEX","SI","Sinker",-0.3,0,"62",6.1,"20","0.389","0.5","0.42",10,0,0,"0.368","0.554","0.425",44.4
"Ohtani, Shohei",660271,"LAD","SI","Sinker",0.6,0,"69",5.2,"20","0.143","0.214","0.318",20.7,15,42.9,"0.211","0.235","0.345",45.5
"Sandlin, Nick",680704,"LAA","SL","Slider",-2.4,-2,"85",54.1,"20","0.333","0.533","0.5",37.5,20,20,"0.244","0.405","0.382",18.2
"Rodriguez, Carlos",692230,"MIL","CH","Changeup",-3.3,-2,"67",36.8,"20","0.294","0.529","0.403",43.2,35,23.3,"0.224","0.353","0.314",30
"Walker, Taijuan",592836,"PHI","SI","Sinker",-3.8,-4,"96",22.6,"20","0.375","0.625","0.483",13.3,20,14.3,"0.239","0.44","0.371",41.7
"Davila, Nick",689546,"SEA","SI","Sinker",1.8,1,"84",22.3,"20","0.211","0.368","0.27",12.5,5,9.1,"0.302","0.438","0.338",27.8
"Rucker, Michael",621074,"SEA","FC","Cutter",-1.8,-1,"81",19.2,"20","0.333","0.556","0.413",12.8,10,14.3,"0.269","0.402","0.328",37.5
"Kittredge, Andrew",552640,"BAL","FF","4-Seam Fastball",-1.6,-1,"59",11.4,"20","0.316","0.474","0.36",8.8,10,18.2,"0.326","0.552","0.388",64.7
"Weissert, Greg",669711,"BOS","CH","Changeup",-1.9,-1,"75",10.2,"20","0.278","0.444","0.35",38.6,35,17.9,"0.196","0.284","0.256",36.4
"Chivilli, Angel",683409,"NYY","SL","Slider",0.3,0,"107",37.5,"20","0.263","0.474","0.333",39.2,20,21.1,"0.206","0.407","0.28",33.3
"Cabrera, Jose",703615,"AZ","FC","Cutter",0,0,"73",26.2,"20","0.333","0.5","0.44",15.2,5,14.3,"0.292","0.498","0.373",29.4
"Rock, Joe",697812,"CWS","FF","4-Seam Fastball",-1.9,-2,"95",48.7,"20","0.333","0.333","0.46",27,15,17.6,"0.301","0.51","0.489",55.6
"Festa, Matt",670036,"CLE","FC","Cutter",1.3,1,"53",6.5,"20","0.111","0.278","0.215",29.6,25,29.4,"0.186","0.356","0.277",23.1
"Bido, Osvaldo",674370,"CWS","SI","Sinker",-2.9,-2,"65",20.5,"20","0.25","0.625","0.43",9.4,5,10,"0.3","0.645","0.457",46.7
"Carrasco, Carlos",471911,"ATL","CH","Changeup",-1,-1,"76",30.9,"20","0.316","0.368","0.323",21.4,15,10,"0.345","0.423","0.353",37.5
"Aldegheri, Sam",691951,"LAA","FC","Cutter",-1.6,-1,"59",9.7,"19","0.267","0.4","0.374",12.5,10.5,10,"0.291","0.424","0.391",38.5
"Leiter Jr., Mark",643410,"ATH","FF","4-Seam Fastball",-1.5,-1,"64",11.6,"19","0.333","0.4","0.403",7.7,5.3,5,"0.306","0.395","0.388",64.3
"Banks, Tanner",621383,"PHI","SI","Sinker",-4.4,-4,"88",16,"19","0.5","0.667","0.597",9.8,5.3,8.3,"0.356","0.439","0.366",41.2
"Assad, Javier",665871,"CHC","ST","Sweeper",1,1,"90",7.1,"19","0.053","0.053","0.047",29,36.8,13.2,"0.124","0.167","0.127",8.3
"Barnett, Mason",686930,"ATH","CU","Curveball",-3.8,-3,"69",10.5,"19","0.294","0.647","0.424",14.3,15.8,14.3,"0.275","0.424","0.34",42.9
"Holmes, Clay",605280,"CHC","CU","Curveball",1.5,1,"74",8.2,"19","0.059","0.118","0.15",26.5,42.1,20,"0.125","0.171","0.194",40
"Cecconi, Slade",677944,"CLE","ST","Sweeper",-2.9,-3,"89",4.8,"19","0.412","0.882","0.521",32.6,15.8,13,"0.271","0.593","0.377",40
"Yoho, Craig",684974,"CLE","FF","4-Seam Fastball",-0.5,0,"69",18,"19","0.143","0.429","0.355",11.1,21.1,19,"0.186","0.473","0.387",50
"Kolek, Stephen",663568,"KC","ST","Sweeper",-2.8,-2,"78",9.3,"19","0.333","0.611","0.416",9.1,10.5,11.8,"0.339","0.457","0.36",43.8
"Topa, Justin",623437,"MIN","CH","Changeup",0,0,"51",14.2,"19","0.294","0.412","0.274",17.9,21.1,19,"0.267","0.408","0.264",46.7
"Little, Brendon",663893,"TOR","SI","Sinker",-6.3,-6,"87",28.3,"19","0.563","1.063","0.739",14.7,10.5,16.7,"0.331","0.606","0.428",46.7
"Legumina, Casey",668984,"TB","CH","Changeup",0.2,0,"86",10.7,"19","0.176","0.235","0.245",9.8,10.5,6.9,"0.224","0.276","0.254",37.5
"Morán, Jovani",663558,"BOS","FC","Cutter",1,1,"99",12.8,"19","0.167","0.389","0.255",36.2,15.8,20,"0.249","0.542","0.351",33.3
"Pallette, Peyton",688883,"CLE","SL","Slider",-0.7,-1,"99",22.4,"19","0.176","0.412","0.292",31.4,21.1,14.3,"0.182","0.286","0.253",23.1
"Petersen, Michael",656848,"MIA","CH","Changeup",0.3,0,"103",12.4,"19","0.235","0.353","0.3",30,15.8,11.1,"0.152","0.235","0.221",28.6
"Dollander, Chase",801403,"COL","CH","Changeup",-6.2,-5,"78",10.5,"19","0.444","0.833","0.513",31.4,31.6,17.6,"0.265","0.406","0.314",38.5
"O'Brien, Riley",676617,"STL","SL","Slider",0.2,0,"65",8.1,"19","0.2","0.467","0.329",21.9,21.1,21.1,"0.253","0.619","0.431",75
"Henriquez, Edgardo",683618,"LAD","FC","Cutter",1.8,2,"102",13.3,"19","0.278","0.444","0.329",37,21.1,23.5,"0.174","0.279","0.22",21.4
"Stanek, Ryne",592773,"STL","SI","Sinker",4.3,4,"86",10.3,"19","0.176","0.176","0.216",16.3,5.3,10,"0.276","0.356","0.32",25
"Sabrowski, Erik",681870,"CLE","SL","Slider",3.2,2,"74",12.4,"19","0.105","0.158","0.113",51.4,52.6,41.7,"0.132","0.206","0.144",22.2
"Stewart, Brock",592779,"LAD","FF","4-Seam Fastball",0.3,0,"72",33.8,"19","0.167","0.556","0.313",36.6,36.8,31.8,"0.109","0.279","0.19",18.2
"Gastelum, Luis",703725,"STL","FF","4-Seam Fastball",-1.3,-1,"84",33.3,"19","0.235","0.706","0.416",18.4,21.1,22.2,"0.21","0.501","0.339",23.1
"Bassitt, Chris",605135,"BAL","ST","Sweeper",1,1,"57",5.8,"19","0.176","0.235","0.234",33.3,26.3,26.3,"0.252","0.289","0.283",8.3
"Cabrera, Jose",703615,"AZ","FF","4-Seam Fastball",2.4,2,"69",24.7,"19","0.25","0.25","0.3",10.7,5.3,8.3,"0.393","0.714","0.508",46.7
"Smith, Burch",572143,"DET","CU","Curveball",1.9,1,"73",25.4,"19","0.278","0.333","0.285",27,31.6,30,"0.222","0.252","0.208",61.5
"Cano, Yennier",666974,"BAL","ST","Sweeper",2.6,2,"83",13.4,"19","0.105","0.105","0.095",30.8,31.6,17.6,"0.099","0.133","0.1",23.1
"Rojas, Kendry",696070,"MIN","SI","Sinker",1,1,"75",14.4,"19","0.231","0.231","0.363",13.3,10.5,20,"0.154","0.197","0.326",27.3
"Weaver, Luke",596133,"PIT","FC","Cutter",1.1,1,"96",14.8,"19","0.118","0.294","0.189",32.5,10.5,20,"0.311","0.692","0.414",37.5
"Gage, Matt",657424,"SF","CH","Changeup",0.8,1,"75",14.3,"19","0.167","0.222","0.161",20,26.3,17.2,"0.165","0.207","0.159",21.4
"Ritchie, JR",702275,"ATL","FC","Cutter",-1.5,-2,"99",9.7,"19","0.357","0.429","0.439",19.5,5.3,10,"0.355","0.407","0.43",23.1
"Dreyer, Jack",676263,"LAD","CU","Curveball",3.2,4,"114",14.9,"19","0.056","0.056","0.084",25,31.6,15.8,"0.236","0.26","0.244",41.7
"Peguero, Joel",666711,"SF","SI","Sinker",1.9,1,"57",33.7,"19","0.278","0.278","0.274",9.7,5.3,9.1,"0.259","0.301","0.27",29.4
"Slaten, Justin",686580,"BOS","SI","Sinker",3.8,2,"65",12.8,"19","0.167","0.167","0.226",26.5,21.1,40,"0.266","0.302","0.273",21.4
"Walker, Josh",677020,"BAL","SI","Sinker",1.3,1,"61",27.7,"19","0.294","0.353","0.329",2.9,5.3,8.3,"0.178","0.221","0.228",31.3
"Murphy, Owen",702566,"ATL","FF","4-Seam Fastball",1.2,1,"65",56,"19","0.188","0.375","0.311",17.1,26.3,17.9,"0.213","0.39","0.326",45.5
"Bubic, Kris",663460,"KC","SL","Slider",1.7,1,"72",8.9,"19","0.118","0.118","0.168",36.7,42.1,23.5,"0.24","0.269","0.274",33.3
"Antone, Tejay",622088,"CIN","FF","4-Seam Fastball",-6.4,-2,"37",6,"19","0.333","0.667","0.485",29.2,31.6,21.4,"0.194","0.326","0.249",50
"Sears, JP",676664,"SD","SI","Sinker",0.8,1,"78",14.7,"19","0.333","0.333","0.384",12.5,5.3,7.7,"0.374","0.44","0.425",42.9
"Rea, Colin",607067,"CHC","CU","Curveball",-5,-6,"109",5.5,"19","0.556","0.889","0.671",13.3,0,0,"0.491","0.893","0.593",50
"Farris, Mitch",815083,"LAA","SL","Slider",-0.9,-1,"93",12.2,"19","0.333","0.556","0.397",30.6,26.3,26.3,"0.28","0.444","0.327",46.2
"Keller, Brad",641745,"PHI","ST","Sweeper",0.1,0,"66",12.4,"19","0.211","0.526","0.305",23.5,31.6,17.6,"0.258","0.495","0.321",46.2
"Ashcraft, Braxton",677952,"PIT","FS","Split-Finger",-0.4,0,"98",4.9,"19","0.368","0.368","0.332",9.5,10.5,14.3,"0.31","0.367","0.294",41.2
"Bird, Jake",656234,"WSH","FF","4-Seam Fastball",-0.6,0,"79",13.6,"19","0.2","0.2","0.289",27.5,42.1,19,"0.122","0.179","0.249",28.6
"Scholtens, Jesse",669947,"TB","ST","Sweeper",-3,-2,"61",10.1,"19","0.278","0.5","0.35",30,36.8,17.9,"0.182","0.274","0.222",36.4
"Juenger, Hayden",696522,"ATH","SL","Slider",-2.7,-2,"62",27.1,"19","0.471","0.647","0.434",9.1,5.3,8.3,"0.264","0.446","0.27",27.8
"Sandlin, David",689818,"CWS","FC","Cutter",0.5,0,"68",16.6,"18","0.267","0.533","0.397",25.8,16.7,30,"0.297","0.679","0.458",33.3
"Leiter Jr., Mark",643410,"ATH","CU","Curveball",0,0,"106",19.2,"18","0.25","0.5","0.358",34.9,11.1,14.3,"0.261","0.439","0.342",28.6
"Shugart, Chase",663767,"PHI","FF","4-Seam Fastball",-2.1,-2,"73",10.8,"18","0.214","0.643","0.428",28.6,27.8,21.7,"0.31","0.69","0.48",33.3
"Rangel, Alan",660604,"PHI","SL","Slider",2,2,"81",16.5,"18","0.125","0.125","0.178",35.3,38.9,25.9,"0.173","0.219","0.229",11.1
"Mattson, Isaac",676755,"PIT","ST","Sweeper",0.4,0,"50",7.7,"18","0.188","0.375","0.289",30.8,27.8,21.7,"0.216","0.451","0.327",36.4
"Assad, Javier",665871,"CHC","SL","Slider",-2.4,-1,"57",4.5,"18","0.278","0.444","0.311",20.8,16.7,13,"0.281","0.35","0.274",33.3
"Ahlstrom, Robby",695239,"TEX","CH","Changeup",-0.7,0,"61",13.9,"18","0.222","0.444","0.281",15.6,5.6,5.6,"0.391","0.624","0.433",29.4
"Guerrero, Tyron",594027,"BOS","SL","Slider",-0.8,0,"55",11.7,"18","0.176","0.235","0.258",29,33.3,20,"0.153","0.199","0.182",18.2
"Gordon, Tanner",685299,"COL","CU","Curveball",-6.4,-6,"91",8.7,"18","0.5","1.063","0.661",18.2,16.7,12.5,"0.216","0.476","0.336",30.8
"Montgomery, Mason",682254,"PIT","SI","Sinker",1.8,2,"94",11.4,"18","0.125","0.313","0.25",35.7,38.9,33.3,"0.194","0.306","0.239",40
"Thornton, Trent",663423,"CHC","CU","Curveball",0.6,1,"86",16.1,"18","0.188","0.188","0.228",14.8,33.3,16.2,"0.207","0.254","0.254",40
"Crow, Coleman",689441,"MIL","CU","Curveball",2.3,1,"61",20.7,"18","0.125","0.125","0.178",21.9,44.4,25.8,"0.198","0.359","0.287",25
"Yoho, Craig",684974,"CLE","SI","Sinker",-0.6,-1,"87",22.7,"18","0.231","0.462","0.406",17.2,5.6,9.1,"0.227","0.435","0.396",25
"Juenger, Hayden",696522,"ATH","FF","4-Seam Fastball",-0.6,0,"80",34.9,"18","0.357","0.429","0.386",16.2,0,0,"0.488","0.824","0.574",60
"Sullivan, Sean",807743,"COL","ST","Sweeper",-4.6,-3,"72",17.5,"18","0.412","0.765","0.508",9.7,16.7,15,"0.221","0.312","0.256",28.6
"Bummer, Aaron",607481,"KC","ST","Sweeper",-2.9,-2,"71",21.6,"18","0.313","0.688","0.432",33.3,22.2,14.8,"0.238","0.42","0.301",23.1
"Houser, Adrian",605288,"SF","CU","Curveball",-4.6,-5,"118",7.3,"18","0.5","1.063","0.658",27.8,16.7,13.6,"0.341","0.732","0.478",46.2
"Payamps, Joel",606303,"ATL","ST","Sweeper",-1.2,-1,"69",45.7,"18","0.313","0.563","0.408",16.1,22.2,19,"0.279","0.51","0.377",25
"Headrick, Brent",687396,"NYY","FS","Split-Finger",0.8,1,"78",8.2,"18","0.167","0.278","0.189",45,50,29,"0.209","0.242","0.198",22.2
"Hall, DL",669084,"MIL","CU","Curveball",0.9,1,"87",14.5,"18","0.067","0.133","0.236",25.8,38.9,24.1,"0.121","0.134","0.209",25
"Soriano, George",666277,"STL","ST","Sweeper",-0.2,0,"86",9.9,"18","0.176","0.235","0.208",38.2,38.9,17.9,"0.169","0.3","0.228",30
"Rodríguez, Elmer",695684,"NYY","FF","4-Seam Fastball",-2.9,-2,"72",22.6,"18","0.308","0.538","0.456",29.6,11.1,12.5,"0.313","0.668","0.493",63.6
"Liberatore, Matthew",669461,"STL","FC","Cutter",-5.2,-4,"80",4.2,"18","0.625","0.875","0.658",21.1,0,0,"0.381","0.487","0.412",43.8
"Gamboa, Alec",687941,"BOS","SL","Slider",-2.4,-2,"64",32.2,"18","0.313","0.625","0.389",15.8,11.1,9.1,"0.282","0.491","0.404",33.3
"Rocker, Kumar",677958,"TEX","CH","Changeup",0.6,1,"81",4.4,"18","0.235","0.412","0.261",24.3,5.6,9.1,"0.457","0.687","0.491",47.1
"Krook, Matt",640454,"WSH","SI","Sinker",0.3,0,"78",43.6,"18","0.154","0.154","0.344",16.1,11.1,14.3,"0.283","0.321","0.384",36.4
"Wesneski, Hayden",669713,"HOU","FC","Cutter",-0.3,0,"48",20,"18","0.267","0.533","0.397",33.3,16.7,37.5,"0.235","0.383","0.336",33.3
"Murray, Jayden",681151,"CHC","ST","Sweeper",-6,-4,"75",24.7,"18","0.444","0.889","0.561",19.4,16.7,10.3,"0.261","0.593","0.357",26.7
"King, John",667463,"MIA","CU","Curveball",-2.2,-2,"77",11.8,"18","0.4","0.6","0.478",7.7,22.2,40,"0.275","0.561","0.407",45.5
"Rodríguez, Yariel",684320,"TOR","SL","Slider",0.6,0,"68",39.5,"18","0.25","0.438","0.339",10,11.1,14.3,"0.291","0.513","0.382",35.7
"Morris, Kade",695034,"ATH","SI","Sinker",-4.1,-3,"72",34.4,"18","0.533","0.733","0.578",13.2,5.6,6.3,"0.266","0.321","0.331",50
"Kikuchi, Yusei",579328,"LAA","FC","Cutter",-4.5,-3,"65",11.5,"18","0.5","0.7","0.6",31,11.1,11.8,"0.385","0.766","0.581",62.5
"Feltner, Ryan",663372,"COL","CU","Curveball",-4.3,-5,"107",7.5,"18","0.412","0.941","0.533",14.6,0,0,"0.314","0.607","0.37",44.4
"Festa, Matt",670036,"CLE","SI","Sinker",0.6,0,"52",6.4,"18","0.294","0.294","0.289",10.5,38.9,36.8,"0.189","0.27","0.223",40
"Chivilli, Angel",683409,"NYY","FF","4-Seam Fastball",-0.8,0,"59",20.7,"18","0.267","0.533","0.397",14.8,11.1,20,"0.295","0.431","0.378",53.8
"Paddack, Chris",663978,"TEX","ST","Sweeper",-0.4,0,"78",7.7,"18","0.222","0.444","0.316",25,16.7,13,"0.255","0.501","0.319",26.7
"Waguespack, Jacob",621097,"DET","CH","Changeup",0.5,0,"64",19.6,"18","0.118","0.118","0.212",37.5,27.8,18.5,"0.125","0.145","0.115",7.7
"Melton, Troy",675512,"DET","SI","Sinker",0.4,0,"95",8.2,"18","0.267","0.267","0.367",22.9,11.1,22.2,"0.273","0.306","0.328",30.8
"Peguero, Joel",666711,"SF","FF","4-Seam Fastball",3.2,2,"73",43.2,"18","0.071","0.143","0.225",23.3,16.7,12,"0.131","0.218","0.271",36.4
"Barco, Hunter",682995,"PIT","SI","Sinker",0.6,0,"60",19.7,"18","0.231","0.538","0.409",10.7,5.6,20,"0.314","0.521","0.418",46.2
"Alexander, Jason",669920,"HOU","SI","Sinker",-0.2,0,"70",23.4,"18","0.25","0.583","0.464",16.7,11.1,50,"0.34","0.568","0.491",60
"Woodruff, Brandon",605540,"MIL","FC","Cutter",-0.1,0,"66",10.3,"18","0.222","0.444","0.331",7.4,0,0,"0.309","0.549","0.364",44.4
"Pérez, Martín",527048,"ATL","CU","Curveball",1.4,2,"124",7.6,"18","0.222","0.444","0.281",27.7,0,0,"0.324","0.431","0.325",33.3
"Mattson, Isaac",676755,"PIT","SL","Slider",-2.5,-2,"77",11.9,"18","0.389","0.722","0.469",27.9,27.8,27.8,"0.364","0.548","0.392",46.2
"Santa, Alimber",695001,"HOU","SL","Slider",0.1,0,"74",31.1,"18","0.214","0.429","0.367",24.1,11.1,15.4,"0.248","0.399","0.371",33.3
"Roa, Christian",685005,"HOU","SI","Sinker",-5.2,-3,"57",32,"18","0.455","0.727","0.542",11.1,0,0,"0.293","0.435","0.425",50
"Smith, Cade",671922,"CLE","ST","Sweeper",-0.3,0,"119",12.5,"18","0.167","0.389","0.231",35.7,33.3,26.1,"0.135","0.316","0.189",25
"Collyer, Gavin",686560,"TEX","SI","Sinker",-0.6,0,"80",17.9,"18","0.125","0.125","0.439",0,0,0,"0.166","0.2","0.46",37.5
"Mantiply, Joe",573009,"TOR","CU","Curveball",1.1,1,"73",27.7,"17","0.235","0.294","0.232",22.9,29.4,22.7,"0.278","0.371","0.281",41.7
"Rogers, Taylor",573124,"MIN","FC","Cutter",-0.4,0,"103",13.1,"17","0.375","0.375","0.338",17.5,11.8,11.1,"0.371","0.521","0.387",40
"Englert, Mason",669438,"TB","FC","Cutter",1.7,1,"58",10.1,"17","0.313","0.438","0.347",19.4,11.8,33.3,"0.31","0.473","0.358",21.4
"Blanco, Ronel",669854,"HOU","SL","Slider",-8.9,-5,"57",17.2,"17","0.286","0.929","0.529",16.7,23.5,16.7,"0.33","0.802","0.513",30
"Boyle, Joe",671212,"TB","FF","4-Seam Fastball",0.8,0,"55",20.9,"17","0.214","0.286","0.303",32,29.4,41.7,"0.339","0.597","0.451",55.6
"Boyle, Joe",671212,"TB","SL","Slider",1.8,2,"90",34.2,"17","0.143","0.214","0.221",27,17.6,16.7,"0.222","0.315","0.271",30.8
"Kelly, Antwone",699008,"PIT","FF","4-Seam Fastball",-0.3,0,"68",55.3,"17","0.333","0.467","0.388",8.6,0,0,"0.393","0.473","0.415",53.3
"Suarez, Ranger",624133,"BOS","SL","Slider",-0.5,0,"65",3.8,"17","0.2","0.333","0.282",53.1,41.2,21.9,"0.235","0.308","0.289",37.5
"Peoples, Ben",687239,"TEX","SL","Slider",-1.8,-1,"81",35.5,"17","0.313","0.5","0.371",31.7,23.5,12.9,"0.202","0.322","0.249",25
"Anderson, Jack",681252,"MIN","FF","4-Seam Fastball",3.1,2,"60",33.3,"17","0.267","0.333","0.315",3.6,11.8,14.3,"0.292","0.543","0.396",61.5
"Rodriguez, Bradgley",699134,"SD","SL","Slider",-0.2,0,"67",7.6,"17","0.235","0.412","0.274",32.3,29.4,17.9,"0.16","0.316","0.202",41.7
"Morgan, David",688158,"SD","SL","Slider",0.3,0,"69",17.3,"17","0.294","0.353","0.285",47.2,29.4,31.3,"0.233","0.27","0.217",25
"Holmes, Clay",605280,"CHC","FC","Cutter",-2.6,-2,"64",7.1,"17","0.267","0.467","0.359",29.4,11.8,10,"0.348","0.641","0.456",30.8
"Mlodzinski, Carmen",669387,"PIT","SL","Slider",-0.6,0,"68",4,"17","0.313","0.375","0.326",20.7,5.9,5.3,"0.316","0.4","0.333",33.3
"Kinley, Tyler",641755,"ATL","FF","4-Seam Fastball",-0.7,-1,"113",17,"17","0.333","0.533","0.438",14.7,5.9,7.1,"0.373","0.654","0.47",50
"Civale, Aaron",650644,"CHC","SL","Slider",-4.3,-2,"55",3.8,"17","0.4","0.667","0.485",18.5,11.8,9.5,"0.387","0.557","0.439",38.5
"Curry, Xzavion",675540,"NYM","SL","Slider",3,2,"75",31.1,"17","0.214","0.214","0.282",23.3,5.9,11.1,"0.181","0.211","0.263",23.1
"Canning, Griffin",656288,"SD","FC","Cutter",-3.4,-3,"77",6.1,"17","0.4","0.8","0.526",25,0,0,"0.275","0.563","0.393",33.3
"Klassen, George",691946,"LAA","CH","Changeup",-1.9,-1,"74",23.5,"17","0.313","0.563","0.391",23.5,5.9,5.6,"0.259","0.479","0.335",40
"Yean, Eddy",678868,"WSH","CH","Changeup",4.8,2,"42",30,"17","0.118","0.176","0.126",15.4,17.6,15.8,"0.224","0.256","0.211",35.7
"Juenger, Hayden",696522,"ATH","CH","Changeup",-1.4,-1,"52",22.7,"17","0.25","0.313","0.274",29.2,23.5,21.1,"0.196","0.251","0.223",25
"Cruz, Yovanny",672442,"WSH","SL","Slider",-2.6,-2,"65",52.4,"17","0.313","0.5","0.371",33.3,29.4,26.3,"0.252","0.344","0.283",45.5
"Waldichuk, Ken",686610,"WSH","CU","Curveball",-1.1,-1,"61",40.9,"17","0.188","0.375","0.306",39.3,29.4,17.9,"0.157","0.415","0.306",36.4
"Williamson, Brandon",682227,"CIN","ST","Sweeper",3.9,2,"51",9.8,"17","0.063","0.063","0.094",40.7,41.2,25.9,"0.152","0.176","0.175",22.2
"Lord, Brad",695418,"WSH","CH","Changeup",-3.5,-2,"56",5.1,"17","0.294","0.529","0.403",10.3,5.9,4.3,"0.315","0.562","0.373",25
"Shugart, Chase",663767,"PHI","CH","Changeup",-3.9,-2,"59",8.7,"17","0.353","0.647","0.424",30.8,23.5,20,"0.22","0.372","0.252",38.5
"Seymour, Carson",693313,"SF","SI","Sinker",0.1,0,"63",30.9,"17","0.267","0.533","0.379",19.4,11.8,28.6,"0.309","0.611","0.425",38.5
"Marinaccio, Ron",676760,"CIN","ST","Sweeper",-0.1,0,"82",8.4,"17","0.294","0.529","0.35",20.5,11.8,7.4,"0.299","0.446","0.317",53.3
"Glasnow, Tyler",607192,"LAD","SL","Slider",2.5,2,"96",16,"17","0.118","0.176","0.126",41.3,35.3,23.1,"0.155","0.263","0.175",27.3
"May, Dustin",669160,"MIL","CU","Curveball",-1.5,-2,"128",6.6,"17","0.267","0.4","0.347",27.9,23.5,12.5,"0.252","0.363","0.311",58.3
"Gervase, Paul",801434,"LAD","FF","4-Seam Fastball",1.8,1,"55",44.4,"17","0.214","0.214","0.282",43.5,41.2,63.6,"0.145","0.204","0.248",57.1
"Duran, Jhoan",661395,"PHI","ST","Sweeper",3.3,2,"69",10.4,"17","0.063","0.063","0.094",65.5,70.6,37.5,"0.038","0.042","0.074",0
"Povich, Cade",700249,"BAL","CH","Changeup",-2.5,-1,"50",11,"17","0.412","0.412","0.371",18.5,17.6,23.1,"0.306","0.389","0.3",50
"Alcantara, Sandy",645261,"MIA","CU","Curveball",-0.4,0,"85",3.4,"17","0.235","0.471","0.297",17.1,0,0,"0.222","0.355","0.249",23.5
"Wilson, Bryse",669060,"MIL","CH","Changeup",-1.1,0,"41",10.2,"17","0.353","0.353","0.318",19.2,11.8,11.8,"0.368","0.461","0.36",53.3
"Latz, Jacob",656641,"TEX","CU","Curveball",0.8,1,"68",8,"17","0.063","0.125","0.115",36.4,58.8,23.3,"0.092","0.111","0.125",16.7
"Knack, Landon",689017,"LAD","FF","4-Seam Fastball",-5.2,-3,"55",43.7,"17","0.375","0.938","0.606",14.8,5.9,7.7,"0.312","0.7","0.442",53.3
"Wrobleski, Justin",680736,"LAD","CU","Curveball",-0.6,-1,"90",5,"17","0.353","0.588","0.4",7.5,0,0,"0.338","0.559","0.384",52.9
"Pushard, Matt",690155,"STL","FF","4-Seam Fastball",-0.7,0,"54",45,"17","0.273","0.273","0.406",21.7,17.6,18.8,"0.319","0.434","0.459",75
"Chandler, Bubba",696149,"PIT","ST","Sweeper",0.2,0,"102",5.1,"17","0.2","0.267","0.221",26.3,29.4,13.5,"0.191","0.267","0.217",27.3
"Way, Beck",694360,"KC","FF","4-Seam Fastball",-6.7,-4,"55",14.1,"17","0.385","0.923","0.538",23.8,35.3,24,"0.24","0.52","0.422",75
"Schreiber, John",670167,"KC","FC","Cutter",1.2,1,"96",13.1,"17","0.286","0.5","0.412",14.6,5.9,8.3,"0.368","0.628","0.43",28.6
"Zuber, Tyler",676604,"MIA","SL","Slider",-8.5,-5,"59",15.8,"16","0.688","1.125","0.778",25,12.5,11.8,"0.505","0.839","0.576",64.3
"Voth, Austin",608723,"MIN","FF","4-Seam Fastball",-6.4,-3,"53",24.8,"16","0.333","0.6","0.416",8.7,12.5,20,"0.38","0.638","0.45",53.8
"Rasmussen, Drew",656876,"TB","ST","Sweeper",-1.4,-1,"53",2.7,"16","0.313","0.375","0.303",14.8,12.5,7.4,"0.369","0.514","0.379",42.9
"Suárez, Albert",544150,"BAL","CU","Curveball",-0.4,0,"67",8.7,"16","0.25","0.313","0.247",29.2,25,20,"0.195","0.321","0.22",41.7
"Bido, Osvaldo",674370,"CWS","ST","Sweeper",2.6,2,"63",19.9,"16","0.188","0.188","0.169",38.2,31.3,20,"0.203","0.26","0.202",27.3
"Bido, Osvaldo",674370,"CWS","SL","Slider",-3.2,-2,"77",24.3,"16","0.385","0.692","0.503",29,12.5,8,"0.343","0.513","0.429",45.5
"Webb, Jacob",657097,"CHC","SL","Slider",1.6,1,"77",8.6,"16","0.188","0.188","0.225",25,12.5,9.5,"0.262","0.324","0.257",14.3
"Pérez, Martín",527048,"ATL","FF","4-Seam Fastball",-0.1,0,"80",4.9,"16","0.313","0.375","0.303",10.3,18.8,17.6,"0.292","0.364","0.286",53.8
"Stallings, Garrett",668831,"MIL","CH","Changeup",5.7,3,"49",40.2,"16","0.133","0.133","0.156",45.2,37.5,26.1,"0.165","0.179","0.185",0
"Leiter, Jack",683004,"TEX","CU","Curveball",-3,-4,"122",8.7,"16","0.267","0.6","0.438",38.5,43.8,21.2,"0.274","0.435","0.327",25
"Lopez, Jacob",682052,"ATH","SI","Sinker",1.1,1,"62",4.1,"16","0.167","0.417","0.313",8.7,0,0,"0.259","0.525","0.38",23.1
"Hartlieb, Geoff",664129,"ATH","FC","Cutter",-1.5,-1,"39",18,"16","0.308","0.462","0.356",15,6.3,14.3,"0.274","0.41","0.329",53.8
"Dion, Will",702021,"WSH","CU","Curveball",-1.7,-1,"76",21.5,"16","0.438","0.625","0.463",6.3,12.5,11.8,"0.387","0.476","0.379",42.9
"Gage, Matt",657424,"SF","SI","Sinker",-3.2,-1,"41",7.8,"16","0.333","0.417","0.422",22.7,12.5,10,"0.358","0.429","0.432",50
"Kirby, George",669923,"SEA","FC","Cutter",2.1,1,"64",3.2,"16","0.214","0.286","0.278",25.8,0,0,"0.327","0.43","0.375",35.7
"Hollowell, Gavin",668970,"CHC","ST","Sweeper",-2.1,-2,"83",32.8,"16","0.286","0.5","0.381",34.5,31.3,18.5,"0.236","0.453","0.343",33.3
"Varland, Louis",686973,"TOR","SL","Slider",3.1,3,"81",8.2,"16","0.188","0.25","0.247",15.9,6.3,10,"0.188","0.262","0.194",20
"Brash, Matt",666374,"SEA","SI","Sinker",0.7,0,"55",21,"16","0.333","0.333","0.356",22.7,18.8,37.5,"0.303","0.427","0.412",70
"Sousa, Bennett",656986,"HOU","FF","4-Seam Fastball",-2.9,-1,"44",22.2,"16","0.385","0.692","0.503",10,0,0,"0.292","0.556","0.423",53.8
"Fried, Max",608331,"NYY","ST","Sweeper",2.3,3,"119",9.9,"16","0","0","0.044",25.7,25,20,"0.115","0.218","0.176",27.3
"Samaniego, Tyler",701719,"BOS","ST","Sweeper",1.3,1,"59",18.8,"16","0.188","0.188","0.169",29.2,31.3,19.2,"0.221","0.412","0.27",36.4
"Cabrera, Jose",703615,"AZ","CU","Curveball",-2.9,-1,"34",12.2,"16","0.2","0.333","0.256",27.8,43.8,24.1,"0.134","0.168","0.168",25
"Waldichuk, Ken",686610,"WSH","FF","4-Seam Fastball",-3.5,-2,"49",32.9,"16","0.273","0.545","0.456",5.9,12.5,16.7,"0.273","0.491","0.442",33.3
"Stock, Robert",476594,"NYM","FF","4-Seam Fastball",0.7,0,"39",26,"16","0.286","0.357","0.334",36,31.3,25,"0.169","0.195","0.226",22.2
"Kelly, Zack",677161,"BOS","ST","Sweeper",1.6,1,"62",21.9,"16","0.188","0.188","0.12",28.6,25,14.8,"0.142","0.209","0.151",25
"Ferguson, Caleb",657571,"STL","SV","Slurve",-3.8,-3,"76",15.3,"16","0.4","0.733","0.494",21.9,12.5,8.7,"0.29","0.462","0.347",46.2
"Duarte, Daniel",650960,"NYM","FC","Cutter",2.1,2,"86",33.1,"16","0.214","0.286","0.278",18.6,0,0,"0.259","0.293","0.296",7.1
"Nardi, Andrew",677053,"MIA","SL","Slider",2,1,"59",15.6,"16","0.2","0.533","0.325",25.9,25,30.8,"0.217","0.597","0.36",54.5
"Carrasco, Carlos",471911,"ATL","SI","Sinker",-0.9,-1,"67",27.2,"16","0.333","0.6","0.397",13.3,6.3,9.1,"0.311","0.665","0.413",40
"Jameson, Drey",686753,"AZ","CH","Changeup",-0.8,0,"53",19.9,"16","0.267","0.333","0.291",33.3,12.5,11.1,"0.256","0.283","0.267",15.4
"Springs, Jeffrey",605488,"ATH","ST","Sweeper",-2.8,-3,"110",5.9,"16","0.267","0.8","0.406",8.1,6.3,11.1,"0.302","0.585","0.409",33.3
"Bratt, Mitch",683352,"AZ","CH","Changeup",2.2,1,"53",9.8,"16","0.188","0.188","0.169",14.3,6.3,6.7,"0.201","0.279","0.207",33.3
"Bennett, Jake",687562,"BOS","ST","Sweeper",0.1,0,"74",6.9,"16","0.143","0.143","0.2",33.3,25,12.9,"0.194","0.284","0.268",30
"Barco, Hunter",682995,"PIT","SL","Slider",-4.3,-3,"75",24.7,"16","0.385","0.846","0.547",15.4,6.3,5.6,"0.262","0.47","0.381",16.7
"Cole, Gerrit",543037,"NYY","SI","Sinker",-2.2,-1,"57",4.7,"16","0.462","0.538","0.491",7.4,6.3,7.7,"0.492","0.696","0.546",58.3
"Hill, Tim",657612,"NYY","FF","4-Seam Fastball",-6.8,-3,"40",6.4,"16","0.333","0.583","0.469",27.8,31.3,23.8,"0.241","0.598","0.438",71.4
"Bernardino, Brennan",657514,"COL","CH","Changeup",-1.5,-1,"58",7.3,"16","0.25","0.438","0.294",28,31.3,20.8,"0.34","0.59","0.393",45.5
"Barnes, Charlie",656212,"LAD","SI","Sinker",4.3,2,"43",21.4,"16","0.2","0.2","0.213",4.8,0,0,"0.277","0.34","0.294",80
"Hamilton, Ian",641656,"ATL","SL","Slider",-3.2,-2,"57",62,"16","0.286","0.429","0.469",32.1,18.8,17.6,"0.284","0.327","0.319",45.5
"Loáisiga, Jonathan",642528,"AZ","FF","4-Seam Fastball",0.6,1,"121",16.7,"16","0.214","0.286","0.25",16.1,18.8,6.8,"0.259","0.576","0.373",41.7
"Roberts, Ethan",681799,"CHC","SI","Sinker",-1.5,-1,"71",16.3,"15","0.429","0.429","0.407",15.6,6.7,11.1,"0.292","0.352","0.309",46.2
"Povich, Cade",700249,"BAL","SI","Sinker",-5.9,-2,"40",8.8,"15","0.583","0.833","0.611",10.5,0,0,"0.385","0.551","0.465",66.7
"Weiss, Ryan",680802,"HOU","CH","Changeup",-1.1,-1,"79",14.9,"15","0.231","0.231","0.273",37.9,20,10.7,"0.27","0.335","0.322",30
"Brown, Ben",676962,"CHC","CH","Changeup",1.2,1,"60",6,"15","0.133","0.267","0.167",34.8,26.7,28.6,"0.212","0.321","0.229",45.5
"Seymour, Ian",693855,"TB","SL","Slider",-0.6,0,"57",3.9,"15","0.357","0.643","0.397",15.2,13.3,11.1,"0.232","0.392","0.249",38.5
"Brubaker, JT",664141,"SF","FF","4-Seam Fastball",-1.2,-1,"52",5.7,"15","0.286","0.357","0.31",9.4,6.7,3.1,"0.326","0.564","0.4",61.5
"Tur, Yunior",814305,"ATH","FS","Split-Finger",-7.1,-3,"47",39.2,"15","0.429","0.643","0.511",48,33.3,22.7,"0.246","0.371","0.294",22.2
"Cruz, Fernando",518585,"NYY","SL","Slider",1.5,2,"116",13.3,"15","0.182","0.182","0.307",35.9,0,0,"0.169","0.215","0.308",9.1
"Manaea, Sean",640455,"NYM","CH","Changeup",-2.5,-2,"66",3.7,"15","0.231","0.538","0.323",18.2,13.3,7.4,"0.373","0.548","0.395",58.3
"Greene, Hunter",668881,"CIN","FS","Split-Finger",2.9,1,"46",10.1,"15","0.133","0.133","0.12",28.6,46.7,46.7,"0.101","0.12","0.096",12.5
"Painter, Andrew",691725,"PHI","CH","Changeup",5.7,3,"55",4,"15","0","0","0",40.6,46.7,35,"0.07","0.084","0.068",12.5
"Espino, Daniel",682982,"CLE","FF","4-Seam Fastball",0.4,0,"78",65,"15","0.182","0.273","0.33",52.8,60,37.5,"0.106","0.213","0.284",50
"Horton, Cade",690990,"CHC","FF","4-Seam Fastball",2.4,1,"46",50,"15","0.214","0.429","0.321",19,13.3,22.2,"0.329","0.442","0.36",41.7
"Mejia, Juan",675848,"COL","SI","Sinker",3.8,2,"60",6.3,"15","0.154","0.231","0.204",18.8,13.3,20,"0.154","0.242","0.208",33.3
"Mayza, Tim",641835,"PHI","FF","4-Seam Fastball",2.6,2,"63",7.1,"15","0.071","0.143","0.13",44.8,60,28.1,"0.114","0.228","0.182",40
"Miller, Bryce",682243,"SEA","FC","Cutter",-4.9,-3,"63",5,"15","0.286","0.929","0.507",35.1,0,0,"0.272","0.605","0.391",28.6
"Booser, Cam",592155,"TB","ST","Sweeper",2.9,1,"37",10,"15","0.067","0.267","0.143",57.9,66.7,47.6,"0.122","0.214","0.143",40
"Cuas, Jose",621016,"KC","SI","Sinker",-1.3,-1,"60",28.6,"15","0.467","0.667","0.49",12.1,6.7,10,"0.373","0.511","0.38",50
"Winn, Keaton",676775,"SF","SL","Slider",3.6,2,"44",7,"15","0.214","0.214","0.18",31.8,26.7,28.6,"0.292","0.326","0.26",18.2
"Martinez, Nick",607259,"TB","SL","Slider",-7.2,-5,"69",3.6,"15","0.6","0.8","0.67",20,0,0,"0.457","0.66","0.48",46.7
"Foley, Jason",671345,"SF","SI","Sinker",-0.1,0,"58",45.3,"15","0.357","0.429","0.37",4.5,6.7,12.5,"0.287","0.383","0.317",38.5
"Mears, Nick",683232,"KC","SI","Sinker",1.2,1,"41",12,"15","0.333","0.6","0.397",4.3,6.7,25,"0.338","0.65","0.418",71.4
"Ginkel, Kevin",656464,"AZ","SI","Sinker",-4.2,-1,"36",4.5,"15","0.467","0.6","0.527",5,0,0,"0.329","0.372","0.305",6.7
"Allen, Logan",671106,"CLE","FF","4-Seam Fastball",-3,-2,"50",30.5,"15","0.333","0.5","0.44",14.3,20,14.3,"0.167","0.221","0.234",60
"Bradford, Cody",674003,"TEX","CH","Changeup",2.8,1,"53",36.6,"15","0.154","0.154","0.213",17.4,20,23.1,"0.161","0.28","0.255",20
"Phillips, Evan",623465,"LAD","ST","Sweeper",-3,-2,"70",36.1,"15","0.154","0.615","0.313",31.8,26.7,13.8,"0.198","0.597","0.348",40
"Hoffman, Jeff",656546,"MIN","SI","Sinker",1.6,1,"49",5.1,"15","0.182","0.182","0.26",26.9,13.3,33.3,"0.292","0.326","0.418",40
"Baumler, Carter",691945,"TEX","CU","Curveball",-0.4,0,"56",47.9,"15","0.154","0.231","0.237",32,33.3,25,"0.189","0.228","0.251",37.5
"Little, Brendon",663893,"TOR","SL","Slider",-0.6,-1,"87",28.3,"15","0.273","0.545","0.44",55.6,20,21.4,"0.166","0.369","0.352",25
"Curvelo, Luis",681168,"TEX","FS","Split-Finger",-1.8,-1,"38",20.3,"15","0.2","0.467","0.277",28.6,26.7,16.7,"0.146","0.33","0.199",36.4
"Englert, Mason",669438,"TB","CU","Curveball",2,2,"105",18.2,"15","0.214","0.214","0.227",29.8,26.7,12.1,"0.239","0.276","0.257",10
"Martin, Trevor",694680,"TB","FS","Split-Finger",1.1,0,"37",20.6,"15","0.2","0.2","0.24",11.1,6.7,7.7,"0.342","0.453","0.347",42.9
"Palencia, Daniel",694037,"CHC","SL","Slider",-1.8,-1,"73",25.3,"15","0.308","0.538","0.407",50,33.3,25,"0.196","0.284","0.272",37.5
"Hiraldo, Yaramil",682274,"BAL","FS","Split-Finger",-0.3,0,"45",31.3,"15","0.286","0.429","0.287",55.6,40,30,"0.199","0.28","0.193",33.3
"Strzelecki, Peter",657265,"STL","SI","Sinker",2.9,1,"47",43.9,"15","0.25","0.25","0.273",10,6.7,16.7,"0.255","0.434","0.377",41.7
"Cease, Dylan",656302,"TOR","ST","Sweeper",-1.5,-1,"95",4.2,"15","0.4","0.667","0.457",23.3,13.3,11.8,"0.231","0.376","0.259",30.8
"Garcia, Robert",676395,"TEX","CH","Changeup",-0.7,0,"49",32,"15","0.231","0.231","0.273",23.8,20,12.5,"0.235","0.281","0.288",10
"Cuas, Jose",621016,"KC","FF","4-Seam Fastball",2.9,2,"78",37.1,"15","0","0","0.047",30.8,53.3,18.2,"0.094","0.184","0.157",33.3
"Imai, Tatsuya",837227,"HOU","SI","Sinker",1.9,1,"61",4.9,"15","0.182","0.182","0.307",18.5,6.7,11.1,"0.294","0.563","0.453",50
"Zerpa, Angel",672582,"MIL","SL","Slider",-1.8,-1,"45",20.8,"15","0.333","0.4","0.323",13.6,6.7,7.1,"0.253","0.437","0.295",50
"Garcia, Robert",676395,"TEX","FF","4-Seam Fastball",3.2,2,"68",44.4,"15","0.083","0.083","0.2",28.1,20,16.7,"0.214","0.317","0.323",55.6
"Blewett, Scott",656240,"ATH","SL","Slider",4.2,2,"54",27.4,"15","0.077","0.077","0.114",28.1,20,15,"0.157","0.206","0.196",18.2
"Pagán, Emilio",641941,"CIN","FS","Split-Finger",-6.7,-5,"78",17.8,"15","0.429","0.786","0.527",46.9,40,18.2,"0.249","0.491","0.34",50
"Lazar, Max",676661,"PHI","FF","4-Seam Fastball",-9,-4,"46",35.9,"14","0.5","1.25","0.721",4.2,0,0,"0.374","0.848","0.54",41.7
"Roycroft, Chris",688297,"TB","FF","4-Seam Fastball",1.1,1,"77",20.6,"14","0.167","0.167","0.229",25,35.7,17.9,"0.135","0.164","0.21",14.3
"Madden, Ty",680744,"DET","FS","Split-Finger",-1.5,-1,"73",13.4,"14","0.231","0.385","0.293",26.7,14.3,5.7,"0.333","0.389","0.343",18.2
"Blewett, Scott",656240,"ATH","FC","Cutter",1.1,1,"53",26.9,"14","0.3","0.4","0.318",33.3,7.1,14.3,"0.328","0.393","0.418",45.5
"Snell, Blake",605483,"LAD","CU","Curveball",4.3,2,"36",22.4,"14","0.071","0.071","0.129",55.6,57.1,33.3,"0.124","0.139","0.114",0
"Morán, Jovani",663558,"BOS","SI","Sinker",2.3,1,"58",7.5,"14","0.167","0.167","0.229",13,7.1,12.5,"0.251","0.311","0.309",36.4
"Cruz, Yovanny",672442,"WSH","FF","4-Seam Fastball",-2.4,-1,"48",38.7,"14","0.333","0.444","0.468",0,0,0,"0.335","0.495","0.479",44.4
"Granillo, Andre",701552,"WSH","FF","4-Seam Fastball",-1.9,-1,"49",24.7,"14","0.286","0.286","0.477",5,0,0,"0.308","0.467","0.5",66.7
"McCambley, Zach",685112,"CIN","FF","4-Seam Fastball",1,1,"50",31.8,"14","0","0","0.3",27.3,21.4,20,"0.162","0.381","0.431",20
"Bender, Anthony",669622,"MIA","SL","Slider",-1.1,-1,"69",12.8,"14","0.25","0.25","0.293",23.3,14.3,11.1,"0.31","0.389","0.359",40
"Acton, Garrett",670183,"MIN","FF","4-Seam Fastball",3.4,2,"63",54.8,"14","0.091","0.091","0.164",30.8,35.7,31.3,"0.078","0.129","0.178",14.3
"Wrobleski, Justin",680736,"LAD","ST","Sweeper",-2.6,-1,"52",2.9,"14","0.357","0.357","0.321",8.3,21.4,9.1,"0.338","0.4","0.322",36.4
"Treinen, Blake",595014,"LAD","FF","4-Seam Fastball",-2,-1,"43",11.5,"14","0.214","0.429","0.268",16,35.7,22.7,"0.211","0.446","0.276",55.6
"Snell, Blake",605483,"LAD","FF","4-Seam Fastball",0.7,1,"77",47.8,"14","0.364","0.364","0.407",26.5,28.6,25,"0.188","0.207","0.287",0
"Coulombe, Danny",543056,"BOS","ST","Sweeper",1.5,1,"66",17.1,"14","0.154","0.231","0.204",26.5,28.6,12.5,"0.205","0.246","0.231",22.2
"Wilcox, Cole",677961,"SEA","CH","Changeup",5.2,3,"58",11.9,"14","0","0","0",31.4,21.4,15,"0.253","0.308","0.244",36.4
"Gray, Sonny",543243,"BOS","CH","Changeup",-0.6,-1,"92",5,"14","0.286","0.429","0.307",12.9,0,0,"0.293","0.394","0.3",28.6
"Crow, Coleman",689441,"MIL","FF","4-Seam Fastball",-4.5,-2,"54",18.3,"14","0.385","0.615","0.511",12,7.1,4.5,"0.275","0.47","0.346",33.3
"Bello, Brayan",678394,"BOS","CU","Curveball",-2,-1,"64",4.7,"14","0.214","0.643","0.35",25.9,21.4,10.3,"0.225","0.694","0.378",45.5
"Beck, Brendan",694341,"NYY","FF","4-Seam Fastball",-5.1,-3,"67",48.2,"14","0.364","1","0.589",22.2,0,0,"0.344","0.693","0.492",72.7
"Bachar, Lake",669199,"PIT","SI","Sinker",3.7,2,"51",4.7,"14","0.214","0.286","0.218",15.2,0,0,"0.223","0.303","0.226",28.6
"Hollowell, Gavin",668970,"CHC","SI","Sinker",-4.9,-3,"55",21.7,"14","0.455","0.818","0.575",16,7.1,6.3,"0.389","0.489","0.448",20
"Crow, Coleman",689441,"MIL","SI","Sinker",-1,0,"50",16.9,"14","0.286","0.643","0.45",7.4,0,0,"0.327","0.508","0.36",35.7
"Abel, Mick",690953,"MIN","SL","Slider",0,0,"48",13.4,"14","0.357","0.429","0.346",14.3,28.6,26.7,"0.393","0.446","0.371",30
"Hiraldo, Yaramil",682274,"BAL","FF","4-Seam Fastball",-0.6,0,"62",43.1,"14","0.125","0.5","0.443",35.5,28.6,36.4,"0.106","0.398","0.418",50
"Kranick, Max",668820,"WSH","SL","Slider",2.1,1,"54",31.8,"14","0.214","0.214","0.193",17.9,7.1,6.7,"0.226","0.269","0.215",7.7
"Jax, Griffin",643377,"TB","FC","Cutter",-1.6,-1,"50",3.6,"14","0.308","0.769","0.464",12.5,0,0,"0.483","1.093","0.661",46.2
"Gonzalez, Domingo",682445,"SEA","SI","Sinker",-1.9,-1,"31",24,"14","0.417","0.5","0.446",5.9,7.1,33.3,"0.468","0.71","0.532",45.5
"Hartlieb, Geoff",664129,"ATH","SL","Slider",-3.2,-2,"66",30.4,"14","0.308","0.538","0.336",37.9,21.4,15.8,"0.23","0.348","0.255",36.4
"Thornton, Zac",804267,"NYM","SI","Sinker",2.5,2,"69",10.8,"14","0.154","0.154","0.179",18.5,14.3,13.3,"0.31","0.549","0.388",36.4
"Hoffmann, Andrew",694851,"AZ","SL","Slider",-5.5,-3,"47",20.5,"14","0.4","0.8","0.561",25,14.3,22.2,"0.169","0.317","0.347",12.5
"Kelly, Kevin",687330,"TB","ST","Sweeper",-1.9,-1,"64",9,"14","0.143","0.429","0.296",20,28.6,13.8,"0.172","0.316","0.208",20
"Kempner, William",687531,"MIA","ST","Sweeper",2.8,1,"44",22.1,"14","0.154","0.154","0.179",32.1,14.3,10.5,"0.216","0.256","0.24",9.1
"Pintaro, Jonathan",702752,"NYM","SI","Sinker",3.2,2,"60",23.1,"14","0.077","0.077","0.114",20,28.6,26.7,"0.225","0.253","0.244",77.8
"Rajcic, Max",691008,"STL","FF","4-Seam Fastball",-1.1,-1,"66",40.5,"14","0.2","0.4","0.379",21.7,7.1,6.3,"0.25","0.411","0.4",33.3
"Povich, Cade",700249,"BAL","SL","Slider",-4.8,-3,"64",14.1,"14","0.286","0.929","0.493",29.6,21.4,20,"0.32","0.745","0.446",54.5
"Shuster, Jared",694363,"STL","FF","4-Seam Fastball",0.9,0,"49",29.5,"14","0.308","0.462","0.357",5.3,7.1,12.5,"0.164","0.202","0.198",33.3
"Thornton, Trent",663423,"CHC","SI","Sinker",1.2,1,"44",8.2,"14","0.273","0.455","0.393",12,7.1,16.7,"0.238","0.314","0.338",40
"Mlodzinski, Carmen",669387,"PIT","FC","Cutter",1.6,1,"53",3.1,"14","0.231","0.462","0.321",23.3,7.1,16.7,"0.349","0.704","0.464",58.3
"Sisk, Evan",681895,"PIT","CH","Changeup",-2.3,-2,"67",9,"14","0.333","0.5","0.407",24,21.4,13.6,"0.199","0.243","0.265",44.4
"Carrasco, Carlos",471911,"ATL","SL","Slider",-2.8,-1,"34",13.8,"14","0.385","0.615","0.45",32,21.4,27.3,"0.38","0.63","0.452",50
"Black, Mason",696131,"KC","SL","Slider",-1.3,-1,"63",13.6,"14","0.231","0.462","0.321",23.1,21.4,13,"0.345","0.617","0.428",60
"Laweryson, Cody",689520,"MIN","FC","Cutter",-6.9,-3,"50",16.9,"14","0.333","0.75","0.538",25,7.1,6.3,"0.449","0.778","0.549",75
"Nunez, Anthony",689296,"BAL","FC","Cutter",3.6,1,"35",4.6,"14","0.154","0.385","0.257",28.6,21.4,37.5,"0.214","0.563","0.35",60
"Woods Richardson, Simeon",680573,"TOR","CU","Curveball",0.9,1,"85",8.1,"14","0.167","0.417","0.257",4.5,0,0,"0.27","0.519","0.337",46.2
"Senzatela, Antonio",622608,"MIL","CU","Curveball",-2.3,-2,"81",9.4,"14","0.154","0.462","0.282",35.7,42.9,23.1,"0.192","0.477","0.309",57.1
"Jump, Gage",695611,"ATH","CH","Changeup",-2.3,-3,"108",8.6,"14","0.357","0.714","0.45",25,0,0,"0.325","0.464","0.341",28.6
"Curvelo, Luis",681168,"TEX","FF","4-Seam Fastball",0.9,1,"57",30.5,"14","0.167","0.25","0.318",10.3,7.1,11.1,"0.251","0.34","0.317",54.5
"Williamson, Brandon",682227,"CIN","SI","Sinker",-4.9,-3,"55",10.6,"14","0.455","1","0.575",10.7,0,0,"0.394","0.822","0.519",75
"Seymour, Carson",693313,"SF","SL","Slider",-0.3,0,"53",26,"14","0.231","0.231","0.243",18.2,14.3,10.5,"0.284","0.372","0.314",36.4
"Ferguson, Tyler",621053,"CHC","ST","Sweeper",0.5,0,"52",20.3,"14","0.154","0.385","0.257",54.5,57.1,30.8,"0.148","0.38","0.254",20
"Morris, Kade",695034,"ATH","FF","4-Seam Fastball",-2,-1,"42",20.1,"14","0.333","0.583","0.436",13,7.1,8.3,"0.177","0.354","0.29",45.5
"Garcia, Brandyn",805299,"AZ","FC","Cutter",-0.1,0,"91",20.1,"14","0.231","0.538","0.411",17,14.3,13.3,"0.227","0.44","0.314",36.4
"Manoah, Alek",666201,"LAA","CH","Changeup",-6.6,-4,"63",39.1,"14","0.333","0.75","0.55",16,14.3,15.4,"0.248","0.423","0.346",30
"Borucki, Ryan",621366,"SF","FS","Split-Finger",-6,-3,"50",13.2,"14","0.385","0.846","0.525",26.7,7.1,5.3,"0.256","0.5","0.348",41.7
"Jansen, Kenley",445276,"DET","SL","Slider",3.3,1,"43",7.9,"14","0.154","0.154","0.179",31.8,35.7,17.9,"0.154","0.19","0.19",12.5
"Scherzer, Max",453286,"TOR","CU","Curveball",-2.3,-2,"90",13.5,"14","0.429","0.643","0.464",24.3,21.4,12,"0.392","0.668","0.449",36.4
"Flaherty, Jack",656427,"DET","SI","Sinker",0.5,0,"73",4.5,"14","0.167","0.25","0.204",24,0,0,"0.227","0.303","0.25",30.8
"Walker, Josh",677020,"BAL","FF","4-Seam Fastball",-1.7,-1,"50",22.7,"14","0.357","0.643","0.425",7.7,21.4,21.4,"0.375","0.6","0.417",36.4
"Muñoz, Andrés",662253,"SEA","SI","Sinker",-2,-1,"59",8.3,"13","0.5","0.5","0.454",20,7.7,16.7,"0.365","0.404","0.425",10
"Manoah, Alek",666201,"LAA","SI","Sinker",-0.9,0,"56",34.8,"13","0.3","0.5","0.423",22.7,15.4,22.2,"0.217","0.578","0.416",50
"Ritchie, JR",702275,"ATL","SL","Slider",1.9,1,"71",6.9,"13","0.167","0.417","0.277",18.2,7.7,9.1,"0.208","0.48","0.32",36.4
"Ross, Joe",605452,"TEX","FF","4-Seam Fastball",4.2,2,"41",20,"13","0.083","0.083","0.123",33.3,15.4,15.4,"0.306","0.496","0.37",40
"Abel, Mick",690953,"MIN","CU","Curveball",-0.6,0,"43",12,"13","0.182","0.182","0.246",19,30.8,16,"0.128","0.155","0.213",0
"Hanifee, Brenan",669724,"DET","SL","Slider",-1,-1,"74",23.1,"13","0.308","0.615","0.388",21.7,30.8,15.4,"0.269","0.689","0.396",66.7
"Senga, Kodai",673540,"NYM","ST","Sweeper",-2.3,-2,"83",9.4,"13","0.538","0.846","0.596",24,7.7,25,"0.42","0.808","0.52",66.7
"Schultz, Paxton",687606,"WSH","CH","Changeup",-5.9,-5,"87",14.3,"13","0.538","1.077","0.681",24.1,0,0,"0.406","0.728","0.481",38.5
"Poulin, PJ",676571,"WSH","CH","Changeup",-2.2,-2,"75",11.8,"13","0.385","0.462","0.373",13.8,15.4,6.3,"0.347","0.427","0.337",45.5
"Hall, DL",669084,"MIL","SL","Slider",2.3,1,"43",7.2,"13","0.182","0.273","0.273",44,23.1,33.3,"0.179","0.24","0.26",12.5
"Fuentes, Didier",800311,"ATL","FS","Split-Finger",1.8,1,"52",6,"13","0.083","0.083","0.192",26.1,15.4,13.3,"0.265","0.331","0.292",40
"Giolito, Lucas",608337,"SD","SL","Slider",-0.6,-1,"94",17.1,"13","0.167","0.167","0.192",48.6,38.5,22.7,"0.132","0.146","0.165",14.3
"Smith, Shane",681343,"CWS","CU","Curveball",2.1,1,"53",23.6,"13","0","0","0.285",42.3,23.1,15,"0.214","0.235","0.352",33.3
"Fermin, José",820862,"LAA","CH","Changeup",2.5,1,"45",6.3,"13","0.083","0.083","0.123",18.2,15.4,16.7,"0.255","0.44","0.328",40
"Irvin, Jake",663623,"WSH","CH","Changeup",1,1,"63",5.3,"13","0.154","0.154","0.138",32.1,30.8,23.5,"0.151","0.173","0.144",11.1
"Woodford, Jake",663765,"CHC","FS","Split-Finger",-1.7,-1,"68",14.9,"13","0.231","0.385","0.331",17.2,15.4,7.7,"0.291","0.341","0.274",54.5
"Melton, Troy",675512,"DET","CU","Curveball",1.8,1,"72",6.2,"13","0.091","0.182","0.204",32.1,30.8,20,"0.237","0.305","0.306",57.1
"Duarte, Daniel",650960,"NYM","SI","Sinker",0.7,0,"35",13.5,"13","0.182","0.182","0.315",14.3,23.1,25,"0.246","0.273","0.3",50
"Petty, Chase",695534,"CIN","SL","Slider",-4.4,-2,"45",9.4,"13","0.417","0.75","0.458",13.6,15.4,20,"0.405","0.587","0.462",72.7
"Kelly, Zack",677161,"BOS","SI","Sinker",-0.5,0,"48",17,"13","0.3","0.3","0.262",10.5,7.7,7.7,"0.418","0.467","0.467",27.3
"Sanmartin, Reiver",665665,"SF","SI","Sinker",0.8,0,"44",37.6,"13","0.333","0.667","0.442",27.3,23.1,37.5,"0.319","0.484","0.371",55.6
"Suarez, José",660761,"ATH","ST","Sweeper",5,1,"27",2.7,"13","0","0","0.108",36.4,46.2,31.6,"0.056","0.121","0.171",20
"Strider, Spencer",675911,"ATL","CH","Changeup",1.9,1,"71",10.3,"13","0.091","0.091","0.123",52,38.5,23.8,"0.147","0.16","0.196",28.6
"Sears, JP",676664,"SD","ST","Sweeper",-2.8,-2,"76",14.4,"13","0.25","0.75","0.431",39.1,38.5,33.3,"0.192","0.418","0.291",57.1
"Severino, Luis",622663,"ATH","SL","Slider",4.1,2,"46",4.2,"13","0","0","0.054",42.1,53.8,30.4,"0.072","0.104","0.123",40
"Eisert, Brandon",685126,"PIT","SI","Sinker",1.1,0,"42",6.6,"13","0.111","0.111","0.285",18.8,7.7,9.1,"0.221","0.249","0.356",25
"Thompson, Keegan",624522,"COL","SI","Sinker",-3.6,-2,"44",22.6,"13","0.538","0.615","0.512",14.3,15.4,33.3,"0.502","0.779","0.55",54.5
"Jameson, Drey",686753,"AZ","SI","Sinker",3.8,2,"51",19.2,"13","0.167","0.167","0.192",8.3,0,0,"0.306","0.394","0.331",41.7
"Hill, Tim",657612,"NYY","SL","Slider",-3.1,-2,"74",11.8,"13","0.308","0.769","0.446",32.1,30.8,25,"0.202","0.509","0.298",33.3
"Schweitzer, Tyler",805326,"CWS","ST","Sweeper",0.2,0,"37",10.3,"13","0.231","0.308","0.179",13.3,23.1,20,"0.298","0.549","0.358",60
"Acton, Garrett",670183,"MIN","SL","Slider",-3.1,-2,"52",45.2,"13","0.25","0.417","0.385",40.9,30.8,21.1,"0.293","0.394","0.325",62.5
"Antone, Tejay",622088,"CIN","SI","Sinker",1.1,1,"53",8.5,"13","0.182","0.273","0.323",22.7,15.4,20,"0.283","0.359","0.354",44.4
"Wicks, Jordan",696136,"CHC","CH","Changeup",0.6,0,"51",28.3,"13","0.231","0.308","0.235",41.7,38.5,29.4,"0.257","0.315","0.249",37.5
"Enns, Dietrich",608650,"BAL","CH","Changeup",-1.6,-1,"59",20.3,"13","0.125","0.25","0.312",23.5,15.4,8.3,"0.199","0.35","0.36",28.6
"Anderson, Drew",623454,"DET","SL","Slider",-6.9,-4,"58",4.8,"13","0.5","1.083","0.588",30,0,0,"0.433","1.049","0.637",53.8
"Smith, Shane",681343,"CWS","FF","4-Seam Fastball",-1.3,-1,"74",32.9,"13","0.143","0.143","0.392",26.9,38.5,17.9,"0.056","0.066","0.352",0
"Barnes, Charlie",656212,"LAD","CH","Changeup",-3.9,-1,"36",17.9,"13","0.417","0.5","0.427",22.2,7.7,14.3,"0.397","0.509","0.416",27.3
"Abreu, Bryan",650556,"HOU","FC","Cutter",3.5,2,"64",8.2,"13","0.091","0.091","0.177",43.8,23.1,30,"0.194","0.314","0.291",37.5
"Hughes, Gabriel",687312,"COL","SL","Slider",-1.1,-1,"59",10.6,"13","0.308","0.462","0.331",23.1,23.1,13.6,"0.192","0.302","0.211",50
"Trivino III, Lou",642152,"PHI","SI","Sinker",-1.2,-1,"43",29.9,"13","0.4","0.4","0.385",11.1,15.4,22.2,"0.319","0.38","0.344",55.6
"Mills, Wyatt",670090,"LAD","FF","4-Seam Fastball",-4.5,-2,"42",28.2,"13","0.25","0.25","0.458",11.8,23.1,18.8,"0.259","0.293","0.393",33.3
"Kuhnel, Joel",669270,"MIL","CH","Changeup",3.7,1,"38",6.8,"13","0.154","0.231","0.165",23.8,15.4,11.8,"0.269","0.454","0.31",36.4
"Jones, Jared",683003,"PIT","CU","Curveball",-2.2,-1,"67",7,"13","0.417","0.583","0.454",32.3,23.1,13.6,"0.267","0.423","0.327",44.4
"Cerantola, Eric",672021,"KC","FF","4-Seam Fastball",-3.1,-1,"45",36.9,"13","0.2","0.8","0.585",16.7,7.7,14.3,"0.252","0.49","0.551",50
"Dallas, Chad",689149,"TOR","CU","Curveball",-4.8,-2,"46",29.5,"13","0.375","0.75","0.508",15.8,7.7,5.6,"0.386","0.652","0.516",50
"Jansen, Kenley",445276,"DET","SI","Sinker",-7,-2,"35",6.5,"13","0.25","0.75","0.377",34.8,53.8,31.8,"0.195","0.608","0.308",66.7
"Eder, Jake",671109,"LAD","FF","4-Seam Fastball",4.7,2,"34",60.7,"13","0.182","0.182","0.192",4.8,7.7,10,"0.316","0.673","0.415",63.6
"Bolton, Cody",675989,"HOU","SI","Sinker",-3.2,-2,"59",15.1,"13","0.417","0.917","0.569",10,7.7,12.5,"0.352","0.704","0.466",54.5
"Walker, Taijuan",592836,"PHI","SL","Slider",1.3,1,"50",11.8,"13","0.333","0.333","0.331",18.5,15.4,13.3,"0.276","0.357","0.308",20
"Ober, Bailey",641927,"MIN","SI","Sinker",-4.4,-2,"44",2.9,"13","0.417","0.917","0.569",9.1,0,0,"0.378","0.986","0.578",50
"Dallas, Chad",689149,"TOR","FC","Cutter",1.6,1,"63",40.4,"13","0.182","0.273","0.273",14.8,7.7,5.9,"0.237","0.3","0.304",40
"Dallas, Chad",689149,"TOR","ST","Sweeper",-0.9,0,"44",28.2,"13","0.385","0.385","0.346",31,30.8,30.8,"0.153","0.17","0.14",22.2
"Senzatela, Antonio",622608,"MIL","CH","Changeup",-1.8,-1,"53",6.2,"13","0.333","0.417","0.358",10,7.7,5.3,"0.501","0.717","0.538",54.5
"Foster, Cameron",671382,"BAL","FC","Cutter",-4,-2,"38",20.1,"13","0.417","0.667","0.525",38.1,15.4,25,"0.265","0.497","0.356",20
"Voth, Austin",608723,"MIN","FC","Cutter",-2.2,-1,"51",23.8,"13","0.417","0.5","0.496",17.9,0,0,"0.283","0.369","0.314",41.7
"Gil, Luis",661563,"NYY","SI","Sinker",-5.9,-3,"45",13.4,"13","0.25","0.625","0.492",0,0,0,"0.291","0.453","0.467",50
"Abner, Philip",691769,"AZ","CU","Curveball",2.2,1,"47",20.3,"13","0.1","0.1","0.231",25,0,0,"0.166","0.223","0.29",10
"Dobnak, Randy",677976,"KC","FF","4-Seam Fastball",0.5,0,"54",8.8,"13","0.25","0.333","0.288",15.8,15.4,8,"0.208","0.284","0.249",30
"Kelly, Kevin",687330,"TB","FF","4-Seam Fastball",1.2,1,"43",6,"13","0.091","0.091","0.123",31.3,46.2,17.1,"0.147","0.178","0.18",33.3
"Allard, Kolby",663465,"CLE","FF","4-Seam Fastball",-2.3,-1,"60",33.9,"13","0.455","0.545","0.481",10.3,30.8,16.7,"0.316","0.404","0.37",42.9
"Jump, Gage",695611,"ATH","SI","Sinker",-3.3,-2,"56",4.5,"13","0.375","0.375","0.546",27.8,7.7,14.3,"0.379","0.444","0.491",28.6
"Pearson, Nate",663878,"KC","SI","Sinker",3.8,2,"51",11.7,"13","0.1","0.1","0.231",8,15.4,33.3,"0.14","0.162","0.266",37.5
"Anderson, Jack",681252,"MIN","FS","Split-Finger",3.1,1,"42",23.3,"13","0.083","0.083","0.123",44.4,46.2,27.3,"0.118","0.175","0.17",16.7
"Schreiber, John",670167,"KC","CH","Changeup",-1.4,-1,"59",8.1,"13","0.231","0.385","0.283",19,23.1,12,"0.242","0.361","0.259",40
"Martin, Corbin",656686,"CHC","FF","4-Seam Fastball",-4.5,-3,"56",50.5,"13","0.333","1","0.592",27.6,15.4,10.5,"0.193","0.61","0.445",71.4
"Thompson, Keegan",624522,"COL","FC","Cutter",1.7,1,"47",24.1,"13","0.25","0.5","0.288",25.9,15.4,13.3,"0.257","0.459","0.282",81.8
"Murphy, Luke",684665,"LAA","FF","4-Seam Fastball",0.3,0,"62",62,"13","0.2","0.2","0.3",22.7,23.1,15.8,"0.102","0.147","0.244",28.6
"Warren, Austin",681810,"NYM","FF","4-Seam Fastball",-1.1,-1,"101",15.5,"13","0.231","0.538","0.319",51.1,53.8,25,"0.189","0.441","0.261",83.3
"Rucker, Michael",621074,"SEA","SI","Sinker",1.8,1,"43",10.2,"13","0.273","0.273","0.315",22.2,15.4,28.6,"0.268","0.304","0.322",33.3
"Ekness, Josh",694795,"MIA","ST","Sweeper",-3.4,-2,"45",29.6,"12","0.2","0.5","0.327",21.1,8.3,5.9,"0.316","0.542","0.393",20
"Martin, Trevor",694680,"TB","FC","Cutter",-9.2,-4,"42",23.3,"12","0.583","1.167","0.738",9.5,0,0,"0.413","0.88","0.541",58.3
"Blewett, Scott",656240,"ATH","FF","4-Seam Fastball",-3.2,-1,"46",23.4,"12","0.4","0.4","0.433",4.3,8.3,5.9,"0.263","0.309","0.312",30
"Castaño, Blas",680604,"COL","CH","Changeup",-0.5,0,"37",10.8,"12","0.333","0.417","0.329",11.1,8.3,6.7,"0.266","0.316","0.254",54.5
"Smith, Dylan",681916,"SF","SI","Sinker",-1.9,-1,"35",8.6,"12","0.286","0.286","0.442",16.7,8.3,20,"0.32","0.394","0.472",16.7
"Hughes, Gabriel",687312,"COL","CH","Changeup",-1,-1,"54",9.7,"12","0.25","0.375","0.354",13.6,8.3,6.3,"0.368","0.441","0.445",37.5
"Strahm, Matt",621381,"KC","FC","Cutter",-2.2,-1,"46",7.3,"12","0.3","0.6","0.433",28.6,8.3,50,"0.352","0.682","0.478",33.3
"Maton, Phil",664208,"CHC","ST","Sweeper",-3.6,-3,"83",15.2,"12","0.5","1.1","0.671",32.4,8.3,8.3,"0.382","0.59","0.462",66.7
"Beck, Brendan",694341,"NYY","SL","Slider",-4,-2,"47",33.8,"12","0.3","1","0.554",50,25,15,"0.299","0.82","0.502",57.1
"Bolton, Cody",675989,"HOU","CU","Curveball",0.6,0,"45",11.5,"12","0.273","0.455","0.342",0,16.7,11.1,"0.327","0.583","0.411",44.4
"Waldrep, Hurston",694462,"ATL","FS","Split-Finger",-2.6,-1,"41",19.1,"12","0.2","0.5","0.358",31.3,16.7,10.5,"0.231","0.443","0.354",12.5
"deGrom, Jacob",594798,"TEX","SI","Sinker",-6,-3,"43",2.2,"12","0.5","0.833","0.646",11.5,0,0,"0.371","0.511","0.383",25
"Hughes, Gabriel",687312,"COL","CU","Curveball",2.1,1,"56",10,"12","0.083","0.25","0.133",38.5,75,40.9,"0.071","0.094","0.07",33.3
"Curvelo, Luis",681168,"TEX","SL","Slider",-8.4,-5,"54",28.9,"12","0.545","1.182","0.721",34.5,0,0,"0.411","0.767","0.518",36.4
"Duran, Jhoan",661395,"PHI","CU","Curveball",-1.1,-1,"67",10.1,"12","0.333","0.417","0.329",46.4,50,21.4,"0.273","0.337","0.265",50
"Blanco, Ronel",669854,"HOU","CU","Curveball",1.6,1,"60",18.1,"12","0.1","0.4","0.283",28,25,20,"0.199","0.38","0.32",42.9
"Richards, Trevor",670950,"CWS","SL","Slider",1.9,1,"68",8.2,"12","0.167","0.25","0.179",36.7,16.7,11.8,"0.143","0.21","0.15",30
"Lambert, Peter",663567,"HOU","SV","Slurve",2.2,2,"75",4,"12","0","0","0.117",11.8,16.7,16.7,"0.156","0.362","0.298",50
"Carrasco, Carlos",471911,"ATL","FF","4-Seam Fastball",8,2,"31",12.6,"12","0.091","0.091","0.082",15,0,0,"0.46","0.631","0.469",50
"Scott, Christian",681035,"NYM","FS","Split-Finger",-1.1,-1,"50",3.5,"12","0.273","0.273","0.283",14.3,8.3,4.5,"0.415","0.657","0.481",40
"Muñoz, Roddery",682610,"HOU","SL","Slider",-7.9,-4,"46",41.1,"12","0.3","1","0.554",63.2,33.3,21.1,"0.221","0.597","0.4",66.7
"Raquet, Nick",675919,"BAL","ST","Sweeper",-5.7,-2,"31",41.3,"12","0.273","0.636","0.404",5.9,8.3,5.9,"0.339","0.541","0.402",40
"Cook, Alex",702047,"TB","FF","4-Seam Fastball",-0.7,0,"52",72.2,"12","0.3","0.7","0.463",13,0,0,"0.229","0.468","0.359",50
"Rodríguez, Yariel",684320,"TOR","FS","Split-Finger",-8.5,-4,"42",24.4,"12","0.417","0.75","0.496",23.5,33.3,22.2,"0.329","0.629","0.404",50
"Wilson, Bryse",669060,"MIL","CU","Curveball",-5.3,-1,"26",6.5,"12","0.333","0.583","0.392",23.5,16.7,14.3,"0.225","0.35","0.245",30
"Boyle, Joe",671212,"TB","FS","Split-Finger",-0.6,0,"40",15.2,"12","0.182","0.273","0.259",33.3,25,17.6,"0.272","0.349","0.31",62.5
"Maxwell, Zach",687209,"CIN","ST","Sweeper",-1.3,-1,"63",25.4,"12","0.182","0.455","0.245",25,33.3,13.3,"0.157","0.298","0.24",14.3
"Payamps, Joel",606303,"ATL","FF","4-Seam Fastball",2.2,1,"61",40.4,"12","0.091","0.273","0.192",34.5,41.7,25,"0.118","0.386","0.247",50
"Anderson, Shaun",641312,"LAA","ST","Sweeper",2.8,1,"47",13.4,"12","0.167","0.167","0.15",33.3,33.3,23.5,"0.218","0.299","0.223",25
"Wolfram, Grant",664991,"BAL","ST","Sweeper",-1.6,-1,"52",8.2,"12","0.182","0.182","0.208",38.9,50,25,"0.08","0.127","0.139",60
"Stewart, Brock",592779,"LAD","SI","Sinker",7.8,3,"33",15.5,"12","0.091","0.091","0.133",17.6,0,0,"0.254","0.27","0.269",36.4
"Ullola, Miguel",699044,"HOU","FF","4-Seam Fastball",-0.7,0,"57",74,"12","0.167","0.417","0.242",25.9,33.3,36.4,"0.204","0.375","0.244",37.5
"Rodríguez, Elmer",695684,"NYY","CH","Changeup",0.1,0,"32",10.1,"12","0.2","0.3","0.296",22.2,8.3,6.7,"0.199","0.233","0.273",33.3
"Hall, DL",669084,"MIL","ST","Sweeper",3.4,2,"57",9.5,"12","0","0","0",51.9,58.3,23.3,"0.11","0.244","0.147",60
"Brazobán, Huascar",623211,"CWS","FF","4-Seam Fastball",2,1,"55",6.2,"12","0.083","0.167","0.104",17.6,58.3,16.3,"0.099","0.243","0.141",60
"Leiter Jr., Mark",643410,"ATH","FC","Cutter",-3,-2,"51",9.3,"12","0.556","0.556","0.55",25,16.7,40,"0.411","0.532","0.484",57.1
"Minter, A.J.",621345,"MIN","CH","Changeup",1.2,0,"42",10.5,"12","0.167","0.167","0.225",14.3,16.7,11.8,"0.141","0.184","0.142",30
"García, Luis",472610,"MIN","ST","Sweeper",-2.9,-2,"53",20,"12","0.333","0.583","0.388",30,8.3,6.3,"0.329","0.555","0.374",45.5
"Sands, Cole",663485,"MIN","FC","Cutter",0.9,0,"49",23.4,"12","0.273","0.818","0.467",32.1,41.7,41.7,"0.233","0.626","0.385",66.7
"Abner, Philip",691769,"AZ","SL","Slider",-3,-1,"42",18.1,"12","0.273","0.818","0.467",16,16.7,11.1,"0.279","0.656","0.417",55.6
"Bratt, Mitch",683352,"AZ","SI","Sinker",-1,-1,"51",9.4,"12","0.25","0.75","0.408",0,0,0,"0.179","0.371","0.231",33.3
"Nardi, Andrew",677053,"MIA","CH","Changeup",-3.2,-1,"44",11.6,"12","0.273","0.545","0.375",30,16.7,14.3,"0.208","0.367","0.283",33.3
"Fernández, Julian",642759,"WSH","FF","4-Seam Fastball",0.5,0,"42",59.2,"12","0.3","0.6","0.45",14.3,0,0,"0.305","0.62","0.393",63.6
"Jameson, Drey",686753,"AZ","FF","4-Seam Fastball",-3.2,-2,"51",19.2,"12","0.25","0.625","0.471",22.2,16.7,16.7,"0.232","0.577","0.458",33.3
"Assad, Javier",665871,"CHC","CU","Curveball",1.2,1,"91",7.2,"12","0","0","0.117",16.7,33.3,15.4,"0.075","0.105","0.181",16.7
"Tolle, Payton",801139,"BOS","CH","Changeup",1.9,1,"56",3.5,"12","0.083","0.333","0.167",20,16.7,12.5,"0.204","0.454","0.279",30
"Gerber, Joey",680702,"NYM","FC","Cutter",-3.1,-2,"54",41.9,"12","0.333","0.75","0.45",26.3,25,27.3,"0.274","0.403","0.291",55.6
"Walker, Taijuan",592836,"PHI","CU","Curveball",-1.6,-1,"54",12.7,"12","0.167","0.417","0.242",21.7,25,21.4,"0.158","0.437","0.242",22.2
"Bellozo, Valente",678368,"COL","FC","Cutter",-4.8,-2,"40",23.5,"12","0.4","1","0.6",35,16.7,25,"0.364","0.953","0.574",50
"Cerantola, Eric",672021,"KC","SL","Slider",-6.2,-3,"49",40.2,"12","0.3","0.6","0.433",52.9,41.7,26.3,"0.144","0.18","0.234",60
"Thomas, Connor",671162,"ATL","FF","4-Seam Fastball",1.2,0,"34",24.6,"12","0.222","0.333","0.296",44.4,33.3,36.4,"0.15","0.216","0.277",33.3
"Brebbia, John",605154,"COL","SL","Slider",-4.1,-2,"45",47.9,"11","0.364","0.636","0.591",10.3,9.1,6.7,"0.353","0.655","0.426",40
"Kent, Zak",687849,"WSH","CU","Curveball",-1.6,-1,"48",18.5,"11","0.273","0.364","0.277",31.8,27.3,13.6,"0.305","0.395","0.304",37.5
"Thomas, Connor",671162,"ATL","SI","Sinker",-10.6,-3,"33",23.9,"11","0.556","1.222","0.736",14.3,0,0,"0.309","0.826","0.515",66.7
"Coulombe, Danny",543056,"BOS","FF","4-Seam Fastball",-1.5,-1,"38",9.9,"11","0.286","0.286","0.418",6.3,0,0,"0.324","0.365","0.446",0
"Cabrera, Jose",703615,"AZ","SI","Sinker",-9.6,-2,"26",9.3,"11","0.444","0.778","0.555",25,9.1,100,"0.302","0.534","0.416",50
"Gonzalez, Domingo",682445,"SEA","SL","Slider",0.5,0,"46",35.7,"11","0.2","0.2","0.227",35,18.2,28.6,"0.32","0.602","0.417",62.5
"Thielbar, Caleb",573204,"CHC","ST","Sweeper",-3.2,-2,"76",12,"11","0.182","0.727","0.445",30.6,27.3,13.6,"0.165","0.495","0.272",25
"Kelly, Michael",547184,"ATH","ST","Sweeper",-4.7,-2,"50",41.3,"11","0.444","0.889","0.586",28,0,0,"0.377","0.509","0.444",44.4
"Bruihl, Justin",677865,"STL","FF","4-Seam Fastball",-5,-3,"54",5.4,"11","0.25","0.625","0.391",21.1,36.4,10.8,"0.191","0.552","0.354",20
"Bennett, Jake",687562,"BOS","CU","Curveball",-2,-1,"40",3.7,"11","0.222","0.222","0.291",17.6,18.2,9.5,"0.273","0.6","0.426",28.6
"Ross, Joe",605452,"TEX","SI","Sinker",-4.2,-2,"50",24.4,"11","0.556","1","0.668",16,0,0,"0.389","0.597","0.473",44.4
"Fitzpatrick, Brian",702153,"MIL","CH","Changeup",0.6,0,"36",33,"11","0.182","0.182","0.245",15,18.2,13.3,"0.194","0.215","0.179",0
"Macko, Adam",671936,"TOR","CH","Changeup",2,1,"51",12.8,"11","0.091","0.091","0.082",44.4,45.5,27.8,"0.119","0.148","0.115",16.7
"Greene, Hunter",668881,"CIN","SI","Sinker",-5.3,-1,"28",6.1,"11","0.545","0.636","0.523",14.3,0,0,"0.541","0.616","0.504",27.3
"Urquidy, José",664353,"PIT","CH","Changeup",-3,-1,"41",31.3,"11","0.364","0.636","0.509",29.2,18.2,12.5,"0.264","0.435","0.299",55.6
"Allard, Kolby",663465,"CLE","FC","Cutter",-0.2,0,"40",22.6,"11","0.364","0.636","0.423",30,27.3,30,"0.31","0.537","0.358",37.5
"Sims, Lucas",608371,"CWS","SL","Slider",-1.9,-1,"41",24,"11","0.5","0.5","0.43",27.8,18.2,18.2,"0.244","0.262","0.276",12.5
"Harris, Hogan",663687,"ATH","SL","Slider",-0.3,0,"80",7.9,"11","0.2","0.2","0.227",30.8,18.2,9.1,"0.151","0.159","0.189",0
"Casparius, Ben",676508,"LAD","FF","4-Seam Fastball",-1.8,-1,"41",41.4,"11","0.375","0.375","0.436",43.8,18.2,22.2,"0.414","0.689","0.532",33.3
"Stewart, Brock",592779,"LAD","ST","Sweeper",0.7,0,"53",24.9,"11","0.182","0.182","0.164",27.8,18.2,10,"0.248","0.329","0.247",22.2
"Karinchak, James",675916,"ATL","CU","Curveball",0.5,0,"64",39.5,"11","0.1","0.4","0.245",31.6,18.2,14.3,"0.108","0.293","0.217",12.5
"Tong, Jonah",804636,"NYM","CH","Changeup",2.7,1,"52",27.8,"11","0.091","0.091","0.09",30,36.4,17.4,"0.102","0.184","0.121",57.1
"Cecconi, Slade",677944,"CLE","CH","Changeup",-5.1,-2,"41",2.2,"11","0.455","0.455","0.409",27.8,27.3,15.8,"0.322","0.366","0.302",37.5
"Matthews, Zebby",805673,"MIN","SI","Sinker",-2.7,-2,"64",4.3,"11","0.444","0.889","0.645",20,9.1,12.5,"0.34","0.666","0.48",50
"Bolton, Cody",675989,"HOU","ST","Sweeper",-0.2,0,"41",10.5,"11","0.222","0.444","0.291",30,27.3,20,"0.111","0.173","0.196",42.9
"Loáisiga, Jonathan",642528,"AZ","FC","Cutter",2.9,1,"42",5.8,"11","0.273","0.364","0.277",23.1,9.1,12.5,"0.33","0.374","0.307",30
"Roa, Christian",685005,"HOU","FF","4-Seam Fastball",-0.4,0,"45",25.3,"11","0.125","0.5","0.373",33.3,18.2,16.7,"0.255","0.631","0.46",66.7
"Pagán, Emilio",641941,"CIN","FC","Cutter",1.2,1,"82",18.8,"11","0.3","0.3","0.245",42.4,27.3,17.6,"0.283","0.383","0.287",37.5
"Peguero, Joel",666711,"SF","SL","Slider",-7.3,-3,"39",23.1,"11","0.4","0.6","0.536",20,9.1,6.3,"0.159","0.193","0.203",0
"Allen, Logan",671106,"CLE","FC","Cutter",0.5,0,"41",25,"11","0.3","0.4","0.341",23.8,36.4,36.4,"0.278","0.645","0.415",66.7
"Voth, Austin",608723,"MIN","ST","Sweeper",1.2,0,"40",18.7,"11","0.273","0.273","0.245",14.3,0,0,"0.243","0.367","0.263",27.3
"Baumler, Carter",691945,"TEX","FF","4-Seam Fastball",-6.7,-3,"39",33.3,"11","0.286","0.714","0.518",16.7,9.1,10,"0.237","0.585","0.472",66.7
"Bratt, Mitch",683352,"AZ","SL","Slider",-1,-1,"60",11.1,"11","0.333","0.5","0.495",30.3,0,0,"0.324","0.381","0.464",28.6
"Garrett, Braxton",666129,"MIA","SI","Sinker",-5.6,-2,"37",28.7,"11","0.5","0.75","0.582",17.6,18.2,28.6,"0.378","0.679","0.517",50
"Walker, Taijuan",592836,"PHI","FF","4-Seam Fastball",-15,-6,"42",9.9,"11","0.571","1.571","0.814",0,9.1,6.7,"0.483","1.13","0.685",66.7
"Gastelum, Luis",703725,"STL","ST","Sweeper",-8.7,-4,"51",20.2,"11","0.667","1.111","0.75",33.3,0,0,"0.367","0.733","0.508",55.6
"Suarez, Robert",663158,"ATL","SI","Sinker",3.9,1,"28",6,"11","0.182","0.182","0.245",0,0,,"0.384","0.432","0.356",36.4
"VanWey, Logan",701121,"HOU","FF","4-Seam Fastball",4.6,2,"40",50,"11","0.2","0.2","0.18",34.8,36.4,30.8,"0.123","0.145","0.118",42.9
"Curvelo, Luis",681168,"TEX","SI","Sinker",-9.3,-4,"38",20.3,"11","0.6","1.1","0.718",13.6,9.1,20,"0.499","0.863","0.59",77.8
"Quantrill, Cal",615698,"TEX","CU","Curveball",2,1,"51",4.5,"11","0.182","0.182","0.164",9.1,9.1,11.1,"0.229","0.336","0.246",20
"Curry, Xzavion",675540,"NYM","FS","Split-Finger",0.7,0,"39",16.2,"11","0.2","0.2","0.227",44.4,27.3,30,"0.108","0.138","0.159",14.3
"Graceffo, Gordon",700669,"STL","SI","Sinker",-3.2,-2,"60",6.8,"11","0.286","0.429","0.45",21.1,18.2,25,"0.197","0.221","0.371",0
"Gil, Luis",661563,"NYY","CH","Changeup",0.5,0,"69",20.5,"11","0.091","0.364","0.182",32,27.3,14.3,"0.153","0.443","0.242",25
"Kahnle, Tommy",592454,"BOS","FF","4-Seam Fastball",0,0,"51",30.4,"11","0.125","0.25","0.305",12,0,0,"0.307","0.393","0.412",50
"Seymour, Carson",693313,"SF","FF","4-Seam Fastball",-1.3,-1,"40",19.6,"11","0.333","0.444","0.405",5.6,9.1,11.1,"0.442","0.727","0.533",75
"Sullivan, Sean",807743,"COL","FC","Cutter",1.4,1,"62",15,"11","0.111","0.222","0.177",19.4,18.2,15.4,"0.135","0.233","0.205",25
"Kelly, Zack",677161,"BOS","FF","4-Seam Fastball",-2.3,-1,"39",13.8,"11","0.143","0.143","0.39",18.2,36.4,17.4,"0.096","0.105","0.272",25
"Carrasco, Carlos",471911,"ATL","FC","Cutter",-5.6,-2,"38",15.4,"11","0.5","0.875","0.618",10,0,0,"0.412","0.692","0.532",25
"Schweitzer, Tyler",805326,"CWS","CH","Changeup",0.6,0,"39",10.8,"11","0.2","0.2","0.227",17.4,9.1,4.3,"0.178","0.203","0.216",33.3
"Davila, Nick",689546,"SEA","FF","4-Seam Fastball",-6.2,-3,"46",12.2,"11","0.5","0.833","0.627",23.8,9.1,7.1,"0.337","0.491","0.512",60
"Newcomb, Sean",656794,"CWS","CH","Changeup",-2.3,-1,"29",2.9,"11","0.273","0.455","0.391",0,0,0,"0.343","0.488","0.358",36.4
"Funderburk, Kody",681892,"MIN","CH","Changeup",-4.8,-2,"33",5.3,"11","0.556","0.556","0.473",7.7,0,0,"0.395","0.54","0.403",60
"Zuber, Tyler",676604,"MIA","SI","Sinker",5.9,2,"37",9.9,"11","0","0","0.082",6.3,18.2,16.7,"0.102","0.116","0.096",33.3
"Yan, Jefry",642376,"NYM","SI","Sinker",-2.3,-1,"44",63.8,"11","0.5","0.5","0.436",19,0,0,"0.411","0.435","0.421",12.5
"Vanasco, Ricky",676568,"DET","CH","Changeup",0.3,0,"44",25.9,"11","0.273","0.364","0.277",29.2,18.2,11.8,"0.323","0.431","0.325",33.3
"Shuster, Jared",694363,"STL","CH","Changeup",-4.8,-2,"34",20.5,"11","0.333","0.333","0.373",36.4,18.2,20,"0.244","0.264","0.308",14.3
"Beck, Tristan",663941,"SF","SL","Slider",2.7,1,"40",16.2,"11","0.3","0.3","0.27",26.1,9.1,12.5,"0.197","0.283","0.209",30
"Hernández, Elieser",622694,"ATL","FF","4-Seam Fastball",-0.5,0,"40",36.4,"11","0.182","0.455","0.264",16.7,18.2,16.7,"0.137","0.275","0.173",44.4
"Kimbrel, Craig",518886,"KC","CU","Curveball",-0.9,0,"52",8.7,"11","0.3","0.4","0.341",5.6,9.1,7.7,"0.296","0.399","0.337",44.4
"Lugo, Seth",607625,"KC","SV","Slurve",-4.1,-1,"35",1.6,"11","0.5","0.6","0.505",18.8,9.1,10,"0.308","0.387","0.336",22.2
"Falter, Bailey",663559,"KC","SL","Slider",-9.8,-4,"41",22.8,"11","0.455","0.727","0.509",26.3,18.2,18.2,"0.251","0.466","0.304",44.4
"Duran, Jhoan",661395,"PHI","CH","Changeup",3.4,1,"41",6.2,"11","0","0","0",12.5,45.5,23.8,"0.025","0.034","0.026",0
"Schultz, Paxton",687606,"WSH","SL","Slider",-4.7,-2,"44",7.2,"11","0.455","0.636","0.473",23.5,9.1,5.6,"0.452","0.658","0.477",40
"Urquidy, José",664353,"PIT","FF","4-Seam Fastball",-3.4,-1,"32",24.4,"11","0.4","0.5","0.505",26.1,18.2,22.2,"0.297","0.409","0.339",50
"Nelson, Ryne",669194,"AZ","SI","Sinker",-3.3,-2,"48",3.7,"11","0.364","1","0.559",21.4,0,0,"0.268","0.745","0.418",45.5
"Carrillo, Gerardo",672629,"AZ","FC","Cutter",0.4,0,"58",29.6,"11","0.25","0.375","0.386",4.8,9.1,33.3,"0.125","0.181","0.286",28.6
"Raya, Marco",694397,"MIN","FF","4-Seam Fastball",0.7,0,"45",45,"11","0.222","0.556","0.391",15,9.1,12.5,"0.303","0.559","0.426",37.5
"Kikuchi, Yusei",579328,"LAA","CU","Curveball",3.9,2,"50",8.8,"11","0.125","0.125","0.145",23.8,9.1,14.3,"0.291","0.333","0.31",33.3
"Little, Brendon",663893,"TOR","FF","4-Seam Fastball",-4.3,-1,"33",10.7,"11","0.429","0.714","0.564",33.3,27.3,30,"0.232","0.311","0.405",25
"Sanders, Cam",676742,"BAL","CH","Changeup",-5.5,-2,"39",13.4,"11","0.444","0.556","0.486",21.1,9.1,8.3,"0.355","0.459","0.418",37.5
"Castaño, Blas",680604,"COL","FC","Cutter",-8.5,-4,"51",14.9,"11","0.75","1.875","0.914",20.8,9.1,11.1,"0.577","1.3","0.699",75
"Martinez, Nick",607259,"TB","CU","Curveball",-1.1,-1,"101",5.3,"11","0.364","0.545","0.391",16.7,0,0,"0.371","0.725","0.463",18.2
"Jacob, Alek",689690,"SD","FF","4-Seam Fastball",-3.1,-1,"37",42.5,"11","0.333","0.778","0.505",26.3,18.2,25,"0.153","0.406","0.318",42.9
"Edwards Jr., Carl",605218,"NYM","FF","4-Seam Fastball",3.6,2,"53",53.5,"11","0.111","0.111","0.209",57.1,45.5,55.6,"0.142","0.173","0.239",25
"Heuer, Codi",676051,"CLE","SL","Slider",-5,-3,"61",32.3,"11","0.5","0.75","0.6",26.3,0,0,"0.356","0.443","0.399",55.6
"Snelling, Robby",702281,"MIA","CU","Curveball",-4.2,-1,"29",33.7,"11","0.333","0.444","0.405",31.3,9.1,7.1,"0.259","0.37","0.348",62.5
"Simpson, Josh",681006,"SEA","ST","Sweeper",1.6,1,"31",25.8,"11","0.111","0.111","0.209",38.5,27.3,30,"0.159","0.182","0.251",16.7
"Bieber, Shane",669456,"TOR","SI","Sinker",2.3,1,"29",3.9,"10","0.222","0.222","0.25",7.7,10,100,"0.22","0.243","0.256",0
"Bellozo, Valente",678368,"COL","FF","4-Seam Fastball",0.5,0,"36",21.2,"10","0.222","0.556","0.36",15.8,10,9.1,"0.433","0.902","0.573",87.5
"Santana, Dennis",642701,"PIT","FC","Cutter",1.3,1,"54",7.6,"10","0.333","0.333","0.34",19.2,10,16.7,"0.282","0.431","0.345",50
"Smith, Shane",681343,"CWS","CH","Changeup",-5.2,-2,"41",18.2,"10","0.5","0.8","0.555",28.6,20,13.3,"0.28","0.334","0.267",37.5
"Gilbert, Tyler",656457,"CWS","SI","Sinker",-7.6,-3,"34",36.2,"10","0.5","1","0.645",5.6,10,10,"0.417","0.808","0.555",42.9
"Smith-Shawver, AJ",700363,"ATL","FF","4-Seam Fastball",2.2,1,"40",58,"10","0.125","0.125","0.32",5.3,10,16.7,"0.27","0.618","0.436",42.9
"Basso, Brady",669620,"ATH","CU","Curveball",-0.9,-1,"60",20.1,"10","0.222","0.222","0.25",33.3,30,20,"0.257","0.298","0.286",33.3
"Brito, Jhony",666745,"SD","CH","Changeup",5.8,1,"23",29.5,"10","0.1","0.2","0.125",30,20,14.3,"0.179","0.215","0.172",12.5
"Adam, Jason",592094,"SD","ST","Sweeper",-0.3,0,"38",6.9,"10","0.222","0.222","0.25",17.6,30,15.8,"0.197","0.394","0.296",33.3
"Pivetta, Nick",601713,"SD","ST","Sweeper",4,1,"35",12.4,"10","0.1","0.1","0.09",40.9,60,30,"0.1","0.122","0.094",50
"Curry, Xzavion",675540,"NYM","CU","Curveball",-8.3,-2,"28",11.6,"10","0.3","1","0.525",0,0,0,"0.301","0.659","0.406",40
"Fulton, Dax",690978,"MIA","SL","Slider",1.5,1,"40",16.7,"10","0.2","0.4","0.25",23.5,20,18.2,"0.187","0.392","0.245",37.5
"Fermin, José",820862,"LAA","FF","4-Seam Fastball",-7.8,-4,"45",6.3,"10","0.4","1.2","0.675",15,10,6.7,"0.409","0.848","0.614",75
"Crow, Coleman",689441,"MIL","ST","Sweeper",-1.4,0,"23",7.8,"10","0.2","0.3","0.305",6.7,0,0,"0.269","0.317","0.257",20
"Lucchesi, Joey",664192,"LAA","SI","Sinker",-1.9,-1,"57",51.4,"10","0.375","0.75","0.52",4.2,20,12.5,"0.311","0.579","0.443",83.3
"Dion, Will",702021,"WSH","FC","Cutter",-7.9,-3,"32",9.1,"10","0.556","0.778","0.59",12.5,0,0,"0.466","0.587","0.483",22.2
"Hoffman, Nolan",676510,"PHI","FF","4-Seam Fastball",-0.5,0,"28",34.1,"10","0.429","0.429","0.41",7.7,10,10,"0.288","0.318","0.354",28.6
"Gonzalez, Domingo",682445,"SEA","FF","4-Seam Fastball",-2.5,-1,"50",38.8,"10","0.286","0.857","0.535",17.4,20,15.4,"0.262","0.569","0.453",60
"Singer, Brady",663903,"CIN","FF","4-Seam Fastball",-7,-4,"54",2.6,"10","0.4","0.7","0.47",13,20,12.5,"0.381","0.75","0.474",50
"Vivas, Jorbit",678391,"WSH","CU","Curveball",-18.9,-4,"22",57.9,"10","0.7","1.3","0.845",0,0,,"0.504","1.16","0.695",50
"Bennett, Jake",687562,"BOS","FC","Cutter",1.4,1,"48",4.5,"10","0.333","0.333","0.34",36,0,0,"0.234","0.328","0.288",44.4
"Cosgrove, Tom",676680,"WSH","FF","4-Seam Fastball",3.3,1,"42",24.6,"10","0.2","0.2","0.18",14.3,20,15.4,"0.157","0.226","0.166",37.5
"Simpson, Josh",681006,"SEA","SI","Sinker",-2.6,-1,"44",36.7,"10","0.3","0.6","0.38",10.5,30,33.3,"0.196","0.507","0.292",42.9
"Williams, Trevor",592866,"WSH","ST","Sweeper",3.7,2,"58",27.2,"10","0","0","0.09",40.5,50,27.8,"0.073","0.08","0.066",20
"Tidwell, Blade",694918,"SF","SI","Sinker",3.6,2,"48",12.7,"10","0.2","0.2","0.18",18.2,10,16.7,"0.398","0.483","0.386",66.7
"Hurt, Kyle",669165,"LAD","SL","Slider",-1.6,-1,"58",9.7,"10","0.444","0.556","0.465",38.1,0,0,"0.287","0.375","0.328",33.3
"Bowlan, Jonathan",680742,"PHI","ST","Sweeper",-0.4,0,"63",9.2,"10","0.2","0.2","0.18",28.6,30,10.3,"0.159","0.229","0.168",28.6
"Ferguson, Tyler",621053,"CHC","SI","Sinker",1.2,0,"23",9,"10","0.25","0.25","0.32",14.3,20,33.3,"0.199","0.237","0.292",0
"Henriquez, Edgardo",683618,"LAD","CU","Curveball",-2.7,-1,"40",5.2,"10","0.143","0.286","0.335",30,20,14.3,"0.111","0.115","0.28",0
"Irvin, Cole",608344,"LAD","FC","Cutter",-8.1,-2,"29",28.4,"10","0.6","0.8","0.61",11.1,10,16.7,"0.412","0.523","0.406",55.6
"Morales, Luis",806960,"ATH","SI","Sinker",0.8,0,"39",11.3,"10","0.3","0.3","0.27",17.6,20,28.6,"0.266","0.313","0.256",25
"Knack, Landon",689017,"LAD","SL","Slider",-5.5,-1,"22",17.5,"10","0.25","0.75","0.465",16.7,20,22.2,"0.159","0.42","0.334",33.3
"Santos, Gregory",666619,"SF","SI","Sinker",2.1,1,"29",33.7,"10","0.222","0.333","0.285",12.5,0,0,"0.397","0.512","0.424",66.7
"Rodriguez, Carlos",692230,"MIL","FC","Cutter",3.8,2,"49",26.9,"10","0.2","0.2","0.18",20,0,0,"0.208","0.305","0.217",10
"Heuer, Codi",676051,"CLE","CH","Changeup",1.8,1,"46",24.3,"10","0","0","0.21",57.9,40,26.7,"0.063","0.068","0.25",33.3
"Holderman, Colin",670059,"CLE","FF","4-Seam Fastball",-2.5,-1,"34",4.6,"10","0.25","0.25","0.32",33.3,50,18.5,"0.168","0.245","0.282",66.7
"Barnes, Charlie",656212,"LAD","SL","Slider",-4.4,-2,"42",20.9,"10","0.333","0.778","0.485",35.3,30,21.4,"0.339","0.722","0.468",33.3
"Spence, Mitch",687765,"KC","SL","Slider",-9.2,-4,"40",20,"10","0.571","1.143","0.715",30.8,10,12.5,"0.26","0.298","0.382",33.3
"Cuas, Jose",621016,"KC","ST","Sweeper",0.2,0,"53",25.2,"10","0.3","0.3","0.27",36.4,40,26.7,"0.344","0.374","0.316",0
"Hoffmann, Andrew",694851,"AZ","CH","Changeup",-1.6,-1,"64",27.9,"10","0.333","0.444","0.375",28,30,14.3,"0.326","0.359","0.339",33.3
"Laweryson, Cody",689520,"MIN","CH","Changeup",-3.1,-1,"43",14.5,"10","0.333","0.667","0.45",10,10,6.7,"0.364","0.661","0.464",62.5
"Rasmussen, Drew",656876,"TB","CU","Curveball",2.7,2,"79",4,"10","0","0","0",26.3,30,27.3,"0.185","0.453","0.267",28.6
"Heasley, Jonathan",669169,"TB","FF","4-Seam Fastball",-4.9,-1,"25",39.1,"10","0.4","0.9","0.54",5.3,10,25,"0.392","0.846","0.521",66.7
"Spence, Mitch",687765,"KC","SI","Sinker",-5.4,-2,"34",17,"10","0.444","0.778","0.535",0,0,0,"0.292","0.384","0.335",44.4
"Severino, Luis",622663,"ATH","CH","Changeup",0.7,0,"59",5.4,"10","0.1","0.3","0.16",30,30,33.3,"0.139","0.334","0.195",28.6
"Boyle, Joe",671212,"TB","SI","Sinker",-0.3,0,"51",19.4,"10","0.222","0.333","0.375",14.3,10,16.7,"0.326","0.601","0.426",37.5
"Boyle, Joe",671212,"TB","ST","Sweeper",-2.1,-1,"27",10.3,"10","0.2","0.6","0.325",21.4,40,26.7,"0.138","0.184","0.139",33.3
"Grove, Michael",675627,"TB","SL","Slider",4.6,2,"34",38.2,"10","0.111","0.111","0.09",44.4,40,22.2,"0.162","0.221","0.215",33.3
"De los Santos, Yerry",660787,"NYY","CH","Changeup",-0.9,0,"40",23.3,"10","0.3","0.3","0.27",18.2,30,17.6,"0.384","0.441","0.36",42.9
"Basso, Brady",669620,"ATH","FC","Cutter",-2.6,-1,"32",10.7,"10","0.444","0.778","0.465",16.7,0,0,"0.413","0.647","0.535",70
"Suarez, Robert",663158,"ATL","FC","Cutter",-0.2,0,"69",14.8,"10","0.5","0.5","0.45",23.3,0,0,"0.467","0.559","0.447",20
"Faucher, Calvin",676534,"MIA","FF","4-Seam Fastball",1.9,1,"73",8.1,"10","0.125","0.125","0.23",41.7,60,22.2,"0.094","0.109","0.213",0
"Santa, Alimber",695001,"HOU","SI","Sinker",0.1,0,"56",23.5,"10","0.111","0.111","0.34",8.7,0,0,"0.191","0.205","0.229",22.2
"Hernández, Elieser",622694,"ATL","CH","Changeup",-0.7,0,"38",34.5,"10","0.25","0.25","0.32",41.2,40,22.2,"0.107","0.124","0.219",0
"Roa, Christian",685005,"HOU","SL","Slider",1.2,1,"62",34.8,"10","0.111","0.111","0.16",35.7,40,14.3,"0.19","0.321","0.266",100
"Drake, Kohl",684442,"AZ","CH","Changeup",2.5,1,"56",17.2,"10","0.1","0.1","0.09",40,40,25,"0.211","0.234","0.197",16.7
"Fulton, Dax",690978,"MIA","ST","Sweeper",0.4,0,"90",37.7,"10","0.111","0.111","0.16",34.3,30,10,"0.165","0.185","0.21",16.7
"France, J.P.",641585,"HOU","FF","4-Seam Fastball",-3,-1,"26",22.2,"10","0.333","0.333","0.46",0,10,12.5,"0.182","0.388","0.426",40
"Rodríguez, Elmer",695684,"NYY","ST","Sweeper",0.9,0,"52",16.4,"10","0.2","0.2","0.18",50,30,25,"0.249","0.274","0.231",14.3
"Martin, Chris",455119,"TEX","FS","Split-Finger",-19,-5,"24",9.7,"10","0.6","1.2","0.755",0,10,8.3,"0.499","0.864","0.58",33.3
"Hartlieb, Geoff",664129,"ATH","SI","Sinker",-5.9,-2,"34",15.7,"10","0.556","0.889","0.625",36.8,0,0,"0.227","0.355","0.294",44.4
"Estrada, Lazaro",681751,"TOR","SL","Slider",3,2,"69",34.7,"10","0","0","0.07",28.1,10,5.6,"0.156","0.225","0.217",25
"Rolison, Ryan",669020,"CHC","SI","Sinker",5.1,3,"66",9.2,"10","0","0","0.07",27.6,30,37.5,"0.074","0.08","0.132",0
"Van Eyk, CJ",669310,"TOR","FC","Cutter",-12.8,-4,"29",22.7,"10","0.556","1.111","0.7",5,0,0,"0.456","0.779","0.544",55.6
"Anderson, Jack",681252,"MIN","ST","Sweeper",2.7,1,"28",15.6,"10","0.2","0.2","0.18",27.8,20,20,"0.17","0.213","0.17",0
"Bernardino, Brennan",657514,"COL","FF","4-Seam Fastball",-2.1,-1,"45",5.7,"10","0.375","0.5","0.445",11.1,20,8.7,"0.332","0.363","0.384",0
"Bassitt, Chris",605135,"BAL","FF","4-Seam Fastball",-8,-4,"45",4.6,"10","0.5","1.25","0.72",17.4,0,0,"0.349","0.896","0.556",50
"Rodríguez, Yariel",684320,"TOR","SI","Sinker",-3,-1,"26",15.1,"10","0.167","0.167","0.46",10,0,0,"0.231","0.253","0.407",16.7
"Lee, Chase",695445,"TOR","ST","Sweeper",-5.8,-2,"36",37.5,"10","0.2","0.8","0.4",37.5,10,20,"0.223","0.341","0.244",11.1
"Díaz, Yilber",700270,"DET","FF","4-Seam Fastball",-8.3,-3,"40",54.1,"10","0.667","1.222","0.79",16.7,10,6.7,"0.453","0.985","0.614",37.5
"Ramos, Wilkin",678576,"SF","SI","Sinker",-4.8,-2,"37",60.7,"9","0.571","0.571","0.556",11.1,0,0,"0.33","0.385","0.399",57.1
"Banks, Tanner",621383,"PHI","CH","Changeup",-2.1,-1,"27",4.9,"9","0.25","0.625","0.322",36.4,33.3,15,"0.252","0.538","0.298",33.3
"Joyce, Ben",690829,"LAA","FF","4-Seam Fastball",5.7,2,"30",51.7,"9","0.125","0.125","0.178",21.4,44.4,40,"0.12","0.172","0.186",25
"Iglesias, Raisel",628452,"ATL","SL","Slider",2.2,1,"39",5.6,"9","0","0","0.078",37.5,44.4,18.2,"0.067","0.197","0.174",50
"Kelly, Michael",547184,"ATH","FF","4-Seam Fastball",-6.7,-2,"27",22.3,"9","0.429","1","0.611",33.3,44.4,30.8,"0.21","0.562","0.404",66.7
"McLean, Nolan",690997,"NYM","SL","Slider",2.4,1,"48",2.1,"9","0","0","0.156",47.4,33.3,27.3,"0.022","0.029","0.172",0
"Weiman, Blake",676620,"LAA","ST","Sweeper",2.4,1,"30",42.3,"9","0.222","0.222","0.2",27.8,44.4,36.4,"0.166","0.193","0.158",0
"Spence, Mitch",687765,"KC","CU","Curveball",-9.1,-3,"33",16.5,"9","0.375","0.875","0.539",43.8,33.3,25,"0.232","0.594","0.382",60
"Gervase, Paul",801434,"LAD","SL","Slider",0.9,0,"48",38.7,"9","0.25","0.25","0.278",23.5,11.1,12.5,"0.261","0.277","0.289",42.9
"Edwards Jr., Carl",605218,"NYM","CU","Curveball",-5.3,-2,"30",30.3,"9","0.25","0.625","0.4",38.5,33.3,33.3,"0.178","0.344","0.273",40
"McDermott, Chayce",694646,"NYM","FC","Cutter",-1.4,-1,"45",42.1,"9","0.286","1","0.538",31.8,11.1,20,"0.249","0.448","0.342",14.3
"Blubaugh, AJ",805123,"HOU","FC","Cutter",0.3,0,"62",4.8,"9","0.25","0.25","0.278",48,0,0,"0.259","0.43","0.339",12.5
"Perkins, Jack",678022,"ATH","SL","Slider",3.3,1,"36",2.5,"9","0.111","0.222","0.139",31.3,33.3,21.4,"0.213","0.227","0.194",16.7
"Duarte, Daniel",650960,"NYM","CH","Changeup",4.7,1,"32",12.3,"9","0.111","0.111","0.1",14.3,11.1,6.3,"0.354","0.416","0.335",25
"Frasso, Nick",693308,"COL","FF","4-Seam Fastball",-3.3,-1,"33",60,"9","0.5","0.75","0.538",25,22.2,25,"0.39","0.726","0.474",42.9
"Giolito, Lucas",608337,"SD","CU","Curveball",-2.7,-1,"37",6.7,"9","0.222","0.556","0.322",7.1,0,0,"0.226","0.593","0.34",33.3
"Garrett, Braxton",666129,"MIA","ST","Sweeper",-0.8,0,"26",20.2,"9","0.25","0.5","0.4",23.1,22.2,22.2,"0.121","0.155","0.191",16.7
"Stock, Robert",476594,"NYM","SI","Sinker",-4,-1,"35",23.3,"9","0.5","0.75","0.556",15.8,0,0,"0.284","0.324","0.314",12.5
"Bellozo, Valente",678368,"COL","CH","Changeup",-0.2,0,"31",18.2,"9","0.143","0.143","0.256",46.2,33.3,23.1,"0.162","0.238","0.288",50
"Imanaga, Shota",684007,"CHC","SL","Slider",0,0,"45",2.1,"9","0.375","0.375","0.378",34.6,11.1,7.7,"0.357","0.386","0.367",14.3
"Vanasco, Ricky",676568,"DET","CU","Curveball",-9.8,-4,"39",22.9,"9","0.571","0.857","0.733",18.2,0,0,"0.336","0.714","0.499",42.9
"Pivetta, Nick",601713,"SD","CU","Curveball",-0.6,0,"50",17.7,"9","0.375","0.375","0.378",35.3,33.3,23.1,"0.213","0.243","0.255",20
"Irvin, Cole",608344,"LAD","SI","Sinker",-0.8,0,"23",22.5,"9","0.167","0.167","0.433",25,22.2,50,"0.227","0.514","0.441",75
"Núñez, Dedniel",673380,"NYM","FF","4-Seam Fastball",-13,-4,"28",62.2,"9","0.667","1.333","0.939",21.1,0,,"0.458","0.795","0.531",77.8
"Tong, Jonah",804636,"NYM","FC","Cutter",-0.3,0,"38",20.3,"9","0.286","0.714","0.4",25,0,0,"0.31","0.714","0.415",50
"Espino, Daniel",682982,"CLE","SL","Slider",-3.1,-1,"29",24.2,"9","0.333","0.667","0.422",20,11.1,14.3,"0.335","0.393","0.316",50
"Gonzales, Marco",594835,"TEX","CH","Changeup",-6.4,-2,"25",21.4,"9","0.444","0.556","0.439",0,0,0,"0.276","0.385","0.284",22.2
"Saucedo, Tayler",642048,"LAA","SI","Sinker",-2.9,-1,"22",19.1,"9","0.429","0.429","0.456",36.4,22.2,50,"0.316","0.357","0.385",40
"Trivino III, Lou",642152,"PHI","FC","Cutter",0.5,0,"45",31.3,"9","0.286","0.286","0.356",28.6,22.2,25,"0.114","0.126","0.235",20
"Detmers, Reid",672282,"LAA","SI","Sinker",-2.4,-1,"29",1.3,"9","0.167","0.167","0.375",7.7,11.1,14.3,"0.145","0.409","0.405",20
"Shook, TJ",669298,"COL","FF","4-Seam Fastball",-2.5,-1,"45",45,"9","0.25","0.625","0.4",22.7,33.3,27.3,"0.228","0.322","0.288",40
"Nicolas, Kyle",693312,"CIN","SL","Slider",-0.3,0,"66",33.3,"9","0.167","0.167","0.429",31.8,0,0,"0.297","0.319","0.456",16.7
"Zeferjahn, Ryan",666171,"CHC","CU","Curveball",-4.4,-1,"28",2.7,"9","0.286","0.286","0.356",45.5,33.3,18.8,"0.157","0.182","0.271",0
"Kelly, Antwone",699008,"PIT","ST","Sweeper",-2.4,-1,"33",26.8,"9","0.25","0.625","0.4",15.8,22.2,11.8,"0.248","0.464","0.347",16.7
"Hughes, Gabriel",687312,"COL","ST","Sweeper",0.5,0,"42",7.5,"9","0.25","0.25","0.278",22.2,22.2,13.3,"0.155","0.203","0.214",16.7
"Sandlin, Nick",680704,"LAA","FS","Split-Finger",-4.3,-2,"37",23.6,"9","0.375","0.625","0.456",35.7,11.1,16.7,"0.238","0.291","0.283",42.9
"Abel, Mick",690953,"MIN","ST","Sweeper",0.5,0,"38",10.6,"9","0.125","0.125","0.178",29.4,11.1,5.9,"0.17","0.272","0.247",14.3
"Mills, Wyatt",670090,"LAD","SI","Sinker",-3.1,-1,"40",26.8,"9","0.333","0.333","0.433",29.4,0,0,"0.321","0.414","0.446",33.3
"Castaño, Blas",680604,"COL","FF","4-Seam Fastball",0.7,0,"29",8.5,"9","0.25","0.25","0.313",14.3,11.1,6.3,"0.434","0.595","0.476",28.6
"Van Eyk, CJ",669310,"TOR","CU","Curveball",-2.1,-1,"29",22.7,"9","0.333","0.333","0.4",15.4,11.1,11.1,"0.21","0.255","0.203",62.5
"Muñoz, Roddery",682610,"HOU","FF","4-Seam Fastball",-6.5,-2,"29",25.9,"9","0.333","1","0.594",27.3,22.2,25,"0.404","0.596","0.521",100
"Sands, Cole",663485,"MIN","CU","Curveball",-2.3,-1,"27",12.9,"9","0.333","0.333","0.3",41.7,44.4,26.7,"0.236","0.266","0.221",40
"Cortes, Carlos",666126,"ATH","CH","Changeup",-8.2,-3,"32",24.1,"9","0.625","1.125","0.739",0,0,0,"0.387","0.821","0.53",75
"Stewart, Brock",592779,"LAD","CH","Changeup",0.9,0,"37",17.4,"9","0","0","0.178",29.4,44.4,36.4,"0.085","0.092","0.147",0
"Sims, Lucas",608371,"CWS","ST","Sweeper",-0.5,0,"35",20.5,"9","0.143","0.286","0.294",46.7,33.3,27.3,"0.163","0.23","0.289",25
"Gordon, Colton",676467,"HOU","ST","Sweeper",-3.6,-2,"60",29.7,"9","0.75","1.25","0.761",11.1,11.1,4.3,"0.362","0.664","0.442",25
"Molina, Anthony",683627,"ATL","FF","4-Seam Fastball",-5.7,-2,"32",36.4,"9","0.375","0.75","0.5",0,0,0,"0.378","0.844","0.536",37.5
"De Jesus, Enmanuel",646241,"DET","SL","Slider",-5.8,-2,"39",6.4,"9","0.429","0.857","0.578",16.7,11.1,9.1,"0.339","0.632","0.477",33.3
"Bellozo, Valente",678368,"COL","ST","Sweeper",-5,-2,"36",21.2,"9","0.143","0.571","0.338",29.4,11.1,11.1,"0.234","0.675","0.412",14.3
"Weissert, Greg",669711,"BOS","SL","Slider",-1.1,-1,"59",8,"9","0.25","0.75","0.439",10.5,22.2,25,"0.397","0.765","0.513",50
"Thompson, Ryan",657044,"AZ","FF","4-Seam Fastball",-7.7,-2,"28",4.3,"9","0.375","0.875","0.539",18.2,33.3,20,"0.377","0.795","0.512",60
"Tur, Yunior",814305,"ATH","FF","4-Seam Fastball",-13.1,-5,"35",29.2,"9","0.714","1.714","0.939",7.1,0,0,"0.625","1.552","0.863",42.9
"Tur, Yunior",814305,"ATH","FC","Cutter",-2.7,-1,"36",30,"9","0.286","0.714","0.478",47.4,11.1,20,"0.304","0.766","0.497",33.3
"Criswell, Jeff",676105,"COL","SL","Slider",-2.5,-1,"37",46.8,"9","0.25","0.625","0.4",33.3,11.1,7.7,"0.344","0.705","0.469",28.6
"Mushinski, Parker",656786,"COL","FF","4-Seam Fastball",-11,-2,"21",23.9,"9","0.667","0.833","0.672",0,0,0,"0.506","0.936","0.642",66.7
"Dollander, Chase",801403,"COL","CU","Curveball",-1.3,-1,"59",7.9,"9","0.286","0.286","0.278",45,44.4,28.6,"0.23","0.271","0.251",50
"Okert, Steven",595345,"HOU","SI","Sinker",2.6,1,"46",5,"9","0.125","0.25","0.217",7.1,0,0,"0.279","0.373","0.332",25
"Topa, Justin",623437,"MIN","ST","Sweeper",-6.6,-4,"60",16.7,"9","0.444","1.222","0.683",5.9,11.1,4.5,"0.399","1.109","0.625",37.5
"Lazar, Max",676661,"PHI","FC","Cutter",1.1,0,"26",20.3,"9","0.25","0.25","0.2",30.8,11.1,16.7,"0.174","0.26","0.251",57.1
"Koenig, Jared",657649,"MIL","FC","Cutter",-7,-3,"43",26.7,"9","0.625","1.25","0.778",20,11.1,12.5,"0.421","0.856","0.553",57.1
"Barnett, Mason",686930,"ATH","CH","Changeup",-0.7,0,"40",6.1,"9","0.222","0.556","0.322",33.3,22.2,28.6,"0.173","0.373","0.23",28.6
"Carrillo, Gerardo",672629,"AZ","SI","Sinker",3.1,1,"42",21.4,"9","0.143","0.143","0.256",12.5,0,0,"0.177","0.409","0.347",28.6
"Klein, John",804619,"MIN","FF","4-Seam Fastball",-5.3,-2,"41",50,"9","0.5","1.167","0.694",10.5,11.1,5.6,"0.302","0.538","0.47",60
"Palmquist, Carson",687223,"WSH","FF","4-Seam Fastball",-6.1,-3,"49",15.7,"9","0.333","0.833","0.556",22.7,33.3,13.6,"0.226","0.543","0.447",33.3
"Mills, Wyatt",670090,"LAD","SL","Slider",4,2,"44",29.5,"9","0","0","0.156",20,11.1,20,"0.069","0.127","0.219",16.7
"Bummer, Aaron",607481,"KC","FC","Cutter",5.1,2,"33",10.1,"9","0","0","0.156",20,0,0,"0.089","0.289","0.268",28.6
"Miller, Bryce",682243,"SEA","CU","Curveball",0.4,0,"55",4.3,"9","0.111","0.222","0.139",25.9,55.6,15.6,"0.167","0.2","0.162",25
"Kerry, Brett",695049,"LAA","CH","Changeup",4.3,2,"47",22.2,"9","0","0","0",47.8,33.3,18.8,"0.037","0.049","0.036",0
"Way, Beck",694360,"KC","ST","Sweeper",-0.1,0,"61",15.7,"9","0.222","0.222","0.2",30.4,44.4,11.4,"0.118","0.16","0.122",0
"Foley, Jason",671345,"SF","SL","Slider",-1.5,-1,"34",26.6,"9","0.222","0.667","0.361",25,11.1,12.5,"0.282","0.54","0.35",37.5
"Vodnik, Victor",680767,"MIA","FC","Cutter",1.3,0,"14",2,"9","0.222","0.667","0.361",20,11.1,100,"0.218","0.394","0.257",37.5
"Brash, Matt",666374,"SEA","CH","Changeup",4.9,2,"35",13.4,"9","0.111","0.111","0.1",27.8,0,0,"0.423","0.51","0.402",22.2
"Helsley, Ryan",664854,"BAL","FS","Split-Finger",5.1,2,"33",12.1,"9","0.111","0.111","0.1",50,33.3,33.3,"0.107","0.118","0.1",33.3
"Drake, Kohl",684442,"AZ","FC","Cutter",-5.1,-2,"41",12.6,"9","0.571","0.714","0.594",29.4,0,0,"0.552","0.74","0.592",42.9
"Seabold, Connor",657756,"KC","FC","Cutter",-1.1,-1,"48",10.1,"9","0.286","0.286","0.4",36.4,0,0,"0.196","0.244","0.319",14.3
"McGee, Easton",668834,"KC","CU","Curveball",-1.4,0,"25",21,"9","0.25","0.375","0.317",25,33.3,30,"0.269","0.426","0.344",80
"Simpson, Josh",681006,"SEA","CU","Curveball",-2.9,-1,"35",29.2,"9","0.375","0.75","0.5",23.5,33.3,17.6,"0.237","0.64","0.402",40
"Orze, Eric",679358,"MIN","CU","Curveball",-0.8,0,"63",9.3,"9","0.444","0.444","0.4",26.1,11.1,7.1,"0.463","0.572","0.449",37.5
"Sandlin, David",689818,"CWS","CH","Changeup",1.4,0,"27",6.6,"9","0.111","0.333","0.178",30.8,33.3,17.6,"0.224","0.302","0.227",33.3
"Kranick, Max",668820,"WSH","CU","Curveball",1.6,1,"42",24.7,"9","0.222","0.333","0.239",42.1,0,0,"0.3","0.511","0.347",44.4
"Jobe, Jackson",695549,"DET","FF","4-Seam Fastball",4,1,"29",40.8,"8","0.143","0.143","0.2",29.4,25,16.7,"0.247","0.527","0.374",60
"Lazar, Max",676661,"PHI","FS","Split-Finger",5,2,"32",25,"8","0","0","0",33.3,50,26.7,"0.077","0.1","0.078",0
"Wesneski, Hayden",669713,"HOU","SI","Sinker",-4.2,-2,"43",17.9,"8","0.5","1","0.625",14.3,0,0,"0.358","0.484","0.366",62.5
"Rangel, Alan",660604,"PHI","CU","Curveball",-5,-3,"59",12,"8","0.714","0.857","0.694",7.7,12.5,6.7,"0.437","0.532","0.456",33.3
"Misiorowski, Jacob",694819,"MIL","CH","Changeup",5,1,"28",1.4,"8","0","0","0",30,37.5,33.3,"0.147","0.243","0.166",20
"Mathews, Quinn",687273,"STL","FF","4-Seam Fastball",-0.8,0,"40",41.2,"8","0.333","0.5","0.444",31.3,12.5,7.1,"0.285","0.352","0.381",20
"Rajcic, Max",691008,"STL","ST","Sweeper",-4.5,-1,"19",11.7,"8","0.25","0.75","0.406",36.4,37.5,50,"0.116","0.318","0.181",40
"Smith, Shane",681343,"CWS","SL","Slider",-13.9,-3,"25",11.1,"8","0.5","0.875","0.7",7.7,0,0,"0.291","0.389","0.295",37.5
"Rivera, Eduardo",700842,"BOS","CH","Changeup",-2.6,-1,"31",14.8,"8","0.25","0.625","0.363",35.3,50,22.2,"0.187","0.605","0.326",25
"Allen, Logan",671106,"CLE","SI","Sinker",1.1,0,"34",20.7,"8","0.286","0.286","0.313",5.9,25,16.7,"0.182","0.203","0.233",20
"Snell, Blake",605483,"LAD","CH","Changeup",-0.7,0,"28",17.4,"8","0.429","0.571","0.381",42.1,12.5,16.7,"0.376","0.537","0.35",14.3
"Javier, Cristian",664299,"HOU","FC","Cutter",6.7,2,"32",5.7,"8","0.143","0.143","0.113",17.4,0,0,"0.185","0.312","0.234",37.5
"Voth, Austin",608723,"MIN","CU","Curveball",-8.3,-3,"34",15.9,"8","0.4","1.2","0.494",28.6,12.5,8.3,"0.393","0.849","0.417",50
"Gervase, Paul",801434,"LAD","FC","Cutter",3,1,"19",15.3,"8","0.286","0.286","0.313",0,0,0,"0.396","0.57","0.451",28.6
"Gonzales, Marco",594835,"TEX","FF","4-Seam Fastball",3.9,1,"38",32.5,"8","0.143","0.286","0.244",29.4,37.5,27.3,"0.147","0.243","0.233",50
"Halvorsen, Seth",678020,"LAD","FS","Split-Finger",-7.1,-2,"30",7.8,"8","0.286","0.714","0.45",37.5,37.5,27.3,"0.402","1.112","0.633",50
"Waldrep, Hurston",694462,"ATL","SL","Slider",-4.7,-1,"31",14.4,"8","0.5","1","0.65",38.5,25,33.3,"0.341","0.785","0.53",50
"Leibrandt, Brandon",605335,"CIN","CH","Changeup",-5.1,-1,"27",27.3,"8","0.429","0.571","0.469",45.5,25,16.7,"0.241","0.429","0.34",20
"Santos, Gregory",666619,"SF","SL","Slider",-0.2,0,"44",51.2,"8","0.143","0.429","0.288",6.3,12.5,7.1,"0.215","0.318","0.284",33.3
"VanWey, Logan",701121,"HOU","ST","Sweeper",2.5,1,"23",28.7,"8","0.286","0.286","0.225",7.7,0,0,"0.385","0.636","0.385",37.5
"Borucki, Ryan",621366,"SF","ST","Sweeper",2.5,1,"36",9.5,"8","0.125","0.125","0.113",35.7,25,14.3,"0.094","0.111","0.089",16.7
"Sanmartin, Reiver",665665,"SF","CH","Changeup",-0.4,0,"26",22.2,"8","0.25","0.375","0.269",15.4,25,16.7,"0.213","0.296","0.219",33.3
"France, J.P.",641585,"HOU","CU","Curveball",-0.8,0,"33",28.2,"8","0.143","0.286","0.244",21.4,37.5,18.8,"0.166","0.261","0.247",25
"Sanmartin, Reiver",665665,"SF","SL","Slider",-6.6,-2,"35",29.9,"8","0.375","1","0.563",30.8,25,13.3,"0.202","0.566","0.319",33.3
"Foster, Cameron",671382,"BAL","SL","Slider",-4.3,-2,"41",21.7,"8","0.5","0.625","0.494",29.4,25,11.1,"0.185","0.206","0.17",33.3
"Harrison, Kyle",690986,"MIL","SI","Sinker",-10.4,-3,"33",2,"8","0.75","1.375","0.9",12.5,0,0,"0.515","0.883","0.594",37.5
"Trivino III, Lou",642152,"PHI","CH","Changeup",-13.5,-3,"25",17.4,"8","0.5","1","0.644",30,0,0,"0.205","0.276","0.329",16.7
"Kent, Jackson",800600,"WSH","CH","Changeup",4,1,"17",21.8,"8","0","0","0.175",42.9,37.5,42.9,"0.183","0.203","0.304",66.7
"Smith, Dylan",681916,"SF","FS","Split-Finger",1.1,0,"26",6.4,"8","0.167","0.167","0.288",45.5,25,22.2,"0.282","0.441","0.407",75
"Hanifee, Brenan",669724,"DET","CH","Changeup",-5.4,-1,"25",7.8,"8","0.25","1","0.5",9.1,0,0,"0.255","0.805","0.437",25
"Bassitt, Chris",605135,"BAL","SL","Slider",5,1,"22",2.2,"8","0","0","0.2",0,0,0,"0.061","0.131","0.158",28.6
"Tidwell, Blade",694918,"SF","SL","Slider",2.7,1,"36",9.5,"8","0.125","0.25","0.156",33.3,25,11.8,"0.227","0.342","0.241",50
"Springs, Jeffrey",605488,"ATH","FC","Cutter",-0.1,0,"32",1.7,"8","0.143","0.143","0.2",9.1,25,13.3,"0.085","0.11","0.161",0
"Nola, Aaron",605400,"PHI","SL","Slider",-3.8,-1,"21",1,"8","0.286","0.714","0.45",26.7,0,0,"0.21","0.399","0.314",57.1
"Williams, Trevor",592866,"WSH","SI","Sinker",-7.8,-3,"33",15.5,"8","0.625","1.125","0.744",7.1,0,0,"0.501","0.903","0.6",75
"Kent, Jackson",800600,"WSH","FF","4-Seam Fastball",0.1,0,"34",43.6,"8","0.2","0.2","0.375",10,25,66.7,"0.229","0.254","0.395",33.3
"Martin, Chris",455119,"TEX","SI","Sinker",-7.2,-2,"30",12.1,"8","0.429","1.429","0.744",5.9,0,0,"0.409","1.042","0.617",57.1
"Franco, Jose",683742,"CIN","CH","Changeup",-2.8,-1,"47",13.5,"8","0.429","0.571","0.469",37.5,12.5,11.1,"0.313","0.443","0.375",16.7
"Drake, Kohl",684442,"AZ","CU","Curveball",-10.4,-6,"56",17.2,"8","0.571","1.714","0.9",27.8,12.5,4.2,"0.316","1.112","0.601",66.7
"Woo, Bryan",693433,"SEA","CU","Curveball",-4.9,-2,"32",1.6,"8","0.286","0.429","0.356",27.3,37.5,18.8,"0.124","0.196","0.206",25
"Williamson, Brandon",682227,"CIN","CU","Curveball",1.1,1,"47",9.1,"8","0","0","0.088",7.7,0,0,"0.181","0.223","0.242",0
"Hiraldo, Yaramil",682274,"BAL","SL","Slider",-3.1,-1,"37",25.7,"8","0.286","0.714","0.45",41.2,37.5,33.3,"0.179","0.31","0.27",25
"Estes, Joey",683155,"ATH","FF","4-Seam Fastball",-0.2,0,"30",42.3,"8","0.286","0.714","0.356",41.2,37.5,33.3,"0.245","0.426","0.253",40
"Shook, TJ",669298,"COL","ST","Sweeper",-11.8,-3,"24",24,"8","0.5","1.125","0.675",15.4,0,0,"0.447","1.006","0.609",62.5
"Murphy, Chris",669684,"CWS","ST","Sweeper",-0.4,0,"30",5.7,"8","0.125","0.25","0.156",30,50,20,"0.126","0.213","0.141",50
"Blackburn, Paul",621112,"NYY","FF","4-Seam Fastball",-5.8,-2,"29",3.1,"8","0.4","1","0.625",12.5,12.5,11.1,"0.157","0.199","0.359",50
"Wicks, Jordan",696136,"CHC","SL","Slider",-5.4,-2,"36",20,"8","0.571","1","0.675",25,0,0,"0.387","0.776","0.517",42.9
"Brieske, Beau",689225,"DET","SL","Slider",3.1,1,"36",24.2,"8","0.125","0.125","0.113",31.8,37.5,18.8,"0.143","0.157","0.132",0
"Harvey, Hunter",640451,"CHC","FF","4-Seam Fastball",-3.6,-1,"38",50,"8","0.375","0.75","0.475",10.5,12.5,9.1,"0.298","0.805","0.458",28.6
"Drohan, Shane",675660,"MIL","CH","Changeup",-2.6,-2,"71",4.9,"8","0.286","0.429","0.356",34.6,25,9.1,"0.352","0.457","0.393",20
"Hudson, Bryan",663542,"CWS","SI","Sinker",-1.3,-1,"42",5.1,"8","0.5","0.5","0.486",27.3,25,28.6,"0.328","0.388","0.368",60
"Núñez, Dedniel",673380,"NYM","SL","Slider",-6.8,-1,"17",37.8,"8","0.375","0.75","0.475",37.5,37.5,60,"0.268","0.712","0.41",40
"Mederos, Victor",682989,"ATL","SI","Sinker",0.3,0,"39",13.1,"8","0.167","0.167","0.288",20,12.5,25,"0.172","0.247","0.311",60
"Stock, Robert",476594,"NYM","FC","Cutter",-2,-1,"43",28.7,"8","0.333","1","0.581",25,0,0,"0.486","1.482","0.784",66.7
"McDermott, Chayce",694646,"NYM","FF","4-Seam Fastball",0.3,0,"41",38.3,"8","0.25","0.25","0.338",14.3,12.5,7.1,"0.321","0.582","0.382",57.1
"Murray, Jayden",681151,"CHC","CH","Changeup",-5.9,-1,"23",7.6,"8","0.286","0.857","0.494",0,0,0,"0.313","0.588","0.419",28.6
"Stallings, Garrett",668831,"MIL","SI","Sinker",2.4,1,"30",24.6,"8","0.143","0.143","0.2",15.4,12.5,20,"0.099","0.111","0.167",33.3
"Dodd, Dylan",689266,"ATL","SL","Slider",-3,-1,"34",5.7,"8","0.25","0.375","0.269",60,62.5,25,"0.201","0.249","0.196",33.3
"Kelly, Michael",547184,"ATH","SL","Slider",-4.9,-2,"32",26.4,"8","0.571","0.571","0.538",15.4,12.5,25,"0.547","0.658","0.545",50
"Miller, Erik",669062,"BOS","CH","Changeup",-10.1,-4,"35",4.9,"8","0.714","1","0.738",25,12.5,12.5,"0.332","0.439","0.378",33.3
"Paez, Jedixson",699151,"CWS","FF","4-Seam Fastball",-15.3,-4,"23",35.4,"8","0.667","1.667","0.813",15.4,0,0,"0.502","1.167","0.616",57.1
"Estrada, Lazaro",681751,"TOR","CU","Curveball",6.6,2,"30",15.1,"8","0","0","0",23.1,12.5,12.5,"0.123","0.287","0.171",42.9
"Lee, Chase",695445,"TOR","SI","Sinker",1.8,1,"36",37.5,"8","0","0","0.263",0,0,0,"0.211","0.229","0.384",20
"Cano, Yennier",666974,"BAL","FF","4-Seam Fastball",-5.9,-1,"25",4,"8","0.286","0.857","0.494",42.9,37.5,27.3,"0.295","0.985","0.546",100
"Gómez, Yoendrys",672782,"MIN","CH","Changeup",-1.2,-1,"44",5.1,"8","0.286","0.286","0.313",11.8,12.5,7.1,"0.309","0.36","0.346",33.3
"Kempner, William",687531,"MIA","SI","Sinker",6.1,2,"29",14.6,"8","0","0","0",18.2,25,20,"0.207","0.27","0.206",16.7
"Banda, Anthony",607455,"MIN","CH","Changeup",3.7,1,"39",6.4,"8","0","0","0.1",37.5,0,0,"0.175","0.208","0.242",0
"Klein, John",804619,"MIN","CH","Changeup",5.7,1,"23",28,"8","0","0","0.088",18.2,12.5,12.5,"0.1","0.109","0.29",33.3
"Eflin, Zach",621107,"BAL","CH","Changeup",4.7,1,"19",25.7,"8","0.143","0.286","0.244",38.5,37.5,33.3,"0.132","0.248","0.228",50
"Anderson, Jack",681252,"MIN","SL","Slider",-4.9,-2,"40",22.2,"8","0.375","0.875","0.519",47.4,25,100,"0.354","0.801","0.478",50
"Stratton, Hunter",676702,"PIT","FF","4-Seam Fastball",-2.2,-1,"25",44.6,"8","0.5","0.5","0.45",13.3,12.5,11.1,"0.409","0.476","0.386",28.6
"Solesky, Chase",686678,"TB","SI","Sinker",-10.2,-2,"22",37.9,"8","0.714","1","0.738",0,12.5,20,"0.429","0.54","0.454",50
"Englert, Mason",669438,"TB","SL","Slider",-0.1,0,"37",6.4,"8","0.25","0.375","0.269",37.5,25,12.5,"0.225","0.556","0.324",50
"Cabrera, Jose",703615,"AZ","CH","Changeup",0.6,0,"32",11.5,"8","0.25","0.375","0.269",11.8,0,0,"0.262","0.393","0.281",25
"Pearson, Nate",663878,"KC","CU","Curveball",2.8,1,"48",11,"8","0","0","0",53.8,75,33.3,"0.027","0.046","0.031",0
"Baker, Bryan",641329,"TB","SL","Slider",-9.3,-2,"26",3.6,"8","0.375","0.875","0.519",14.3,12.5,16.7,"0.385","0.663","0.447",71.4
"Dobnak, Randy",677976,"KC","SL","Slider",-0.1,0,"18",2.9,"8","0.286","0.286","0.313",8.3,12.5,8.3,"0.349","0.415","0.375",50
"Allard, Kolby",663465,"CLE","CH","Changeup",-5.3,-2,"33",18.6,"8","0.25","0.625","0.363",17.4,12.5,5.9,"0.297","0.591","0.372",57.1
"Gordon, Colton",676467,"HOU","CH","Changeup",2.9,1,"25",12.4,"8","0.25","0.25","0.225",38.5,50,40,"0.157","0.17","0.144",25
"Horton, Cade",690990,"CHC","CH","Changeup",8.6,2,"19",20.7,"7","0","0","0",18.2,0,0,"0.115","0.13","0.105",14.3
"Morales, Luis",806960,"ATH","CH","Changeup",-6.5,-2,"31",9,"7","0.333","0.333","0.529",12.5,0,0,"0.155","0.185","0.468",0
"Davis, Tyler",699823,"CWS","FS","Split-Finger",-4.7,-1,"25",6.3,"7","0.429","0.571","0.436",27.3,42.9,21.4,"0.294","0.362","0.285",50
"Burke, Sean",680732,"CWS","CH","Changeup",-0.7,0,"48",2.2,"7","0.286","0.429","0.307",25,0,0,"0.485","0.585","0.467",28.6
"Hicks, Jordan",663855,"CWS","FS","Split-Finger",-0.4,0,"18",3,"7","0.286","0.286","0.257",42.9,57.1,33.3,"0.133","0.151","0.125",33.3
"Miller, Erik",669062,"BOS","FF","4-Seam Fastball",-4.7,-3,"58",8.2,"7","0.25","0.5","0.479",22.2,14.3,3.8,"0.221","0.295","0.426",33.3
"Morris, Kade",695034,"ATH","ST","Sweeper",-0.8,0,"26",12.4,"7","0.143","0.571","0.286",30,28.6,15.4,"0.103","0.144","0.106",20
"Sandlin, David",689818,"CWS","ST","Sweeper",1.5,0,"20",4.9,"7","0.143","0.143","0.129",36.4,42.9,18.8,"0.194","0.232","0.182",0
"Schultz, Noah",702273,"CWS","CU","Curveball",-0.7,0,"26",2.3,"7","0.286","0.429","0.307",25,28.6,13.3,"0.261","0.424","0.296",40
"Juenger, Hayden",696522,"ATH","FC","Cutter",-2.7,-1,"35",15.3,"7","0.5","0.5","0.557",9.1,14.3,25,"0.35","0.388","0.485",66.7
"Jacob, Alek",689690,"SD","CH","Changeup",4.5,1,"30",34.5,"7","0","0","0.1",70.6,57.1,33.3,"0.086","0.093","0.167",50
"Estrada, Jeremiah",669093,"SD","SL","Slider",-2.2,-1,"46",10.6,"7","0.333","0.833","0.514",18.8,14.3,9.1,"0.124","0.212","0.223",40
"Alvarado, Elvis",665660,"ATH","FS","Split-Finger",3.5,1,"30",4.6,"7","0","0","0",50,57.1,23.5,"0.032","0.038","0.031",0
"McDermott, Chayce",694646,"NYM","SL","Slider",-9.5,-2,"16",15,"7","0.167","0.667","0.386",25,28.6,22.2,"0.23","0.864","0.482",50
"Thornton, Zac",804267,"NYM","CH","Changeup",-4.7,-1,"23",3.6,"7","0.571","0.571","0.514",18.2,14.3,11.1,"0.377","0.408","0.349",16.7
"Henderson, Logan",701656,"MIL","ST","Sweeper",-3.1,-1,"27",3.2,"7","0.286","0.429","0.307",18.2,42.9,16.7,"0.312","0.613","0.39",50
"Ashby, Aaron",676879,"MIL","FF","4-Seam Fastball",-8.1,-2,"25",2.1,"7","0.333","1","0.564",7.7,14.3,6.3,"0.264","0.849","0.485",60
"Lovelady, Richard",663992,"WSH","SL","Slider",-3.3,-1,"32",5.9,"7","0.571","1","0.783",26.7,14.3,100,"0.479","1.008","0.625",33.3
"Robles, Victor",645302,"SEA","CU","Curveball",-6.6,-1,"15",57.7,"7","0.5","0.5","0.486",0,0,0,"0.427","0.546","0.459",33.3
"Alvarez, Andrew",674841,"WSH","CH","Changeup",0.4,0,"44",3.8,"7","0.286","0.286","0.257",43.8,0,0,"0.163","0.192","0.152",0
"Kuhnel, Joel",669270,"MIL","CU","Curveball",-1.9,0,"18",3.2,"7","0.286","0.571","0.357",36.4,57.1,40,"0.217","0.242","0.2",0
"Vivas, Jorbit",678391,"WSH","SL","Slider",-2.3,0,"16",42.1,"7","0.2","0.2","0.329",0,0,,"0.162","0.286","0.336",40
"Foley, Jason",671345,"SF","FS","Split-Finger",-0.1,0,"19",14.8,"7","0.167","0.5","0.329",20,14.3,20,"0.148","0.275","0.255",20
"Lucchesi, Joey",664192,"LAA","FF","4-Seam Fastball",-16.9,-3,"16",14.4,"7","0.75","1","0.736",16.7,0,0,"0.362","0.672","0.553",50
"Wiemer, Joey",686894,"WSH","SL","Slider",-3.6,-1,"16",37.2,"7","0.5","0.5","0.457",0,0,0,"0.424","0.497","0.43",20
"Borucki, Ryan",621366,"SF","FC","Cutter",-7.5,-1,"18",4.7,"7","0.143","0.571","0.286",15.4,14.3,14.3,"0.181","0.424","0.253",33.3
"Whisenhunt, Carson",687931,"SF","SV","Slurve",-3.9,0,"12",2.4,"7","0.2","0.2","0.329",42.9,14.3,16.7,"0.198","0.349","0.366",25
"Jameson, Drey",686753,"AZ","ST","Sweeper",1.4,0,"20",7.5,"7","0","0","0.2",14.3,14.3,16.7,"0.043","0.145","0.254",50
"Drake, Kohl",684442,"AZ","SL","Slider",3.4,1,"29",8.9,"7","0","0","0.1",14.3,14.3,8.3,"0.227","0.505","0.363",40
"Klein, Will",694361,"LAD","SL","Slider",-3.7,-1,"35",4.6,"7","0.6","0.8","0.636",21.4,0,,"0.404","0.482","0.477",60
"Seymour, Carson",693313,"SF","FC","Cutter",-4.1,-2,"38",18.6,"7","0.6","0.6","0.586",35.7,14.3,20,"0.451","0.495","0.493",25
"Kuhnel, Joel",669270,"MIL","FF","4-Seam Fastball",-12,-4,"31",5.5,"7","0.429","1.286","0.7",30.8,28.6,8.7,"0.319","0.719","0.438",40
"Gastelum, Luis",703725,"STL","SI","Sinker",7.3,2,"25",9.9,"7","0","0","0.1",8.3,0,0,"0.204","0.243","0.261",0
"Mautz, Brycen",802408,"STL","FF","4-Seam Fastball",0.3,0,"27",45.8,"7","0.333","0.333","0.357",14.3,0,0,"0.338","0.409","0.38",16.7
"Cabrera, Jose",703615,"AZ","ST","Sweeper",-3.5,-2,"45",16.1,"7","0.167","0.667","0.386",43.8,28.6,20,"0.149","0.321","0.272",25
"Zimmermann, Bruce",669145,"STL","SI","Sinker",5,1,"23",31.9,"7","0.143","0.143","0.129",0,0,0,"0.214","0.298","0.221",14.3
"Rajcic, Max",691008,"STL","CH","Changeup",5.2,1,"19",11.7,"7","0.143","0.143","0.129",9.1,0,0,"0.213","0.449","0.276",42.9
"Mathews, Quinn",687273,"STL","CH","Changeup",0.1,0,"17",17.5,"7","0.333","0.333","0.257",22.2,0,0,"0.396","0.445","0.357",14.3
"Richardson, Lyon",680689,"MIL","CH","Changeup",2,1,"28",41.2,"7","0","0","0.2",57.1,42.9,33.3,"0.051","0.058","0.234",0
"Knack, Landon",689017,"LAD","CH","Changeup",5.1,2,"32",25.4,"7","0","0","0",33.3,42.9,27.3,"0.08","0.108","0.081",25
"Strzelecki, Peter",657265,"STL","CU","Curveball",-0.2,0,"34",31.8,"7","0.167","0.167","0.229",15.4,0,0,"0.214","0.238","0.27",16.7
"Shuster, Jared",694363,"STL","FC","Cutter",-1.5,0,"28",16.9,"7","0.286","0.714","0.543",12.5,0,0,"0.305","0.723","0.431",85.7
"Romero, JoJo",668941,"STL","FF","4-Seam Fastball",-15.1,-2,"14",1.9,"7","0.167","0.667","0.386",50,42.9,23.1,"0.237","0.748","0.45",33.3
"McGee, Easton",668834,"KC","FF","4-Seam Fastball",-9.5,-3,"28",23.5,"7","0.429","1","0.593",40,42.9,20,"0.317","0.604","0.392",50
"Murdock, Noah",668716,"PIT","SI","Sinker",-0.9,0,"27",45.8,"7","0.5","0.5","0.457",8.3,28.6,40,"0.16","0.167","0.283",66.7
"McGee, Easton",668834,"KC","SI","Sinker",-2.8,-1,"22",18.5,"7","0.4","0.4","0.457",16.7,14.3,16.7,"0.365","0.387","0.437",50
"Sulser, Cole",642121,"TB","ST","Sweeper",-14.1,-5,"32",4.1,"7","0.429","1.286","0.7",33.3,42.9,12.5,"0.274","0.814","0.453",50
"Kimbrel, Craig",518886,"KC","SI","Sinker",3.1,1,"39",6.5,"7","0","0","0.2",15.8,14.3,8.3,"0.06","0.067","0.24",0
"Gordon, Colton",676467,"HOU","SI","Sinker",-5.5,-1,"27",13.4,"7","0.429","0.714","0.486",9.1,0,0,"0.426","0.686","0.474",42.9
"Ross, Joe",605452,"TEX","FS","Split-Finger",-2.3,-1,"42",20.5,"7","0.429","0.571","0.436",47.8,14.3,7.7,"0.258","0.282","0.24",16.7
"Ullola, Miguel",699044,"HOU","SL","Slider",-11.6,-2,"16",20.8,"7","0.333","0.833","0.514",37.5,28.6,50,"0.355","0.778","0.508",25
"Montgomery, Jordan",656756,"TEX","SI","Sinker",-4.9,-1,"27",34.2,"7","0.5","1","0.643",14.3,14.3,12.5,"0.5","1.048","0.657",60
"Murphy, Luke",684665,"LAA","FC","Cutter",0.9,0,"21",21,"7","0","0","0.3",12.5,0,0,"0.065","0.074","0.334",0
"France, J.P.",641585,"HOU","CH","Changeup",-0.2,0,"18",15.4,"7","0.333","0.333","0.357",25,0,0,"0.592","1.033","0.692",33.3
"Hurter, Brant",676428,"DET","FF","4-Seam Fastball",-10.9,-2,"15",4.2,"7","0.5","0.667","0.536",25,28.6,16.7,"0.316","0.506","0.4",50
"Verlander, Justin",434378,"DET","FF","4-Seam Fastball",0.4,0,"34",42.5,"7","0.286","0.714","0.407",7.1,0,0,"0.402","0.757","0.489",57.1
"Corniell, Jose",692030,"TEX","FF","4-Seam Fastball",-9.4,-3,"27",26,"7","0.5","1.5","0.764",20,14.3,16.7,"0.239","0.483","0.474",66.7
"Holton, Tyler",663947,"DET","CU","Curveball",-8.3,-3,"37",4.3,"7","0.5","1.25","0.714",36.4,14.3,5.6,"0.373","0.956","0.615",66.7
"Castro, Kervin",665645,"NYY","FF","4-Seam Fastball",0.9,0,"49",52.1,"7","0.167","0.333","0.279",21.7,28.6,13.3,"0.304","0.387","0.357",25
"Castro, Kervin",665645,"NYY","SI","Sinker",5.3,1,"16",17,"7","0.167","0.167","0.229",40,42.9,37.5,"0.101","0.112","0.178",33.3
"Castro, Kervin",665645,"NYY","FC","Cutter",5.4,1,"18",19.1,"7","0.143","0.143","0.129",16.7,28.6,25,"0.218","0.245","0.202",40
"Madden, Ty",680744,"DET","SI","Sinker",-0.9,-1,"63",11.6,"7","0.286","0.714","0.543",18.5,14.3,14.3,"0.375","0.803","0.498",33.3
"Bassitt, Chris",605135,"BAL","CH","Changeup",-2.4,-1,"44",4.5,"7","0.5","0.667","0.536",33.3,0,0,"0.404","0.7","0.509",83.3
"Rainey, Tanner",663432,"DET","FF","4-Seam Fastball",5.3,1,"15",62.5,"7","0","0","0.2",28.6,14.3,50,"0.078","0.186","0.279",25
"Vest, Will",676684,"DET","CH","Changeup",1,1,"55",11.4,"7","0","0","0.1",54.5,42.9,14.3,"0.119","0.139","0.194",0
"Hanifee, Brenan",669724,"DET","FF","4-Seam Fastball",2.8,1,"27",8.4,"7","0","0","0.1",35.7,42.9,14.3,"0.188","0.484","0.341",33.3
"Herget, Jimmy",623474,"COL","CH","Changeup",-2.9,-1,"49",7.7,"7","0.333","0.5","0.358",31.3,0,0,"0.241","0.287","0.23",14.3
"Brebbia, John",605154,"COL","FF","4-Seam Fastball",-1.2,0,"37",39.4,"7","0.286","0.714","0.414",11.8,0,0,"0.354","0.891","0.514",42.9
"Enns, Dietrich",608650,"BAL","ST","Sweeper",0.3,0,"27",9.3,"7","0.167","0.167","0.129",30,42.9,18.8,"0.203","0.226","0.188",0
"Criswell, Jeff",676105,"COL","FF","4-Seam Fastball",-1.6,-1,"33",41.8,"7","0.333","0.833","0.514",22.2,28.6,28.6,"0.28","0.579","0.411",25
"Gordon, Tanner",685299,"COL","SI","Sinker",-7.9,-3,"38",3.6,"7","0.571","1.429","0.821",16.7,0,0,"0.449","0.986","0.601",71.4
"Go, Woo-Suk",808970,"MIN","SL","Slider",-7.7,-2,"29",33.7,"7","0.571","1.286","0.771",25,14.3,16.7,"0.34","0.645","0.416",83.3
"Herrera, Welinton",700327,"COL","FF","4-Seam Fastball",1.2,0,"28",62.2,"7","0.333","0.333","0.357",14.3,14.3,14.3,"0.376","0.496","0.425",40
"Sands, Cole",663485,"MIN","SI","Sinker",-15.7,-3,"16",7.7,"7","0.714","1.143","0.793",9.1,0,,"0.451","0.636","0.469",57.1
"Hughes, Gabriel",687312,"COL","SI","Sinker",-6.4,-2,"31",5.6,"7","0.714","0.857","0.693",20,14.3,12.5,"0.343","0.442","0.339",16.7
"Sullivan, Sean",807743,"COL","SI","Sinker",-5.6,-1,"24",5.8,"7","0.5","1.167","0.693",10,0,,"0.467","0.796","0.567",33.3
"Harris, Hogan",663687,"ATH","CH","Changeup",-6.8,-3,"49",4.9,"7","0.429","1.286","0.7",28.6,14.3,14.3,"0.202","0.433","0.268",33.3
"Yoho, Craig",684974,"CLE","FC","Cutter",-3.2,-1,"46",12,"7","0.333","0.833","0.514",28.6,0,0,"0.343","0.832","0.522",16.7
"Allard, Kolby",663465,"CLE","SI","Sinker",-5.5,-1,"20",11.3,"7","0.333","0.833","0.514",15.4,0,0,"0.267","0.701","0.447",50
"Go, Woo-Suk",808970,"MIN","FF","4-Seam Fastball",-7.4,-3,"34",39.5,"7","0.6","1.4","0.793",14.3,14.3,12.5,"0.396","1.059","0.633",75
"Voth, Austin",608723,"MIN","SI","Sinker",-4.4,-1,"28",13.1,"7","0.75","0.75","0.686",12.5,0,0,"0.473","0.542","0.551",0
"Brzykcy, Zach",694350,"MIA","FF","4-Seam Fastball",-3.5,-1,"23",47.9,"7","0.4","0.6","0.507",11.1,14.3,14.3,"0.261","0.3","0.374",25
"Pop, Zach",647315,"PHI","SL","Slider",-1,0,"34",26.2,"7","0.333","0.667","0.357",23.1,28.6,16.7,"0.279","0.373","0.307",60
"Mattson, Isaac",676755,"PIT","CH","Changeup",-2.8,-2,"63",9.7,"7","0.429","0.571","0.436",21.1,28.6,8.7,"0.232","0.503","0.31",40
"Urquidy, José",664353,"PIT","SI","Sinker",-5.2,-1,"26",19.8,"7","0.571","0.857","0.508",0,0,0,"0.294","0.432","0.31",14.3
"Alvarado, José",621237,"PHI","CU","Curveball",-2.8,-1,"26",3,"7","0.167","0.333","0.279",30,57.1,16.7,"0.172","0.233","0.248",50
"Leibrandt, Brandon",605335,"CIN","SL","Slider",-5.5,-1,"22",22.2,"7","0.5","1","0.9",25,0,0,"0.498","1.242","0.721",33.3
"Maxwell, Zach",687209,"CIN","FC","Cutter",-0.2,0,"47",19,"7","0","0","0.4",30.8,0,0,"0.307","0.349","0.523",33.3
"Morán, Jovani",663558,"BOS","ST","Sweeper",2.8,1,"37",4.8,"7","0","0","0",15.8,57.1,17.4,"0.024","0.033","0.024",0
"Burgos, Raymond",670103,"BOS","SI","Sinker",8.3,2,"23",34.3,"7","0","0","0",5.9,14.3,20,"0.119","0.144","0.114",50
"Molina, Anthony",683627,"ATL","CU","Curveball",3.1,1,"24",27.3,"7","0.286","0.286","0.257",35.7,14.3,9.1,"0.097","0.111","0.089",0
"Waldrep, Hurston",694462,"ATL","CU","Curveball",-2.6,-1,"26",12.1,"7","0.167","0.667","0.386",50,57.1,50,"0.127","0.353","0.27",50
"Rivera, Eduardo",700842,"BOS","SL","Slider",-1.2,-1,"65",31,"7","0.167","0.167","0.357",25,14.3,5.3,"0.221","0.266","0.282",20
"Wantz, Andrew",681806,"CHC","FF","4-Seam Fastball",-11,-3,"28",34.6,"7","0.75","1.5","0.843",0,0,0,"0.553","1.375","0.751",75
"Thomas, Connor",671162,"ATL","ST","Sweeper",-8.1,-2,"23",16.7,"7","0.6","1.2","0.643",11.1,0,0,"0.384","0.519","0.383",16.7
"Smith-Shawver, AJ",700363,"ATL","FS","Split-Finger",-0.9,0,"19",27.5,"7","0.286","0.286","0.257",14.3,42.9,30,"0.273","0.299","0.251",50
"Gamboa, Alec",687941,"BOS","SI","Sinker",4.7,1,"23",11.6,"7","0.143","0.143","0.129",16.7,28.6,25,"0.092","0.099","0.084",40
"Snelling, Robby",702281,"MIA","FF","4-Seam Fastball",-5.8,-2,"28",32.6,"7","0.333","0.833","0.514",16.7,14.3,10,"0.335","0.714","0.476",40
"Guerrero, Tyron",594027,"BOS","FS","Split-Finger",-7.2,-1,"20",4.2,"7","0.429","0.857","0.543",30.8,28.6,14.3,"0.392","0.715","0.471",40
"Pivetta, Nick",601713,"SD","FC","Cutter",0.5,0,"29",10.2,"6","0.333","0.5","0.358",6.3,16.7,16.7,"0.344","0.382","0.319",0
"Garrett, Braxton",666129,"MIA","FF","4-Seam Fastball",-0.4,0,"28",21.7,"6","0","0","0.35",18.2,16.7,14.3,"0.09","0.095","0.379",0
"Oviedo, Johan",670912,"BOS","FF","4-Seam Fastball",-9.7,-2,"25",34.7,"6","0.5","1.167","0.692",21.4,16.7,11.1,"0.366","0.545","0.39",80
"Rashi, Taylor",688497,"AZ","SL","Slider",2.5,0,"14",31.1,"6","0.167","0.667","0.333",54.5,33.3,50,"0.309","0.714","0.433",50
"Santa, Alimber",695001,"HOU","FF","4-Seam Fastball",1.3,0,"18",7.6,"6","0.167","0.167","0.15",0,33.3,20,"0.341","0.378","0.316",50
"Pushard, Matt",690155,"STL","ST","Sweeper",-4.4,-1,"15",12.5,"6","0.167","0.333","0.358",14.3,16.7,12.5,"0.198","0.373","0.237",40
"Manoah, Alek",666201,"LAA","FF","4-Seam Fastball",3.5,1,"19",11.8,"6","0.167","0.333","0.208",11.1,0,0,"0.311","0.617","0.397",33.3
"Casparius, Ben",676508,"LAD","ST","Sweeper",1.3,0,"27",27.3,"6","0.167","0.167","0.15",25,16.7,10,"0.225","0.245","0.207",20
"Zuber, Tyler",676604,"MIA","CU","Curveball",1.4,0,"15",4,"6","0.167","0.167","0.15",44.4,50,23.1,"0.137","0.161","0.13",33.3
"Fitzpatrick, Brian",702153,"MIL","SI","Sinker",0.3,0,"20",18.3,"6","0.333","0.5","0.358",33.3,16.7,33.3,"0.242","0.414","0.279",40
"Gilbert, Tyler",656457,"CWS","ST","Sweeper",-1.4,0,"34",36.2,"6","0.2","0.4","0.325",35.7,33.3,12.5,"0.128","0.265","0.257",33.3
"Strowd, Kade",669704,"AZ","FC","Cutter",-4.2,-1,"23",71.9,"6","0.333","0.333","0.5",0,16.7,20,"0.291","0.35","0.491",0
"Martin, Riley",702303,"CHC","SL","Slider",-9.6,-2,"18",15.3,"6","0.333","0.833","0.483",40,50,50,"0.184","0.656","0.346",66.7
"Callihan, Tyler",682997,"PIT","SL","Slider",1.9,0,"18",34,"6","0.2","0.2","0.267",0,0,0,"0.315","0.449","0.389",60
"Murphy, Chris",669684,"CWS","SI","Sinker",-6.2,-1,"17",3.2,"6","0.5","1","0.633",21.4,0,0,"0.428","0.675","0.473",50
"Samaniego, Tyler",701719,"BOS","FC","Cutter",-3.8,-1,"24",7.6,"6","0.5","1","0.633",33.3,0,,"0.504","1.048","0.656",16.7
"Johnson, Seth",686751,"ATH","ST","Sweeper",3.5,0,"12",2.9,"6","0.167","0.167","0.15",25,33.3,25,"0.128","0.147","0.121",25
"Devenski, Chris",606965,"PIT","FF","4-Seam Fastball",-1.1,0,"15",38.5,"6","0.333","0.333","0.3",12.5,16.7,14.3,"0.215","0.359","0.244",40
"Thornton, Zac",804267,"NYM","CU","Curveball",3.5,0,"14",2.2,"6","0","0","0.117",16.7,16.7,14.3,"0.152","0.187","0.241",25
"Backhus, Kyle",679775,"PHI","CH","Changeup",0.1,0,"37",10.5,"6","0.167","0.167","0.15",15.4,16.7,6.3,"0.197","0.238","0.192",20
"Mears, Nick",683232,"KC","CU","Curveball",0.2,0,"46",13.5,"6","0.333","0.333","0.3",26.7,33.3,22.2,"0.258","0.484","0.318",50
"Burgos, Raymond",670103,"BOS","FC","Cutter",1.2,0,"14",20.9,"6","0.167","0.667","0.333",0,0,0,"0.285","0.826","0.452",16.7
"Slaten, Justin",686580,"BOS","CU","Curveball",4.7,1,"17",3.3,"6","0.167","0.167","0.15",44.4,66.7,44.4,"0.026","0.028","0.024",0
"Hoffman, Nolan",676510,"PHI","FC","Cutter",-0.2,0,"28",34.1,"6","0.333","0.333","0.3",7.7,0,0,"0.313","0.486","0.344",33.3
"Winn, Cole",668390,"TEX","SI","Sinker",-23.7,-3,"11",1.6,"6","0.667","1.667","0.967",0,0,0,"0.443","1.036","0.611",50
"Lavender, Nate",681320,"NYM","FF","4-Seam Fastball",0.5,0,"31",59.6,"6","0.167","0.333","0.208",40,50,25,"0.057","0.066","0.055",33.3
"Seelinger, Matt",676910,"NYM","FC","Cutter",-4.3,-1,"22",42.3,"6","0.4","0.6","0.475",27.3,16.7,16.7,"0.166","0.276","0.273",25
"Rajcic, Max",691008,"STL","CU","Curveball",0.8,0,"42",25.8,"6","0","0","0.233",37.5,50,16.7,"0.015","0.018","0.243",0
"Fleming, Josh",676596,"TOR","CU","Curveball",-2.1,-1,"26",33.8,"6","0.333","0.333","0.5",23.1,0,0,"0.189","0.268","0.448",66.7
"Webb, Jacob",657097,"CHC","CU","Curveball",1.9,1,"58",6.5,"6","0.167","0.167","0.15",9.1,0,0,"0.286","0.349","0.272",83.3
"Shuster, Jared",694363,"STL","SL","Slider",3.3,1,"34",20.5,"6","0","0","0",16.7,16.7,11.1,"0.191","0.308","0.213",60
"Bummer, Aaron",607481,"KC","FF","4-Seam Fastball",-5.9,-2,"27",8.2,"6","0.5","1.167","0.692",12.5,16.7,10,"0.478","1.145","0.678",100
"Raya, Marco",694397,"MIN","ST","Sweeper",0.1,0,"27",27,"6","0.333","0.333","0.3",36.4,33.3,25,"0.349","0.411","0.332",0
"De los Santos, Yerry",660787,"NYY","FF","4-Seam Fastball",4.4,1,"20",11.6,"6","0.167","0.167","0.15",14.3,33.3,25,"0.174","0.359","0.226",50
"Bowden, Ben",641386,"ATH","FF","4-Seam Fastball",-2.1,-1,"28",70,"6","0.333","0.667","0.558",18.2,0,0,"0.298","0.689","0.556",33.3
"Murphy, Chris",669684,"CWS","CH","Changeup",1.3,0,"19",3.6,"6","0.167","0.167","0.15",50,50,30,"0.112","0.123","0.102",66.7
"Kerkering, Orion",689147,"PHI","FS","Split-Finger",0.3,0,"43",5,"6","0","0","0",50,50,13,"0.01","0.016","0.011",0
"Black, Mason",696131,"KC","FC","Cutter",-2.2,-1,"38",8.2,"6","0.25","0.25","0.383",25,0,0,"0.305","0.353","0.421",25
"Dotel, Wilber",696062,"PIT","CH","Changeup",1.3,0,"38",8.4,"6","0.167","0.167","0.15",20,16.7,8.3,"0.36","0.447","0.355",40
"Abbott, Andrew",671096,"CIN","FC","Cutter",1.5,1,"45",2,"6","0.4","0.4","0.417",46.2,16.7,33.3,"0.222","0.242","0.286",25
"Trevino, Jose",624431,"CIN","KN","Knuckleball",-7.7,-2,"26",36.1,"6","0.667","0.833","0.658",11.1,16.7,25,"0.512","0.742","0.542",40
"Sandlin, Nick",680704,"LAA","FF","4-Seam Fastball",4.4,1,"21",13.4,"6","0","0","0.117",14.3,16.7,10,"0.069","0.078","0.169",25
"Murphy, Owen",702566,"ATL","CH","Changeup",0.1,0,"24",20.7,"6","0.333","0.333","0.3",5.6,0,0,"0.513","0.739","0.538",66.7
"Wells, Tyler",669330,"TB","CU","Curveball",1.1,0,"41",4.7,"6","0.167","0.167","0.15",25,16.7,25,"0.288","0.394","0.297",40
"Harvey, Hunter",640451,"CHC","FS","Split-Finger",1.9,0,"25",32.9,"6","0","0","0.117",38.5,33.3,14.3,"0.039","0.061","0.152",33.3
"Bolton, Cody",675989,"HOU","CH","Changeup",0.1,0,"42",10.7,"6","0.167","0.167","0.15",26.7,0,0,"0.407","0.521","0.4",50
"Fernández, Julian",642759,"WSH","CH","Changeup",0.6,0,"29",40.8,"6","0","0","0.117",62.5,50,21.4,"0.001","0.001","0.117",0
"Smith, Hagen",696146,"CWS","FF","4-Seam Fastball",0.1,0,"30",47.6,"6","0","0","0.35",33.3,33.3,25,"0.073","0.077","0.384",100
"Adams, Travis",701519,"MIN","SI","Sinker",3.2,1,"36",5.8,"6","0","0","0.14",0,16.7,20,"0.183","0.313","0.309",25
"McGee, Easton",668834,"KC","ST","Sweeper",-9.5,-2,"22",18.5,"6","0.667","1.333","0.842",16.7,0,0,"0.404","0.66","0.454",16.7
"Saucedo, Tayler",642048,"LAA","ST","Sweeper",5.4,2,"28",24.3,"6","0","0","0",61.5,66.7,36.4,"0.058","0.131","0.078",50
"Hurter, Brant",676428,"DET","CH","Changeup",0,0,"40",11.1,"6","0.2","0.2","0.267",31.6,16.7,7.7,"0.279","0.302","0.33",25
"Imanaga, Shota",684007,"CHC","CU","Curveball",0.9,1,"59",2.7,"6","0.2","0.2","0.267",0,0,0,"0.354","0.6","0.461",40
"Dion, Will",702021,"WSH","SI","Sinker",-0.6,0,"21",5.9,"6","0.333","0.333","0.3",10,16.7,25,"0.15","0.178","0.143",20
"Woodruff, Brandon",605540,"MIL","CU","Curveball",2.1,1,"28",4.4,"6","0","0","0.15",22.2,33.3,28.6,"0.102","0.158","0.111",50
"Barlow, Scott",605130,"ATH","SL","Slider",-1.8,0,"23",4,"6","0","0","0.35",16.7,0,0,"0.037","0.118","0.382",33.3
"Rodriguez, Carlos",692230,"MIL","FF","4-Seam Fastball",-1.3,-1,"49",26.9,"6","0.333","0.5","0.358",5.3,0,0,"0.331","0.409","0.323",16.7
"Wicks, Jordan",696136,"CHC","SI","Sinker",-9.3,-1,"15",8.3,"6","0.6","0.6","0.567",10,0,0,"0.279","0.305","0.332",40
"Peralta, Sammy",671111,"COL","SI","Sinker",-3.1,-1,"19",38.8,"6","0.333","0.333","0.5",25,16.7,50,"0.438","0.479","0.549",0
"Mayza, Tim",641835,"PHI","FS","Split-Finger",-4.4,-1,"24",2.7,"6","0.333","0.5","0.358",25,33.3,14.3,"0.233","0.356","0.254",25
"Lynch IV, Daniel",663738,"KC","CU","Curveball",1.9,1,"51",6.8,"6","0.167","0.333","0.208",40,0,0,"0.344","0.53","0.374",66.7
"Mushinski, Parker",656786,"COL","ST","Sweeper",6.8,2,"26",29.5,"6","0","0","0",6.7,0,0,"0.134","0.159","0.126",16.7
"Corniell, Jose",692030,"TEX","CH","Changeup",-7.2,-2,"27",26,"6","0.5","1.167","0.692",57.1,33.3,25,"0.203","0.552","0.313",75
"Grove, Michael",675627,"TB","FF","4-Seam Fastball",-11.1,-2,"16",18,"6","0.5","1.167","0.692",0,16.7,50,"0.437","0.998","0.592",40
"Enns, Dietrich",608650,"BAL","FC","Cutter",-4,-1,"29",10,"6","1","1","0.68",18.2,0,0,"0.259","0.281","0.284",0
"Rashi, Taylor",688497,"AZ","FF","4-Seam Fastball",1,0,"14",31.1,"6","0.2","0.2","0.267",22.2,16.7,33.3,"0.296","0.328","0.343",50
"Hedges, Austin",595978,"CLE","CH","Changeup",5.9,1,"15",50,"6","0.167","0.167","0.15",0,0,0,"0.281","0.357","0.273",33.3
"Morales, Luis",806960,"ATH","ST","Sweeper",-6.4,-2,"24",6.9,"6","0.4","0.6","0.475",22.2,16.7,10,"0.242","0.28","0.305",25
"Carrillo, Gerardo",672629,"AZ","ST","Sweeper",5.9,1,"17",8.7,"6","0.167","0.167","0.15",30,33.3,50,"0.28","0.302","0.256",0
"Fisher, Braydon",680755,"TOR","FC","Cutter",-4.7,-1,"30",3.1,"6","0.6","0.8","0.625",23.5,0,0,"0.329","0.541","0.424",20
"Muñoz, Andrés",662253,"SEA","CH","Changeup",1.7,1,"33",4.6,"6","0","0","0",100,100,42.9,,,"0",
"Nikhazy, Doug",680951,"CWS","FF","4-Seam Fastball",3.5,1,"18",46.2,"6","0.2","0.2","0.267",14.3,0,,"0.241","0.261","0.301",40
"Morris, Kade",695034,"ATH","SL","Slider",-0.8,0,"33",15.8,"6","0.4","0.6","0.358",7.7,16.7,14.3,"0.293","0.315","0.285",80
"Leibrandt, Brandon",605335,"CIN","FF","4-Seam Fastball",-5.1,-1,"23",23.2,"6","0.2","0.8","0.333",27.3,16.7,20,"0.185","0.458","0.241",20
"Barco, Hunter",682995,"PIT","ST","Sweeper",2.8,1,"22",7.2,"6","0.167","0.167","0.15",27.3,33.3,16.7,"0.185","0.25","0.187",50
"Leibrandt, Brandon",605335,"CIN","SI","Sinker",-3.3,0,"14",14.1,"6","0.5","0.667","0.508",0,0,0,"0.466","0.998","0.617",50
"Gibson, Cade",806188,"MIA","CH","Changeup",-3.7,-1,"37",6.5,"6","0.5","0.667","0.508",13.3,16.7,7.7,"0.279","0.395","0.289",80
"Newcomb, Sean",656794,"CWS","CU","Curveball",1.2,0,"23",2.3,"6","0","0","0.117",20,33.3,12.5,"0.098","0.1","0.191",33.3
"Saucedo, Tayler",642048,"LAA","SL","Slider",-2.1,-1,"29",25.2,"6","0.4","0.6","0.475",37.5,0,0,"0.269","0.616","0.429",20
"Granillo, Andre",701552,"WSH","SI","Sinker",-5.6,-1,"26",13.1,"6","0.5","0.75","0.592",8.3,0,0,"0.255","0.294","0.394",25
"Cosgrove, Tom",676680,"WSH","SI","Sinker",-5.2,-1,"15",8.8,"6","0.4","0.6","0.475",12.5,0,0,"0.406","0.572","0.468",40
"Richardson, Lyon",680689,"MIL","SI","Sinker",-8.9,-2,"24",35.3,"6","0.25","1","0.68",0,16.7,33.3,"0.369","1.269","0.684",33.3
"Ragans, Cole",666142,"KC","CU","Curveball",-6.9,-4,"54",8.5,"6","0.8","2.6","1.267",12.5,0,0,"0.626","2.283","1.111",60
"Murdock, Noah",668716,"PIT","CU","Curveball",1.4,0,"20",33.9,"6","0.167","0.167","0.15",42.9,33.3,20,"0.134","0.148","0.126",50
"Koenig, Jared",657649,"MIL","CH","Changeup",-2,-1,"31",19.3,"6","0.333","0.667","0.417",37.5,33.3,22.2,"0.059","0.076","0.059",0
"Garcia, Julian",670062,"CIN","SL","Slider",3,1,"49",13,"6","0","0","0.117",28.6,33.3,33.3,"0.031","0.036","0.141",0
"Senga, Kodai",673540,"NYM","SI","Sinker",-0.6,0,"33",3.7,"6","0.2","0.8","0.45",14.3,16.7,33.3,"0.231","0.835","0.483",50
"Henry, Cole",669371,"WSH","SI","Sinker",-5.3,-1,"28",9.9,"6","0.667","1.167","0.783",27.8,33.3,18.2,"0.379","0.551","0.402",50
"Canning, Griffin",656288,"SD","ST","Sweeper",1.4,1,"44",3.5,"6","0","0","0.117",30,66.7,25,"0.01","0.012","0.124",0
"Falter, Bailey",663559,"KC","CU","Curveball",-10.2,-2,"17",9.4,"6","0.5","1","0.633",27.3,16.7,25,"0.429","0.682","0.477",60
"Yan, Jefry",642376,"NYM","SL","Slider",-1.9,0,"22",31.9,"6","0.25","0.25","0.383",71.4,50,33.3,"0.067","0.075","0.276",100
"Fleming, Josh",676596,"TOR","SI","Sinker",-4.2,-1,"29",37.7,"6","0.6","1.2","0.633",0,0,0,"0.396","1.021","0.559",66.7
"Pintaro, Jonathan",702752,"NYM","FF","4-Seam Fastball",1.1,0,"25",9.6,"6","0","0","0.233",22.2,66.7,30.8,,,"0.233",
"Ragans, Cole",666142,"KC","FC","Cutter",-1,0,"36",5.6,"6","0.4","0.4","0.567",22.2,0,0,"0.31","0.349","0.355",40
"Duarte, Daniel",650960,"NYM","FF","4-Seam Fastball",1.9,1,"38",14.6,"6","0","0","0",18.8,16.7,6.3,"0.16","0.246","0.175",20
"Sands, Cole",663485,"MIN","FS","Split-Finger",-3.2,-1,"34",16.3,"6","0.2","0.8","0.4",28.6,16.7,10,"0.289","0.779","0.445",20
"Saucedo, Tayler",642048,"LAA","FF","4-Seam Fastball",-5.3,-1,"23",20,"6","0.333","1","0.542",25,33.3,25,"0.281","0.76","0.431",75
"Matsui, Yuki",673513,"SD","SI","Sinker",0.5,0,"20",2.7,"6","0","0","0.233",0,0,0,"0.141","0.163","0.321",0
"Blewett, Scott",656240,"ATH","SI","Sinker",1,0,"24",12.2,"6","0.333","0.5","0.358",8.3,0,0,"0.153","0.168","0.141",16.7
"Murray, Jayden",681151,"CHC","SI","Sinker",-0.5,0,"29",9.5,"6","0.5","0.5","0.533",14.3,0,0,"0.396","0.429","0.476",25
"Shook, TJ",669298,"COL","CH","Changeup",-9.7,-2,"20",20,"6","0.333","1","0.542",25,33.3,28.6,"0.134","0.204","0.138",25
"Cruz, Fernando",518585,"NYY","SI","Sinker",3.1,1,"25",2.9,"6","0","0","0.233",11.1,16.7,33.3,"0.117","0.128","0.303",33.3
"Raya, Marco",694397,"MIN","CH","Changeup",2.6,0,"17",17,"6","0.167","0.167","0.15",33.3,16.7,25,"0.184","0.226","0.178",20
"Manoah, Alek",666201,"LAA","SL","Slider",-2.2,0,"23",14.3,"6","0","0","0.35",40,16.7,9.1,"0.018","0.031","0.361",0
"Muñoz, Rolddy",691548,"ATL","SI","Sinker",-11,-2,"15",30.6,"6","0.6","1.2","0.75",16.7,0,0,"0.455","0.977","0.619",60
"Sandlin, David",689818,"CWS","SI","Sinker",0.2,0,"36",8.8,"6","0","0","0.233",7.1,33.3,25,"0.038","0.041","0.258",0
"Falter, Bailey",663559,"KC","FS","Split-Finger",-3.9,-1,"18",10,"6","0.333","0.5","0.358",42.9,50,75,"0.186","0.253","0.19",66.7
"Díaz, Yilber",700270,"DET","SL","Slider",-4.1,-1,"30",40.5,"5","0.5","0.75","0.57",20,40,20,"0.399","0.482","0.448",50
"Waldrep, Hurston",694462,"ATL","FC","Cutter",2,1,"34",15.8,"5","0","0","0.14",7.7,0,0,"0.118","0.179","0.242",25
"Weisenburger, Jack",674073,"NYM","ST","Sweeper",7.7,1,"18",40.9,"5","0","0","0",30.8,40,22.2,"0.123","0.351","0.194",33.3
"Edwards Jr., Carl",605218,"NYM","CH","Changeup",4.7,1,"16",16.2,"5","0","0","0.14",55.6,60,50,"0.159","0.238","0.275",100
"Muñoz, Rolddy",691548,"ATL","SL","Slider",-1.4,0,"28",57.1,"5","0.4","0.4","0.36",40,40,16.7,"0.238","0.43","0.285",66.7
"Mederos, Victor",682989,"ATL","CH","Changeup",-3.3,-1,"29",9.7,"5","0.4","0.4","0.36",54.5,40,13.3,"0.233","0.254","0.216",0
"Fitzpatrick, Brian",702153,"MIL","FF","4-Seam Fastball",0.1,0,"23",21.1,"5","0.25","0.25","0.32",20,40,18.2,"0.33","0.353","0.38",50
"Solesky, Chase",686678,"TB","ST","Sweeper",2.6,0,"15",25.9,"5","0","0","0.18",0,40,25,"0.083","0.095","0.076",0
"Curry, Xzavion",675540,"NYM","SI","Sinker",0.9,0,"19",7.9,"5","0.25","0.5","0.39",14.3,20,100,"0.297","0.342","0.36",0
"Del Castillo, Adrian",680728,"AZ","CU","Curveball",-10.7,-1,"7",43.8,"5","0.6","0.6","0.54",0,0,,"0.569","0.748","0.566",80
"Hamilton, Ian",641656,"ATL","FF","4-Seam Fastball",1.4,0,"25",27.2,"5","0.25","0.25","0.32",22.2,20,16.7,"0.309","0.403","0.385",66.7
"Grove, Michael",675627,"TB","SI","Sinker",-0.1,0,"18",20.2,"5","0.2","0.8","0.4",10,0,0,"0.244","0.69","0.383",20
"Grove, Michael",675627,"TB","FC","Cutter",-16.4,-2,"14",15.7,"5","0.4","1","0.58",25,0,0,"0.495","1.53","0.839",60
"Scott, Christian",681035,"NYM","SI","Sinker",-3.7,-1,"27",1.9,"5","0.5","0.5","0.5",20,0,0,"0.245","0.301","0.33",50
"Thomas, Connor",671162,"ATL","FC","Cutter",-7.7,-1,"18",13,"5","0.6","1.2","0.76",8.3,0,0,"0.424","0.944","0.579",60
"Oviedo, Johan",670912,"BOS","SL","Slider",-4.1,-1,"14",19.4,"5","0.25","1","0.54",25,40,66.7,"0.279","0.868","0.518",50
"Flores Jr., Rafael",804668,"PIT","SL","Slider",-1.1,0,"7",87.5,"5","0.4","0.4","0.36",16.7,0,,"0.356","0.482","0.362",80
"Lee, Chase",695445,"TOR","CH","Changeup",-3.2,0,"10",10.4,"5","0.4","0.4","0.36",0,0,0,"0.433","0.546","0.426",60
"Curtis, Khristian",694753,"PIT","FC","Cutter",3.2,1,"22",32.4,"5","0","0","0.28",37.5,20,33.3,"0.071","0.083","0.321",0
"Matsui, Yuki",673513,"SD","ST","Sweeper",-2.9,-1,"31",4.1,"5","0.2","0.8","0.4",27.3,60,17.6,"0.238","0.668","0.376",100
"Brito, Jhony",666745,"SD","SI","Sinker",-5.8,-1,"17",21.8,"5","0.6","1.2","0.76",16.7,0,0,"0.372","0.656","0.439",60
"Blach, Ty",621389,"CHC","SI","Sinker",7.4,1,"19",63.3,"5","0","0","0",14.3,20,33.3,"0.264","0.303","0.244",75
"Ferguson, Tyler",621053,"CHC","SL","Slider",-1.8,0,"23",9,"5","0.2","0.4","0.25",14.3,0,0,"0.183","0.41","0.246",40
"Seelinger, Matt",676910,"NYM","FF","4-Seam Fastball",-7.6,-2,"20",38.5,"5","0.5","1.5","0.79",33.3,20,33.3,"0.272","0.739","0.47",66.7
"Kriske, Brooks",621139,"ATH","FS","Split-Finger",6.4,1,"19",50,"5","0","0","0",44.4,40,33.3,"0.231","0.259","0.214",33.3
"Blewett, Scott",656240,"ATH","FS","Split-Finger",-3.9,-1,"20",10.2,"5","0.4","0.4","0.36",0,0,0,"0.539","0.654","0.513",20
"Morris, Kade",695034,"ATH","CH","Changeup",-11.3,-2,"19",9.1,"5","0.8","1.4","0.94",22.2,0,0,"0.611","0.987","0.682",60
"Lucchesi, Joey",664192,"LAA","CU","Curveball",-0.5,0,"30",27,"5","0.25","0.25","0.32",44.4,20,10,"0.233","0.258","0.313",66.7
"McCullers Jr., Lance",621121,"MIL","FF","4-Seam Fastball",-6.6,-2,"29",3.7,"5","0.4","1.2","0.83",33.3,0,0,"0.357","0.646","0.427",40
"Black, Mason",696131,"KC","CU","Curveball",-1.8,0,"25",5.4,"5","0.4","0.4","0.36",14.3,20,14.3,"0.227","0.254","0.21",50
"Sandlin, Nick",680704,"LAA","SI","Sinker",-10.5,-1,"14",8.9,"5","0.333","1.333","0.54",12.5,0,0,"0.487","1.855","0.757",100
"Doval, Camilo",666808,"PIT","CH","Changeup",2.3,1,"24",3.1,"5","0","0","0",62.5,60,23.1,"0.039","0.096","0.055",0
"Rom, Drew",680723,"ATH","SI","Sinker",2.1,0,"23",18.3,"5","0.25","0.25","0.32",36.4,40,50,"0.111","0.118","0.22",100
"Hollowell, Gavin",668970,"CHC","CH","Changeup",1.2,0,"23",9.1,"5","0.2","0.4","0.25",63.6,40,25,"0.221","0.515","0.307",66.7
"Rock, Joe",697812,"CWS","SI","Sinker",0.7,0,"20",10.3,"5","0.25","0.5","0.39",0,20,100,"0.183","0.298","0.306",100
"Corniell, Jose",692030,"TEX","FC","Cutter",-4,-1,"15",14.4,"5","0.4","0.6","0.43",18.2,0,0,"0.259","0.391","0.279",40
"Peralta, Sammy",671111,"COL","CH","Changeup",8,1,"9",18.4,"5","0","0","0.14",60,40,100,"0.155","0.179","0.256",50
"Smith, Shane",681343,"CWS","SI","Sinker",-2.1,-1,"32",14.2,"5","0.5","0.75","0.57",0,20,16.7,"0.472","0.53","0.492",33.3
"Black, Mason",696131,"KC","CH","Changeup",-1.2,0,"22",4.8,"5","0.4","0.4","0.36",28.6,20,16.7,"0.316","0.426","0.323",75
"Bellozo, Valente",678368,"COL","SI","Sinker",-6.3,-1,"19",11.2,"5","0.4","1","0.58",0,0,0,"0.408","0.944","0.571",40
"Fulton, Dax",690978,"MIA","CH","Changeup",3.5,1,"15",6.3,"5","0.2","0.2","0.18",33.3,0,0,"0.284","0.308","0.261",20
"Lee, Chase",695445,"TOR","FF","4-Seam Fastball",-1.1,0,"14",14.6,"5","0","0","0.42",40,20,16.7,"0.009","0.026","0.426",100
"Thompson, Keegan",624522,"COL","ST","Sweeper",-0.1,0,"19",9.7,"5","0.2","0.4","0.25",50,40,50,"0.252","0.682","0.389",33.3
"Funderburk, Kody",681892,"MIN","SL","Slider",2.2,1,"36",5.7,"5","0","0","0",18.2,0,0,"0.229","0.247","0.208",40
"Mejia, Juan",675848,"COL","CH","Changeup",-0.9,0,"27",2.8,"5","0.25","0.5","0.39",20,20,16.7,"0.208","0.368","0.334",33.3
"Thomas, Connor",671162,"ATL","CH","Changeup",-3.9,-1,"30",21.7,"5","0.5","0.5","0.5",27.3,0,0,"0.42","0.556","0.475",50
"Brieske, Beau",689225,"DET","SI","Sinker",4.4,1,"22",14.8,"5","0.2","0.2","0.18",20,20,16.7,"0.288","0.487","0.327",75
"Estévez, Carlos",608032,"KC","FF","4-Seam Fastball",-14.9,-2,"15",55.6,"5","1","2","1.04",16.7,0,0,"0.579","1.242","0.737",100
"Irvin, Cole",608344,"LAD","FF","4-Seam Fastball",3.9,1,"21",20.6,"5","0","0","0.14",10,20,12.5,"0.182","0.28","0.299",66.7
"Eflin, Zach",621107,"BAL","SI","Sinker",-2.3,0,"14",18.9,"5","0.5","0.5","0.5",50,40,40,"0.26","0.283","0.329",100
"Varland, Louis",686973,"TOR","SI","Sinker",-3.3,-1,"26",2.6,"5","0.5","0.5","0.5",0,0,0,"0.301","0.365","0.372",25
"Fleming, Josh",676596,"TOR","CH","Changeup",-0.5,0,"18",23.4,"5","0.4","0.4","0.36",25,20,20,"0.39","0.467","0.377",50
"Barco, Hunter",682995,"PIT","CH","Changeup",-3.6,-1,"22",7.2,"5","0.333","0.333","0.46",33.3,20,20,"0.155","0.175","0.365",50
"Montgomery, Jordan",656756,"TEX","CH","Changeup",-8.8,-1,"13",16.5,"5","0.4","1","0.58",33.3,20,16.7,"0.317","0.646","0.404",50
"Javier, Cristian",664299,"HOU","SI","Sinker",1.7,0,"12",2.1,"5","0.25","0.25","0.32",16.7,0,,"0.282","0.418","0.376",50
"Stallings, Garrett",668831,"MIL","FC","Cutter",3.3,1,"35",28.7,"5","0","0","0.14",28.6,40,25,"0.032","0.037","0.165",0
"Ober, Bailey",641927,"MIN","CU","Curveball",-0.8,0,"25",1.6,"5","0.25","0.5","0.39",0,0,0,"0.415","1.048","0.628",25
"Schlittler, Cam",693645,"NYY","SL","Slider",2.1,1,"28",1.2,"5","0","0","0",25,20,7.7,"0.168","0.331","0.207",25
"Go, Woo-Suk",808970,"MIN","CU","Curveball",3.6,0,"13",15.1,"5","0.2","0.2","0.18",50,40,40,"0.129","0.149","0.122",0
"Andrews, Tanner",681084,"TOR","FS","Split-Finger",-2.7,0,"18",41.9,"5","0.25","0.25","0.32",25,20,20,"0.11","0.115","0.219",0
"Verlander, Justin",434378,"DET","CU","Curveball",-6.6,-1,"14",17.5,"5","0.5","0.5","0.5",16.7,20,12.5,"0.381","0.44","0.428",66.7
"Taillon, Jameson",592791,"TOR","SL","Slider",-0.1,0,"14",1,"5","0.2","0.4","0.25",20,20,10,"0.318","0.382","0.309",50
"Brogdon, Connor",641401,"CLE","FC","Cutter",0.1,0,"27",10.1,"5","0.2","0.8","0.4",36.4,0,0,"0.297","0.734","0.429",40
"Shuster, Jared",694363,"STL","SI","Sinker",-7,-1,"21",12.7,"5","0.667","1","0.71",0,0,0,"0.496","0.681","0.581",100
"Van Eyk, CJ",669310,"TOR","CH","Changeup",2.4,1,"29",22.7,"5","0.2","0.2","0.18",20,0,0,"0.135","0.146","0.124",0
"Treinen, Blake",595014,"LAD","FC","Cutter",4.8,2,"35",9.4,"5","0.2","0.2","0.18",25,40,22.2,"0.131","0.206","0.145",66.7
"Beeks, Jalen",656222,"TEX","FC","Cutter",-4.5,-2,"37",9.1,"5","0.4","1.6","0.8",30,20,20,"0.447","1.664","0.864",75
"Mathews, Quinn",687273,"STL","SL","Slider",-1.2,0,"23",23.7,"5","0.5","0.5","0.5",23.1,20,10,"0.2","0.212","0.286",33.3
"Paez, Jedixson",699151,"CWS","CH","Changeup",-0.6,0,"15",23.1,"5","0","0","0.28",37.5,0,0,"0.267","0.298","0.431",33.3
"Keller, Brian",662144,"PHI","FC","Cutter",6.2,1,"13",33.3,"5","0.2","0.2","0.18",9.1,0,0,"0.247","0.484","0.307",40
"Ferguson, Tyler",621053,"CHC","FC","Cutter",4.1,1,"20",7.8,"5","0.2","0.2","0.18",10,0,0,"0.224","0.244","0.206",40
"Alexander, Jason",669920,"HOU","ST","Sweeper",-6.5,-1,"18",6,"5","0.4","1.2","0.65",20,20,50,"0.264","0.729","0.411",50
"Senzatela, Antonio",622608,"MIL","SL","Slider",-0.6,0,"21",2.4,"5","0","0","0.18",0,0,0,"0.156","0.192","0.13",20
"Pallante, Andre",669467,"STL","FS","Split-Finger",0.6,0,"58",2.7,"5","0","0","0",28.6,0,0,"0.188","0.224","0.178",40
"Santos, Winston",692437,"TEX","FF","4-Seam Fastball",-3.4,-1,"18",54.5,"5","0.25","1","0.54",0,0,0,"0.334","0.801","0.519",25
"Fitzpatrick, Brian",702153,"MIL","SL","Slider",-1.2,0,"20",18.3,"5","0.333","0.333","0.46",33.3,0,0,"0.148","0.164","0.364",66.7
"Buttó, José",676130,"SF","SI","Sinker",-8.3,-2,"25",39.7,"5","0.75","1.5","0.9",12.5,0,,"0.467","0.765","0.563",25
"Wrobleski, Justin",680736,"LAD","FC","Cutter",-9.4,-2,"23",1.3,"5","0.75","1.75","0.97",27.3,0,0,"0.666","1.399","0.842",25
"Phillips, Evan",623465,"LAD","FC","Cutter",-4.5,-1,"15",7.7,"5","0.6","0.8","0.61",10,0,0,"0.463","0.696","0.502",20
"Buttó, José",676130,"SF","FF","4-Seam Fastball",-4.5,-1,"16",25.4,"5","0.333","0.667","0.53",50,40,66.7,"0.09","0.188","0.351",100
"Johnson, Seth",686751,"ATH","SI","Sinker",-2.2,-1,"32",7.8,"5","0.25","0.5","0.39",18.2,20,100,"0.237","0.358","0.349",33.3
"Teodo, Emiliano",693713,"TEX","SL","Slider",3.8,1,"15",34.9,"5","0","0","0.14",14.3,20,20,"0.159","0.31","0.296",66.7
"Cruz, Yovanny",672442,"WSH","FS","Split-Finger",8,1,"11",8.9,"5","0","0","0",57.1,80,50,"0.032","0.033","0.029",0
"Walker, Ryan",676254,"SF","FF","4-Seam Fastball",-2.3,0,"14",2.9,"5","0.25","0.25","0.32",0,0,0,"0.155","0.212","0.265",50
"Rodriguez, Carlos",692230,"MIL","ST","Sweeper",4.6,1,"15",8.2,"5","0.2","0.2","0.18",20,20,12.5,"0.162","0.18","0.151",0
"Allard, Kolby",663465,"CLE","CU","Curveball",-6.9,-2,"24",13.6,"5","0.6","0.8","0.61",14.3,20,11.1,"0.427","0.519","0.417",25
"Beck, Tristan",663941,"SF","CU","Curveball",-10.3,-1,"13",5.3,"5","0.75","0.75","0.54",0,0,0,"0.472","0.527","0.411",80
"Bivens, Spencer",702352,"SF","SI","Sinker",3.9,1,"27",60,"5","0.2","0.2","0.18",15.4,40,28.6,"0.202","0.259","0.201",33.3
"Rodríguez, Yariel",684320,"TOR","FF","4-Seam Fastball",-3.7,-1,"36",20.9,"5","0.667","0.667","0.64",23.1,0,0,"0.313","0.339","0.452",0
"Montgomery, Mason",682254,"PIT","CH","Changeup",3.8,1,"23",2.8,"5","0.2","0.2","0.18",10,20,33.3,"0.235","0.259","0.219",50
"Nicolas, Kyle",693312,"CIN","CU","Curveball",-0.1,0,"32",16.2,"5","0.2","0.2","0.18",33.3,40,22.2,"0.271","0.452","0.308",66.7
"Anderson, Grant",681982,"MIL","CH","Changeup",-8.2,-2,"19",2.6,"5","0.4","1","0.58",20,20,12.5,"0.485","1.055","0.651",50
"Burgos, Juan",686228,"AZ","SI","Sinker",-3.4,-1,"16",42.1,"5","0.25","0.5","0.39",12.5,0,0,"0.178","0.289","0.298",25
"Smith, Hagen",696146,"CWS","SL","Slider",2.2,0,"12",19,"5","0","0","0.14",40,60,37.5,"0","0","0.14",0
"Rutledge, Jackson",671131,"WSH","FC","Cutter",-4.7,-1,"20",45.5,"5","0.6","0.6","0.54",30.8,20,16.7,"0.199","0.225","0.187",25
"Coulombe, Danny",543056,"BOS","CU","Curveball",3.8,1,"24",6.2,"5","0","0","0",20,20,9.1,"0.08","0.123","0.088",0
"Ekness, Josh",694795,"MIA","CU","Curveball",-1.9,0,"15",9.9,"5","0","0","0.18",14.3,20,16.7,"0.101","0.118","0.094",50
"Criswell, Cooper",681867,"SEA","FF","4-Seam Fastball",3,1,"28",6.1,"5","0","0","0",38.5,60,20,"0.057","0.064","0.053",0
"Ahlstrom, Robby",695239,"TEX","CU","Curveball",-5.1,-1,"24",5.5,"5","0.5","0.5","0.5",10,0,0,"0.388","0.418","0.425",50
"Mejia, Juan",675848,"COL","SL","Slider",0.2,0,"25",2.6,"4","0.25","0.25","0.225",36.4,0,0,"0.257","0.291","0.239",0
"Stratton, Hunter",676702,"PIT","SL","Slider",1.9,0,"18",32.1,"4","0.25","0.25","0.225",14.3,50,33.3,"0.174","0.2","0.167",0
"Brieske, Beau",689225,"DET","CH","Changeup",-0.3,0,"19",12.8,"4","0.25","0.25","0.225",0,0,0,"0.345","0.396","0.32",50
"Verlander, Justin",434378,"DET","SL","Slider",-7.7,-2,"22",27.5,"4","0.5","1.25","0.725",30.8,0,0,"0.461","1.149","0.677",75
"Curtis, Khristian",694753,"PIT","CH","Changeup",5.8,1,"14",20.6,"4","0","0","0",0,0,0,"0.323","0.437","0.332",25
"Phillips, Tyler",663969,"MIA","SL","Slider",-1.8,0,"16",1.1,"4","0.25","1","0.5",0,0,0,"0.332","1.095","0.578",50
"Andrews, Tanner",681084,"TOR","FF","4-Seam Fastball",6,1,"16",37.2,"4","0","0","0.175",16.7,0,0,"0.195","0.528","0.401",33.3
"Devenski, Chris",606965,"PIT","CH","Changeup",1.8,0,"18",46.2,"4","0.25","0.25","0.225",25,50,28.6,"0.21","0.238","0.193",50
"Macko, Adam",671936,"TOR","CU","Curveball",-1.9,-1,"30",7.5,"4","0","0","0.35",50,50,14.3,,,"0.35",
"Anderson, Drew",623454,"DET","SI","Sinker",-4.5,-1,"17",1.4,"4","0.5","0.5","0.45",0,0,,"0.356","0.418","0.33",0
"Gilbert, Tyler",656457,"CWS","FC","Cutter",-8.9,-2,"17",18.1,"4","0.667","2","0.988",14.3,0,0,"0.635","1.663","0.893",100
"Kelly, Antwone",699008,"PIT","CH","Changeup",-7,-1,"11",8.9,"4","0.25","1","0.5",0,50,22.2,"0.02","0.052","0.031",0
"Dollander, Chase",801403,"COL","ST","Sweeper",1.6,1,"40",5.4,"4","0","0","0",36.4,50,25,"0.062","0.074","0.06",100
"Teng, Kai-Wei",678906,"HOU","SL","Slider",-0.6,0,"21",1.8,"4","0","0","0.35",66.7,25,50,"0.011","0.021","0.358",0
"Ross, Joe",605452,"TEX","CU","Curveball",0.5,0,"13",6.3,"4","0.25","0.25","0.225",42.9,50,50,"0.162","0.182","0.151",0
"Arrighetti, Spencer",681293,"HOU","SL","Slider",-0.5,0,"16",1.1,"4","0.333","0.333","0.4",25,0,0,"0.519","0.987","0.655",66.7
"Wesneski, Hayden",669713,"HOU","CH","Changeup",1.9,0,"15",6.3,"4","0.25","0.25","0.225",28.6,25,25,"0.452","0.493","0.417",33.3
"Corniell, Jose",692030,"TEX","SL","Slider",-3.7,0,"8",7.7,"4","0.333","0.667","0.417",25,25,100,"0.1","0.259","0.149",33.3
"Garcia, Robert",676395,"TEX","SL","Slider",-3,-1,"36",23.5,"4","0.5","1","0.663",55.6,0,0,"0.404","0.452","0.538",50
"Gonzales, Marco",594835,"TEX","SV","Slurve",1,0,"24",20.5,"4","0.25","0.25","0.225",12.5,0,0,"0.145","0.188","0.142",0
"Weiss, Ryan",680802,"HOU","CU","Curveball",0.8,0,"18",3.4,"4","0.25","0.25","0.225",0,0,0,"0.193","0.359","0.233",50
"King, Bryan",687911,"HOU","CH","Changeup",1.1,0,"9",1.1,"4","0","0","0.225",0,0,0,"0.397","0.446","0.369",50
"White, Josh",687985,"MIA","FF","4-Seam Fastball",-2.2,0,"22",51.2,"4","0","0","0.525",0,0,0,"0.02","0.025","0.53",0
"Martin, Riley",702303,"CHC","CU","Curveball",0.4,0,"35",29.7,"4","0","0","0.175",10,50,12.5,"0.153","0.167","0.28",100
"Gonzales, Marco",594835,"TEX","FC","Cutter",-0.4,0,"20",17.1,"4","0.333","0.333","0.4",37.5,0,0,"0.327","0.432","0.42",33.3
"Rodríguez, Elmer",695684,"NYY","CU","Curveball",-0.5,0,"29",9.1,"4","0.25","0.25","0.225",66.7,50,28.6,"0.073","0.08","0.067",0
"Teodo, Emiliano",693713,"TEX","SI","Sinker",-4.3,-1,"25",58.1,"4","0.667","0.667","0.625",20,0,0,"0.426","0.541","0.49",33.3
"Bradford, Cody",674003,"TEX","SL","Slider",5.2,1,"15",10.3,"4","0","0","0",0,0,0,"0.25","0.458","0.235",50
"Alexander, Jason",669920,"HOU","FC","Cutter",-6.9,-2,"22",7.4,"4","0.75","1.25","0.85",11.1,0,0,"0.397","0.62","0.431",50
"Roa, Christian",685005,"HOU","CH","Changeup",-11,-2,"14",7.9,"4","0.75","0.75","0.675",12.5,0,0,"0.622","0.75","0.595",50
"McGee, Easton",668834,"KC","FC","Cutter",5.5,1,"17",14.3,"4","0","0","0.175",8.3,0,0,"0.057","0.069","0.214",0
"Del Castillo, Adrian",680728,"AZ","SL","Slider",1.9,0,"9",56.3,"4","0.25","0.25","0.225",0,0,0,"0.404","0.75","0.488",50
"Mears, Nick",683232,"KC","CH","Changeup",-0.6,0,"36",10.6,"4","0","0","0.175",33.3,25,6.7,"0.126","0.148","0.265",0
"Bigge, Hunter",685801,"TB","CU","Curveball",-4.7,0,"7",2.2,"4","0.25","0.5","0.313",0,0,0,"0.146","0.362","0.211",25
"Kriske, Brooks",621139,"ATH","FF","4-Seam Fastball",3.7,0,"12",31.6,"4","0.25","0.25","0.225",0,0,0,"0.176","0.2","0.164",25
"Heasley, Jonathan",669169,"TB","SL","Slider",4.9,1,"21",32.8,"4","0","0","0",10,0,0,"0.08","0.239","0.132",25
"Bigge, Hunter",685801,"TB","FS","Split-Finger",3.1,1,"17",5.3,"4","0","0","0",40,50,22.2,"0.229","0.321","0.235",50
"Martin, Trevor",694680,"TB","SI","Sinker",-2,0,"13",7.2,"4","0","0","0.35",0,0,,"0.177","0.417","0.471",50
"Curtis, Khristian",694753,"PIT","SL","Slider",10.7,1,"9",13.2,"4","0","0","0",42.9,75,60,"0.022","0.024","0.02",0
"Keller, Brian",662144,"PHI","ST","Sweeper",7.9,1,"10",25.6,"4","0","0","0",33.3,50,25,"0.151","0.185","0.144",0
"Pannone, Thomas",623381,"MIL","SI","Sinker",7.8,1,"10",17.9,"4","0","0","0.175",14.3,0,0,"0.243","0.294","0.348",33.3
"Stewart, Brock",592779,"LAD","FC","Cutter",1.4,0,"18",8.5,"4","0","0","0.35",22.2,25,100,"0.045","0.05","0.37",0
"Lazar, Max",676661,"PHI","CU","Curveball",5.1,1,"24",18.8,"4","0","0","0",14.3,0,,"0.28","0.311","0.261",50
"Mautz, Brycen",802408,"STL","SL","Slider",-10.2,-1,"9",15.3,"4","0.333","0.667","0.488",66.7,50,66.7,"0.017","0.035","0.191",0
"Zimmermann, Bruce",669145,"STL","CU","Curveball",-6.2,-1,"9",12.5,"4","0.5","0.5","0.45",0,0,0,"0.338","0.388","0.313",25
"Irvin, Cole",608344,"LAD","CH","Changeup",-1.4,0,"22",21.6,"4","0.25","1","0.5",28.6,0,0,"0.27","0.922","0.495",25
"Kelly, Michael",547184,"ATH","SI","Sinker",-0.8,0,"11",9.1,"4","0.333","0.333","0.4",0,25,25,"0.131","0.147","0.268",0
"Palencia, Daniel",694037,"CHC","SI","Sinker",2.1,0,"7",2.4,"4","0.25","0.25","0.225",20,25,50,"0.145","0.224","0.157",33.3
"Fernandez, Ryan",681676,"STL","CH","Changeup",-3.5,-1,"28",11.9,"4","0.333","0.333","0.625",45.5,25,11.1,"0.327","0.356","0.401",50
"Burgos, Juan",686228,"AZ","FC","Cutter",-4.3,-1,"14",36.8,"4","0.667","0.667","0.6",12.5,0,0,"0.253","0.315","0.25",0
"Carrillo, Gerardo",672629,"AZ","FF","4-Seam Fastball",-3.3,-1,"21",10.7,"4","0.5","0.5","0.45",22.2,25,12.5,"0.308","0.338","0.285",33.3
"McFarlane, Alex",686934,"PHI","FF","4-Seam Fastball",1.8,0,"15",39.5,"4","0.25","0.25","0.225",25,25,16.7,"0.354","0.684","0.438",33.3
"Mathews, Quinn",687273,"STL","CU","Curveball",7,1,"13",13.4,"4","0","0","0",12.5,25,12.5,"0.015","0.034","0.021",33.3
"Phillips, Connor",683175,"CIN","CU","Curveball",-11.7,-2,"16",2.9,"4","0.25","1","0.5",16.7,25,14.3,"0.377","1.222","0.659",100
"Pushard, Matt",690155,"STL","CH","Changeup",9.4,1,"9",7.5,"4","0","0","0",20,25,33.3,"0.248","0.281","0.236",33.3
"Barnes, Charlie",656212,"LAD","ST","Sweeper",-6.9,-1,"13",6.5,"4","0.5","0.75","0.538",0,0,0,"0.425","0.547","0.413",25
"Snell, Blake",605483,"LAD","SL","Slider",-2.2,0,"20",12.4,"4","0.25","0.25","0.225",50,50,33.3,"0.284","0.356","0.276",100
"Mills, Wyatt",670090,"LAD","ST","Sweeper",-0.9,0,"23",15.4,"4","0.333","0.333","0.4",37.5,25,10,"0.377","0.435","0.44",0
"McDonald, Trevor",686790,"SF","FF","4-Seam Fastball",-16.3,-2,"11",1,"4","0.667","1.667","0.9",16.7,25,12.5,"0.381","0.837","0.558",100
"Buttó, José",676130,"SF","SL","Slider",-12.9,-2,"13",20.6,"4","0.5","1.25","0.725",57.1,50,33.3,"0.423","1.161","0.661",50
"Phillips, Evan",623465,"LAD","SI","Sinker",-8.7,-1,"11",5.7,"4","0.5","1.25","0.725",14.3,25,20,"0.231","0.74","0.401",33.3
"Weiman, Blake",676620,"LAA","SI","Sinker",-11.1,-1,"10",14.1,"4","0.75","0.75","0.675",0,0,0,"0.445","0.5","0.411",50
"Rutledge, Jackson",671131,"WSH","FS","Split-Finger",-11.4,-1,"12",27.3,"4","0.5","1.5","0.75",75,25,16.7,"0.497","0.553","0.581",0
"Waldichuk, Ken",686610,"WSH","FC","Cutter",-2.2,-1,"27",18.1,"4","0.25","1","0.5",28.6,0,0,"0.544","1.346","0.793",50
"Marte, Yunior",628708,"CIN","SL","Slider",-11.2,-1,"12",57.1,"4","0.75","1","0.763",44.4,25,14.3,"0.537","0.654","0.519",33.3
"Whisenhunt, Carson",687931,"SF","SI","Sinker",2.5,1,"23",4.7,"4","0.25","0.25","0.225",16.7,25,100,"0.262","0.309","0.248",0
"Palmquist, Carson",687223,"WSH","FC","Cutter",2,1,"31",9.9,"4","0.333","0.333","0.4",26.7,0,0,"0.217","0.24","0.329",0
"Foley, Jason",671345,"SF","FF","4-Seam Fastball",2.7,0,"17",13.3,"4","0","0","0.175",28.6,50,28.6,"0.062","0.073","0.217",0
"Aldegheri, Sam",691951,"LAA","SL","Slider",-8.8,-2,"28",4.6,"4","0.75","1.5","0.95",11.1,0,0,"0.635","1.064","0.721",50
"Ramos, Wilkin",678576,"SF","FF","4-Seam Fastball",-0.3,0,"13",21.3,"4","0","0","0.35",28.6,25,14.3,"0.437","0.536","0.559",0
"Klassen, George",691946,"LAA","SI","Sinker",-3.2,-1,"22",7,"4","0","0","0.525",28.6,0,0,"0.023","0.048","0.532",0
"Hoffman, Nolan",676510,"PHI","SI","Sinker",-1.4,0,"12",14.6,"4","0.333","0.333","0.4",50,25,100,"0.305","0.336","0.389",50
"Alvarado, José",621237,"PHI","FF","4-Seam Fastball",-3.1,-1,"17",1.9,"4","0.25","0.25","0.225",28.6,50,14.3,"0.251","0.267","0.229",0
"Pintaro, Jonathan",702752,"NYM","CH","Changeup",3.1,1,"18",6.9,"4","0","0","0",12.5,25,7.7,"0.181","0.346","0.221",33.3
"McCambley, Zach",685112,"CIN","ST","Sweeper",-4.2,-1,"33",21,"4","0.5","0.5","0.45",30.8,25,6.7,"0.366","0.404","0.338",33.3
"Santillan, Tony",663574,"CIN","SL","Slider",-0.2,0,"12",2.4,"4","0","0","0.175",50,25,20,"0.044","0.056","0.208",50
"Cornelio, Riley",683000,"WSH","FC","Cutter",-3.7,-1,"17",4.1,"4","0.5","0.5","0.575",0,0,0,"0.279","0.31","0.479",50
"Martin, Corbin",656686,"CHC","CU","Curveball",-4,-1,"27",24.3,"4","0.667","0.667","0.625",45.5,0,0,"0.257","0.285","0.357",33.3
"Harvey, Hunter",640451,"CHC","SL","Slider",-23.6,-2,"10",13.2,"4","0.5","1.25","0.95",0,25,33.3,"0.274","0.708","0.407",66.7
"Weiman, Blake",676620,"LAA","SL","Slider",3.7,1,"23",32.4,"4","0.25","0.25","0.225",30,0,0,"0.316","0.554","0.376",25
"Lavender, Nate",681320,"NYM","SL","Slider",2.7,0,"12",23.1,"4","0","0","0.35",20,0,0,"0.2","0.214","0.442",50
"Márquez, Germán",608566,"SD","CH","Changeup",-11.9,-3,"29",3.2,"4","0.5","1.5","0.813",0,25,25,"0.304","0.72","0.43",66.7
"Jacob, Alek",689690,"SD","SI","Sinker",-2.8,0,"17",19.5,"4","0.5","0.5","0.45",0,0,0,"0.412","0.457","0.383",25
"Seelinger, Matt",676910,"NYM","CU","Curveball",-13.8,-1,"10",19.2,"4","0.5","1","0.663",25,0,0,"0.283","0.556","0.539",50
"Stock, Robert",476594,"NYM","CH","Changeup",-1.9,0,"17",11.3,"4","0.25","0.25","0.225",66.7,50,40,"0.242","0.276","0.226",0
"Hernández, Elieser",622694,"ATL","FC","Cutter",-1.8,0,"20",18.2,"4","0.333","0.333","0.4",37.5,0,0,"0.25","0.267","0.346",33.3
"Estes, Joey",683155,"ATH","SL","Slider",0.8,0,"15",21.1,"4","0.25","0.5","0.313",22.2,0,0,"0.188","0.286","0.2",50
"López, Reynaldo",625643,"ATL","CH","Changeup",-1.6,-1,"43",3.5,"4","0.25","0.25","0.225",20,25,14.3,"0.34","0.402","0.322",66.7
"Oviedo, Johan",670912,"BOS","CU","Curveball",1.4,0,"18",25,"4","0","0","0.175",11.1,0,0,"0.028","0.028","0.271",33.3
"Wantz, Andrew",681806,"CHC","FC","Cutter",1.8,0,"22",27.2,"4","0.333","0.333","0.4",30.8,25,33.3,"0.318","0.389","0.407",50
"Cortes, Carlos",666126,"ATH","SL","Slider",-3.6,-1,"15",11.3,"4","0.25","1","0.5",0,0,0,"0.33","0.868","0.499",25
"Faucher, Calvin",676534,"MIA","SL","Slider",-0.4,0,"24",2.7,"4","0.25","0.25","0.225",30,25,11.1,"0.426","0.909","0.56",33.3
"Davitt, Duncan",701474,"CWS","SL","Slider",-2.4,0,"12",42.9,"4","0.333","0.667","0.488",0,0,0,"0.351","0.444","0.432",66.7
"Little, Luke",681432,"CHC","FF","4-Seam Fastball",-9.5,-1,"14",73.7,"4","0.5","1.25","0.725",25,0,0,"0.423","1.165","0.659",50
"Sandoval, Patrick",663776,"BOS","ST","Sweeper",-18.9,-2,"11",2.2,"4","0.75","1.5","0.95",0,25,12.5,"0.42","0.887","0.548",33.3
"Brazobán, Huascar",623211,"CWS","SL","Slider",3.3,0,"6",0.7,"4","0.25","0.25","0.225",40,50,40,"0.401","0.501","0.392",50
"Ferguson, Tyler",621053,"CHC","CH","Changeup",6.8,1,"15",5.9,"4","0","0","0",50,0,0,"0.433","0.899","0.564",75
"Newcomb, Sean",656794,"CWS","FC","Cutter",-5.3,-1,"15",1.5,"4","0.333","0.333","0.4",0,0,0,"0.351","0.372","0.413",33.3
"White, Josh",687985,"MIA","SL","Slider",-13.5,-1,"10",23.3,"4","0.5","2","0.85",33.3,25,33.3,"0.5","2","0.85",100
"Fairbanks, Pete",664126,"MIA","CH","Changeup",3.1,0,"14",2.1,"4","0","0","0",0,0,0,"0.204","0.39","0.249",25
"Martinez, Seth",661527,"BOS","ST","Sweeper",-3.7,0,"9",40.9,"4","0.25","0.5","0.313",40,25,20,"0.124","0.199","0.138",33.3
"Minter, A.J.",621345,"MIN","SI","Sinker",4.4,1,"18",4.5,"4","0","0","0",14.3,0,0,"0.167","0.232","0.171",25
"Urquidy, José",664353,"PIT","ST","Sweeper",-2.7,-1,"19",14.5,"4","0.333","0.667","0.488",77.8,50,20,"0.257","0.343","0.368",100
"Thompson, Keegan",624522,"COL","CU","Curveball",-2.5,0,"16",8.2,"4","0.5","1","0.417",16.7,25,100,"0.474","0.574","0.323",0
"Castellano, Eiberson",682769,"COL","SI","Sinker",-16.1,-1,"8",22.9,"4","0.75","1","0.763",16.7,0,0,"0.486","0.649","0.488",50
"Beck, Brendan",694341,"NYY","FS","Split-Finger",7.5,1,"10",7.2,"4","0","0","0",25,25,16.7,"0.137","0.176","0.131",0
"Wantz, Andrew",681806,"CHC","ST","Sweeper",-3.7,0,"10",12.3,"4","0.25","0.5","0.313",0,0,0,"0.117","0.141","0.109",0
"Smith, Burch",572143,"DET","CH","Changeup",0.9,0,"27",9.4,"4","0","0","0",18.2,25,9.1,"0.132","0.29","0.176",33.3
"Curtis, Khristian",694753,"PIT","FF","4-Seam Fastball",-2.5,-1,"20",29.4,"4","0.5","0.5","0.45",22.2,0,0,"0.524","0.975","0.636",50
"Flaherty, Jack",656427,"DET","CH","Changeup",-1.8,-1,"42",2.6,"4","0","0","0.175",27.3,0,0,"0.253","0.283","0.352",0
"Pushard, Matt",690155,"STL","SL","Slider",-0.1,0,"26",21.7,"3","0.5","0.5","0.3",0,0,0,"0.467","0.511","0.296",0
"Leiter Jr., Mark",643410,"ATH","SL","Slider",-28.3,-1,"5",0.9,"3","0.667","1.667","0.967",0,0,,"0.656","1.641","0.963",33.3
"Stratton, Hunter",676702,"PIT","FC","Cutter",-0.3,0,"11",19.6,"3","0.333","0.667","0.417",25,0,0,"0.691","0.841","0.666",33.3
"Bidois, Brandan",684049,"PIT","CH","Changeup",-8.7,-1,"11",3.4,"3","0.333","0.333","0.533",20,33.3,14.3,"0.314","0.343","0.521",0
"Morris, Kade",695034,"ATH","CU","Curveball",-2,0,"17",8.1,"3","0","0","0.233",50,33.3,14.3,"0.109","0.109","0.299",0
"Johnson, Seth",686751,"ATH","CU","Curveball",-1.4,0,"25",6.1,"3","0","0","0.233",37.5,66.7,18.2,,,"0.233",
"Myers, Tobias",668964,"NYM","ST","Sweeper",-16,-2,"10",1.4,"3","0.667","1","0.717",25,33.3,12.5,"0.447","0.529","0.429",100
"Stock, Robert",476594,"NYM","ST","Sweeper",-4.1,-1,"16",10.7,"3","0.5","0.5","0.533",0,0,0,"0.196","0.27","0.369",50
"Pintaro, Jonathan",702752,"NYM","CU","Curveball",-1.1,0,"16",6.2,"3","0.333","0.333","0.3",33.3,66.7,22.2,"0.33","0.366","0.305",0
"Bazardo, Eduard",660825,"SEA","FS","Split-Finger",1.6,0,"19",2.3,"3","0","0","0",12.5,0,0,"0.036","0.036","0.033",0
"Zuñiga, Guillo",670871,"NYM","FF","4-Seam Fastball",3.1,0,"7",38.9,"3","0","0","0.233",0,0,0,"0.028","0.028","0.25",0
"Henry, Cole",669371,"WSH","FC","Cutter",-8.4,-2,"20",7.1,"3","0.667","1.667","0.967",0,0,0,"0.445","1.151","0.662",66.7
"Bachman, Sam",696147,"LAA","FF","4-Seam Fastball",1.1,0,"24",3.2,"3","0","0","0",33.3,66.7,28.6,"0.009","0.022","0.013",0
"Varland, Gus",681402,"WSH","CH","Changeup",-9.7,-1,"13",2.3,"3","0.667","1.667","0.967",0,0,0,"0.612","1.387","0.849",33.3
"Kent, Jackson",800600,"WSH","SL","Slider",-4.6,-1,"19",24.4,"3","0.667","1","0.717",33.3,33.3,50,"0.359","0.417","0.341",0
"Williams, Trevor",592866,"WSH","CH","Changeup",-2.3,0,"20",9.4,"3","0.5","0.5","0.533",0,0,0,"0.142","0.16","0.323",0
"Rutledge, Jackson",671131,"WSH","SI","Sinker",-6.4,-1,"12",27.3,"3","0.667","1","0.717",16.7,0,0,"0.388","1.013","0.587",66.7
"Waldichuk, Ken",686610,"WSH","ST","Sweeper",-21.7,-2,"10",6.7,"3","0.333","1.333","0.667",33.3,33.3,100,"0.188","0.727","0.376",50
"Casparius, Ben",676508,"LAD","CU","Curveball",-15.5,-2,"16",16.2,"3","0.667","1.667","0.967",20,0,0,"0.218","0.617","0.346",33.3
"Seymour, Carson",693313,"SF","FS","Split-Finger",-14.4,-1,"9",4.4,"3","0.667","1.667","0.967",0,0,0,"0.236","0.332","0.243",33.3
"Ohtani, Shohei",660271,"LAD","FC","Cutter",-3.1,0,"9",0.7,"3","0.5","0.5","0.533",0,0,,"0.472","0.579","0.537",50
"Zimmermann, Bruce",669145,"STL","FC","Cutter",-0.5,0,"9",12.5,"3","0","0","0.233",25,33.3,33.3,"0.003","0.003","0.235",0
"Zimmermann, Bruce",669145,"STL","FS","Split-Finger",6.2,1,"11",15.3,"3","0","0","0",50,33.3,33.3,"0.062","0.073","0.056",0
"Bruihl, Justin",677865,"STL","FC","Cutter",-12.5,-1,"12",1.2,"3","1","1.333","1.017",14.3,0,,"0.711","1.042","0.759",33.3
"Zimmermann, Bruce",669145,"STL","SL","Slider",-8.1,-1,"12",16.7,"3","0.667","1.333","0.833",0,0,0,"0.316","0.515","0.352",66.7
"Strzelecki, Peter",657265,"STL","FF","4-Seam Fastball",-4.9,-1,"11",10.3,"3","0.5","1","0.65",33.3,0,0,"0.201","0.402","0.4",50
"Rajcic, Max",691008,"STL","SI","Sinker",-0.9,0,"12",7.4,"3","0.333","0.667","0.417",0,33.3,50,"0.163","0.185","0.151",50
"Hernández, Jonathan",642546,"LAD","FS","Split-Finger",-15.2,-1,"6",1.6,"3","0.333","1.333","0.667",50,66.7,40,"0.199","0.725","0.378",100
"Ohtani, Shohei",660271,"LAD","SL","Slider",1.8,0,"15",1.1,"3","0","0","0",10,0,0,"0.474","1.107","0.523",33.3
"Kimbrel, Craig",518886,"KC","CH","Changeup",-7.2,-1,"17",2.8,"3","0.333","0.667","0.417",66.7,66.7,28.6,"0.087","0.092","0.078",0
"Cook, Alex",702047,"TB","CH","Changeup",6.1,1,"9",12.5,"3","0","0","0",50,66.7,66.7,"0.088","0.1","0.079",100
"Booser, Cam",592155,"TB","CH","Changeup",7.1,0,"7",1.9,"3","0","0","0",20,33.3,14.3,"0.126","0.235","0.151",50
"Martin, Trevor",694680,"TB","CU","Curveball",-7.6,-1,"8",4.4,"3","0.5","1","0.65",0,0,0,"0.117","0.135","0.306",0
"Pearson, Nate",663878,"KC","CH","Changeup",4.9,1,"13",3,"3","0","0","0",40,33.3,20,"0.029","0.037","0.028",0
"Heasley, Jonathan",669169,"TB","CH","Changeup",-12.5,-2,"12",18.8,"3","0.667","1.667","0.967",16.7,33.3,12.5,"0.513","1.506","0.835",100
"Erceg, Lucas",668674,"KC","FC","Cutter",-0.4,0,"5",0.6,"3","0","0","0.233",50,33.3,33.3,"0.001","0.001","0.233",0
"Cerantola, Eric",672021,"KC","FC","Cutter",-0.1,0,"28",23,"3","0","0","0.233",50,33.3,20,"0.187","0.554","0.437",100
"Joyce, Ben",690829,"LAA","SI","Sinker",2,0,"22",37.9,"3","0","0","0",66.7,0,0,"0.208","0.231","0.194",33.3
"France, J.P.",641585,"HOU","SI","Sinker",-26.4,-2,"6",5.1,"3","0.333","1.333","0.667",0,0,0,"0.338","0.802","0.478",66.7
"Kingham, Nolan",663884,"TEX","FF","4-Seam Fastball",-2.7,0,"13",59.1,"3",,,"0.467",0,0,0,,,"0.525",0
"Montgomery, Jordan",656756,"TEX","CU","Curveball",4,1,"19",24.1,"3","0","0","0",14.3,0,0,"0.315","0.887","0.497",33.3
"Martin, Chris",455119,"TEX","CU","Curveball",-4.7,-1,"14",5.6,"3","0.667","0.667","0.6",0,0,0,"0.41","0.508","0.397",33.3
"Martin, Chris",455119,"TEX","ST","Sweeper",-5.9,-1,"11",4.4,"3","0.667","0.667","0.6",0,0,0,"0.288","0.34","0.273",0
"Peoples, Ben",687239,"TEX","CH","Changeup",-1.6,0,"10",4.4,"3","0.333","0.333","0.3",16.7,0,0,"0.199","0.209","0.184",0
"Eovaldi, Nathan",543135,"TEX","SL","Slider",0.2,0,"17",0.8,"3","0.5","0.5","0.3",11.1,0,0,"0.134","0.15","0.244",33.3
"France, J.P.",641585,"HOU","FC","Cutter",3.3,1,"27",23.1,"3","0","0","0",12.5,0,0,"0.17","0.199","0.161",66.7
"Alexander, Jason",669920,"HOU","SL","Slider",5.3,1,"15",5,"3","0","0","0",22.2,33.3,20,"0.003","0.005","0.004",0
"Meyers, Jake",676694,"HOU","SL","Slider",8.7,1,"9",100,"3","0","0","0",0,0,,"0.407","0.459","0.382",66.7
"Corniell, Jose",692030,"TEX","ST","Sweeper",-10.8,-2,"18",17.3,"3","0.667","1.667","0.95",0,0,0,"0.628","0.842","0.631",33.3
"Ponce, Cody",664074,"TOR","SL","Slider",1.5,0,"17",36.2,"3","0","0","0.233",80,33.3,16.7,"0.165","0.193","0.332",0
"Ponce, Cody",664074,"TOR","CH","Changeup",6.9,1,"12",25.5,"3","0","0","0",44.4,66.7,33.3,"0.143","0.302","0.185",100
"Van Eyk, CJ",669310,"TOR","FF","4-Seam Fastball",-0.3,0,"13",10.2,"3","0.333","0.333","0.3",20,0,0,"0.322","0.566","0.373",33.3
"Jobe, Jackson",695549,"DET","SL","Slider",5.9,1,"18",25.4,"3","0","0","0",18.2,0,0,"0.294","0.309","0.267",0
"Jobe, Jackson",695549,"DET","CH","Changeup",5.2,0,"8",11.3,"3","0","0","0",33.3,33.3,33.3,"0.18","0.211","0.17",50
"Peralta, Sammy",671111,"COL","ST","Sweeper",-31.7,-3,"10",20.4,"3","0.667","2","1.083",0,0,0,"0.354","1.266","0.661",33.3
"Mushinski, Parker",656786,"COL","FC","Cutter",-3.2,0,"14",15.9,"3","0.5","0.5","0.533",20,0,0,"0.329","0.431","0.441",0
"Estrada, Lazaro",681751,"TOR","FS","Split-Finger",-22.3,-2,"11",5.5,"3","0.333","1.333","0.667",0,0,0,"0.401","1.282","0.699",33.3
"Murphy, Luke",684665,"LAA","SL","Slider",6.3,1,"8",8,"3","0","0","0",40,33.3,33.3,"0.23","0.276","0.222",50
"Go, Woo-Suk",808970,"MIN","FS","Split-Finger",8.1,1,"10",11.6,"3","0","0","0",16.7,33.3,14.3,"0.198","0.21","0.183",0
"Arcia, Orlando",606115,"MIN","CU","Curveball",-1.9,0,"8",57.1,"3","0","0","0.233",0,0,,"0.273","0.304","0.397",0
"Shook, TJ",669298,"COL","FC","Cutter",-4.8,-1,"11",11,"3","0.667","1","0.717",37.5,0,0,"0.472","0.699","0.501",66.7
"Castellano, Eiberson",682769,"COL","FF","4-Seam Fastball",2.1,0,"12",34.3,"3","0","0","0.233",28.6,0,0,"0.336","0.409","0.448",0
"Castellano, Eiberson",682769,"COL","CU","Curveball",5.7,1,"13",37.1,"3","0","0","0",75,66.7,50,"0.061","0.072","0.055",0
"Frasso, Nick",693308,"COL","CH","Changeup",5.2,1,"12",21.8,"3","0","0","0",60,33.3,25,"0.058","0.1","0.071",0
"Abel, Mick",690953,"MIN","SI","Sinker",-4,0,"12",3.4,"3","0.5","0.5","0.533",33.3,0,,"0.482","0.747","0.584",100
"Aldegheri, Sam",691951,"LAA","CU","Curveball",1.3,1,"46",7.5,"3","0","0","0.233",22.2,33.3,16.7,"0.148","0.173","0.336",100
"García, Luis",472610,"MIN","FF","4-Seam Fastball",-44.2,-2,"5",1.9,"3","0.333","1.333","0.667",0,0,0,"0.477","1.263","0.725",66.7
"Trivino III, Lou",642152,"PHI","ST","Sweeper",1.8,0,"24",16.7,"3","0","0","0.233",72.7,66.7,22.2,,,"0.233",
"Herrin, Tim",682120,"CLE","CH","Changeup",7.3,1,"8",1.2,"3","0","0","0",0,0,,"0.216","0.756","0.4",33.3
"Espino, Daniel",682982,"CLE","CU","Curveball",4.9,1,"13",10.8,"3","0","0","0",50,66.7,66.7,"0.164","0.173","0.147",0
"Trivino III, Lou",642152,"PHI","FF","4-Seam Fastball",-14.3,-1,"7",4.9,"3","0.5","2","0.9",33.3,33.3,25,"0.315","1.192","0.644",100
"Aleman, Franco",680916,"CLE","CH","Changeup",2.7,1,"25",8.4,"3","0","0","0",11.1,0,0,"0.105","0.264","0.156",33.3
"Pop, Zach",647315,"PHI","FC","Cutter",-7.1,-1,"15",11.5,"3","1","1","0.767",20,0,0,"0.611","0.65","0.65",0
"Lowder, Rhett",695076,"CIN","CU","Curveball",-4.5,-1,"29",1.8,"3","0.667","1.667","0.967",9.1,0,0,"0.376","0.986","0.57",33.3
"McFarlane, Alex",686934,"PHI","SI","Sinker",-5.5,-1,"10",26.3,"3","0.5","0.5","0.533",0,0,0,"0.657","0.782","0.652",100
"Antone, Tejay",622088,"CIN","SL","Slider",-7,-1,"8",1.3,"3","0.333","1","0.533",16.7,33.3,20,"0.205","0.604","0.334",50
"Palencia, Daniel",694037,"CHC","FS","Split-Finger",-10.3,-2,"18",6.2,"3","0.667","1.667","0.967",44.4,0,0,"0.331","0.651","0.419",33.3
"Molina, Anthony",683627,"ATL","CH","Changeup",-0.6,0,"24",27.3,"3","0.333","0.333","0.3",11.1,0,0,"0.561","0.647","0.533",100
"Payamps, Joel",606303,"ATL","SI","Sinker",-6.3,-1,"16",10.6,"3","0.5","2","0.9",16.7,0,0,"0.375","1.381","0.713",50
"Murray, Jayden",681151,"CHC","FC","Cutter",0,0,"14",4.6,"3","0.333","0.333","0.3",16.7,0,,"0.466","0.718","0.504",100
"Velasquez, Vince",592826,"CHC","FF","4-Seam Fastball",4.1,1,"21",48.8,"3","0","0","0",11.1,0,0,"0.338","0.384","0.323",66.7
"Sims, Lucas",608371,"CWS","CU","Curveball",2.2,0,"12",7,"3","0","0","0",25,66.7,40,"0.045","0.046","0.042",0
"Smith, Hagen",696146,"CWS","FC","Cutter",2.3,0,"19",30.2,"3","0","0","0.233",33.3,33.3,50,"0.266","0.293","0.398",0
"Murphy, Chris",669684,"CWS","SV","Slurve",1.7,0,"11",2.1,"3","0","0","0.233",28.6,33.3,11.1,"0.134","0.151","0.316",100
"Leasure, Jordan",673929,"CWS","SI","Sinker",9,1,"11",3.5,"3","0","0","0",12.5,0,0,"0.367","0.42","0.345",33.3
"Bido, Osvaldo",674370,"CWS","CH","Changeup",1.3,0,"20",6.3,"3","0","0","0",16.7,0,0,"0.169","0.174","0.153",0
"Velasquez, Vince",592826,"CHC","CU","Curveball",10.6,1,"6",14,"3","0","0","0",0,0,0,"0.052","0.174","0.092",33.3
"Martin, Corbin",656686,"CHC","ST","Sweeper",4.8,1,"13",11.7,"3","0","0","0",57.1,66.7,40,"0.026","0.034","0.023",0
"Velasquez, Vince",592826,"CHC","FC","Cutter",11.6,1,"8",18.6,"3","0","0","0",0,0,0,"0.019","0.023","0.019",0
"Wantz, Andrew",681806,"CHC","SI","Sinker",1.4,0,"15",18.5,"3","0","0","0.233",14.3,0,0,"0.145","0.166","0.321",0
"Horton, Cade",690990,"CHC","ST","Sweeper",0.1,0,"11",12,"3","0","0","0.233",50,66.7,25,,,"0.233",
"Weissert, Greg",669711,"BOS","CU","Curveball",-6.5,-1,"19",2.6,"3","0.5","1","0.65",0,33.3,8.3,"0.205","0.465","0.418",100
"Uberstine, Tyler",700413,"BOS","FF","4-Seam Fastball",-12.2,-1,"10",22.2,"3","0.667","1.667","0.967",14.3,33.3,14.3,"0.549","1.308","0.777",100
"Uberstine, Tyler",700413,"BOS","ST","Sweeper",-5.1,-1,"11",24.4,"3","0.333","0.667","0.417",50,33.3,16.7,"0.145","0.201","0.148",0
"Oviedo, Johan",670912,"BOS","SI","Sinker",-6.1,-1,"14",19.4,"3","0.667","1","0.717",0,0,0,"0.566","1.572","0.888",66.7
"Kempner, William",687531,"MIA","FC","Cutter",4.5,1,"25",12.6,"3","0","0","0",44.4,66.7,50,"0.066","0.072","0.059",0
"Nardi, Andrew",677053,"MIA","SI","Sinker",1.4,0,"7",1.9,"3","0","0","0.233",0,0,0,"0.201","0.209","0.354",50
"Vodnik, Victor",680767,"MIA","SI","Sinker",-2.2,0,"17",2.4,"3","0.667","0.667","0.6",22.2,0,,"0.393","0.433","0.365",33.3
"Burgos, Raymond",670103,"BOS","ST","Sweeper",6.7,1,"14",20.9,"3","0","0","0",42.9,33.3,16.7,"0.066","0.078","0.065",0
"Uberstine, Tyler",700413,"BOS","SI","Sinker",7,1,"10",22.2,"3","0","0","0",40,0,0,"0.181","0.282","0.192",33.3
"Gibson, Cade",806188,"MIA","FF","4-Seam Fastball",-2.5,0,"15",2.7,"3","0.5","1","0.65",0,0,0,"0.208","0.258","0.363",0
"Gibson, Trey",694346,"BAL","ST","Sweeper",-24.7,-3,"12",1.9,"3","0.667","2","1.083",0,0,0,"0.485","0.973","0.618",66.7
"Enns, Dietrich",608650,"BAL","CU","Curveball",-8.6,-1,"16",5.5,"3","0.667","0.667","0.6",28.6,33.3,16.7,"0.262","0.301","0.247",50
"Fried, Max",608331,"NYY","SL","Slider",0.1,0,"18",1.5,"3","0","0","0",60,66.7,20,"0.057","0.069","0.056",0
"Schuemann, Max",680474,"NYY","CU","Curveball",-1.1,0,"9",64.3,"3","0.333","0.333","0.3",0,0,0,"0.342","0.4","0.324",0
"Raquet, Nick",675919,"BAL","SI","Sinker",1.2,0,"20",26.7,"3","0","0","0.467",16.7,0,0,"0.231","0.297","0.546",0
"Wolfram, Grant",664991,"BAL","FC","Cutter",8.8,1,"9",1.4,"3","0","0","0",16.7,0,0,"0.181","0.204","0.165",0
"Koenig, Jared",657649,"MIL","CU","Curveball",4.9,0,"8",5,"3","0","0","0",0,0,0,"0.205","0.301","0.219",33.3
"Fitzpatrick, Brian",702153,"MIL","ST","Sweeper",0.2,0,"10",9.2,"3","0.333","0.333","0.3",20,0,0,"0.125","0.133","0.114",0
"Pannone, Thomas",623381,"MIL","FC","Cutter",1.2,0,"25",44.6,"3","0.333","0.333","0.3",9.1,0,0,"0.523","0.602","0.494",33.3
"Bratt, Mitch",683352,"AZ","CU","Curveball",2,0,"22",4.1,"3","0","0","0.233",20,0,,"0.006","0.007","0.237",0
"Burgos, Juan",686228,"AZ","ST","Sweeper",8.1,1,"8",21.1,"3","0","0","0",16.7,0,0,"0.007","0.011","0.008",33.3
"Pannone, Thomas",623381,"MIL","ST","Sweeper",-1.9,0,"4",7.1,"3","0","0","0.3",33.3,66.7,50,"0.052","0.083","0.056",0
"Zerpa, Angel",672582,"MIL","FF","4-Seam Fastball",-7.7,-1,"11",5.1,"3","0.5","0.5","0.533",16.7,33.3,10,"0.487","0.515","0.53",0
"Patrick, Chad",694477,"MIL","CH","Changeup",-12.8,-1,"8",0.6,"3","0.5","1","0.65",0,0,0,"0.214","0.555","0.448",50
"Anderson, Shaun",641312,"LAA","SI","Sinker",-0.1,0,"26",7.4,"3","0.333","0.333","0.3",12.5,0,0,"0.36","0.449","0.351",66.7
"Urquidy, José",664353,"PIT","CU","Curveball",-10.4,-1,"13",9.9,"3","0.667","0.667","0.6",0,0,0,"0.229","0.252","0.21",33.3
"Paez, Jedixson",699151,"CWS","SI","Sinker",7.3,1,"9",13.8,"2","0","0","0",0,0,,"0.207","0.765","0.396",50
"Hudson, Bryan",663542,"CWS","FC","Cutter",2.9,0,"13",1.6,"2","0","0","0",0,0,0,"0.184","0.254","0.193",0
"Nikhazy, Doug",680951,"CWS","SI","Sinker",8.2,0,"6",15.4,"2","0","0","0",33.3,50,50,"0.062","0.074","0.056",0
"Acuña, Luisangel",682668,"CWS","SL","Slider",13.6,1,"4",16,"2","0","0","0",0,0,,"0.506","0.6","0.48",50
"Davitt, Duncan",701474,"CWS","FF","4-Seam Fastball",6.1,0,"8",28.6,"2","0","0","0",25,50,25,"0.281","0.313","0.26",100
"Martinez, Seth",661527,"BOS","CH","Changeup",-41.5,-1,"2",9.1,"2","1","1","0.8",0,0,0,"0.917","1.102","0.788",100
"Fulton, Dax",690978,"MIA","SI","Sinker",2,0,"17",7.1,"2","0","0","0",14.3,0,0,"0.522","0.795","0.558",100
"Brzykcy, Zach",694350,"MIA","CU","Curveball",6.2,0,"6",12.5,"2","0","0","0",50,50,33.3,"0.056","0.062","0.05",0
"Brito, Jhony",666745,"SD","ST","Sweeper",1.8,0,"18",23.1,"2","0","0","0",50,100,20,,,"0",
"Cannon, Jonathan",686563,"CWS","FF","4-Seam Fastball",-7,-1,"8",57.1,"2",,,"0.7",100,0,,,,"0.7",
"Brzykcy, Zach",694350,"MIA","SL","Slider",4,0,"11",22.9,"2","0","0","0",0,0,0,"0.3","0.329","0.27",100
"Brazobán, Huascar",623211,"CWS","FC","Cutter",1.7,0,"26",2.9,"2","0","0","0",30,100,16.7,,,"0",
"Bender, Anthony",669622,"MIA","CH","Changeup",0.6,0,"12",2.2,"2","0","0","0",33.3,50,14.3,"0.19","0.298","0.204",100
"Snelling, Robby",702281,"MIA","SL","Slider",7.7,1,"8",9.3,"2","0","0","0",33.3,0,0,"0.103","0.106","0.093",0
"Mederos, Victor",682989,"ATL","ST","Sweeper",-8.5,-1,"10",3.4,"2","1","1.5","1.075",20,0,0,"0.743","1.073","0.784",50
"Kelly, Antwone",699008,"PIT","SL","Slider",-2.1,0,"9",7.3,"2","0","0","0.35",50,0,0,"0.052","0.057","0.373",0
"Fuentes, Didier",800311,"ATL","CU","Curveball",-39.4,-2,"4",0.5,"2","1","2","1.25",0,0,,"0.695","1.078","0.754",100
"Burgos, Raymond",670103,"BOS","FF","4-Seam Fastball",-37.1,-1,"4",6,"2","0.5","2","1",33.3,50,33.3,"0.488","1.855","0.958",100
"Hernández, Elieser",622694,"ATL","SL","Slider",-1.3,0,"12",10.9,"2","0.5","0.5","0.45",33.3,0,0,"0.654","0.708","0.604",0
"King, John",667463,"MIA","FF","4-Seam Fastball",-14.1,-1,"9",1.4,"2","1","4","1.35",0,0,0,"0.946","3.289","1.223",100
"Hamilton, Ian",641656,"ATL","SI","Sinker",-2.7,0,"10",10.9,"2","0.5","0.5","0.45",20,0,,"0.45","0.459","0.409",50
"Webb, Jacob",657097,"CHC","ST","Sweeper",-1.1,0,"26",2.9,"2","0.5","1","0.625",42.9,0,0,"0.586","0.707","0.559",100
"Payamps, Joel",606303,"ATL","CH","Changeup",-11.1,0,"4",2.6,"2","0.5","1","0.625",0,0,,"0.408","0.741","0.485",50
"Murphy, Owen",702566,"ATL","CU","Curveball",-5.8,-1,"12",10.3,"2","0.5","1","0.625",16.7,0,0,"0.386","0.508","0.381",100
"Blach, Ty",621389,"CHC","CH","Changeup",-4.1,0,"3",10,"2","0.5","0.5","0.45",33.3,0,,"0.378","0.419","0.344",50
"Garrett, Braxton",666129,"MIA","SL","Slider",-4.7,-1,"21",16.3,"2","1","1","0.8",16.7,0,0,"0.267","0.3","0.47",0
"Murphy, Owen",702566,"ATL","SL","Slider",-2.1,0,"13",11.2,"2","0","0","0.45",60,50,25,"0.011","0.027","0.017",0
"Molina, Anthony",683627,"ATL","SL","Slider",9.4,1,"8",9.1,"2","0","0","0",50,50,50,"0.277","0.302","0.257",0
"Barco, Hunter",682995,"PIT","FS","Split-Finger",-2.7,0,"13",4.3,"2","0","0","0.35",33.3,0,0,"0.395","0.439","0.528",100
"Higgins, P.J.",664731,"CIN","CH","Changeup",6,1,"9",90,"2","0","0","0",50,50,100,"0.011","0.013","0.011",0
"Burgos, Raymond",670103,"BOS","CH","Changeup",3.7,0,"12",17.9,"2","0","0","0",33.3,50,20,"0.297","0.322","0.269",100
"Leibrandt, Brandon",605335,"CIN","ST","Sweeper",4.6,0,"9",9.1,"2","0","0","0",0,0,0,"0.173","0.206","0.16",0
"Bowlan, Jonathan",680742,"PHI","CU","Curveball",-12.8,-1,"8",1.2,"2","1","1","0.8",0,0,0,"0.121","0.142","0.408",0
"Estes, Joey",683155,"ATH","ST","Sweeper",-14.8,-1,"7",9.9,"2","0.5","2","1",25,50,33.3,"0.023","0.043","0.028",0
"Rom, Drew",680723,"ATH","ST","Sweeper",-15.4,-3,"19",15.1,"2","0.5","2","1",0,0,0,"0.456","1.106","0.65",100
"Saucedo, Tayler",642048,"LAA","CH","Changeup",2.8,0,"13",11.3,"2","0","0","0",66.7,100,40,,,"0",
"Allen, Logan",671106,"CLE","CH","Changeup",-4.8,-1,"12",7.3,"2","0.5","0.5","0.45",66.7,50,20,"0.076","0.078","0.069",0
"Brogdon, Connor",641401,"CLE","CU","Curveball",-6.1,0,"7",2.6,"2","0","0","0.45",0,50,33.3,"0.175","0.199","0.166",0
"Allen, Logan",671106,"CLE","ST","Sweeper",-1.4,0,"27",16.5,"2","0.5","1","0.625",50,0,0,"0.521","1.477","0.831",50
"Romano, Jordan",605447,"COL","ST","Sweeper",-19.1,-1,"3",0.7,"2",,,"0.7",,0,0,,,"0.7",
"Morris, Andrew",702193,"MIN","CU","Curveball",-4.5,-1,"17",1.8,"2","0.5","1","0.625",20,0,0,"0.143","0.278","0.179",0
"Herrera, Welinton",700327,"COL","SL","Slider",2.3,0,"10",22.2,"2","0","0","0",20,0,0,"0.169","0.25","0.18",100
"Mushinski, Parker",656786,"COL","SI","Sinker",3,0,"10",11.4,"2","0","0","0",0,0,0,"0.107","0.162","0.112",0
"Criswell, Jeff",676105,"COL","CH","Changeup",-1.2,0,"9",11.4,"2","0","0","0.35",25,0,0,"0.072","0.077","0.382",0
"Arcia, Orlando",606115,"MIN","SL","Slider",-10.7,-1,"6",42.9,"2","1","1","0.8",0,0,,"0.157","0.25","0.434",0
"Raya, Marco",694397,"MIN","CU","Curveball",-3.3,0,"10",10,"2","0","0","0.35",0,0,0,"0.098","0.103","0.394",100
"Castellano, Eiberson",682769,"COL","CH","Changeup",-3.6,0,"2",5.7,"2","0.5","0.5","0.45",0,0,,"0.549","0.631","0.511",100
"Brebbia, John",605154,"COL","ST","Sweeper",-7.7,0,"5",5.3,"2","0.5","1","0.625",75,50,50,"0.124","0.299","0.175",100
"Espada, Jose",664744,"BAL","SL","Slider",-12.8,-1,"8",53.3,"2","1","1","0.9",0,0,0,"0.387","0.43","0.358",50
"Helsley, Ryan",664854,"BAL","CU","Curveball",-3.9,0,"11",4,"2","0.5","0.5","0.45",50,50,33.3,"0.233","0.258","0.213",0
"Ponce, Cody",664074,"TOR","CU","Curveball",-6.8,0,"6",12.8,"2","0","0","0.45",33.3,0,0,"0.267","0.284","0.242",0
"Eflin, Zach",621107,"BAL","ST","Sweeper",-14,-1,"7",9.5,"2","0.5","2","1",33.3,50,33.3,"0.262","1.03","0.528",100
"Van Eyk, CJ",669310,"TOR","ST","Sweeper",-4.6,0,"9",7,"2","0.5","0.5","0.45",0,0,0,"0.507","0.571","0.473",50
"Rodón, Carlos",607074,"NYY","CU","Curveball",2.7,0,"13",1.6,"2","0","0","0",66.7,50,50,"0.071","0.078","0.065",0
"Schuemann, Max",680474,"NYY","SL","Slider",3.9,0,"5",35.7,"2","0","0","0.35",0,0,0,"0.523","0.588","0.591",0
"Ponce, Cody",664074,"TOR","FF","4-Seam Fastball",-3.1,0,"12",25.5,"2","0.5","1","0.625",28.6,0,0,"0.151","0.315","0.197",50
"Castro, Kervin",665645,"NYY","CU","Curveball",3.5,0,"11",11.7,"2","0","0","0",33.3,50,33.3,"0.07","0.212","0.118",0
"Verlander, Justin",434378,"DET","ST","Sweeper",-7.3,0,"2",2.5,"2","0","0","0.35",0,0,0,"0.003","0.006","0.352",0
"Estrada, Lazaro",681751,"TOR","FC","Cutter",-24.3,0,"2",1,"2","1","1","0.9",0,0,,"0.426","0.446","0.383",50
"Scherzer, Max",453286,"TOR","FC","Cutter",-19,-1,"6",0.9,"2","0.5","2","1",0,0,0,"0.42","1.624","0.846",50
"Espada, Jose",664744,"BAL","FF","4-Seam Fastball",13.2,1,"6",40,"2","0","0","0",20,0,0,"0.342","0.395","0.323",50
"Sommers, Drew",805427,"DET","CH","Changeup",-16.9,-2,"10",2.8,"2","1","2.5","1.45",25,0,0,"0.327","0.682","0.424",50
"Andrews, Tanner",681084,"TOR","SL","Slider",6,1,"9",20.9,"2","0","0","0",25,0,,"0.096","0.28","0.153",50
"Van Eyk, CJ",669310,"TOR","SI","Sinker",-1.6,0,"19",14.8,"2",,,"0.35",16.7,0,0,,,"0.64",100
"Basso, Brady",669620,"ATH","CH","Changeup",-61,-2,"4",1.3,"2","1","3","1.625",0,0,0,"0.404","1.006","0.582",100
"Callihan, Tyler",682997,"PIT","CH","Changeup",-0.4,0,"10",18.9,"2","0.5","0.5","0.45",0,0,,"0.226","0.255","0.211",0
"Montgomery, Jordan",656756,"TEX","FF","4-Seam Fastball",0.4,0,"11",13.9,"2","0.5","0.5","0.45",0,0,0,"0.496","0.552","0.46",0
"Corniell, Jose",692030,"TEX","SI","Sinker",-1.1,0,"9",8.7,"2","0.5","0.5","0.45",14.3,0,0,"0.316","0.352","0.289",0
"Santos, Winston",692437,"TEX","SL","Slider",-1.7,0,"10",30.3,"2","0.5","0.5","0.45",0,0,0,"0.32","0.383","0.298",0
"Imai, Tatsuya",837227,"HOU","CH","Changeup",-4.8,-1,"29",2.3,"2","0.5","2","1",62.5,50,16.7,"0.477","1.657","0.875",100
"Gordon, Colton",676467,"HOU","SL","Slider",-48.7,-5,"11",5.4,"2","1","4","2",20,0,0,"0.324","1.266","0.649",100
"Muñoz, Roddery",682610,"HOU","FC","Cutter",-3.8,-1,"19",17,"2","1","1","0.8",20,0,0,"0.717","0.806","0.683",100
"Rashi, Taylor",688497,"AZ","FS","Split-Finger",-2.2,0,"8",17.8,"2","0.5","0.5","0.45",50,0,0,"0.13","0.149","0.121",0
"De los Santos, Yerry",660787,"NYY","SL","Slider",-4.6,0,"8",4.7,"2","0.5","0.5","0.45",0,0,0,"0.149","0.155","0.136",0
"Javier, Cristian",664299,"HOU","SL","Slider",-7.4,0,"5",0.9,"2","0.5","1","0.625",0,0,0,"0.315","0.972","0.533",50
"Blackburn, Paul",621112,"NYY","SL","Slider",-6.4,0,"6",0.6,"2","0.5","0.5","0.45",0,0,0,"0.347","0.372","0.319",50
"Muñoz, Roddery",682610,"HOU","SI","Sinker",-2.1,0,"13",11.6,"2","0.5","0.5","0.45",50,0,0,"0.09","0.103","0.084",50
"Santos, Winston",692437,"TEX","CH","Changeup",10.3,1,"5",15.2,"2","0","0","0",50,50,100,"0.153","0.195","0.149",0
"Kingham, Nolan",663884,"TEX","SL","Slider",11.1,0,"4",18.2,"2","0","0","0",50,50,100,"0.115","0.14","0.111",0
"Montgomery, Jordan",656756,"TEX","SL","Slider",3.7,0,"9",11.4,"2","0","0","0",0,0,0,"0.181","0.203","0.165",0
"Gonzales, Marco",594835,"TEX","SI","Sinker",9.9,0,"5",4.3,"2","0","0","0.35",0,0,,"0.026","0.035","0.364",0
"Cuas, Jose",621016,"KC","FC","Cutter",-0.2,0,"17",8.1,"2","0","0","0.35",25,0,0,"0.466","0.512","0.567",0
"Seymour, Ian",693855,"TB","FC","Cutter",-12.7,-1,"11",0.8,"2","1","2","1.25",16.7,0,0,"0.504","1.094","0.662",100
"Cook, Alex",702047,"TB","SL","Slider",-3.1,0,"11",15.3,"2","0.5","0.5","0.45",25,0,0,"0.23","0.306","0.218",0
"Way, Beck",694360,"KC","CH","Changeup",3.1,0,"13",3.3,"2","0","0","0",40,50,20,"0.152","0.153","0.137",0
"Heasley, Jonathan",669169,"TB","CU","Curveball",-14.5,-1,"6",9.4,"2","1","1","0.9",0,0,0,"0.452","0.548","0.434",50
"Solesky, Chase",686678,"TB","FC","Cutter",-13.5,-1,"9",15.5,"2","0.5","2","1",20,0,,"0.584","1.669","0.943",50
"McGee, Easton",668834,"KC","CH","Changeup",-7.4,0,"5",4.2,"2","0.5","1","0.625",0,0,,"0.213","0.299","0.227",0
"Roycroft, Chris",688297,"TB","ST","Sweeper",-27.7,-4,"16",4.3,"2","1","4","2",40,0,0,"0.79","3.12","1.598",100
"Solesky, Chase",686678,"TB","FF","4-Seam Fastball",5.8,0,"6",10.3,"2","0","0","0",33.3,50,33.3,"0.033","0.103","0.056",0
"Seymour, Ian",693855,"TB","CU","Curveball",-2.8,0,"14",1,"2","0","0","0.35",50,0,0,"0.886","1.183","0.791",100
"Grove, Michael",675627,"TB","CU","Curveball",8,1,"7",7.9,"2","0","0","0",50,50,100,"0.019","0.019","0.018",0
"Spence, Mitch",687765,"KC","CH","Changeup",-4.2,-1,"17",8.5,"2","0.5","0.5","0.45",0,0,0,"0.248","0.269","0.228",100
"Richardson, Lyon",680689,"MIL","ST","Sweeper",19.2,0,"2",2.9,"2","0","0","0",0,0,0,"0.124","0.139","0.113",0
"Cuas, Jose",621016,"KC","CH","Changeup",-61.2,-1,"2",1,"2","1","1.5","1.075",0,0,0,"0.802","0.934","0.759",100
"Rom, Drew",680723,"ATH","FS","Split-Finger",-7.3,0,"6",4.8,"2","0.5","1","0.625",0,0,,"0.467","1.161","0.679",50
"Casparius, Ben",676508,"LAD","FC","Cutter",2.9,0,"13",13.1,"2","0","0","0.35",42.9,0,0,"0.026","0.04","0.362",0
"Mautz, Brycen",802408,"STL","SI","Sinker",-0.1,0,"10",16.9,"2","0.5","0.5","0.45",0,0,,"0.321","0.391","0.305",0
"Irvin, Cole",608344,"LAD","SV","Slurve",5.8,0,"7",6.9,"2","0","0","0",20,50,25,"0.09","0.091","0.081",0
"Pushard, Matt",690155,"STL","CU","Curveball",-2.2,0,"15",12.5,"2","0.5","0.5","0.45",33.3,50,16.7,"0.162","0.296","0.19",100
"Eder, Jake",671109,"LAD","SL","Slider",-2.3,0,"19",33.9,"2","0.5","1","0.625",18.2,0,0,"0.619","1.148","0.746",100
"Svanson, Matt",694335,"STL","FF","4-Seam Fastball",-3.8,0,"9",1.1,"2","0","0","0.35",0,0,0,"0.011","0.021","0.357",0
"Soroka, Michael",647336,"AZ","ST","Sweeper",1.9,0,"10",0.7,"2","0","0","0",25,50,11.1,"0.056","0.208","0.11",100
"Pannone, Thomas",623381,"MIL","CH","Changeup",-18.1,-1,"6",10.7,"2","1","4","1.35",0,0,0,"0.754","2.476","1.015",100
"Harris, Hogan",663687,"ATH","FC","Cutter",-2.3,0,"14",1.4,"2","0.5","0.5","0.45",0,0,,"0.339","0.382","0.316",50
"Vargas, Ildemaro",545121,"AZ","CU","Curveball",-4.4,0,"6",15,"2","0","0","0.35",0,0,0,"0.009","0.02","0.357",100
"Bowden, Ben",641386,"ATH","CH","Changeup",-5.1,0,"9",22.5,"2","0.5","0.5","0.45",0,0,0,"0.52","0.547","0.472",50
"Santos, Gregory",666619,"SF","CH","Changeup",-69.3,-1,"2",2.3,"2","1","1.5","1.075",0,0,0,"0.396","0.473","0.381",50
"Basso, Brady",669620,"ATH","SI","Sinker",-0.1,0,"19",6.4,"2","0.5","0.5","0.45",12.5,0,0,"0.182","0.261","0.189",50
"McDonald, Trevor",686790,"SF","FC","Cutter",-2.3,0,"9",0.8,"2","0.5","0.5","0.45",40,0,0,"0.499","0.573","0.468",0
"Sanmartin, Reiver",665665,"SF","FF","4-Seam Fastball",-15.3,-2,"12",10.3,"2","1","2.5","1.45",25,0,0,"0.837","2.061","1.207",100
"Estes, Joey",683155,"ATH","CH","Changeup",-9.7,0,"4",5.6,"2","0.5","0.5","0.45",0,0,,"0.377","0.412","0.341",0
"Ramos, Wilkin",678576,"SF","CU","Curveball",-4.1,0,"9",14.8,"2","0.5","1","0.625",33.3,0,0,"0.541","0.7","0.536",50
"Suarez, José",660761,"ATH","FC","Cutter",-11.9,-1,"7",0.7,"2","1","2","1.25",0,0,,"0.574","0.671","0.552",50
"Harris, Trent",805345,"SF","ST","Sweeper",-13.5,-1,"4",28.6,"2","0.5","1","0.625",0,0,0,"0.436","0.632","0.456",50
"Parker, Mitchell",680730,"WSH","FS","Split-Finger",4.9,0,"4",0.6,"2","0","0","0",100,100,50,,,"0",
"Santos, Gregory",666619,"SF","FF","4-Seam Fastball",-4.3,0,"11",12.8,"2","0","0","0.8",0,0,0,"0.338","0.355","0.502",100
"Smith, Dylan",681916,"SF","CU","Curveball",1,0,"26",6.4,"2","0","0","0.35",0,0,0,"0.54","0.779","0.629",100
"Bivens, Spencer",702352,"SF","ST","Sweeper",1.4,0,"11",24.4,"2","0","0","0",25,50,14.3,"0.025","0.064","0.037",0
"Tidwell, Blade",694918,"SF","CH","Changeup",0.2,0,"18",4.8,"2","0","0","0",0,0,0,"0.099","0.105","0.091",0
"Buttó, José",676130,"SF","CH","Changeup",-1.7,0,"8",12.7,"2","0","0","0.35",100,50,100,,,"0.35",
"Criswell, Cooper",681867,"SEA","SV","Slurve",-5.7,0,"4",0.9,"2","0.5","0.5","0.45",0,0,0,"0.233","0.282","0.226",50
"Kirby, George",669923,"SEA","FS","Split-Finger",-10.1,-1,"5",0.2,"2","0.5","0.5","0.45",0,0,0,"0.553","0.633","0.522",50
"Robles, Victor",645302,"SEA","FF","4-Seam Fastball",-8.8,-1,"11",42.3,"2","1","1","0.9",0,0,0,"0.678","0.837","0.662",50
"Gerber, Joey",680702,"NYM","CH","Changeup",25.6,1,"2",1.6,"2","0","0","0",50,50,50,"0.095","0.11","0.086",0
"Herget, Kevin",643361,"NYM","FC","Cutter",11.9,0,"3",27.3,"2","0","0","0",0,0,0,"0.151","0.201","0.151",50
"Warren, Austin",681810,"NYM","FC","Cutter",3.9,0,"9",1.4,"2","0","0","0",40,0,0,"0.273","0.29","0.25",50
"Weisenburger, Jack",674073,"NYM","SI","Sinker",5.7,1,"10",22.7,"2","0","0","0",0,0,0,"0.146","0.184","0.148",50
"Pannone, Thomas",623381,"MIL","FF","4-Seam Fastball",-8.8,0,"4",7.1,"2","0.5","0.5","0.45",0,0,0,"0.29","0.333","0.269",0
"Sánchez, Gary",596142,"MIL","SL","Slider",2.3,0,"5",27.8,"2","0.5","0.5","0.45",0,0,,"0.375","0.407","0.342",50
"Sears, JP",676664,"SD","FC","Cutter",-17.5,-2,"9",1.7,"2","1","3","1.625",25,0,,"0.504","1.163","0.702",100
"Klassen, George",691946,"LAA","CU","Curveball",-1.9,0,"18",5.7,"2","0.5","0.5","0.45",33.3,50,33.3,"0.466","0.58","0.453",100
"Weisenburger, Jack",674073,"NYM","FC","Cutter",1,0,"5",11.4,"2","0.5","0.5","0.45",0,0,0,"0.442","0.629","0.457",50
"Warren, Austin",681810,"NYM","CH","Changeup",-4.6,0,"6",0.9,"2","0.5","0.5","0.45",33.3,0,0,"0.506","0.638","0.493",50
"Tong, Jonah",804636,"NYM","CU","Curveball",-3.6,0,"12",6.4,"2","0.5","0.5","0.45",0,0,0,"0.178","0.192","0.164",50
"Weisenburger, Jack",674073,"NYM","FF","4-Seam Fastball",-5.8,-1,"10",22.7,"2","0.5","1","0.625",25,50,16.7,"0.222","0.257","0.213",0
"Estes, Joey",683155,"ATH","FC","Cutter",0.4,0,"15",21.1,"2","0","0","0.35",40,0,0,"0.52","0.573","0.591",0
"Yates, Kirby",489446,"PIT","ST","Sweeper",-12.2,-1,"10",1.8,"2","0.5","2","1",0,50,16.7,"0.377","1.238","0.665",100
"Brito, Jhony",666745,"SD","FF","4-Seam Fastball",-0.7,0,"7",9,"2","0","0","0.35",0,0,0,"0.254","0.953","0.601",100
"Miller, Mason",695243,"SD","CH","Changeup",0.6,0,"19",2.3,"2","0","0","0",16.7,50,25,"0.079","0.096","0.073",0
"Pivetta, Nick",601713,"SD","SI","Sinker",14.7,1,"4",1.4,"2","0","0","0",0,0,0,"0.048","0.056","0.043",0
"Kelly, Antoine",681520,"CHC","SL","Slider",5.4,0,"7",38.9,"2","0","0","0",20,50,25,"0.325","0.367","0.307",100
"Ríos, Yacksel",605441,"CHC","SI","Sinker",9.1,0,"5",38.5,"2","0","0","0",33.3,50,100,"0.17","0.207","0.165",0
"Martin, Corbin",656686,"CHC","SI","Sinker",11,0,"4",3.6,"2","0","0","0",0,0,,"0.51","0.605","0.483",50
"Ríos, Yacksel",605441,"CHC","FF","4-Seam Fastball",12.4,1,"5",38.5,"2","0","0","0",0,0,0,"0.692","0.867","0.672",50
"Woodford, Jake",663765,"CHC","CU","Curveball",10.4,0,"4",0.9,"2","0","0","0",50,50,33.3,"0.26","0.292","0.246",0
"Woodford, Jake",663765,"CHC","SL","Slider",-0.5,0,"7",1.5,"2","0","0","0.35",0,0,0,"0.02","0.027","0.36",100
"Woodford, Jake",663765,"CHC","FF","4-Seam Fastball",12.4,0,"4",0.9,"2","0","0","0",50,50,25,"0.043","0.047","0.04",0
"Blach, Ty",621389,"CHC","FC","Cutter",4.8,0,"8",26.7,"2","0","0","0",50,50,25,"0.276","0.344","0.259",0
"Martin, Corbin",656686,"CHC","CH","Changeup",3.3,0,"8",7.2,"2","0","0","0",33.3,0,0,"0.678","1.264","0.826",100
"Gilbert, Tyler",656457,"CWS","FF","4-Seam Fastball",7.2,1,"7",7.4,"2","0","0","0",0,0,0,"0.132","0.166","0.128",0
"Leasure, Jordan",673929,"CWS","FS","Split-Finger",2.9,0,"9",2.9,"2","0","0","0",50,50,25,"0.062","0.062","0.056",0
"Eflin, Zach",621107,"BAL","CU","Curveball",1.2,0,"16",21.6,"1","0","0","0",50,100,14.3,,,"0",
"Weston, Cameron",687721,"BAL","ST","Sweeper",3.5,0,"6",35.3,"1","0","0","0",25,100,25,,,"0",
"Javier, Cristian",664299,"HOU","CU","Curveball",-4.3,-1,"13",2.3,"1",,,"0.7",33.3,0,0,,,"0.7",
"Ullola, Miguel",699044,"HOU","CU","Curveball",5.5,0,"3",3.9,"1","0","0","0",50,100,50,,,"0",
"Imai, Tatsuya",837227,"HOU","FS","Split-Finger",-2.6,-1,"42",3.4,"1","0","0","0",75,100,20,,,"0",
"VanWey, Logan",701121,"HOU","CH","Changeup",-1.5,0,"8",10,"1","0","0","0",50,100,25,,,"0",
"Imai, Tatsuya",837227,"HOU","CU","Curveball",5,0,"6",0.5,"1","0","0","0",0,0,,"0.29","0.311","0.272",100
"Gordon, Colton",676467,"HOU","CU","Curveball",7.3,0,"6",3,"1","0","0","0",0,0,,"0.371","0.779","0.483",100
"Abreu, Bryan",650556,"HOU","CH","Changeup",31.1,0,"1",0.1,"1","0","0","0",0,0,,"0.623","0.703","0.579",100
"VanWey, Logan",701121,"HOU","SI","Sinker",6.5,0,"3",3.8,"1","0","0","0",0,0,,"0.249","0.334","0.239",0
"Teodo, Emiliano",693713,"TEX","CH","Changeup",-18.8,-1,"3",7,"1","1","2","1.25",33.3,0,0,"0.384","0.441","0.362",0
"Little, Luke",681432,"CHC","ST","Sweeper",6.5,0,"4",21.1,"1","0","0","0",50,100,50,,,"0",
"Durán, Rodolfo",660710,"SD","CU","Curveball",-63.2,-1,"1",2.2,"1","1","2","1.25",0,0,0,"0.537","1.076","0.673",100
"Ríos, Yacksel",605441,"CHC","FS","Split-Finger",7.5,0,"2",15.4,"1","0","0","0",100,100,100,,,"0",
"Blubaugh, AJ",805123,"HOU","CU","Curveball",-8.7,-1,"14",1.1,"1","1","4","2",20,0,0,"0.663","2.439","1.265",100
"Vaughn, Andrew",683734,"MIL","SL","Slider",-18.6,-1,"4",13.8,"1","1","1",,0,0,0,,,,0
"Lucchesi, Joey",664192,"LAA","FS","Split-Finger",0.8,0,"8",7.2,"1","0","0","0",50,100,25,,,"0",
"Rashi, Taylor",688497,"AZ","CU","Curveball",2.3,0,"8",17.8,"1","0","0","0",50,100,33.3,,,"0",
"VanWey, Logan",701121,"HOU","FC","Cutter",-9.5,-1,"6",7.5,"1","1","1","0.9",0,0,,"0.571","0.638","0.529",100
"Kelly, Antoine",681520,"CHC","SI","Sinker",-3.9,0,"9",50,"1",,,"0.7",0,0,0,,,"0.7",
"Sousa, Bennett",656986,"HOU","SI","Sinker",-6,0,"8",4,"1","1","1","0.9",20,0,0,"0.957","1.019","0.873",0
"Watson, Ryan",670245,"LAA","FS","Split-Finger",-0.9,0,"10",1.1,"1","0","0","0",66.7,0,0,"0.032","0.032","0.029",0
"Kingham, Nolan",663884,"TEX","SI","Sinker",-13.6,0,"3",13.6,"1","1","1","0.9",33.3,0,0,"0.226","0.246","0.203",0
"Velasquez, Vince",592826,"CHC","CH","Changeup",10.4,0,"2",4.7,"1","0","0","0",50,100,100,,,"0",
"Martin, Corbin",656686,"CHC","SL","Slider",2.8,0,"3",2.7,"1","0","0","0",0,0,0,"0.006","0.008","0.007",0
"Harris, Trent",805345,"SF","FC","Cutter",-9.6,0,"5",35.7,"1","1","1","0.9",0,0,0,"0.374","0.432","0.354",0
"Bivens, Spencer",702352,"SF","CH","Changeup",-37.4,-1,"2",4.4,"1","1","1","0.9",0,0,0,"0.183","0.206","0.166",0
"Bradford, Cody",674003,"TEX","CU","Curveball",2.9,0,"11",7.6,"1","0","0","0",0,0,,"0.494","1.955","1.011",100
"Bivens, Spencer",702352,"SF","FF","4-Seam Fastball",-41.3,0,"1",2.2,"1","1","1","0.9",0,0,,"0.594","0.669","0.554",100
"Weiman, Blake",676620,"LAA","CH","Changeup",3.4,0,"4",5.6,"1","0","0","0",0,0,0,"0.229","0.25","0.218",100
"Tidwell, Blade",694918,"SF","CU","Curveball",1.7,0,"4",1.1,"1","0","0","0",0,0,0,"0.121","0.144","0.113",0
"Murphy, Luke",684665,"LAA","CH","Changeup",-6.5,-1,"9",9,"1","1","1","0.9",0,0,0,"0.84","1.024","0.816",100
"Rocker, Kumar",677958,"TEX","FS","Split-Finger",-3.1,0,"14",0.8,"1",,,"0.7",25,0,0,,,"0.7",
"Fedde, Erick",607200,"CWS","FF","4-Seam Fastball",-2.3,-1,"24",1.3,"1","0","0","0",0,0,0,"0.169","0.63","0.333",100
"Baumler, Carter",691945,"TEX","SI","Sinker",-2.1,0,"8",6.8,"1",,,"0.7",0,0,0,,,"0.7",
"Rock, Joe",697812,"CWS","CH","Changeup",-0.4,0,"7",3.6,"1","0","0","0",0,0,0,"0.006","0.011","0.007",0
"Davitt, Duncan",701474,"CWS","ST","Sweeper",5.9,0,"3",10.7,"1","0","0","0",0,0,0,"0.451","1.437","0.78",100
"Sims, Lucas",608371,"CWS","SI","Sinker",32.6,0,"1",0.6,"1","0","0","0",0,0,,"0.046","0.05","0.041",0
"Falter, Bailey",663559,"KC","SI","Sinker",-12.1,0,"4",2.2,"1",,,"0.7",100,0,0,,,"0.7",
"Taylor, Grant",691799,"CWS","FC","Cutter",-15.3,-1,"4",0.4,"1","1","1","0.9",0,0,0,"0.62","0.705","0.558",0
"Rojas, Josh",668942,"KC","CU","Curveball",4.2,0,"6",46.2,"1","0","0","0",0,0,0,"0.146","0.173","0.135",0
"Kahnle, Tommy",592454,"BOS","SL","Slider",-4.3,0,"11",6.5,"1","1","1","0.9",0,0,0,"0.204","0.205","0.184",0
"Kerry, Brett",695049,"LAA","ST","Sweeper",-24,-1,"3",1.4,"1","1","2","1.25",0,0,0,"0.571","0.621","0.525",0
"Paez, Jedixson",699151,"CWS","FC","Cutter",1.4,0,"11",16.9,"1","0","0","0",0,0,,"0.003","0.003","0.003",0
"Nikhazy, Doug",680951,"CWS","SL","Slider",-16.9,-1,"3",7.7,"1",,,"0.7",,0,0,,,"0.7",
"Snelling, Robby",702281,"MIA","CH","Changeup",-1.1,0,"14",16.3,"1",,,"0.7",37.5,0,0,,,"0.7",
"Ekness, Josh",694795,"MIA","SI","Sinker",0.8,0,"14",9.2,"1","0","0","0",25,0,0,"0.182","0.203","0.164",0
"Bachman, Sam",696147,"LAA","ST","Sweeper",-28.3,-1,"4",0.5,"1","1","4","2",50,0,,"0.28","0.793","0.451",100
"Kempner, William",687531,"MIA","CH","Changeup",5.4,0,"5",2.5,"1","0","0","0",0,0,,"0.266","0.282","0.239",100
"Kelly, Antoine",681520,"CHC","FF","4-Seam Fastball",20.5,0,"2",11.1,"1","0","0","0",0,0,,"0.54","0.611","0.503",100
"Estévez, Carlos",608032,"KC","SL","Slider",-0.2,0,"6",22.2,"1","0","0","0",0,0,0,"0.006","0.006","0.005",0
"Estévez, Carlos",608032,"KC","CH","Changeup",-9.3,-1,"6",22.2,"1","1","1","0.9",0,0,,"0.729","0.855","0.708",100
"Clarke, Taylor",664199,"AZ","FF","4-Seam Fastball",-2.3,0,"12",1.6,"1","1","1","0.9",0,0,0,"0.083","0.097","0.082",0
"Schweitzer, Tyler",805326,"CWS","SI","Sinker",-5.2,0,"5",1.4,"1",,,"0.7",100,0,,,,"0.7",
"Snelling, Robby",702281,"MIA","SI","Sinker",3.6,0,"7",8.1,"1","0","0","0",33.3,0,0,"0.146","0.173","0.137",0
"Cannon, Jonathan",686563,"CWS","ST","Sweeper",-6.2,0,"3",21.4,"1",,,"0.7",,0,,,,"0.7",
"Bivens, Spencer",702352,"SF","FC","Cutter",-5.2,0,"4",8.9,"1",,,"0.7",33.3,0,0,,,"0.7",
"Krook, Matt",640454,"WSH","FC","Cutter",-5.2,0,"7",3.9,"1","1","1","0.9",25,0,0,"0.963","1.087","0.905",0
"Simpson, Josh",681006,"SEA","FF","4-Seam Fastball",-15.3,-1,"6",5,"1","1","2","1.25",25,0,0,"0.311","0.681","0.413",100
"Skenes, Paul",694973,"PIT","CU","Curveball",1.3,0,"10",0.4,"1","0","0","0",20,0,0,"0.151","0.17","0.141",0
"Boyd, Matthew",571510,"CHC","SI","Sinker",5.3,0,"5",0.4,"1","0","0","0",0,0,0,"0.134","0.145","0.123",0
"Wicks, Jordan",696136,"CHC","CU","Curveball",4,0,"8",4.4,"1","0","0","0",0,0,0,"0.249","0.28","0.238",100
"Wantz, Andrew",681806,"CHC","CH","Changeup",5.9,0,"3",3.7,"1","0","0","0",0,0,0,"0.926","1.122","0.889",100
"Pivetta, Nick",601713,"SD","SL","Slider",10.4,0,"2",0.7,"1","0","0","0",100,100,50,,,"0",
"Holmes, Clay",605280,"CHC","FF","4-Seam Fastball",-14.7,0,"3",0.3,"1","1","1","0.9",0,0,0,"0.637","0.65","0.573",0
"Brooks, Aaron",605156,"TB","FF","4-Seam Fastball",-17.7,-1,"5",29.4,"1","1","4","2",0,0,0,"0.374","1.108","0.61",100
"Rolison, Ryan",669020,"CHC","CH","Changeup",-3.2,0,"9",1.3,"1","1","1","0.9",0,0,0,"0.486","0.554","0.45",100
"Horton, Cade",690990,"CHC","CU","Curveball",-8,-1,"9",9.8,"1","1","1","0.9",0,0,0,"0.637","0.716","0.591",100
"Jacob, Alek",689690,"SD","ST","Sweeper",7.1,0,"3",3.4,"1","0","0","0",0,0,0,"0.045","0.045","0.04",0
"La Sorsa, Joe",686747,"BOS","SI","Sinker",-85,-2,"2",25,"1","1","4","2",0,0,,"0.8","3.089","1.594",100
"Yean, Eddy",678868,"WSH","SL","Slider",-6.7,-1,"14",10,"1","1","2","1.25",0,0,0,"0.341","0.392","0.307",0
"Smith-Shawver, AJ",700363,"ATL","SI","Sinker",-29.3,-1,"3",4.3,"1","1","2","1.25",0,0,,"0.706","1.309","0.842",100
"Brooks, Aaron",605156,"TB","CH","Changeup",28.8,0,"1",5.9,"1","0","0","0",0,0,,"0.003","0.004","0.003",0
"Devenski, Chris",606965,"PIT","SI","Sinker",-33,-1,"2",5.1,"1","1","1","0.9",0,0,,"0.871","1.25","0.911",100
"Brooks, Aaron",605156,"TB","SL","Slider",-11.5,0,"4",23.5,"1",,,"0.7",,0,0,,,"0.7",
"Brooks, Aaron",605156,"TB","SI","Sinker",-2.9,0,"7",41.2,"1",,,"0.7",50,0,,,,"0.7",
"Kent, Zak",687849,"WSH","SI","Sinker",-24,-1,"4",1.5,"1","1","2","1.25",0,0,0,"0.76","2.712","1.419",100
"Kuhnel, Joel",669270,"MIL","SL","Slider",0.5,0,"8",1.4,"1","0","0","0",33.3,100,16.7,,,"0",
"Hall, DL",669084,"MIL","FC","Cutter",-10.3,0,"3",0.5,"1",,,"0.7",,0,,,,"0.7",
"Velasquez, Vince",592826,"CHC","SL","Slider",-15.3,-1,"4",9.3,"1","1","2","1.25",33.3,0,0,"0.434","0.439","0.391",0
"Mahle, Tyler",641816,"ATL","SI","Sinker",-1.5,0,"17",1,"1","1","1","0.9",28.6,0,0,"0.281","0.306","0.259",100
"Rodriguez, Carlos",692230,"MIL","CU","Curveball",-21.2,0,"2",1.1,"1",,,"0.7",,0,0,,,"0.7",
"Brzykcy, Zach",694350,"MIA","CH","Changeup",-5.1,0,"7",14.6,"1","1","1","0.9",33.3,0,0,"0.449","0.504","0.414",0
"Brito, Jhony",666745,"SD","SL","Slider",4.1,1,"13",16.7,"1","0","0","0",40,0,,"0.006","0.009","0.008",0
"Payamps, Joel",606303,"ATL","FC","Cutter",-50.8,-1,"1",0.7,"1","1","1","0.9",0,0,,"0.74","0.895","0.721",100
"Zuñiga, Guillo",670871,"NYM","CH","Changeup",12.2,0,"2",11.1,"1","0","0","0",50,100,50,,,"0",
"Smith-Shawver, AJ",700363,"ATL","CU","Curveball",3.2,0,"5",7.2,"1",,,"0",0,0,,,,"0.38",100
"Muñoz, Rolddy",691548,"ATL","FF","4-Seam Fastball",4,0,"3",6.1,"1","0","0","0",,100,33.3,,,"0",
"Uberstine, Tyler",700413,"BOS","CH","Changeup",4.1,0,"5",11.1,"1","0","0","0",0,0,0,"0.121","0.142","0.109",0
"Lowder, Rhett",695076,"CIN","ST","Sweeper",5.9,0,"2",0.1,"1","0","0","0",100,100,100,,,"0",
"Lavender, Nate",681320,"NYM","ST","Sweeper",3.4,0,"5",9.6,"1","0","0","0",33.3,100,33.3,,,"0",
"Tur, Yunior",814305,"ATH","ST","Sweeper",-65.8,-1,"2",1.7,"1","1","4","2",0,0,,"0.889","3.417","1.754",100
"Marte, Yunior",628708,"CIN","SI","Sinker",-12.7,0,"3",14.3,"1",,,"0.7",50,0,0,,,"0.7",
"Samaniego, Tyler",701719,"BOS","CH","Changeup",1.5,0,"19",6.1,"1","0","0","0",16.7,0,0,"0.059","0.061","0.053",0
"Casparius, Ben",676508,"LAD","CH","Changeup",6.8,0,"2",2,"1","0","0","0",,100,100,,,"0",
"Lavender, Nate",681320,"NYM","CH","Changeup",7.9,0,"4",7.7,"1","0","0","0",50,100,100,,,"0",
"Crochet, Garrett",676979,"BOS","CH","Changeup",0.9,0,"22",4.2,"1","0","0","0",62.5,100,20,,,"0",
"Uberstine, Tyler",700413,"BOS","FC","Cutter",-0.8,0,"9",20,"1",,,"0.7",25,0,,,,"0.7",
"Rogers, Jake",668670,"BOS","KN","Knuckleball",23.2,0,"1",2.3,"1","0","0","0",100,100,100,,,"0",
"Uribe, Abner",682842,"MIL","FF","4-Seam Fastball",16.4,0,"1",0.1,"1","0","0","0",0,0,0,"0.323","0.355","0.299",0
"Gamboa, Alec",687941,"BOS","CH","Changeup",1.2,0,"5",2.5,"1","0","0","0",50,100,33.3,,,"0",
"La Sorsa, Joe",686747,"BOS","FF","4-Seam Fastball",18.4,0,"2",25,"1","0","0","0",,100,100,,,"0",
"Higgins, P.J.",664731,"CIN","SL","Slider",24.4,0,"1",10,"1","0","0","0",0,0,,"0.066","0.11","0.081",0
"Nicolas, Kyle",693312,"CIN","SI","Sinker",-11.9,0,"4",2,"1","1","1","0.9",0,0,0,"0.823","0.905","0.765",0
"Joyce, Ben",690829,"LAA","SL","Slider",3.5,0,"6",10.3,"1","0","0","0",33.3,0,0,"0.034","0.036","0.031",0
"Woodruff, Brandon",605540,"MIL","ST","Sweeper",6.1,0,"5",0.8,"1","0","0","0",0,0,0,"0.089","0.319","0.166",100
"Stallings, Garrett",668831,"MIL","FF","4-Seam Fastball",7.7,0,"2",1.6,"1","0","0","0",0,0,0,"0.376","0.391","0.358",100
"Gaddis, Hunter",683769,"CLE","FS","Split-Finger",-0.1,0,"7",1,"1","0","0","0",100,100,50,,,"0",
"Zimmermann, Bruce",669145,"STL","FF","4-Seam Fastball",-7.9,-1,"8",11.1,"1","1","2","1.25",0,0,0,"0.703","1.072","0.75",100
"Yoho, Craig",684974,"CLE","ST","Sweeper",-28.9,-1,"2",0.5,"1",,,"0.7",,0,0,,,"0.7",
"Keller, Brian",662144,"PHI","SI","Sinker",-49.7,-2,"5",12.8,"1","1","4","2",0,0,,"0.931","3.616","1.86",100
"Pallette, Peyton",688883,"CLE","CH","Changeup",-1.2,0,"6",1.4,"1","0","0","0",0,0,0,"0.122","0.157","0.117",0
"Holderman, Colin",670059,"CLE","FC","Cutter",-108.5,-1,"1",0.1,"1","1","4","2",0,0,0,"0.897","3.405","1.763",100
"Hoffman, Nolan",676510,"PHI","ST","Sweeper",-0.2,0,"11",13.4,"1",,,"0",80,0,0,,,"0.014",0
"McFarlane, Alex",686934,"PHI","ST","Sweeper",2.6,0,"7",18.4,"1","0","0","0",33.3,0,0,"0.155","0.155","0.14",0
"McFarlane, Alex",686934,"PHI","SL","Slider",4,0,"6",15.8,"1","0","0","0",50,0,0,"0.204","0.217","0.186",100
"Keller, Brian",662144,"PHI","FF","4-Seam Fastball",2.1,0,"11",28.2,"1","0","0","0",16.7,100,14.3,,,"0",
"Moore, Dylan",664238,"PHI","SL","Slider",-8.2,0,"3",15,"1",,,"0.7",,0,,,,"0.7",
"Frazier, Adam",624428,"LAA","CU","Curveball",4.2,0,"4",8.9,"1","0","0","0",0,0,0,"0.523","0.583","0.492",0
"Knack, Landon",689017,"LAD","CU","Curveball",0.7,0,"17",13.5,"1",,,"0",33.3,0,0,,,"0.468",100
"Wantz, Andrew",681806,"CHC","CU","Curveball",6.2,0,"3",3.7,"1","0","0","0",50,0,0,"0.047","0.047","0.042",0
"Gonzalez, Domingo",682445,"SEA","CH","Changeup",13.8,0,"2",1.6,"1","0","0","0",0,0,,"0.011","0.012","0.01",0
"Peralta, Sammy",671111,"COL","FF","4-Seam Fastball",4.3,0,"4",8.2,"1","0","0","0",0,100,50,,,"0",
"Bellozo, Valente",678368,"COL","CU","Curveball",-0.4,0,"8",4.7,"1","0","0","0",100,100,50,,,"0",
"Liberatore, Matthew",669461,"STL","ST","Sweeper",-22.7,0,"2",0.1,"1","1","1","0.9",0,0,0,"0.223","0.272","0.218",0
"Herrera, Welinton",700327,"COL","CH","Changeup",1.1,0,"7",15.6,"1","0","0","0",50,100,50,,,"0",
"Romano, Jordan",605447,"COL","FS","Split-Finger",1.5,0,"9",2.2,"1","0","0","0",100,100,25,,,"0",
"Frasso, Nick",693308,"COL","SL","Slider",2.3,0,"7",12.7,"1","0","0","0",50,0,0,"0.039","0.041","0.035",0
"Thompson, Keegan",624522,"COL","CH","Changeup",0.5,0,"13",6.7,"1","0","0","0",0,0,0,"0.079","0.083","0.071",0
"Brebbia, John",605154,"COL","CH","Changeup",2,0,"7",7.4,"1","0","0","0",33.3,0,0,"0.049","0.089","0.055",0
"Brash, Matt",666374,"SEA","FF","4-Seam Fastball",1.8,0,"16",6.1,"1","0","0","0",0,0,0,"0.089","0.106","0.08",0
"Bernardino, Brennan",657514,"COL","ST","Sweeper",3,0,"9",1.1,"1","0","0","0",20,0,0,"0.371","0.39","0.334",0
"Liberatore, Matthew",669461,"STL","FS","Split-Finger",-1.1,0,"9",0.5,"1","0","0","0",0,0,0,"0.497","0.587","0.482",0
"Rajcic, Max",691008,"STL","SL","Slider",8.2,0,"5",3.1,"1","0","0","0",0,0,,"0.073","0.074","0.067",0
"Mushinski, Parker",656786,"COL","CH","Changeup",5,0,"4",4.5,"1","0","0","0",0,0,0,"0.121","0.139","0.111",100
"Domínguez, Seranthony",622554,"SEA","CU","Curveball",1.2,0,"15",1.9,"1","0","0","0",66.7,0,0,"0.261","0.292","0.245",0
"Rucker, Michael",621074,"SEA","CH","Changeup",4.1,0,"3",0.7,"1","0","0","0",0,0,,"0.187","0.187","0.168",0
"Frasso, Nick",693308,"COL","FC","Cutter",-25.4,-1,"3",5.5,"1","1","1","0.9",0,0,,"0.142","0.155","0.128",100
"Voth, Austin",608723,"MIN","FS","Split-Finger",-35.6,-3,"8",3.7,"1","1","4","2",0,0,0,"0.583","2.303","1.183",100
"Natera Jr., Samy",696519,"LAA","FS","Split-Finger",-0.6,0,"5",1.1,"1","0","0","0",50,100,33.3,,,"0",
"Sewald, Paul",623149,"AZ","FC","Cutter",2.8,0,"5",0.8,"1","0","0","0",0,0,,"0.003","0.003","0.003",0
"Klein, John",804619,"MIN","FC","Cutter",5.5,0,"9",11,"1","0","0","0",0,0,0,"0.011","0.028","0.018",0
"Klein, John",804619,"MIN","CU","Curveball",2.5,0,"6",7.3,"1","0","0","0",0,0,0,"0.146","0.173","0.135",0
"Kremer, Dean",665152,"MIN","SL","Slider",-1.1,0,"14",1.8,"1","0","0","0",33.3,100,11.1,,,"0",
"Strowd, Kade",669704,"AZ","CU","Curveball",2.9,0,"6",18.8,"1","0","0","0",0,0,0,"0.669","0.772","0.628",100
"Hoppe, Alex",695380,"BAL","CH","Changeup",-7.4,0,"6",1.2,"1","1","1","0.9",0,0,,"0.949","1.076","0.876",0
"McCann, James",543510,"AZ","CU","Curveball",22.6,0,"1",1.8,"1","0","0","0",0,0,0,"0.169","0.643","0.33",100
"Bazardo, Eduard",660825,"SEA","FF","4-Seam Fastball",3.7,0,"4",0.5,"1","0","0","0",0,0,0,"0.011","0.02","0.015",0
"Zerpa, Angel",672582,"MIL","CH","Changeup",-19.8,-3,"13",6,"1","1","4","2",20,0,0,"0.803","3.176","1.64",100
"Richardson, Lyon",680689,"MIL","FF","4-Seam Fastball",-17.4,-1,"8",11.8,"1","1","4","2",0,0,,"0.923","3.622","1.857",100
"Sanders, Cam",676742,"BAL","SI","Sinker",-4.1,-1,"13",4.5,"1","1","1","0.9",33.3,0,,"0.204","0.22","0.184",0
"Harris, Hogan",663687,"ATH","SV","Slurve",-18.5,-1,"4",0.4,"1","1","1","0.9",0,0,0,"0.469","0.626","0.452",100
"Strzelecki, Peter",657265,"STL","ST","Sweeper",6.9,0,"3",2.8,"1","0","0","0",0,0,,"0.006","0.007","0.005",0
"Mautz, Brycen",802408,"STL","CU","Curveball",1,0,"13",22,"1","0","0","0",0,0,0,"0.266","0.72","0.399",100
"Jobe, Jackson",695549,"DET","CU","Curveball",0.3,0,"7",9.9,"1","0","0","0",,100,50,,,"0",
"Jobe, Jackson",695549,"DET","SI","Sinker",2.3,0,"9",12.7,"1","0","0","0",20,0,0,"0.076","0.089","0.074",0
"Verlander, Justin",434378,"DET","CH","Changeup",4.5,0,"8",10,"1","0","0","0",0,0,0,"0.02","0.063","0.031",0
"Strzelecki, Peter",657265,"STL","CH","Changeup",0.6,0,"12",11.2,"1","0","0","0",50,100,25,,,"0",
"Beck, Brendan",694341,"NYY","SI","Sinker",1.2,0,"7",5,"1","0","0","0",50,0,0,"0.494","0.533","0.453",100
"Yan, Jefry",642376,"NYM","FF","4-Seam Fastball",7,0,"3",4.3,"1","0","0","0",0,0,,"0.36","0.759","0.464",100
"O'Brien, Riley",676617,"STL","CH","Changeup",-4.8,0,"7",0.9,"1",,,"0.7",100,0,0,,,"0.7",
"Herget, Kevin",643361,"NYM","FF","4-Seam Fastball",12.5,0,"4",36.4,"1","0","0","0",0,0,0,"0.071","0.133","0.082",0
"Murdock, Noah",668716,"PIT","FC","Cutter",-4.8,0,"8",13.6,"1",,,"0.7",33.3,0,0,,,"0.7",
"Stanek, Ryne",592773,"STL","ST","Sweeper",7.2,0,"2",0.2,"1","0","0","0",100,100,100,,,"0",
"Waguespack, Jacob",621097,"DET","CU","Curveball",-4.4,0,"8",2.4,"1","1","1","0.9",33.3,0,,"0.94","1.084","0.882",100
"Devenski, Chris",606965,"PIT","ST","Sweeper",-53.5,-2,"4",10.3,"1","1","4","2",50,0,,"0.266","0.72","0.399",100
"Miles, Spencer",693686,"TOR","CH","Changeup",-27.2,-1,"2",0.2,"1","1","1","0.9",0,0,0,"0.452","0.479","0.408",100
"Cano, Yennier",666974,"BAL","SL","Slider",2,0,"8",1.3,"1","0","0","0",0,0,0,"0.023","0.036","0.026",100
"Eflin, Zach",621107,"BAL","FC","Cutter",2.7,0,"11",14.9,"1","0","0","0",0,0,,"0.543","1.134","0.699",100
"Raquet, Nick",675919,"BAL","SL","Slider",2.3,0,"20",26.7,"1","0","0","0",0,0,0,"0.057","0.061","0.051",0
"Fleming, Josh",676596,"TOR","FC","Cutter",-12,0,"4",5.2,"1","0","0","0.9",0,0,0,"0.549","0.605","0.508",100
"Davitt, Duncan",701474,"CWS","SI","Sinker",-53.2,-1,"2",7.1,"1","1","4","2",0,0,,"0.429","0.905","0.555",100
"McDermott, Chayce",694646,"NYM","FS","Split-Finger",0.4,0,"5",4.7,"1","0","0","0",0,0,0,"0.001","0.001","0",0
"Raquet, Nick",675919,"BAL","FC","Cutter",5,0,"3",4,"1","0","0","0",0,0,0,"0.58","0.661","0.528",0
"Walker, Josh",677020,"BAL","CH","Changeup",0.1,0,"10",4.5,"1","0","0","0",0,0,0,"0.637","0.707","0.589",100
"Short, Zack",670097,"NYM","SI","Sinker",3.8,0,"4",40,"1","0","0","0",0,0,0,"0.02","0.044","0.027",0
"Harris, Trent",805345,"SF","CU","Curveball",-37.2,-1,"2",14.3,"1","1","2","1.25",0,0,0,"0.371","0.779","0.483",100
"Kriske, Brooks",621139,"ATH","FC","Cutter",-4.7,0,"7",18.4,"1","1","1","0.9",0,0,,"0.629","1.097","0.718",100
"Morán, Jovani",663558,"BOS","CU","Curveball",-29.3,-1,"2",0.3,"1","1","2","1.25",0,0,,"0.646","1.469","0.884",100
"Abner, Philip",691769,"AZ","CH","Changeup",-1,0,"13",5.6,"1","0","0","0",66.7,100,20,,,"0",
"Williams, Devin",642207,"NYM","FC","Cutter",-5.7,-1,"9",1.2,"1","1","1","0.9",0,0,0,"0.069","0.075","0.062",0
"Weston, Cameron",687721,"BAL","SL","Slider",17.5,0,"2",11.8,"1","0","0","0",0,0,0,"0.483","0.524","0.446",100
"Weston, Cameron",687721,"BAL","SI","Sinker",-3.8,0,"7",41.2,"1",,,"0.7",0,0,0,,,"0.7",
"Fisher, Braydon",680755,"TOR","SI","Sinker",-15.9,0,"2",0.2,"1",,,"0.7",,0,,,,"0.7",