"last_name, first_name","player_id","year","pa","bip","ba","est_ba","est_ba_minus_ba_diff","slg","est_slg","est_slg_minus_slg_diff","woba","est_woba","est_woba_minus_woba_diff","era","xera","era_minus_xera_diff"
"Alcantara, Sandy","645261","2026","674","497",0.242,0.248,-0.006000000000000005,0.37,0.367,0.0030000000000000027,0.295,0.296,-0.0010000000000000009,"3.52","3.65","-0.131"
"Sánchez, Cristopher","650911","2026","646","425",0.25,0.235,0.015000000000000013,0.358,0.359,-0.0010000000000000009,0.29,0.283,0.007000000000000006,"2.54","3.32","-0.776"
"Wacha, Michael","608379","2026","612","449",0.235,0.249,-0.014000000000000012,0.404,0.412,-0.007999999999999952,0.304,0.312,-0.008000000000000007,"3.46","4.09","-0.625"
"Baz, Shane","669358","2026","598","426",0.268,0.257,0.01100000000000001,0.408,0.402,0.00599999999999995,0.319,0.316,0.0030000000000000027,"4.00","4.20","-0.195"
"Luzardo, Jesús","666200","2026","593","364",0.225,0.206,0.019000000000000017,0.339,0.301,0.038000000000000034,0.283,0.263,0.019999999999999962,"3.32","2.85","0.47"
"Rodriguez, Eduardo","593958","2026","590","442",0.239,0.267,-0.028000000000000025,0.378,0.445,-0.067,0.3,0.335,-0.03500000000000003,"2.70","4.79","-2.09"
"Valdez, Framber","664285","2026","587","418",0.259,0.256,0.0030000000000000027,0.38,0.39,-0.010000000000000009,0.321,0.322,-0.0010000000000000009,"4.26","4.38","-0.117"
"Bibee, Tanner","676440","2026","586","427",0.23,0.252,-0.021999999999999992,0.398,0.422,-0.023999999999999966,0.3,0.319,-0.019000000000000017,"3.99","4.29","-0.299"
"Schlittler, Cam","693645","2026","579","359",0.196,0.21,-0.013999999999999985,0.325,0.343,-0.018000000000000016,0.253,0.266,-0.013000000000000012,"2.21","2.92","-0.711"
"Williams, Gavin","668909","2026","573","344",0.207,0.225,-0.018000000000000016,0.376,0.401,-0.025000000000000022,0.283,0.299,-0.016000000000000014,"3.55","3.73","-0.184"
"Lugo, Seth","607625","2026","572","416",0.271,0.277,-0.006000000000000005,0.447,0.462,-0.015000000000000013,0.341,0.349,-0.007999999999999952,"4.41","5.26","-0.849"
"Gore, MacKenzie","669022","2026","570","366",0.229,0.231,-0.0020000000000000018,0.392,0.375,0.017000000000000015,0.306,0.301,0.0050000000000000044,"4.43","3.78","0.653"
"McLean, Nolan","690997","2026","568","346",0.21,0.22,-0.010000000000000009,0.344,0.349,-0.0050000000000000044,0.289,0.295,-0.006000000000000005,"3.42","3.62","-0.196"
"Gausman, Kevin","592332","2026","566","397",0.254,0.245,0.009000000000000008,0.401,0.395,0.006000000000000005,0.308,0.303,0.0050000000000000044,"4.29","3.84","0.448"
"Griffin, Foster","656492","2026","566","400",0.23,0.253,-0.022999999999999993,0.401,0.417,-0.01599999999999996,0.301,0.315,-0.014000000000000012,"3.25","4.18","-0.927"
"King, Michael","650633","2026","559","374",0.214,0.239,-0.024999999999999994,0.34,0.402,-0.062,0.291,0.323,-0.03200000000000003,"3.37","4.41","-1.043"
"Bradley, Taj","671737","2026","556","350",0.22,0.226,-0.006000000000000005,0.37,0.377,-0.007000000000000006,0.299,0.305,-0.006000000000000005,"3.76","3.89","-0.131"
"Elder, Bryce","693821","2026","556","400",0.239,0.249,-0.010000000000000009,0.404,0.399,0.0050000000000000044,0.31,0.312,-0.0020000000000000018,"4.03","4.09","-0.057"
"Eovaldi, Nathan","543135","2026","555","378",0.25,0.25,0,0.439,0.421,0.018000000000000016,0.322,0.316,0.006000000000000005,"4.21","4.20","0.006"
"Peralta, Freddy","642547","2026","555","379",0.272,0.242,0.030000000000000027,0.466,0.381,0.08500000000000002,0.353,0.31,0.04299999999999998,"5.33","4.03","1.297"
"Abbott, Andrew","671096","2026","555","393",0.242,0.257,-0.015000000000000013,0.382,0.418,-0.035999999999999976,0.314,0.333,-0.019000000000000017,"3.92","4.72","-0.803"
"Detmers, Reid","672282","2026","554","350",0.213,0.219,-0.006000000000000005,0.366,0.371,-0.0050000000000000044,0.283,0.29,-0.007000000000000006,"4.00","3.50","0.5"
"Imanaga, Shota","684007","2026","554","391",0.235,0.238,-0.0030000000000000027,0.435,0.413,0.02200000000000002,0.31,0.302,0.008000000000000007,"3.73","3.81","-0.075"
"Ray, Robbie","592662","2026","554","375",0.229,0.241,-0.011999999999999983,0.381,0.411,-0.02999999999999997,0.311,0.328,-0.017000000000000015,"3.28","4.57","-1.289"
"Skenes, Paul","694973","2026","553","340",0.228,0.21,0.018000000000000016,0.375,0.341,0.033999999999999975,0.294,0.275,0.01899999999999996,"3.88","3.13","0.746"
"Soriano, José","667755","2026","553","353",0.217,0.247,-0.03,0.323,0.394,-0.07100000000000001,0.289,0.327,-0.038000000000000034,"3.17","4.54","-1.375"
"Cavalli, Cade","676917","2026","552","360",0.258,0.248,0.010000000000000009,0.391,0.387,0.0040000000000000036,0.318,0.313,0.0050000000000000044,"3.57","4.12","-0.553"
"Martinez, Nick","607259","2026","552","451",0.248,0.277,-0.029000000000000026,0.395,0.438,-0.04299999999999998,0.293,0.324,-0.031000000000000028,"2.74","4.44","-1.701"
"Cameron, Noah","702070","2026","551","388",0.251,0.258,-0.007000000000000006,0.406,0.424,-0.01799999999999996,0.313,0.323,-0.010000000000000009,"4.45","4.41","0.044"
"Burke, Sean","680732","2026","550","350",0.217,0.225,-0.008000000000000007,0.365,0.369,-0.0040000000000000036,0.287,0.292,-0.0050000000000000044,"2.98","3.55","-0.565"
"Gilbert, Logan","669302","2026","549","367",0.211,0.234,-0.02300000000000002,0.389,0.401,-0.01200000000000001,0.284,0.299,-0.015000000000000013,"3.42","3.73","-0.307"
"Ashcraft, Braxton","677952","2026","546","362",0.242,0.229,0.012999999999999984,0.407,0.366,0.04099999999999998,0.305,0.288,0.017000000000000015,"4.08","3.44","0.641"
"Nola, Aaron","605400","2026","544","371",0.279,0.246,0.03300000000000003,0.514,0.426,0.08800000000000002,0.364,0.318,0.045999999999999985,"5.47","4.26","1.212"
"Kirby, George","669923","2026","543","400",0.274,0.255,0.019000000000000017,0.429,0.4,0.02899999999999997,0.325,0.304,0.02100000000000002,"3.68","3.87","-0.188"
"Lorenzen, Michael","547179","2026","543","411",0.34,0.301,0.039000000000000035,0.536,0.493,0.04300000000000004,0.401,0.372,0.029000000000000026,"6.83","6.10","0.73"
"Messick, Parker","800048","2026","542","367",0.209,0.223,-0.014000000000000012,0.346,0.337,0.008999999999999952,0.268,0.273,-0.0050000000000000044,"2.57","3.08","-0.512"
"Kelly, Merrill","518876","2026","542","403",0.275,0.302,-0.02699999999999997,0.49,0.552,-0.062000000000000055,0.361,0.397,-0.03600000000000003,"5.11","7.15","-2.038"
"Woo, Bryan","693433","2026","541","375",0.235,0.24,-0.0050000000000000044,0.366,0.385,-0.019000000000000017,0.284,0.294,-0.010000000000000009,"4.15","3.60","0.549"
"Pallante, Andre","669467","2026","539","401",0.24,0.246,-0.006000000000000005,0.352,0.373,-0.02100000000000002,0.293,0.303,-0.010000000000000009,"3.46","3.84","-0.378"
"Webb, Logan","657277","2026","538","396",0.225,0.251,-0.025999999999999995,0.332,0.372,-0.03999999999999998,0.273,0.299,-0.025999999999999968,"3.59","3.73","-0.144"
"Bradish, Kyle","680694","2026","535","357",0.245,0.234,0.010999999999999982,0.387,0.373,0.014000000000000012,0.314,0.308,0.006000000000000005,"3.69","3.98","-0.295"
"Yamamoto, Yoshinobu","808967","2026","533","370",0.186,0.223,-0.037000000000000005,0.311,0.351,-0.03999999999999998,0.244,0.276,-0.03200000000000003,"2.65","3.15","-0.502"
"Singer, Brady","663903","2026","530","382",0.274,0.27,0.0040000000000000036,0.46,0.446,0.014000000000000012,0.348,0.342,0.00599999999999995,"4.66","5.02","-0.357"
"Cease, Dylan","656302","2026","529","279",0.182,0.188,-0.006000000000000005,0.27,0.282,-0.011999999999999955,0.251,0.258,-0.007000000000000006,"2.40","2.75","-0.352"
"Rea, Colin","607067","2026","527","387",0.261,0.274,-0.013000000000000012,0.43,0.481,-0.05099999999999999,0.334,0.356,-0.021999999999999964,"4.59","5.50","-0.914"
"Weathers, Ryan","677960","2026","525","349",0.241,0.253,-0.01200000000000001,0.393,0.419,-0.025999999999999968,0.303,0.318,-0.015000000000000013,"3.69","4.26","-0.565"
"Ryan, Joe","657746","2026","523","353",0.239,0.224,0.014999999999999986,0.405,0.39,0.015000000000000013,0.299,0.29,0.009000000000000008,"3.65","3.50","0.153"
"Cantillo, Joey","676282","2026","522","332",0.263,0.233,0.03,0.424,0.378,0.045999999999999985,0.339,0.309,0.030000000000000027,"3.91","4.00","-0.089"
"Roupp, Landen","694738","2026","522","338",0.225,0.226,-0.0010000000000000009,0.346,0.327,0.01899999999999996,0.298,0.291,0.007000000000000006,"4.22","3.52","0.701"
"Martin, Davis","663436","2026","519","366",0.266,0.272,-0.006000000000000005,0.391,0.418,-0.02699999999999997,0.319,0.331,-0.01200000000000001,"4.17","4.66","-0.489"
"Kay, Anthony","641743","2026","519","361",0.255,0.263,-0.008000000000000007,0.41,0.413,-0.0030000000000000027,0.335,0.344,-0.008999999999999952,"3.96","5.08","-1.123"
"Warren, Will","701542","2026","517","354",0.269,0.265,0.0040000000000000036,0.461,0.42,0.041000000000000036,0.341,0.328,0.013000000000000012,"4.42","4.57","-0.146"
"McGreevy, Michael","700241","2026","513","396",0.256,0.289,-0.032999999999999974,0.426,0.5,-0.07400000000000001,0.315,0.361,-0.045999999999999985,"3.64","5.69","-2.047"
"Gray, Sonny","543243","2026","510","362",0.239,0.245,-0.006000000000000005,0.384,0.368,0.016000000000000014,0.298,0.295,0.0030000000000000027,"2.79","3.62","-0.827"
"Freeland, Kyle","607536","2026","509","381",0.302,0.283,0.019000000000000017,0.534,0.479,0.05500000000000005,0.376,0.348,0.028000000000000025,"6.63","5.22","1.41"
"Ginn, J.T.","669372","2026","508","340",0.213,0.236,-0.022999999999999993,0.337,0.359,-0.021999999999999964,0.29,0.309,-0.019000000000000017,"3.41","4.00","-0.588"
"Chandler, Bubba","696149","2026","508","337",0.224,0.231,-0.007000000000000006,0.352,0.368,-0.016000000000000014,0.306,0.313,-0.007000000000000006,"4.25","4.12","0.135"
"May, Dustin","669160","2026","507","341",0.247,0.246,0.0010000000000000009,0.357,0.376,-0.019000000000000017,0.302,0.31,-0.008000000000000007,"4.13","4.03","0.101"
"Rasmussen, Drew","656876","2026","506","343",0.2,0.227,-0.026999999999999996,0.312,0.351,-0.03899999999999998,0.249,0.274,-0.025000000000000022,"2.78","3.10","-0.316"
"Rogers, Trevor","669432","2026","503","364",0.25,0.247,0.0030000000000000027,0.4,0.393,0.007000000000000006,0.307,0.305,0.0020000000000000018,"4.21","3.89","0.322"
"Peterson, David","656849","2026","503","360",0.279,0.276,0.0030000000000000027,0.417,0.418,-0.0010000000000000009,0.336,0.34,-0.0040000000000000036,"5.35","4.95","0.401"
"Keller, Mitch","656605","2026","503","364",0.259,0.288,-0.02899999999999997,0.426,0.455,-0.029000000000000026,0.333,0.355,-0.021999999999999964,"5.29","5.47","-0.179"
"Misiorowski, Jacob","694819","2026","503","260",0.147,0.163,-0.016000000000000014,0.242,0.244,-0.0020000000000000018,0.209,0.216,-0.007000000000000006,"1.76","1.94","-0.181"
"Burns, Chase","695505","2026","502","311",0.206,0.207,-0.0010000000000000009,0.345,0.341,0.003999999999999948,0.278,0.278,0,"2.61","3.20","-0.587"
"Liberatore, Matthew","669461","2026","500","342",0.292,0.269,0.022999999999999965,0.479,0.447,0.03199999999999997,0.363,0.342,0.020999999999999963,"5.15","5.02","0.127"
"Leahy, Kyle","681517","2026","498","352",0.269,0.276,-0.007000000000000006,0.416,0.456,-0.040000000000000036,0.327,0.344,-0.01699999999999996,"3.38","5.08","-1.705"
"Mikolas, Miles","571945","2026","498","415",0.293,0.288,0.0050000000000000044,0.527,0.506,0.02100000000000002,0.364,0.354,0.010000000000000009,"5.82","5.43","0.389"
"Buehler, Walker","621111","2026","497","345",0.261,0.25,0.01100000000000001,0.414,0.402,0.011999999999999955,0.332,0.321,0.01100000000000001,"4.88","4.35","0.53"
"Littell, Zack","641793","2026","496","384",0.261,0.288,-0.02699999999999997,0.468,0.51,-0.04199999999999998,0.339,0.371,-0.03199999999999997,"4.77","6.07","-1.301"
"Sale, Chris","519242","2026","494","305",0.216,0.222,-0.006000000000000005,0.305,0.33,-0.025000000000000022,0.262,0.274,-0.01200000000000001,"2.19","3.10","-0.905"
"Montero, Keider","672456","2026","492","373",0.212,0.23,-0.018000000000000016,0.351,0.385,-0.03400000000000003,0.27,0.291,-0.020999999999999963,"3.38","3.52","-0.136"
"Wrobleski, Justin","680736","2026","492","367",0.233,0.27,-0.037000000000000005,0.388,0.445,-0.056999999999999995,0.293,0.33,-0.03700000000000003,"3.44","4.63","-1.19"
"Hancock, Emerson","676106","2026","490","344",0.232,0.247,-0.014999999999999986,0.371,0.416,-0.044999999999999984,0.289,0.311,-0.02200000000000002,"3.35","4.06","-0.713"
"Cecconi, Slade","677944","2026","488","360",0.29,0.271,0.01899999999999996,0.465,0.452,0.013000000000000012,0.351,0.338,0.012999999999999956,"5.07","4.89","0.183"
"Holmes, Grant","656550","2026","487","342",0.237,0.253,-0.016000000000000014,0.405,0.431,-0.025999999999999968,0.317,0.334,-0.017000000000000015,"3.47","4.76","-1.286"
"Young, Brandon","687064","2026","487","349",0.249,0.253,-0.0040000000000000036,0.382,0.395,-0.013000000000000012,0.308,0.315,-0.007000000000000006,"3.33","4.18","-0.854"
"deGrom, Jacob","594798","2026","486","312",0.229,0.233,-0.0040000000000000036,0.385,0.399,-0.014000000000000012,0.287,0.294,-0.007000000000000006,"3.87","3.60","0.268"
"Castillo, Luis","622491","2026","484","342",0.262,0.262,0,0.444,0.44,0.0040000000000000036,0.332,0.33,0.0020000000000000018,"4.96","4.63","0.331"
"Rocker, Kumar","677958","2026","481","333",0.257,0.261,-0.0040000000000000036,0.428,0.428,0,0.329,0.331,-0.0020000000000000018,"4.46","4.66","-0.201"
"Springs, Jeffrey","605488","2026","479","345",0.272,0.255,0.017000000000000015,0.532,0.455,0.07700000000000001,0.371,0.34,0.030999999999999972,"6.17","4.95","1.217"
"Sugano, Tomoyuki","608372","2026","474","380",0.264,0.309,-0.044999999999999984,0.519,0.564,-0.04499999999999993,0.349,0.392,-0.04300000000000004,"4.43","6.93","-2.496"
"Lambert, Peter","663567","2026","472","309",0.208,0.205,0.0030000000000000027,0.325,0.349,-0.023999999999999966,0.281,0.288,-0.006999999999999951,"3.09","3.44","-0.352"
"Pérez, Eury","691587","2026","471","291",0.204,0.209,-0.0050000000000000044,0.353,0.366,-0.013000000000000012,0.288,0.296,-0.008000000000000007,"3.39","3.65","-0.256"
"Fedde, Erick","607200","2026","463","344",0.264,0.259,0.0050000000000000044,0.46,0.44,0.020000000000000018,0.341,0.331,0.010000000000000009,"4.30","4.66","-0.357"
"Meyer, Max","676974","2026","462","293",0.207,0.227,-0.020000000000000018,0.339,0.375,-0.035999999999999976,0.282,0.304,-0.02200000000000002,"2.68","3.87","-1.194"
"Wheeler, Zack","554430","2026","454","285",0.205,0.207,-0.0020000000000000018,0.355,0.317,0.03799999999999998,0.271,0.26,0.01100000000000001,"2.89","2.79","0.097"
"Manaea, Sean","640455","2026","454","301",0.257,0.249,0.008000000000000007,0.441,0.415,0.026000000000000023,0.338,0.325,0.013000000000000012,"4.13","4.47","-0.343"
"Vásquez, Randy","681190","2026","451","350",0.278,0.293,-0.014999999999999958,0.461,0.512,-0.05099999999999999,0.342,0.369,-0.02699999999999997,"4.16","5.99","-1.83"
"Mahle, Tyler","641816","2026","448","302",0.255,0.24,0.015000000000000013,0.42,0.384,0.035999999999999976,0.325,0.306,0.019000000000000017,"4.64","3.92","0.721"
"Sasaki, Roki","808963","2026","446","295",0.236,0.237,-0.0010000000000000009,0.471,0.401,0.06999999999999995,0.339,0.315,0.02400000000000002,"4.54","4.18","0.363"
"Suarez, Ranger","624133","2026","445","301",0.238,0.251,-0.013000000000000012,0.338,0.35,-0.011999999999999955,0.282,0.294,-0.01200000000000001,"3.25","3.60","-0.35"
"Houser, Adrian","605288","2026","443","337",0.261,0.268,-0.007000000000000006,0.444,0.459,-0.015000000000000013,0.331,0.341,-0.010000000000000009,"4.28","4.98","-0.698"
"Gallen, Zac","668678","2026","440","344",0.304,0.312,-0.008000000000000007,0.506,0.531,-0.025000000000000022,0.372,0.383,-0.01100000000000001,"6.34","6.55","-0.213"
"Ureña, Walbert","700712","2026","436","276",0.205,0.202,0.002999999999999975,0.291,0.299,-0.008000000000000007,0.283,0.286,-0.0030000000000000027,"2.83","3.39","-0.557"
"Tolle, Payton","801139","2026","435","279",0.222,0.204,0.018000000000000016,0.377,0.325,0.05199999999999999,0.287,0.261,0.025999999999999968,"3.20","2.81","0.386"
"Mlodzinski, Carmen","669387","2026","433","317",0.267,0.289,-0.021999999999999964,0.394,0.438,-0.043999999999999984,0.32,0.346,-0.025999999999999968,"3.79","5.15","-1.357"
"Pérez, Martín","527048","2026","430","305",0.208,0.253,-0.04500000000000001,0.35,0.383,-0.03300000000000003,0.284,0.319,-0.03500000000000003,"2.96","4.29","-1.328"
"Burrows, Mike","681347","2026","423","309",0.292,0.263,0.02899999999999997,0.508,0.441,0.067,0.375,0.337,0.03799999999999998,"5.99","4.85","1.139"
"Lowder, Rhett","695076","2026","423","301",0.266,0.266,0,0.426,0.456,-0.030000000000000027,0.338,0.348,-0.009999999999999953,"5.15","5.22","-0.068"
"Skubal, Tarik","669373","2026","419","268",0.209,0.225,-0.016000000000000014,0.354,0.345,0.009000000000000008,0.266,0.27,-0.0040000000000000036,"2.93","3.01","-0.084"
"Lauer, Eric","641778","2026","416","317",0.243,0.25,-0.007000000000000006,0.459,0.459,0,0.331,0.333,-0.0020000000000000018,"4.67","4.72","-0.052"
"Ober, Bailey","641927","2026","415","320",0.251,0.254,-0.0030000000000000027,0.446,0.469,-0.022999999999999965,0.324,0.333,-0.009000000000000008,"4.64","4.72","-0.084"
"Sproat, Brandon","687075","2026","414","257",0.248,0.244,0.0040000000000000036,0.439,0.406,0.032999999999999974,0.35,0.337,0.012999999999999956,"5.27","4.85","0.418"
"Sheehan, Emmet","686218","2026","412","266",0.252,0.23,0.021999999999999992,0.485,0.403,0.08199999999999996,0.345,0.308,0.03699999999999998,"5.29","3.98","1.307"
"McClanahan, Shane","663556","2026","409","278",0.207,0.239,-0.032,0.31,0.399,-0.08900000000000002,0.269,0.313,-0.043999999999999984,"3.09","4.12","-1.029"
"Phillips, Tyler","663969","2026","401","288",0.246,0.268,-0.02200000000000002,0.392,0.427,-0.034999999999999976,0.319,0.34,-0.02100000000000002,"3.47","4.95","-1.479"
"Drohan, Shane","675660","2026","390","266",0.249,0.23,0.01899999999999999,0.393,0.362,0.031000000000000028,0.307,0.291,0.016000000000000014,"3.87","3.52","0.351"
"Early, Connelly","813349","2026","390","254",0.235,0.234,0.0009999999999999731,0.401,0.408,-0.006999999999999951,0.319,0.32,-0.0010000000000000009,"3.44","4.32","-0.884"
"Flaherty, Jack","656427","2026","389","238",0.24,0.236,0.0040000000000000036,0.416,0.394,0.021999999999999964,0.329,0.323,0.006000000000000005,"4.59","4.41","0.177"
"Matthews, Zebby","805673","2026","387","277",0.266,0.256,0.010000000000000009,0.477,0.44,0.03699999999999998,0.346,0.332,0.013999999999999957,"5.34","4.69","0.651"
"Mize, Casey","663554","2026","387","270",0.228,0.231,-0.0030000000000000027,0.361,0.365,-0.0040000000000000036,0.279,0.286,-0.006999999999999951,"3.38","3.39","-0.015"
"Yesavage, Trey","702056","2026","386","247",0.185,0.2,-0.015000000000000013,0.339,0.33,0.009000000000000008,0.28,0.285,-0.004999999999999949,"3.65","3.37","0.281"
"Arrighetti, Spencer","681293","2026","386","235",0.215,0.238,-0.022999999999999993,0.36,0.395,-0.03500000000000003,0.321,0.345,-0.023999999999999966,"4.60","5.12","-0.518"
"Harrison, Kyle","690986","2026","384","242",0.228,0.225,0.0030000000000000027,0.385,0.352,0.03300000000000003,0.294,0.281,0.012999999999999956,"3.47","3.27","0.201"
"Feltner, Ryan","663372","2026","382","284",0.273,0.262,0.01100000000000001,0.513,0.486,0.027000000000000024,0.366,0.353,0.013000000000000012,"5.59","5.40","0.186"
"Civale, Aaron","650644","2026","381","286",0.309,0.271,0.03799999999999998,0.53,0.464,0.066,0.381,0.34,0.04099999999999998,"5.14","4.95","0.193"
"Jax, Griffin","643377","2026","379","247",0.24,0.252,-0.01200000000000001,0.401,0.418,-0.01699999999999996,0.306,0.323,-0.017000000000000015,"3.63","4.41","-0.777"
"Perkins, Jack","678022","2026","376","242",0.277,0.241,0.03600000000000003,0.485,0.401,0.08399999999999996,0.363,0.318,0.044999999999999984,"7.27","4.26","3.013"
"Junk, Janson","676083","2026","373","283",0.267,0.255,0.01200000000000001,0.43,0.408,0.02200000000000002,0.324,0.313,0.01100000000000001,"4.41","4.12","0.294"
"Seymour, Ian","693855","2026","373","233",0.216,0.218,-0.0020000000000000018,0.405,0.381,0.02400000000000002,0.297,0.291,0.006000000000000005,"4.08","3.52","0.565"
"Lopez, Jacob","682052","2026","372","250",0.263,0.209,0.05400000000000002,0.442,0.324,0.118,0.35,0.287,0.063,"5.38","3.42","1.958"
"Bello, Brayan","678394","2026","366","272",0.281,0.291,-0.009999999999999953,0.432,0.466,-0.03400000000000003,0.334,0.35,-0.01599999999999996,"4.84","5.29","-0.449"
"Taillon, Jameson","592791","2026","362","253",0.253,0.257,-0.0040000000000000036,0.524,0.525,-0.0010000000000000009,0.363,0.363,0,"5.68","5.76","-0.081"
"Painter, Andrew","691725","2026","360","256",0.288,0.264,0.023999999999999966,0.48,0.442,0.03799999999999998,0.363,0.339,0.023999999999999966,"6.27","4.92","1.354"
"Corbin, Patrick","571578","2026","360","266",0.302,0.289,0.013000000000000012,0.477,0.463,0.013999999999999957,0.364,0.356,0.008000000000000007,"5.51","5.50","0.013"
"Prielipp, Connor","687570","2026","356","230",0.248,0.235,0.013000000000000012,0.412,0.402,0.009999999999999953,0.323,0.316,0.007000000000000006,"4.79","4.20","0.59"
"Pfaadt, Brandon","694297","2026","356","274",0.243,0.233,0.009999999999999981,0.372,0.376,-0.0040000000000000036,0.297,0.296,0.0010000000000000009,"3.36","3.65","-0.288"
"Patrick, Chad","694477","2026","356","242",0.225,0.241,-0.015999999999999986,0.362,0.383,-0.02100000000000002,0.294,0.309,-0.015000000000000013,"3.40","4.00","-0.599"
"Leiter, Jack","683004","2026","355","233",0.255,0.257,-0.0020000000000000018,0.439,0.43,0.009000000000000008,0.34,0.336,0.0040000000000000036,"5.29","4.82","0.467"
"Nelson, Ryne","669194","2026","355","265",0.249,0.261,-0.01200000000000001,0.477,0.5,-0.02300000000000002,0.336,0.349,-0.012999999999999956,"4.97","5.26","-0.292"
"Soroka, Michael","647336","2026","351","243",0.231,0.252,-0.02099999999999999,0.352,0.412,-0.06,0.283,0.315,-0.03200000000000003,"2.92","4.18","-1.261"
"Scott, Christian","681035","2026","340","202",0.23,0.225,0.0050000000000000044,0.357,0.351,0.006000000000000005,0.306,0.301,0.0050000000000000044,"3.45","3.78","-0.333"
"Ohtani, Shohei","660271","2026","340","213",0.18,0.201,-0.02100000000000002,0.262,0.287,-0.024999999999999967,0.239,0.257,-0.018000000000000016,"1.79","2.72","-0.934"
"Miller, Bryce","682243","2026","331","230",0.217,0.209,0.008000000000000007,0.403,0.353,0.050000000000000044,0.285,0.262,0.022999999999999965,"3.39","2.83","0.558"
"Boyd, Matthew","571510","2026","329","235",0.246,0.265,-0.019000000000000017,0.379,0.432,-0.05299999999999999,0.306,0.332,-0.026000000000000023,"3.50","4.69","-1.188"
"Cole, Gerrit","543037","2026","329","222",0.227,0.239,-0.011999999999999983,0.395,0.376,0.019000000000000017,0.289,0.288,0.0010000000000000009,"3.35","3.44","-0.093"
"Assad, Javier","665871","2026","322","245",0.234,0.266,-0.032,0.41,0.437,-0.027000000000000024,0.306,0.33,-0.02400000000000002,"3.58","4.63","-1.045"
"Canning, Griffin","656288","2026","316","208",0.283,0.25,0.032999999999999974,0.471,0.421,0.04999999999999999,0.364,0.332,0.03199999999999997,"6.59","4.69","1.902"
"Blubaugh, AJ","805123","2026","315","203",0.213,0.217,-0.0040000000000000036,0.375,0.383,-0.008000000000000007,0.297,0.309,-0.01200000000000001,"3.48","4.00","-0.52"
"Jump, Gage","695611","2026","315","195",0.265,0.25,0.015000000000000013,0.411,0.373,0.03799999999999998,0.333,0.314,0.019000000000000017,"4.46","4.15","0.309"
"Fried, Max","608331","2026","312","210",0.192,0.192,0,0.246,0.252,-0.006000000000000005,0.233,0.24,-0.0069999999999999785,"2.88","2.38","0.497"
"McDonald, Trevor","686790","2026","310","217",0.255,0.246,0.009000000000000008,0.384,0.359,0.025000000000000022,0.323,0.312,0.01100000000000001,"5.12","4.09","1.028"
"Avila, Luinder","679883","2026","309","204",0.272,0.251,0.02100000000000002,0.425,0.396,0.02899999999999997,0.355,0.339,0.01599999999999996,"5.53","4.92","0.609"
"Cabrera, Edward","665795","2026","309","213",0.262,0.263,-0.0010000000000000009,0.447,0.437,0.010000000000000009,0.341,0.338,0.0030000000000000027,"5.10","4.89","0.211"
"Miles, Spencer","693686","2026","308","216",0.227,0.234,-0.007000000000000006,0.318,0.328,-0.010000000000000009,0.264,0.272,-0.008000000000000007,"3.20","3.06","0.137"
"Melton, Troy","675512","2026","307","212",0.171,0.215,-0.043999999999999984,0.3,0.326,-0.026000000000000023,0.243,0.272,-0.029000000000000026,"1.46","3.06","-1.598"
"Anderson, Drew","623454","2026","307","193",0.243,0.216,0.026999999999999996,0.401,0.355,0.04600000000000004,0.319,0.292,0.027000000000000024,"3.91","3.55","0.361"
"López, Reynaldo","625643","2026","306","209",0.245,0.256,-0.01100000000000001,0.412,0.426,-0.014000000000000012,0.321,0.33,-0.009000000000000008,"3.64","4.63","-0.988"
"Agnos, Zach","688642","2026","305","232",0.281,0.287,-0.00599999999999995,0.459,0.464,-0.0050000000000000044,0.349,0.357,-0.008000000000000007,"5.77","5.54","0.227"
"Bennett, Jake","687562","2026","305","231",0.229,0.225,0.0040000000000000036,0.314,0.352,-0.03799999999999998,0.26,0.272,-0.01200000000000001,"3.17","3.06","0.11"
"Teng, Kai-Wei","678906","2026","301","193",0.238,0.245,-0.007000000000000006,0.408,0.398,0.009999999999999953,0.335,0.334,0.0010000000000000009,"4.35","4.76","-0.414"
"Quantrill, Cal","615698","2026","298","221",0.235,0.253,-0.018000000000000016,0.366,0.419,-0.05299999999999999,0.296,0.322,-0.026000000000000023,"3.44","4.38","-0.941"
"Lodolo, Nick","666157","2026","297","205",0.278,0.29,-0.011999999999999955,0.48,0.475,0.0050000000000000044,0.365,0.374,-0.009000000000000008,"4.86","6.18","-1.32"
"Gordon, Tanner","685299","2026","297","224",0.315,0.265,0.04999999999999999,0.572,0.483,0.08899999999999997,0.389,0.336,0.05299999999999999,"5.88","4.82","1.061"
"Alvarez, Andrew","674841","2026","296","196",0.251,0.258,-0.007000000000000006,0.347,0.368,-0.02100000000000002,0.309,0.321,-0.01200000000000001,"3.76","4.35","-0.586"
"Kochanowicz, Jack","686799","2026","296","208",0.259,0.273,-0.014000000000000012,0.382,0.439,-0.056999999999999995,0.331,0.359,-0.02799999999999997,"6.19","5.61","0.578"
"Ashby, Aaron","676879","2026","294","164",0.241,0.204,0.037000000000000005,0.335,0.289,0.04600000000000004,0.301,0.269,0.03199999999999997,"3.53","2.99","0.538"
"Schultz, Noah","702273","2026","291","193",0.251,0.273,-0.02200000000000002,0.425,0.454,-0.029000000000000026,0.345,0.364,-0.019000000000000017,"6.06","5.80","0.261"
"Imai, Tatsuya","837227","2026","288","162",0.222,0.228,-0.006000000000000005,0.364,0.402,-0.038000000000000034,0.322,0.338,-0.016000000000000014,"5.29","4.89","0.399"
"Ramírez, Yohan","670990","2026","288","161",0.192,0.208,-0.015999999999999986,0.304,0.291,0.013000000000000012,0.282,0.284,-0.0020000000000000018,"2.67","3.34","-0.667"
"Suter, Brent","608718","2026","286","205",0.259,0.264,-0.0050000000000000044,0.418,0.407,0.01100000000000001,0.319,0.317,0.0020000000000000018,"3.95","4.23","-0.279"
"Gasser, Robert","688107","2026","286","200",0.248,0.25,-0.0020000000000000018,0.442,0.399,0.04299999999999998,0.33,0.315,0.015000000000000013,"4.57","4.18","0.387"
"Irvin, Jake","663623","2026","286","185",0.235,0.246,-0.01100000000000001,0.413,0.466,-0.05300000000000005,0.325,0.352,-0.02699999999999997,"5.79","5.36","0.426"
"Woods Richardson, Simeon","680573","2026","278","210",0.305,0.283,0.02200000000000002,0.49,0.466,0.023999999999999966,0.385,0.368,0.017000000000000015,"6.23","5.95","0.281"
"Severino, Luis","622663","2026","271","173",0.258,0.231,0.026999999999999996,0.432,0.388,0.043999999999999984,0.345,0.318,0.02699999999999997,"4.17","4.26","-0.095"
"Bachar, Lake","669199","2026","270","174",0.2,0.209,-0.00899999999999998,0.375,0.381,-0.006000000000000005,0.289,0.297,-0.008000000000000007,"3.98","3.68","0.295"
"Brown, Hunter","686613","2026","269","163",0.201,0.201,0,0.336,0.334,0.0020000000000000018,0.298,0.296,0.0020000000000000018,"3.67","3.65","0.025"
"Morejon, Adrian","670970","2026","268","166",0.216,0.205,0.01100000000000001,0.282,0.274,0.007999999999999952,0.25,0.242,0.008000000000000007,"2.75","2.42","0.335"
"Paddack, Chris","663978","2026","267","206",0.314,0.28,0.033999999999999975,0.483,0.45,0.032999999999999974,0.369,0.342,0.02699999999999997,"6.79","5.02","1.769"
"Brown, Ben","676962","2026","265","179",0.186,0.222,-0.036000000000000004,0.248,0.335,-0.08700000000000002,0.228,0.279,-0.05100000000000002,"1.85","3.22","-1.367"
"Matz, Steven","571927","2026","265","195",0.237,0.274,-0.03700000000000003,0.45,0.466,-0.016000000000000014,0.323,0.346,-0.022999999999999965,"5.46","5.15","0.307"
"Newcomb, Sean","656794","2026","263","174",0.216,0.252,-0.036000000000000004,0.315,0.358,-0.04299999999999998,0.275,0.307,-0.03199999999999997,"2.66","3.95","-1.292"
"Lord, Brad","695418","2026","262","178",0.224,0.246,-0.021999999999999992,0.336,0.392,-0.055999999999999994,0.285,0.316,-0.031000000000000028,"3.79","4.20","-0.405"
"Bruihl, Justin","677865","2026","262","191",0.253,0.247,0.006000000000000005,0.347,0.336,0.010999999999999954,0.304,0.303,0.0010000000000000009,"3.32","3.84","-0.522"
"Bassitt, Chris","605135","2026","261","194",0.307,0.284,0.02300000000000002,0.447,0.407,0.040000000000000036,0.366,0.344,0.02200000000000002,"5.27","5.08","0.192"
"Suarez, José","660761","2026","258","170",0.278,0.25,0.028000000000000025,0.423,0.342,0.08099999999999996,0.343,0.302,0.041000000000000036,"5.22","3.81","1.406"
"Blackburn, Paul","621112","2026","257","180",0.19,0.228,-0.038000000000000006,0.289,0.347,-0.057999999999999996,0.255,0.29,-0.034999999999999976,"1.90","3.50","-1.601"
"Peralta, Wandy","593974","2026","256","194",0.271,0.262,0.009000000000000008,0.397,0.372,0.025000000000000022,0.325,0.311,0.014000000000000012,"3.39","4.06","-0.667"
"Ritchie, JR","702275","2026","256","162",0.221,0.24,-0.01899999999999999,0.376,0.407,-0.030999999999999972,0.324,0.343,-0.019000000000000017,"4.50","5.05","-0.55"
"Rodriguez, Grayson","680570","2026","254","173",0.289,0.298,-0.009000000000000008,0.518,0.522,-0.0040000000000000036,0.378,0.389,-0.01100000000000001,"7.20","6.80","0.4"
"Johnson, Ryan","696270","2026","249","176",0.273,0.262,0.01100000000000001,0.495,0.475,0.020000000000000018,0.369,0.357,0.01200000000000001,"6.71","5.54","1.169"
"Jones, Jared","683003","2026","249","163",0.23,0.22,0.010000000000000009,0.429,0.387,0.04199999999999998,0.315,0.295,0.020000000000000018,"5.03","3.62","1.414"
"Headrick, Brent","687396","2026","248","153",0.217,0.219,-0.0020000000000000018,0.314,0.323,-0.009000000000000008,0.264,0.267,-0.0030000000000000027,"1.47","2.94","-1.473"
"Watson, Ryan","670245","2026","248","182",0.251,0.28,-0.029000000000000026,0.426,0.478,-0.05199999999999999,0.325,0.358,-0.032999999999999974,"4.39","5.58","-1.185"
"Taylor, Grant","691799","2026","246","145",0.193,0.185,0.008000000000000007,0.283,0.28,0.002999999999999947,0.246,0.244,0.0020000000000000018,"2.20","2.46","-0.259"
"Fisher, Braydon","680755","2026","245","153",0.207,0.217,-0.010000000000000009,0.34,0.344,-0.003999999999999948,0.293,0.306,-0.013000000000000012,"3.60","3.92","-0.32"
"Burke, Brock","656271","2026","244","155",0.202,0.22,-0.017999999999999988,0.341,0.356,-0.014999999999999958,0.29,0.304,-0.014000000000000012,"2.79","3.87","-1.077"
"Marinaccio, Ron","676760","2026","243","170",0.271,0.263,0.008000000000000007,0.472,0.424,0.04799999999999999,0.364,0.343,0.020999999999999963,"5.37","5.05","0.317"
"Varland, Louis","686973","2026","243","150",0.203,0.197,0.006000000000000005,0.257,0.264,-0.007000000000000006,0.231,0.231,0,"1.30","2.20","-0.901"
"Zeferjahn, Ryan","666171","2026","240","119",0.178,0.17,0.00799999999999998,0.315,0.272,0.04299999999999998,0.289,0.273,0.01599999999999996,"3.93","3.08","0.847"
"Harris, Hogan","663687","2026","239","130",0.241,0.21,0.031,0.362,0.325,0.03699999999999998,0.328,0.303,0.025000000000000022,"3.63","3.84","-0.205"
"Graceffo, Gordon","700669","2026","236","171",0.186,0.255,-0.069,0.309,0.456,-0.14700000000000002,0.268,0.347,-0.07899999999999996,"3.17","5.19","-2.022"
"Márquez, Germán","608566","2026","236","173",0.264,0.267,-0.0030000000000000027,0.519,0.484,0.03500000000000003,0.37,0.362,0.008000000000000007,"5.26","5.72","-0.456"
"Morris, Andrew","702193","2026","236","160",0.237,0.221,0.015999999999999986,0.322,0.314,0.008000000000000007,0.28,0.272,0.008000000000000007,"3.04","3.06","-0.024"
"Hoffman, Jeff","656546","2026","234","125",0.246,0.212,0.034,0.369,0.329,0.03999999999999998,0.308,0.293,0.015000000000000013,"3.81","3.57","0.238"
"Senzatela, Antonio","622608","2026","233","165",0.262,0.254,0.008000000000000007,0.376,0.366,0.010000000000000009,0.307,0.302,0.0050000000000000044,"3.90","3.81","0.094"
"Medina, Luis","665622","2026","233","141",0.261,0.241,0.020000000000000018,0.407,0.407,0,0.334,0.326,0.008000000000000007,"3.76","4.50","-0.741"
"Holmes, Clay","605280","2026","233","165",0.22,0.259,-0.03900000000000001,0.321,0.384,-0.063,0.275,0.317,-0.04199999999999998,"2.86","4.23","-1.371"
"Gómez, Yoendrys","672782","2026","232","151",0.221,0.251,-0.03,0.362,0.436,-0.07400000000000001,0.305,0.344,-0.03899999999999998,"3.38","5.08","-1.705"
"Mejia, Juan","675848","2026","232","150",0.268,0.255,0.013000000000000012,0.361,0.367,-0.006000000000000005,0.326,0.326,0,"5.43","4.50","0.935"
"De Los Santos, Enyel","660853","2026","231","165",0.245,0.236,0.009000000000000008,0.394,0.381,0.013000000000000012,0.297,0.287,0.010000000000000009,"4.15","3.42","0.734"
"Okert, Steven","595345","2026","230","154",0.187,0.2,-0.013000000000000012,0.311,0.335,-0.02400000000000002,0.246,0.261,-0.015000000000000013,"2.11","2.81","-0.698"
"Brubaker, JT","664141","2026","230","169",0.218,0.268,-0.05000000000000002,0.347,0.429,-0.08200000000000002,0.286,0.336,-0.050000000000000044,"3.33","4.82","-1.485"
"Holton, Tyler","663947","2026","229","169",0.259,0.245,0.014000000000000012,0.396,0.351,0.04500000000000004,0.312,0.289,0.02300000000000002,"2.77","3.47","-0.705"
"Wells, Tyler","669330","2026","228","150",0.197,0.206,-0.00899999999999998,0.341,0.355,-0.013999999999999957,0.261,0.272,-0.01100000000000001,"2.47","3.06","-0.591"
"Rogers, Tyler","643511","2026","228","178",0.216,0.224,-0.008000000000000007,0.255,0.283,-0.02799999999999997,0.239,0.254,-0.015000000000000013,"1.64","2.66","-1.024"
"Smith, Cade","671922","2026","225","129",0.212,0.206,0.006000000000000005,0.32,0.346,-0.025999999999999968,0.264,0.276,-0.01200000000000001,"2.31","3.15","-0.845"
"Rodriguez, Bradgley","699134","2026","224","150",0.201,0.183,0.018000000000000016,0.304,0.266,0.03799999999999998,0.251,0.229,0.021999999999999992,"2.13","2.17","-0.043"
"Faucher, Calvin","676534","2026","224","133",0.23,0.237,-0.0069999999999999785,0.294,0.334,-0.040000000000000036,0.297,0.312,-0.015000000000000013,"4.26","4.09","0.173"
"Brazobán, Huascar","623211","2026","224","147",0.169,0.2,-0.031,0.267,0.28,-0.013000000000000012,0.241,0.263,-0.02200000000000002,"2.50","2.85","-0.353"
"Kolek, Stephen","663568","2026","224","176",0.262,0.262,0,0.448,0.38,0.068,0.328,0.303,0.025000000000000022,"4.50","3.84","0.66"
"Soriano, George","666277","2026","223","146",0.214,0.228,-0.014000000000000012,0.388,0.404,-0.016000000000000014,0.299,0.317,-0.018000000000000016,"3.59","4.23","-0.641"
"Senga, Kodai","673540","2026","221","128",0.255,0.234,0.02099999999999999,0.505,0.41,0.09500000000000003,0.383,0.343,0.03999999999999998,"8.12","5.05","3.069"
"Mayza, Tim","641835","2026","221","152",0.227,0.23,-0.0030000000000000027,0.379,0.372,0.007000000000000006,0.284,0.283,0.0010000000000000009,"3.58","3.32","0.258"
"King, Bryan","687911","2026","220","155",0.259,0.249,0.010000000000000009,0.409,0.374,0.034999999999999976,0.329,0.313,0.016000000000000014,"3.96","4.12","-0.16"
"Bazardo, Eduard","660825","2026","220","154",0.271,0.253,0.018000000000000016,0.447,0.426,0.02100000000000002,0.328,0.318,0.010000000000000009,"3.29","4.26","-0.972"
"Webb, Jacob","657097","2026","219","142",0.225,0.238,-0.012999999999999984,0.33,0.372,-0.04199999999999998,0.274,0.296,-0.021999999999999964,"2.38","3.65","-1.273"
"Festa, Matt","670036","2026","219","146",0.274,0.244,0.030000000000000027,0.437,0.393,0.043999999999999984,0.339,0.312,0.027000000000000024,"4.22","4.09","0.134"
"Legumina, Casey","668984","2026","218","163",0.267,0.273,-0.006000000000000005,0.403,0.423,-0.019999999999999962,0.318,0.33,-0.01200000000000001,"4.01","4.63","-0.624"
"Richards, Trevor","670950","2026","217","149",0.21,0.224,-0.014000000000000012,0.379,0.383,-0.0040000000000000036,0.283,0.295,-0.01200000000000001,"3.42","3.62","-0.202"
"Cruz, Fernando","518585","2026","216","121",0.204,0.185,0.01899999999999999,0.337,0.315,0.02200000000000002,0.298,0.281,0.01699999999999996,"2.86","3.27","-0.409"
"Henderson, Logan","701656","2026","216","135",0.197,0.202,-0.0050000000000000044,0.379,0.335,0.043999999999999984,0.27,0.255,0.015000000000000013,"2.88","2.68","0.196"
"Gusto, Ryan","687473","2026","216","157",0.256,0.263,-0.007000000000000006,0.422,0.418,0.0040000000000000036,0.32,0.32,0,"4.78","4.32","0.456"
"Ferrer, José A.","678606","2026","216","156",0.272,0.235,0.03700000000000003,0.39,0.359,0.031000000000000028,0.32,0.291,0.029000000000000026,"3.49","3.52","-0.03"
"Alexander, Tyler","641302","2026","216","155",0.259,0.237,0.02200000000000002,0.335,0.334,0.0010000000000000009,0.291,0.28,0.010999999999999954,"3.16","3.25","-0.094"
"Bednar, David","670280","2026","214","135",0.196,0.207,-0.010999999999999982,0.284,0.288,-0.0040000000000000036,0.246,0.255,-0.009000000000000008,"2.56","2.68","-0.117"
"Moll, Sam","594580","2026","212","132",0.236,0.23,0.005999999999999978,0.356,0.356,0,0.316,0.324,-0.008000000000000007,"4.18","4.44","-0.257"
"Hudson, Bryan","663542","2026","212","143",0.267,0.23,0.037000000000000005,0.333,0.316,0.017000000000000015,0.296,0.278,0.01799999999999996,"3.26","3.20","0.062"
"Lange, Alex","656638","2026","211","131",0.263,0.246,0.017000000000000015,0.419,0.408,0.01100000000000001,0.351,0.34,0.010999999999999954,"6.17","4.95","1.221"
"Finnegan, Kyle","640448","2026","211","145",0.271,0.253,0.018000000000000016,0.464,0.44,0.02400000000000002,0.367,0.351,0.016000000000000014,"3.49","5.33","-1.84"
"Suárez, Albert","544150","2026","211","159",0.243,0.257,-0.014000000000000012,0.434,0.427,0.007000000000000006,0.321,0.332,-0.01100000000000001,"4.14","4.69","-0.55"
"Fuentes, Didier","800311","2026","210","127",0.211,0.215,-0.0040000000000000036,0.295,0.335,-0.040000000000000036,0.253,0.27,-0.017000000000000015,"2.44","3.01","-0.571"
"Bernardino, Brennan","657514","2026","209","154",0.242,0.258,-0.016000000000000014,0.366,0.394,-0.028000000000000025,0.294,0.311,-0.017000000000000015,"2.72","4.06","-1.342"
"Kilian, Caleb","668873","2026","209","129",0.238,0.216,0.021999999999999992,0.359,0.36,-0.0010000000000000009,0.302,0.292,0.010000000000000009,"4.91","3.55","1.359"
"Soto, Gregory","642397","2026","209","123",0.193,0.199,-0.006000000000000005,0.326,0.303,0.02300000000000002,0.279,0.273,0.006000000000000005,"3.81","3.08","0.725"
"Alvarado, José","621237","2026","208","122",0.271,0.222,0.049000000000000016,0.418,0.336,0.08199999999999996,0.352,0.303,0.04899999999999999,"6.14","3.84","2.296"
"Bubic, Kris","663460","2026","207","129",0.2,0.24,-0.03999999999999998,0.322,0.395,-0.07300000000000001,0.286,0.327,-0.041000000000000036,"4.11","4.54","-0.427"
"Svanson, Matt","694335","2026","207","143",0.306,0.301,0.0050000000000000044,0.45,0.467,-0.017000000000000015,0.364,0.369,-0.0050000000000000044,"7.27","5.99","1.279"
"Ginkel, Kevin","656464","2026","206","142",0.231,0.236,-0.004999999999999977,0.392,0.409,-0.01699999999999996,0.291,0.305,-0.014000000000000012,"3.71","3.89","-0.184"
"Kerkering, Orion","689147","2026","206","125",0.201,0.193,0.008000000000000007,0.339,0.296,0.04300000000000004,0.296,0.279,0.01699999999999996,"3.88","3.22","0.665"
"Clarke, Taylor","664199","2026","206","165",0.195,0.249,-0.05399999999999999,0.295,0.409,-0.11399999999999999,0.235,0.306,-0.07100000000000001,"2.15","3.92","-1.767"
"Erceg, Lucas","668674","2026","205","141",0.308,0.262,0.045999999999999985,0.462,0.359,0.10300000000000004,0.386,0.335,0.05099999999999999,"6.02","4.79","1.233"
"O'Brien, Riley","676617","2026","205","126",0.203,0.235,-0.03199999999999997,0.273,0.363,-0.08999999999999997,0.276,0.322,-0.045999999999999985,"3.14","4.38","-1.236"
"Lee, Dylan","669276","2026","205","124",0.148,0.18,-0.032,0.249,0.298,-0.04899999999999999,0.201,0.239,-0.03799999999999998,"1.95","2.36","-0.408"
"Fluharty, Mason","689254","2026","204","128",0.239,0.19,0.04899999999999999,0.367,0.319,0.04799999999999999,0.304,0.264,0.03999999999999998,"3.94","2.88","1.058"
"Gray, Peyton","682608","2026","204","139",0.235,0.228,0.0069999999999999785,0.383,0.33,0.05299999999999999,0.293,0.274,0.01899999999999996,"3.25","3.10","0.155"
"Farris, Mitch","815083","2026","204","131",0.272,0.268,0.0040000000000000036,0.483,0.45,0.032999999999999974,0.365,0.351,0.014000000000000012,"4.18","5.33","-1.147"
"Lynch IV, Daniel","663738","2026","203","147",0.199,0.236,-0.03699999999999998,0.333,0.374,-0.04099999999999998,0.264,0.295,-0.030999999999999972,"2.88","3.62","-0.74"
"Stanek, Ryne","592773","2026","203","125",0.236,0.232,0.003999999999999976,0.414,0.397,0.01699999999999996,0.334,0.325,0.009000000000000008,"4.47","4.47","-0.002"
"Kelly, Kevin","687330","2026","203","148",0.19,0.259,-0.069,0.286,0.368,-0.08200000000000002,0.23,0.292,-0.06199999999999997,"1.96","3.55","-1.586"
"Silseth, Chase","681217","2026","201","119",0.232,0.227,0.0050000000000000044,0.357,0.378,-0.02100000000000002,0.308,0.312,-0.0040000000000000036,"2.78","4.09","-1.311"
"Morán, Jovani","663558","2026","201","123",0.16,0.193,-0.033,0.309,0.323,-0.014000000000000012,0.252,0.272,-0.020000000000000018,"2.52","3.06","-0.54"
"Latz, Jacob","656641","2026","200","130",0.141,0.189,-0.048000000000000015,0.245,0.309,-0.064,0.195,0.245,-0.04999999999999999,"1.83","2.48","-0.647"
"Petersen, Michael","656848","2026","199","115",0.177,0.184,-0.007000000000000006,0.303,0.347,-0.043999999999999984,0.263,0.28,-0.017000000000000015,"2.92","3.25","-0.331"
"Rogers, Taylor","573124","2026","199","138",0.3,0.251,0.04899999999999999,0.424,0.367,0.056999999999999995,0.352,0.317,0.034999999999999976,"5.27","4.23","1.043"
"Myers, Tobias","668964","2026","198","152",0.279,0.277,0.0020000000000000018,0.519,0.439,0.08000000000000002,0.359,0.332,0.02699999999999997,"6.26","4.69","1.571"
"Doval, Camilo","666808","2026","198","129",0.238,0.21,0.027999999999999997,0.399,0.329,0.07,0.315,0.288,0.027000000000000024,"4.23","3.44","0.791"
"Bachman, Sam","696147","2026","198","122",0.202,0.213,-0.010999999999999982,0.351,0.318,0.032999999999999974,0.305,0.298,0.007000000000000006,"4.14","3.70","0.439"
"Sulser, Cole","642121","2026","197","135",0.261,0.253,0.008000000000000007,0.433,0.461,-0.028000000000000025,0.319,0.325,-0.006000000000000005,"4.86","4.47","0.386"
"Montgomery, Mason","682254","2026","197","101",0.194,0.19,0.0040000000000000036,0.32,0.302,0.018000000000000016,0.266,0.258,0.008000000000000007,"3.64","2.75","0.888"
"Hart, Kyle","606996","2026","196","133",0.203,0.202,0.0010000000000000009,0.349,0.332,0.01699999999999996,0.278,0.273,0.0050000000000000044,"4.10","3.08","1.017"
"Nunez, Anthony","689296","2026","196","126",0.226,0.233,-0.007000000000000006,0.381,0.398,-0.017000000000000015,0.309,0.317,-0.008000000000000007,"4.60","4.23","0.37"
"Miller, Mason","695243","2026","196","82",0.138,0.13,0.008000000000000007,0.149,0.172,-0.022999999999999993,0.185,0.189,-0.0040000000000000036,"0.88","1.51","-0.633"
"McCullers Jr., Lance","621121","2026","195","118",0.247,0.236,0.01100000000000001,0.458,0.378,0.08000000000000002,0.359,0.328,0.030999999999999972,"6.54","4.57","1.975"
"Bieber, Shane","669456","2026","195","140",0.281,0.302,-0.020999999999999963,0.491,0.547,-0.05600000000000005,0.372,0.399,-0.027000000000000024,"5.48","7.24","-1.756"
"Garcia, Rico","670329","2026","195","126",0.175,0.211,-0.036000000000000004,0.362,0.361,0.0010000000000000009,0.264,0.279,-0.015000000000000013,"3.62","3.22","0.404"
"Rodón, Carlos","607074","2026","194","115",0.195,0.212,-0.016999999999999987,0.305,0.324,-0.019000000000000017,0.281,0.296,-0.014999999999999958,"3.30","3.65","-0.348"
"Kremer, Dean","665152","2026","194","133",0.237,0.239,-0.0020000000000000018,0.492,0.443,0.04899999999999999,0.331,0.317,0.014000000000000012,"5.25","4.23","1.02"
"Morillo, Juan","666661","2026","194","119",0.193,0.179,0.014000000000000012,0.281,0.254,0.027000000000000024,0.248,0.237,0.01100000000000001,"2.42","2.32","0.101"
"Henriquez, Edgardo","683618","2026","193","115",0.177,0.178,-0.0010000000000000009,0.244,0.244,0,0.256,0.256,0,"3.02","2.70","0.321"
"Dreyer, Jack","676263","2026","192","121",0.2,0.223,-0.022999999999999993,0.349,0.37,-0.02100000000000002,0.267,0.284,-0.01699999999999996,"3.14","3.34","-0.196"
"Anderson, Grant","681982","2026","191","131",0.211,0.211,0,0.427,0.343,0.08399999999999996,0.306,0.278,0.02799999999999997,"3.70","3.20","0.499"
"Dobbins, Hunter","690928","2026","191","130",0.244,0.239,0.0050000000000000044,0.395,0.363,0.03200000000000003,0.317,0.302,0.015000000000000013,"3.40","3.81","-0.41"
"Weissert, Greg","669711","2026","191","130",0.243,0.224,0.01899999999999999,0.399,0.355,0.04400000000000004,0.308,0.287,0.02100000000000002,"3.97","3.42","0.551"
"Uribe, Abner","682842","2026","191","124",0.188,0.217,-0.028999999999999998,0.253,0.281,-0.028000000000000025,0.238,0.26,-0.02200000000000002,"2.05","2.79","-0.742"
"Holderman, Colin","670059","2026","191","121",0.157,0.207,-0.04999999999999999,0.199,0.321,-0.122,0.222,0.285,-0.06299999999999997,"2.08","3.37","-1.293"
"Yarbrough, Ryan","642232","2026","190","138",0.229,0.226,0.0030000000000000027,0.355,0.32,0.034999999999999976,0.302,0.287,0.015000000000000013,"3.68","3.42","0.262"
"Loáisiga, Jonathan","642528","2026","190","142",0.243,0.234,0.00899999999999998,0.353,0.354,-0.0010000000000000009,0.277,0.281,-0.0040000000000000036,"2.85","3.27","-0.418"
"Dollander, Chase","801403","2026","189","121",0.238,0.217,0.02099999999999999,0.409,0.387,0.021999999999999964,0.32,0.307,0.013000000000000012,"3.89","3.95","-0.064"
"Klein, Will","694361","2026","189","116",0.267,0.235,0.03200000000000003,0.345,0.302,0.04299999999999998,0.318,0.288,0.030000000000000027,"3.67","3.44","0.232"
"Orze, Eric","679358","2026","189","130",0.264,0.253,0.01100000000000001,0.377,0.366,0.01100000000000001,0.318,0.312,0.006000000000000005,"5.66","4.09","1.571"
"Hill, Tim","657612","2026","188","151",0.241,0.258,-0.017000000000000015,0.424,0.427,-0.0030000000000000027,0.315,0.324,-0.009000000000000008,"4.30","4.44","-0.136"
"Matsui, Yuki","673513","2026","187","111",0.175,0.171,0.003999999999999976,0.338,0.33,0.008000000000000007,0.28,0.283,-0.002999999999999947,"2.35","3.32","-0.972"
"Nance, Tommy","667297","2026","187","123",0.235,0.254,-0.019000000000000017,0.343,0.391,-0.04799999999999999,0.289,0.313,-0.02400000000000002,"3.25","4.12","-0.872"
"Vodnik, Victor","680767","2026","187","132",0.289,0.249,0.03999999999999998,0.428,0.376,0.05199999999999999,0.351,0.32,0.030999999999999972,"5.27","4.32","0.948"
"Rolison, Ryan","669020","2026","187","120",0.224,0.234,-0.010000000000000009,0.327,0.358,-0.030999999999999972,0.287,0.304,-0.017000000000000015,"2.28","3.87","-1.588"
"Santana, Dennis","642701","2026","186","126",0.259,0.264,-0.0050000000000000044,0.488,0.457,0.030999999999999972,0.362,0.351,0.01100000000000001,"6.05","5.33","0.718"
"Thompson, Ryan","657044","2026","186","141",0.304,0.275,0.02899999999999997,0.435,0.381,0.05399999999999999,0.345,0.311,0.033999999999999975,"4.43","4.06","0.366"
"Romero, JoJo","668941","2026","186","123",0.244,0.262,-0.018000000000000016,0.384,0.433,-0.04899999999999999,0.313,0.337,-0.02400000000000002,"3.35","4.85","-1.501"
"Abreu, Bryan","650556","2026","185","95",0.193,0.198,-0.0050000000000000044,0.373,0.334,0.03899999999999998,0.324,0.313,0.01100000000000001,"4.19","4.12","0.066"
"Cruz, Steven","674444","2026","185","115",0.22,0.227,-0.007000000000000006,0.451,0.389,0.062,0.325,0.306,0.019000000000000017,"4.26","3.92","0.343"
"Raley, Brooks","548384","2026","185","121",0.205,0.216,-0.01100000000000001,0.329,0.338,-0.009000000000000008,0.272,0.286,-0.013999999999999957,"2.18","3.39","-1.206"
"Sterner, Justin","686993","2026","184","131",0.274,0.225,0.049000000000000016,0.524,0.399,0.125,0.359,0.292,0.067,"6.12","3.55","2.567"
"Domínguez, Seranthony","622554","2026","184","105",0.221,0.226,-0.0050000000000000044,0.403,0.399,0.0040000000000000036,0.329,0.332,-0.0030000000000000027,"4.54","4.69","-0.154"
"Winn, Cole","668390","2026","183","128",0.271,0.271,0,0.47,0.45,0.019999999999999962,0.344,0.34,0.003999999999999948,"5.88","4.95","0.929"
"Megill, Trevor","656730","2026","183","117",0.168,0.199,-0.031,0.21,0.317,-0.10700000000000001,0.197,0.25,-0.05299999999999999,"2.49","2.58","-0.091"
"Scott, Tanner","656945","2026","183","111",0.195,0.235,-0.03999999999999998,0.314,0.355,-0.04099999999999998,0.243,0.276,-0.03300000000000003,"2.27","3.15","-0.884"
"Iglesias, Raisel","628452","2026","183","120",0.237,0.22,0.016999999999999987,0.373,0.357,0.016000000000000014,0.296,0.281,0.014999999999999958,"3.02","3.27","-0.248"
"Schreiber, John","670167","2026","182","127",0.255,0.271,-0.016000000000000014,0.439,0.446,-0.007000000000000006,0.337,0.344,-0.006999999999999951,"3.77","5.08","-1.313"
"Quintana, Jose","500779","2026","181","143",0.288,0.275,0.012999999999999956,0.5,0.441,0.059,0.363,0.343,0.019999999999999962,"5.27","5.05","0.218"
"Pérez, Cionel","672335","2026","181","124",0.267,0.265,0.0020000000000000018,0.418,0.47,-0.05199999999999999,0.331,0.346,-0.014999999999999958,"4.97","5.15","-0.182"
"King, John","667463","2026","180","130",0.174,0.221,-0.047000000000000014,0.335,0.394,-0.059,0.257,0.301,-0.043999999999999984,"3.06","3.78","-0.716"
"Muñoz, Andrés","662253","2026","179","94",0.212,0.207,0.0050000000000000044,0.331,0.325,0.006000000000000005,0.28,0.279,0.0010000000000000009,"3.80","3.22","0.577"
"Parker, Mitchell","680730","2026","178","129",0.289,0.272,0.01699999999999996,0.503,0.462,0.04099999999999998,0.37,0.347,0.02300000000000002,"6.58","5.19","1.39"
"Gaddis, Hunter","683769","2026","178","120",0.248,0.262,-0.014000000000000012,0.369,0.411,-0.04199999999999998,0.311,0.33,-0.019000000000000017,"3.60","4.63","-1.03"
"Williams, Devin","642207","2026","178","106",0.277,0.219,0.058000000000000024,0.394,0.31,0.08400000000000002,0.337,0.282,0.05500000000000005,"4.66","3.30","1.355"
"Thornton, Zac","804267","2026","177","134",0.23,0.271,-0.04100000000000001,0.335,0.446,-0.11099999999999999,0.28,0.337,-0.056999999999999995,"2.78","4.85","-2.071"
"Lawrence, Justin","664875","2026","177","100",0.275,0.267,0.008000000000000007,0.549,0.454,0.09500000000000003,0.413,0.38,0.032999999999999974,"7.34","6.42","0.92"
"Baker, Bryan","641329","2026","177","110",0.15,0.193,-0.04300000000000001,0.25,0.299,-0.04899999999999999,0.218,0.258,-0.04000000000000001,"1.55","2.75","-1.196"
"Vesia, Alex","681911","2026","175","91",0.143,0.173,-0.03,0.224,0.287,-0.06299999999999997,0.236,0.27,-0.03400000000000003,"2.81","3.01","-0.202"
"Weaver, Luke","596133","2026","174","115",0.165,0.204,-0.03899999999999998,0.247,0.342,-0.09500000000000003,0.216,0.267,-0.05100000000000002,"1.80","2.94","-1.14"
"Sisk, Evan","681895","2026","174","101",0.229,0.194,0.035,0.333,0.277,0.055999999999999994,0.31,0.277,0.032999999999999974,"2.66","3.18","-0.524"
"Woodruff, Brandon","605540","2026","174","116",0.174,0.2,-0.026000000000000023,0.304,0.358,-0.05399999999999999,0.231,0.263,-0.032,"2.98","2.85","0.128"
"Fermin, José","820862","2026","174","102",0.207,0.225,-0.018000000000000016,0.353,0.369,-0.016000000000000014,0.301,0.314,-0.013000000000000012,"3.12","4.15","-1.026"
"Winn, Keaton","676775","2026","172","120",0.213,0.239,-0.025999999999999995,0.313,0.357,-0.043999999999999984,0.275,0.305,-0.02999999999999997,"2.98","3.89","-0.914"
"Shugart, Chase","663767","2026","171","104",0.245,0.223,0.021999999999999992,0.476,0.414,0.062,0.343,0.318,0.025000000000000022,"4.72","4.26","0.465"
"Herrin, Tim","682120","2026","171","110",0.243,0.213,0.03,0.404,0.364,0.040000000000000036,0.331,0.318,0.013000000000000012,"3.66","4.26","-0.599"
"Kinley, Tyler","641755","2026","169","110",0.221,0.205,0.016000000000000014,0.423,0.361,0.062,0.314,0.283,0.031000000000000028,"3.95","3.32","0.631"
"Whitlock, Garrett","676477","2026","168","112",0.203,0.218,-0.014999999999999986,0.297,0.315,-0.018000000000000016,0.234,0.247,-0.012999999999999984,"2.04","2.52","-0.475"
"Chapman, Aroldis","547973","2026","168","99",0.209,0.186,0.022999999999999993,0.324,0.301,0.02300000000000002,0.283,0.264,0.01899999999999996,"2.04","2.88","-0.838"
"Barnett, Mason","686930","2026","167","109",0.243,0.238,0.0050000000000000044,0.521,0.432,0.08900000000000002,0.368,0.336,0.03199999999999997,"6.16","4.82","1.338"
"Bowlan, Jonathan","680742","2026","167","102",0.196,0.192,0.0040000000000000036,0.301,0.296,0.0050000000000000044,0.247,0.247,0,"2.74","2.52","0.222"
"Hurt, Kyle","669165","2026","166","98",0.224,0.212,0.01200000000000001,0.343,0.343,0,0.303,0.296,0.007000000000000006,"4.46","3.65","0.811"
"Strider, Spencer","675911","2026","165","98",0.232,0.188,0.04400000000000001,0.5,0.359,0.14100000000000001,0.355,0.29,0.065,"5.31","3.50","1.808"
"Wolfram, Grant","664991","2026","164","105",0.278,0.239,0.039000000000000035,0.444,0.374,0.07,0.347,0.305,0.04199999999999998,"5.75","3.89","1.86"
"Scholtens, Jesse","669947","2026","164","120",0.248,0.271,-0.02300000000000002,0.477,0.466,0.010999999999999954,0.338,0.346,-0.007999999999999952,"3.82","5.15","-1.327"
"Duran, Jhoan","661395","2026","164","95",0.221,0.195,0.025999999999999995,0.26,0.256,0.0040000000000000036,0.241,0.227,0.013999999999999985,"1.74","2.13","-0.388"
"Junis, Jakob","596001","2026","164","124",0.234,0.264,-0.03,0.305,0.381,-0.07600000000000001,0.261,0.301,-0.03999999999999998,"2.70","3.78","-1.08"
"Fairbanks, Pete","664126","2026","163","93",0.231,0.214,0.017000000000000015,0.455,0.439,0.016000000000000014,0.334,0.323,0.01100000000000001,"6.03","4.41","1.617"
"Sewald, Paul","623149","2026","163","108",0.228,0.228,0,0.53,0.505,0.025000000000000022,0.34,0.33,0.010000000000000009,"6.23","4.63","1.601"
"De Jesus, Enmanuel","646241","2026","162","110",0.233,0.245,-0.011999999999999983,0.342,0.389,-0.046999999999999986,0.287,0.309,-0.02200000000000002,"3.72","4.00","-0.276"
"Miller, Erik","669062","2026","161","82",0.203,0.185,0.018000000000000016,0.286,0.282,0.0040000000000000036,0.285,0.277,0.007999999999999952,"2.43","3.18","-0.748"
"Scherzer, Max","453286","2026","161","118",0.278,0.27,0.008000000000000007,0.535,0.475,0.06000000000000005,0.379,0.354,0.025000000000000022,"7.25","5.43","1.82"
"Antone, Tejay","622088","2026","161","111",0.201,0.209,-0.00799999999999998,0.354,0.347,0.007000000000000006,0.273,0.274,-0.0010000000000000009,"2.84","3.10","-0.258"
"Strahm, Matt","621381","2026","161","115",0.269,0.225,0.04400000000000001,0.572,0.428,0.14399999999999996,0.388,0.316,0.07200000000000001,"7.32","4.20","3.118"
"Gibson, Trey","694346","2026","161","105",0.284,0.291,-0.007000000000000006,0.478,0.487,-0.009000000000000008,0.385,0.391,-0.006000000000000005,"7.36","6.89","0.474"
"Cano, Yennier","666974","2026","160","114",0.193,0.217,-0.023999999999999994,0.253,0.33,-0.07700000000000001,0.222,0.266,-0.04400000000000001,"1.99","2.92","-0.928"
"Funderburk, Kody","681892","2026","160","104",0.189,0.222,-0.033,0.242,0.322,-0.08000000000000002,0.263,0.302,-0.03899999999999998,"2.84","3.81","-0.968"
"Waldron, Matt","663362","2026","159","117",0.317,0.236,0.08100000000000002,0.552,0.395,0.15700000000000003,0.394,0.305,0.08900000000000002,"7.46","3.89","3.567"
"Herget, Jimmy","623474","2026","158","103",0.298,0.232,0.06599999999999998,0.527,0.404,0.123,0.386,0.322,0.064,"6.35","4.38","1.973"
"Kuhnel, Joel","669270","2026","157","119",0.288,0.297,-0.009000000000000008,0.468,0.441,0.027000000000000024,0.357,0.355,0.0020000000000000018,"4.84","5.47","-0.63"
"Kittredge, Andrew","552640","2026","157","116",0.257,0.261,-0.0040000000000000036,0.403,0.399,0.0040000000000000036,0.307,0.305,0.0020000000000000018,"3.57","3.89","-0.324"
"Englert, Mason","669438","2026","157","116",0.297,0.28,0.01699999999999996,0.552,0.549,0.0030000000000000027,0.37,0.365,0.0050000000000000044,"4.54","5.84","-1.298"
"Warren, Austin","681810","2026","157","99",0.252,0.261,-0.009000000000000008,0.444,0.435,0.009000000000000008,0.349,0.349,0,"4.63","5.26","-0.631"
"Mattson, Isaac","676755","2026","156","106",0.275,0.292,-0.01699999999999996,0.428,0.506,-0.07800000000000001,0.344,0.376,-0.03200000000000003,"4.93","6.26","-1.327"
"Adams, Travis","701519","2026","156","97",0.254,0.23,0.023999999999999994,0.442,0.387,0.05499999999999999,0.34,0.311,0.029000000000000026,"5.86","4.06","1.798"
"Banda, Anthony","607455","2026","156","100",0.235,0.234,0.0009999999999999731,0.402,0.375,0.027000000000000024,0.334,0.325,0.009000000000000008,"4.46","4.47","-0.014"
"Paredes, Mike","702474","2026","154","118",0.269,0.279,-0.010000000000000009,0.47,0.446,0.023999999999999966,0.352,0.349,0.0030000000000000027,"4.72","5.26","-0.542"
"Dobnak, Randy","677976","2026","153","120",0.248,0.298,-0.04999999999999999,0.336,0.396,-0.06,0.291,0.335,-0.04400000000000004,"2.00","4.79","-2.79"
"Thielbar, Caleb","573204","2026","153","97",0.25,0.246,0.0040000000000000036,0.5,0.486,0.014000000000000012,0.344,0.335,0.008999999999999952,"5.30","4.79","0.509"
"Barlow, Scott","605130","2026","153","97",0.21,0.236,-0.025999999999999995,0.435,0.448,-0.013000000000000012,0.341,0.358,-0.01699999999999996,"6.48","5.58","0.9"
"Alvarado, Elvis","665660","2026","153","87",0.212,0.205,0.007000000000000006,0.462,0.456,0.006000000000000005,0.337,0.34,-0.0030000000000000027,"4.82","4.95","-0.129"
"Poulin, PJ","676571","2026","153","106",0.206,0.256,-0.05000000000000002,0.351,0.441,-0.09000000000000002,0.302,0.353,-0.05099999999999999,"2.70","5.40","-2.7"
"Schultz, Paxton","687606","2026","153","107",0.314,0.276,0.03799999999999998,0.489,0.453,0.035999999999999976,0.372,0.342,0.02999999999999997,"6.40","5.02","1.382"
"Hicks, Jordan","663855","2026","152","89",0.236,0.209,0.026999999999999996,0.346,0.265,0.08099999999999996,0.308,0.27,0.03799999999999998,"3.44","3.01","0.431"
"Beeter, Clayton","690925","2026","152","90",0.179,0.21,-0.031,0.35,0.362,-0.01200000000000001,0.293,0.32,-0.027000000000000024,"3.75","4.32","-0.57"
"Ragans, Cole","666142","2026","151","83",0.213,0.218,-0.0050000000000000044,0.488,0.452,0.035999999999999976,0.354,0.344,0.010000000000000009,"4.84","5.08","-0.24"
"Varland, Gus","681402","2026","151","106",0.326,0.303,0.02300000000000002,0.591,0.579,0.01200000000000001,0.411,0.4,0.010999999999999954,"6.82","7.29","-0.469"
"Aldegheri, Sam","691951","2026","151","111",0.238,0.271,-0.03300000000000003,0.4,0.45,-0.04999999999999999,0.319,0.355,-0.035999999999999976,"5.08","5.47","-0.391"
"Cleavinger, Garrett","664076","2026","150","84",0.22,0.224,-0.0040000000000000036,0.386,0.367,0.019000000000000017,0.301,0.303,-0.0020000000000000018,"3.28","3.84","-0.56"
"Eisert, Brandon","685126","2026","150","98",0.265,0.229,0.036000000000000004,0.478,0.37,0.10799999999999998,0.347,0.291,0.055999999999999994,"6.29","3.52","2.771"
"Javier, Cristian","664299","2026","149","106",0.3,0.281,0.01899999999999996,0.5,0.471,0.029000000000000026,0.384,0.367,0.017000000000000015,"6.68","5.91","0.77"
"Milner, Hoby","571948","2026","149","119",0.256,0.296,-0.03999999999999998,0.398,0.45,-0.05199999999999999,0.31,0.351,-0.04099999999999998,"3.53","5.33","-1.797"
"Ribalta, Orlando","687377","2026","148","102",0.221,0.216,0.0050000000000000044,0.351,0.395,-0.04400000000000004,0.286,0.301,-0.015000000000000013,"3.50","3.78","-0.28"
"Johnson, Pierce","572955","2026","148","104",0.242,0.278,-0.03600000000000003,0.439,0.5,-0.061,0.323,0.36,-0.03699999999999998,"4.67","5.65","-0.977"
"Glasnow, Tyler","607192","2026","148","86",0.149,0.18,-0.031,0.313,0.324,-0.01100000000000001,0.235,0.252,-0.017000000000000015,"2.72","2.62","0.103"
"Bird, Jake","656234","2026","147","97",0.287,0.244,0.04299999999999998,0.473,0.423,0.04999999999999999,0.363,0.328,0.034999999999999976,"5.79","4.57","1.216"
"Kimbrel, Craig","518886","2026","147","96",0.23,0.248,-0.017999999999999988,0.413,0.394,0.01899999999999996,0.325,0.326,-0.0010000000000000009,"4.67","4.50","0.173"
"Banks, Tanner","621383","2026","146","101",0.344,0.262,0.08199999999999996,0.595,0.419,0.176,0.423,0.323,0.09999999999999998,"7.14","4.41","2.728"
"Lovelady, Richard","663992","2026","146","95",0.286,0.282,0.0040000000000000036,0.445,0.423,0.02200000000000002,0.371,0.361,0.010000000000000009,"3.86","5.69","-1.833"
"Armstrong, Shawn","542888","2026","146","92",0.236,0.209,0.026999999999999996,0.382,0.362,0.020000000000000018,0.324,0.308,0.016000000000000014,"4.91","3.98","0.929"
"Sabrowski, Erik","681870","2026","146","65",0.186,0.159,0.026999999999999996,0.339,0.286,0.05300000000000005,0.299,0.277,0.021999999999999964,"3.54","3.18","0.365"
"Thornton, Trent","663423","2026","145","110",0.203,0.256,-0.05299999999999999,0.336,0.423,-0.08699999999999997,0.278,0.33,-0.05199999999999999,"2.65","4.63","-1.978"
"Leiter Jr., Mark","643410","2026","144","91",0.258,0.269,-0.01100000000000001,0.344,0.365,-0.02100000000000002,0.304,0.316,-0.01200000000000001,"4.28","4.20","0.077"
"Hughes, Gabriel","687312","2026","143","98",0.246,0.215,0.031,0.381,0.307,0.07400000000000001,0.308,0.271,0.03699999999999998,"5.61","3.03","2.584"
"Bratt, Mitch","683352","2026","143","98",0.23,0.211,0.019000000000000017,0.426,0.351,0.07500000000000001,0.335,0.301,0.03400000000000003,"3.74","3.78","-0.037"
"Sears, JP","676664","2026","143","104",0.258,0.263,-0.0050000000000000044,0.422,0.441,-0.019000000000000017,0.328,0.345,-0.01699999999999996,"4.68","5.12","-0.436"
"Gibson, Cade","806188","2026","142","97",0.282,0.256,0.025999999999999968,0.385,0.328,0.056999999999999995,0.335,0.308,0.027000000000000024,"5.52","3.98","1.536"
"Dodd, Dylan","689266","2026","142","89",0.148,0.191,-0.04300000000000001,0.281,0.32,-0.03899999999999998,0.227,0.259,-0.032,"2.17","2.77","-0.6"
"Hall, DL","669084","2026","142","81",0.167,0.211,-0.043999999999999984,0.246,0.298,-0.05199999999999999,0.276,0.309,-0.032999999999999974,"2.60","4.00","-1.404"
"Kikuchi, Yusei","579328","2026","142","94",0.282,0.258,0.023999999999999966,0.444,0.446,-0.0020000000000000018,0.346,0.34,0.00599999999999995,"5.81","4.95","0.856"
"Bender, Anthony","669622","2026","140","84",0.169,0.194,-0.024999999999999994,0.226,0.284,-0.05799999999999997,0.224,0.254,-0.03,"2.62","2.66","-0.039"
"Petty, Chase","695534","2026","139","112",0.248,0.278,-0.030000000000000027,0.448,0.469,-0.020999999999999963,0.328,0.361,-0.032999999999999974,"4.83","5.69","-0.858"
"Crochet, Garrett","676979","2026","138","86",0.27,0.262,0.008000000000000007,0.467,0.442,0.025000000000000022,0.358,0.344,0.014000000000000012,"6.30","5.08","1.22"
"Giolito, Lucas","608337","2026","138","96",0.281,0.262,0.019000000000000017,0.412,0.406,0.00599999999999995,0.369,0.357,0.01200000000000001,"5.16","5.54","-0.383"
"Slaten, Justin","686580","2026","137","90",0.276,0.223,0.05300000000000002,0.417,0.332,0.08499999999999996,0.323,0.266,0.056999999999999995,"4.60","2.92","1.676"
"Yates, Kirby","489446","2026","137","80",0.197,0.197,0,0.333,0.314,0.019000000000000017,0.283,0.279,0.003999999999999948,"3.62","3.22","0.399"
"Maton, Phil","664208","2026","136","84",0.306,0.294,0.01200000000000001,0.514,0.487,0.027000000000000024,0.398,0.389,0.009000000000000008,"6.18","6.80","-0.619"
"Sandoval, Patrick","663776","2026","136","93",0.319,0.277,0.04199999999999998,0.454,0.399,0.05499999999999999,0.368,0.329,0.03899999999999998,"3.30","4.60","-1.3"
"Hoppe, Alex","695380","2026","135","87",0.248,0.25,-0.0020000000000000018,0.372,0.347,0.025000000000000022,0.307,0.298,0.009000000000000008,"5.28","3.70","1.583"
"Pomeranz, Drew","519141","2026","135","100",0.278,0.267,0.01100000000000001,0.496,0.463,0.032999999999999974,0.368,0.351,0.017000000000000015,"5.59","5.33","0.256"
"Keller, Brad","641745","2026","135","88",0.246,0.226,0.01999999999999999,0.364,0.313,0.05099999999999999,0.309,0.284,0.025000000000000022,"4.02","3.34","0.681"
"Santillan, Tony","663574","2026","134","92",0.248,0.253,-0.0050000000000000044,0.496,0.476,0.020000000000000018,0.354,0.348,0.006000000000000005,"5.23","5.22","0.006"
"Jansen, Kenley","445276","2026","134","77",0.179,0.197,-0.018000000000000016,0.33,0.326,0.0040000000000000036,0.283,0.289,-0.006000000000000005,"3.98","3.47","0.509"
"Adam, Jason","592094","2026","134","102",0.242,0.224,0.017999999999999988,0.403,0.371,0.03200000000000003,0.309,0.288,0.02100000000000002,"2.50","3.44","-0.935"
"Phillips, Connor","683175","2026","133","74",0.208,0.24,-0.032,0.356,0.407,-0.05099999999999999,0.346,0.377,-0.031000000000000028,"5.53","6.30","-0.77"
"Murphy, Chris","669684","2026","132","84",0.234,0.211,0.02300000000000002,0.36,0.321,0.03899999999999998,0.316,0.294,0.02200000000000002,"4.20","3.60","0.6"
"Madden, Ty","680744","2026","132","85",0.176,0.206,-0.03,0.252,0.308,-0.055999999999999994,0.236,0.268,-0.03200000000000003,"2.48","2.97","-0.49"
"Speier, Gabe","642100","2026","132","86",0.218,0.216,0.0020000000000000018,0.364,0.388,-0.02400000000000002,0.303,0.31,-0.007000000000000006,"2.94","4.03","-1.095"
"Weiss, Ryan","680802","2026","131","81",0.315,0.269,0.045999999999999985,0.568,0.488,0.07999999999999996,0.426,0.379,0.046999999999999986,"7.62","6.38","1.235"
"Rojas, Kendry","696070","2026","130","73",0.221,0.179,0.04200000000000001,0.327,0.282,0.04500000000000004,0.321,0.288,0.03300000000000003,"3.34","3.44","-0.103"
"Whisenhunt, Carson","687931","2026","130","89",0.275,0.262,0.013000000000000012,0.45,0.45,0,0.363,0.364,-0.0010000000000000009,"6.11","5.80","0.307"
"Hentges, Sam","656529","2026","129","75",0.238,0.208,0.03,0.267,0.293,-0.025999999999999968,0.303,0.299,0.0040000000000000036,"2.57","3.73","-1.159"
"Guerrero, Tyron","594027","2026","128","87",0.231,0.21,0.02100000000000002,0.306,0.299,0.007000000000000006,0.257,0.243,0.014000000000000012,"3.19","2.44","0.754"
"Williamson, Brandon","682227","2026","128","86",0.255,0.276,-0.02100000000000002,0.431,0.486,-0.05499999999999999,0.36,0.389,-0.029000000000000026,"6.11","6.80","-0.693"
"Garcia, Brandyn","805299","2026","127","80",0.172,0.176,-0.0040000000000000036,0.224,0.251,-0.026999999999999996,0.211,0.222,-0.01100000000000001,"2.12","2.04","0.078"
"Hill, Jaden","677955","2026","127","78",0.257,0.235,0.02200000000000002,0.39,0.353,0.03700000000000003,0.338,0.316,0.02200000000000002,"5.06","4.20","0.863"
"Woodford, Jake","663765","2026","126","96",0.348,0.333,0.014999999999999958,0.522,0.484,0.038000000000000034,0.384,0.369,0.015000000000000013,"7.18","5.99","1.187"
"Ferguson, Caleb","657571","2026","126","83",0.271,0.244,0.027000000000000024,0.421,0.371,0.04999999999999999,0.344,0.316,0.02799999999999997,"3.90","4.20","-0.296"
"Gage, Matt","657424","2026","126","86",0.267,0.257,0.010000000000000009,0.505,0.43,0.07500000000000001,0.376,0.352,0.02400000000000002,"5.60","5.36","0.238"
"Walker, Ryan","676254","2026","125","90",0.308,0.26,0.04799999999999999,0.477,0.389,0.08799999999999997,0.377,0.324,0.05299999999999999,"7.52","4.44","3.079"
"Rangel, Alan","660604","2026","123","79",0.29,0.249,0.04099999999999998,0.495,0.37,0.125,0.377,0.317,0.06,"5.88","4.23","1.655"
"Wilcox, Cole","677961","2026","123","76",0.262,0.284,-0.021999999999999964,0.34,0.404,-0.064,0.325,0.355,-0.02999999999999997,"4.00","5.47","-1.47"
"Suarez, Robert","663158","2026","121","88",0.184,0.252,-0.068,0.219,0.351,-0.13199999999999998,0.203,0.282,-0.07899999999999996,"0.56","3.30","-2.737"
"Criswell, Cooper","681867","2026","121","89",0.257,0.24,0.017000000000000015,0.385,0.357,0.028000000000000025,0.301,0.286,0.015000000000000013,"3.52","3.39","0.132"
"Greene, Hunter","668881","2026","121","79",0.261,0.268,-0.007000000000000006,0.423,0.429,-0.006000000000000005,0.322,0.325,-0.0030000000000000027,"6.83","4.47","2.361"
"Povich, Cade","700249","2026","120","88",0.275,0.264,0.01100000000000001,0.459,0.453,0.006000000000000005,0.35,0.342,0.007999999999999952,"4.45","5.02","-0.573"
"Dotel, Wilber","696062","2026","116","76",0.262,0.246,0.016000000000000014,0.359,0.369,-0.010000000000000009,0.305,0.305,0,"5.06","3.89","1.173"
"Vest, Will","676684","2026","116","77",0.275,0.244,0.031000000000000028,0.382,0.365,0.017000000000000015,0.326,0.307,0.019000000000000017,"6.08","3.95","2.125"
"Black, Mason","696131","2026","116","80",0.258,0.292,-0.033999999999999975,0.433,0.503,-0.07,0.357,0.398,-0.041000000000000036,"3.51","7.20","-3.694"
"Walker, Taijuan","592836","2026","115","86",0.353,0.312,0.04099999999999998,0.657,0.582,0.07500000000000007,0.454,0.411,0.04300000000000004,"9.13","7.80","1.332"
"Sullivan, Sean","807743","2026","114","84",0.343,0.241,0.10200000000000004,0.677,0.431,0.24600000000000005,0.461,0.335,0.126,"8.87","4.79","4.076"
"Akin, Keegan","669211","2026","114","88",0.284,0.246,0.03799999999999998,0.441,0.371,0.07,0.337,0.298,0.039000000000000035,"5.68","3.70","1.984"
"Wilson, Bryse","669060","2026","113","89",0.321,0.298,0.02300000000000002,0.44,0.43,0.010000000000000009,0.344,0.327,0.01699999999999996,"4.91","4.54","0.369"
"Seabold, Connor","657756","2026","113","81",0.306,0.253,0.05299999999999999,0.429,0.364,0.065,0.351,0.308,0.04299999999999998,"5.25","3.98","1.27"
"Beeks, Jalen","656222","2026","113","84",0.272,0.282,-0.009999999999999953,0.495,0.522,-0.027000000000000024,0.351,0.363,-0.01200000000000001,"3.81","5.76","-1.952"
"Minter, A.J.","621345","2026","112","84",0.234,0.23,0.0040000000000000036,0.43,0.412,0.018000000000000016,0.294,0.285,0.009000000000000008,"2.25","3.37","-1.12"
"Pagán, Emilio","641941","2026","110","70",0.219,0.204,0.015000000000000013,0.396,0.412,-0.01599999999999996,0.295,0.297,-0.0020000000000000018,"4.10","3.68","0.421"
"Ahlstrom, Robby","695239","2026","110","77",0.242,0.242,0,0.354,0.358,-0.0040000000000000036,0.295,0.295,0,"4.79","3.62","1.165"
"Roberts, Ethan","681799","2026","110","76",0.237,0.255,-0.018000000000000016,0.376,0.39,-0.014000000000000012,0.331,0.342,-0.01100000000000001,"4.21","5.02","-0.812"
"Ashcraft, Graham","668933","2026","109","61",0.183,0.197,-0.014000000000000012,0.312,0.307,0.0050000000000000044,0.279,0.286,-0.006999999999999951,"3.33","3.39","-0.057"
"Pearson, Nate","663878","2026","109","71",0.204,0.232,-0.028000000000000025,0.269,0.365,-0.09599999999999997,0.279,0.323,-0.043999999999999984,"2.70","4.41","-1.71"
"Estrada, Jeremiah","669093","2026","108","60",0.172,0.204,-0.032,0.258,0.322,-0.064,0.253,0.287,-0.033999999999999975,"3.29","3.42","-0.127"
"Rucker, Michael","621074","2026","107","68",0.26,0.245,0.015000000000000013,0.385,0.348,0.03700000000000003,0.319,0.298,0.02100000000000002,"5.18","3.70","1.478"
"Davis, Tyler","699823","2026","106","69",0.191,0.219,-0.027999999999999997,0.281,0.324,-0.04299999999999998,0.262,0.288,-0.025999999999999968,"4.10","3.44","0.661"
"Roycroft, Chris","688297","2026","106","76",0.344,0.294,0.04999999999999999,0.611,0.517,0.09399999999999997,0.442,0.387,0.05499999999999999,"9.14","6.72","2.425"
"Sandlin, David","689818","2026","106","69",0.237,0.23,0.0069999999999999785,0.462,0.389,0.07300000000000001,0.346,0.317,0.02899999999999997,"6.93","4.23","2.702"
"Morgan, David","688158","2026","105","63",0.295,0.217,0.07799999999999999,0.432,0.273,0.15899999999999997,0.371,0.284,0.08700000000000002,"4.50","3.34","1.16"
"Collyer, Gavin","686560","2026","105","58",0.188,0.192,-0.0040000000000000036,0.275,0.278,-0.0030000000000000027,0.317,0.318,-0.0010000000000000009,"5.09","4.26","0.827"
"Way, Beck","694360","2026","105","73",0.293,0.257,0.035999999999999976,0.435,0.395,0.03999999999999998,0.35,0.341,0.008999999999999952,"3.86","4.98","-1.123"
"Natera Jr., Samy","696519","2026","104","51",0.14,0.147,-0.0069999999999999785,0.226,0.231,-0.0050000000000000044,0.214,0.219,-0.0050000000000000044,"2.00","1.99","0.01"
"Borucki, Ryan","621366","2026","104","78",0.293,0.253,0.03999999999999998,0.478,0.373,0.10499999999999998,0.364,0.31,0.05399999999999999,"4.94","4.03","0.914"
"Hader, Josh","623352","2026","104","56",0.106,0.135,-0.029000000000000012,0.149,0.184,-0.035,0.167,0.191,-0.023999999999999994,"0.96","1.54","-0.576"
"Davila, Nick","689546","2026","102","77",0.209,0.266,-0.05700000000000002,0.314,0.387,-0.07300000000000001,0.287,0.335,-0.04800000000000004,"4.01","4.79","-0.776"
"Smith, Dylan","681916","2026","102","61",0.212,0.219,-0.007000000000000006,0.341,0.383,-0.04199999999999998,0.288,0.308,-0.020000000000000018,"3.09","3.98","-0.894"
"Johnson, Seth","686751","2026","101","58",0.265,0.249,0.016000000000000014,0.446,0.406,0.03999999999999998,0.375,0.355,0.020000000000000018,"6.75","5.47","1.28"
"Hurter, Brant","676428","2026","101","70",0.174,0.235,-0.061,0.267,0.331,-0.064,0.25,0.304,-0.05399999999999999,"2.84","3.87","-1.028"
"Halvorsen, Seth","678020","2026","100","67",0.262,0.309,-0.046999999999999986,0.44,0.483,-0.04299999999999998,0.357,0.39,-0.03300000000000003,"4.50","6.85","-2.35"
"Treinen, Blake","595014","2026","100","64",0.239,0.261,-0.02200000000000002,0.398,0.475,-0.07699999999999996,0.312,0.348,-0.035999999999999976,"3.52","5.22","-1.698"
"Nardi, Andrew","677053","2026","99","60",0.244,0.241,0.0030000000000000027,0.442,0.465,-0.02300000000000002,0.343,0.348,-0.004999999999999949,"5.16","5.22","-0.058"
"Macko, Adam","671936","2026","99","63",0.279,0.258,0.02100000000000002,0.407,0.435,-0.028000000000000025,0.34,0.338,0.0020000000000000018,"4.91","4.89","0.019"
"Hernández, Jonathan","642546","2026","98","68",0.233,0.258,-0.024999999999999994,0.419,0.403,0.01599999999999996,0.326,0.331,-0.0050000000000000044,"6.45","4.66","1.788"
"Yoho, Craig","684974","2026","98","63",0.171,0.21,-0.03899999999999998,0.39,0.378,0.01200000000000001,0.308,0.32,-0.01200000000000001,"5.40","4.32","1.08"
"Pallette, Peyton","688883","2026","97","56",0.218,0.25,-0.032,0.346,0.384,-0.038000000000000034,0.333,0.356,-0.022999999999999965,"5.23","5.50","-0.274"
"Booser, Cam","592155","2026","97","59",0.165,0.181,-0.015999999999999986,0.341,0.342,-0.0010000000000000009,0.237,0.245,-0.008000000000000007,"2.08","2.48","-0.403"
"Dion, Will","702021","2026","97","66",0.272,0.26,0.01200000000000001,0.446,0.39,0.055999999999999994,0.329,0.302,0.027000000000000024,"3.86","3.81","0.047"
"Cornelio, Riley","683000","2026","96","56",0.239,0.192,0.046999999999999986,0.338,0.291,0.04700000000000004,0.334,0.318,0.016000000000000014,"5.40","4.26","1.14"
"Coulombe, Danny","543056","2026","96","70",0.225,0.251,-0.025999999999999995,0.275,0.311,-0.035999999999999976,0.299,0.321,-0.02200000000000002,"4.50","4.35","0.15"
"Romano, Jordan","605447","2026","95","55",0.275,0.239,0.03600000000000003,0.362,0.324,0.03799999999999998,0.333,0.305,0.028000000000000025,"5.95","3.89","2.059"
"Zuber, Tyler","676604","2026","95","62",0.27,0.231,0.03900000000000001,0.449,0.345,0.10400000000000004,0.334,0.277,0.056999999999999995,"3.63","3.18","0.447"
"Bolton, Cody","675989","2026","95","58",0.269,0.276,-0.007000000000000006,0.462,0.472,-0.009999999999999953,0.371,0.38,-0.009000000000000008,"5.40","6.42","-1.02"
"Backhus, Kyle","679775","2026","94","66",0.294,0.247,0.046999999999999986,0.447,0.385,0.062,0.349,0.308,0.04099999999999998,"4.95","3.98","0.97"
"Schweitzer, Tyler","805326","2026","94","74",0.235,0.286,-0.05099999999999999,0.353,0.455,-0.10200000000000004,0.296,0.355,-0.059,"2.78","5.47","-2.691"
"Hanifee, Brenan","669724","2026","93","75",0.286,0.301,-0.015000000000000013,0.512,0.5,0.01200000000000001,0.369,0.37,-0.0010000000000000009,"5.06","6.03","-0.967"
"Anderson, Shaun","641312","2026","93","65",0.309,0.303,0.006000000000000005,0.469,0.515,-0.04600000000000004,0.38,0.391,-0.01100000000000001,"7.65","6.89","0.76"
"Abel, Mick","690953","2026","93","57",0.275,0.273,0.0020000000000000018,0.35,0.413,-0.063,0.329,0.349,-0.019999999999999962,"3.98","5.26","-1.276"
"Waguespack, Jacob","621097","2026","93","68",0.15,0.195,-0.04500000000000001,0.263,0.269,-0.006000000000000005,0.233,0.255,-0.021999999999999992,"1.52","2.68","-1.159"
"Topa, Justin","623437","2026","92","68",0.346,0.291,0.05499999999999999,0.538,0.491,0.04700000000000004,0.415,0.376,0.03899999999999998,"8.05","6.26","1.793"
"Garcia, Julian","670062","2026","92","58",0.165,0.18,-0.014999999999999986,0.405,0.31,0.09500000000000003,0.289,0.264,0.024999999999999967,"3.04","2.88","0.162"
"Franco, Jose","683742","2026","92","62",0.25,0.236,0.014000000000000012,0.461,0.391,0.07,0.363,0.347,0.016000000000000014,"4.43","5.19","-0.764"
"Morgan, Eli","669212","2026","91","64",0.3,0.324,-0.02400000000000002,0.525,0.513,0.01200000000000001,0.396,0.399,-0.0030000000000000027,"5.12","7.24","-2.119"
"Tidwell, Blade","694918","2026","91","66",0.238,0.24,-0.0020000000000000018,0.31,0.333,-0.02300000000000002,0.267,0.276,-0.009000000000000008,"2.78","3.15","-0.371"
"Samaniego, Tyler","701719","2026","90","63",0.286,0.268,0.01799999999999996,0.351,0.398,-0.04700000000000004,0.324,0.331,-0.007000000000000006,"2.66","4.66","-2.004"
"Morales, Luis","806960","2026","90","62",0.365,0.303,0.062,0.73,0.522,0.20799999999999996,0.498,0.407,0.09100000000000003,"13.50","7.61","5.89"
"Bummer, Aaron","607481","2026","88","63",0.324,0.271,0.05299999999999999,0.676,0.521,0.15500000000000003,0.456,0.382,0.07400000000000001,"10.26","6.51","3.75"
"Sommers, Drew","805427","2026","88","47",0.263,0.182,0.08100000000000002,0.355,0.247,0.10799999999999998,0.32,0.247,0.07300000000000001,"3.60","2.52","1.08"
"Gil, Luis","661563","2026","85","62",0.211,0.262,-0.05100000000000002,0.507,0.498,0.009000000000000008,0.368,0.385,-0.017000000000000015,"6.05","6.63","-0.578"
"Bigge, Hunter","685801","2026","85","57",0.2,0.23,-0.03,0.329,0.341,-0.01200000000000001,0.297,0.311,-0.014000000000000012,"6.98","4.06","2.923"
"Castaño, Blas","680604","2026","85","60",0.289,0.288,0.0010000000000000009,0.526,0.502,0.02400000000000002,0.376,0.367,0.009000000000000008,"3.92","5.91","-1.991"
"Crow, Coleman","689441","2026","85","68",0.276,0.269,0.007000000000000006,0.474,0.448,0.025999999999999968,0.339,0.34,-0.0010000000000000009,"5.30","4.95","0.354"
"Basso, Brady","669620","2026","85","66",0.309,0.259,0.04999999999999999,0.543,0.366,0.17700000000000005,0.37,0.296,0.07400000000000001,"4.74","3.65","1.087"
"Alexander, Jason","669920","2026","84","61",0.28,0.257,0.02300000000000002,0.56,0.415,0.14500000000000007,0.391,0.332,0.059,"9.33","4.69","4.637"
"Mears, Nick","683232","2026","83","57",0.257,0.298,-0.04099999999999998,0.443,0.506,-0.063,0.344,0.382,-0.038000000000000034,"5.12","6.51","-1.389"
"Rodríguez, Elmer","695684","2026","83","58",0.284,0.272,0.011999999999999955,0.358,0.385,-0.027000000000000024,0.35,0.366,-0.016000000000000014,"4.76","5.87","-1.105"
"Blanco, Ronel","669854","2026","81","52",0.221,0.231,-0.010000000000000009,0.529,0.475,0.05400000000000005,0.372,0.358,0.014000000000000012,"6.98","5.58","1.403"
"Cabrera, Jose","703615","2026","81","60",0.278,0.268,0.010000000000000009,0.444,0.455,-0.01100000000000001,0.355,0.353,0.0020000000000000018,"5.60","5.40","0.204"
"Bido, Osvaldo","674370","2026","81","56",0.224,0.273,-0.049000000000000016,0.403,0.449,-0.045999999999999985,0.344,0.377,-0.03300000000000003,"6.27","6.30","-0.032"
"Bidois, Brandan","684049","2026","80","47",0.297,0.253,0.043999999999999984,0.547,0.469,0.07800000000000007,0.407,0.363,0.043999999999999984,"6.32","5.76","0.559"
"Murray, Jayden","681151","2026","79","56",0.362,0.273,0.08899999999999997,0.594,0.495,0.09899999999999998,0.438,0.363,0.07500000000000001,"9.37","5.76","3.607"
"Palmquist, Carson","687223","2026","78","52",0.323,0.271,0.05199999999999999,0.431,0.374,0.056999999999999995,0.378,0.337,0.04099999999999998,"7.71","4.85","2.864"
"Mederos, Victor","682989","2026","78","52",0.209,0.214,-0.0050000000000000044,0.358,0.311,0.046999999999999986,0.292,0.281,0.010999999999999954,"3.93","3.27","0.657"
"Laweryson, Cody","689520","2026","78","50",0.227,0.245,-0.017999999999999988,0.409,0.389,0.019999999999999962,0.32,0.329,-0.009000000000000008,"4.86","4.60","0.26"
"Leasure, Jordan","673929","2026","78","52",0.217,0.269,-0.05200000000000002,0.507,0.624,-0.11699999999999999,0.337,0.406,-0.069,"6.27","7.57","-1.302"
"Drake, Kohl","684442","2026","77","55",0.299,0.317,-0.018000000000000016,0.552,0.625,-0.07299999999999995,0.397,0.43,-0.032999999999999974,"5.40","8.77","-3.37"
"Little, Brendon","663893","2026","76","39",0.35,0.213,0.13699999999999998,0.65,0.39,0.26,0.471,0.329,0.14199999999999996,"9.98","4.60","5.378"
"Jameson, Drey","686753","2026","76","53",0.242,0.25,-0.008000000000000007,0.364,0.369,-0.0050000000000000044,0.319,0.322,-0.0030000000000000027,"4.67","4.38","0.293"
"Klassen, George","691946","2026","76","46",0.267,0.269,-0.0020000000000000018,0.433,0.433,0,0.385,0.384,0.0010000000000000009,"5.52","6.59","-1.067"
"Wesneski, Hayden","669713","2026","75","56",0.242,0.286,-0.043999999999999984,0.424,0.456,-0.03200000000000003,0.32,0.354,-0.033999999999999975,"3.86","5.43","-1.573"
"Aleman, Franco","680916","2026","75","44",0.242,0.172,0.07,0.364,0.274,0.08999999999999997,0.315,0.252,0.063,"3.12","2.62","0.495"
"Barco, Hunter","682995","2026","75","51",0.317,0.293,0.02400000000000002,0.55,0.459,0.09100000000000003,0.427,0.389,0.03799999999999998,"7.36","6.80","0.564"
"García, Luis","472610","2026","74","61",0.348,0.329,0.01899999999999996,0.545,0.522,0.02300000000000002,0.415,0.397,0.01799999999999996,"9.00","7.15","1.85"
"Chivilli, Angel","683409","2026","73","49",0.215,0.22,-0.0050000000000000044,0.431,0.394,0.03699999999999998,0.321,0.309,0.01200000000000001,"3.78","4.00","-0.22"
"Carrasco, Carlos","471911","2026","73","61",0.318,0.371,-0.05299999999999999,0.485,0.586,-0.10099999999999998,0.373,0.431,-0.057999999999999996,"5.94","8.83","-2.89"
"Smith, Burch","572143","2026","73","46",0.277,0.217,0.060000000000000026,0.462,0.347,0.11500000000000005,0.353,0.287,0.066,"3.18","3.42","-0.244"
"Henry, Cole","669371","2026","71","44",0.288,0.256,0.03199999999999997,0.542,0.478,0.06400000000000006,0.409,0.374,0.034999999999999976,"7.90","6.18","1.722"
"Kelly, Zack","677161","2026","71","49",0.233,0.29,-0.05699999999999997,0.3,0.432,-0.132,0.28,0.368,-0.08799999999999997,"3.31","5.95","-2.644"
"Mantiply, Joe","573009","2026","71","50",0.254,0.266,-0.01200000000000001,0.349,0.446,-0.09700000000000003,0.29,0.332,-0.04200000000000004,"2.04","4.69","-2.652"
"Palencia, Daniel","694037","2026","71","46",0.266,0.244,0.02200000000000002,0.391,0.386,0.0050000000000000044,0.31,0.3,0.010000000000000009,"2.70","3.76","-1.06"
"Enns, Dietrich","608650","2026","70","46",0.236,0.211,0.024999999999999994,0.327,0.335,-0.008000000000000007,0.306,0.301,0.0050000000000000044,"3.94","3.78","0.158"
"Ferguson, Tyler","621053","2026","70","45",0.215,0.235,-0.01999999999999999,0.492,0.483,0.009000000000000008,0.328,0.332,-0.0040000000000000036,"5.29","4.69","0.604"
"Kent, Zak","687849","2026","69","51",0.295,0.261,0.033999999999999975,0.59,0.451,0.13899999999999996,0.401,0.351,0.050000000000000044,"6.28","5.33","0.949"
"Sanders, Cam","676742","2026","68","40",0.25,0.228,0.021999999999999992,0.357,0.348,0.009000000000000008,0.335,0.322,0.013000000000000012,"6.91","4.38","2.527"
"Helsley, Ryan","664854","2026","68","38",0.22,0.185,0.035,0.407,0.296,0.11099999999999999,0.319,0.265,0.05399999999999999,"4.11","2.90","1.209"
"Brogdon, Connor","641401","2026","67","50",0.23,0.258,-0.027999999999999997,0.525,0.514,0.01100000000000001,0.335,0.345,-0.009999999999999953,"5.28","5.12","0.163"
"Gastelum, Luis","703725","2026","67","45",0.271,0.223,0.048000000000000015,0.627,0.461,0.16599999999999998,0.405,0.329,0.07600000000000001,"6.89","4.60","2.294"
"Curry, Xzavion","675540","2026","67","50",0.233,0.203,0.03,0.383,0.332,0.05099999999999999,0.31,0.277,0.032999999999999974,"2.81","3.18","-0.367"
"Boyle, Joe","671212","2026","66","44",0.19,0.261,-0.07100000000000001,0.328,0.412,-0.08399999999999996,0.257,0.328,-0.07100000000000001,"5.17","4.57","0.6"
"Martin, Chris","455119","2026","66","54",0.403,0.344,0.05900000000000005,0.71,0.568,0.14200000000000002,0.479,0.408,0.07100000000000001,"9.00","7.66","1.34"
"Pivetta, Nick","601713","2026","66","36",0.2,0.154,0.04600000000000001,0.267,0.228,0.03900000000000001,0.248,0.212,0.036000000000000004,"4.50","1.87","2.63"
"Duarte, Daniel","650960","2026","64","45",0.138,0.211,-0.07299999999999998,0.207,0.292,-0.08499999999999999,0.201,0.262,-0.061,"1.04","2.83","-1.792"
"Brash, Matt","666374","2026","64","40",0.151,0.234,-0.08300000000000002,0.189,0.347,-0.15799999999999997,0.218,0.316,-0.098,"0.54","4.20","-3.66"
"Beck, Tristan","663941","2026","64","52",0.304,0.249,0.05499999999999999,0.482,0.434,0.04799999999999999,0.367,0.33,0.03699999999999998,"7.07","4.63","2.441"
"Hartlieb, Geoff","664129","2026","64","49",0.327,0.254,0.07300000000000001,0.519,0.389,0.13,0.392,0.327,0.065,"6.08","4.54","1.535"
"Barnes, Charlie","656212","2026","63","49",0.309,0.321,-0.01200000000000001,0.527,0.531,-0.0040000000000000036,0.402,0.404,-0.0020000000000000018,"6.92","7.47","-0.547"
"Hollowell, Gavin","668970","2026","62","40",0.208,0.24,-0.032,0.377,0.447,-0.07,0.315,0.351,-0.035999999999999976,"2.51","5.33","-2.818"
"Pintaro, Jonathan","702752","2026","62","37",0.154,0.213,-0.059,0.327,0.374,-0.046999999999999986,0.278,0.318,-0.03999999999999998,"4.70","4.26","0.436"
"Juenger, Hayden","696522","2026","61","48",0.373,0.311,0.062,0.471,0.484,-0.013000000000000012,0.388,0.372,0.016000000000000014,"7.30","6.10","1.197"
"Mey, Luis","682825","2026","61","28",0.188,0.196,-0.008000000000000007,0.333,0.409,-0.07599999999999996,0.326,0.355,-0.02899999999999997,"4.72","5.47","-0.745"
"Abner, Philip","691769","2026","60","46",0.25,0.298,-0.04799999999999999,0.404,0.515,-0.11099999999999999,0.337,0.392,-0.05499999999999999,"6.08","6.93","-0.855"
"Hoffmann, Andrew","694851","2026","59","37",0.333,0.243,0.09000000000000002,0.583,0.399,0.18399999999999994,0.433,0.336,0.09699999999999998,"7.71","4.82","2.894"
"Díaz, Edwin","621242","2026","59","34",0.34,0.265,0.07500000000000001,0.64,0.432,0.20800000000000002,0.45,0.349,0.10100000000000003,"9.82","5.26","4.558"
"Santa, Alimber","695001","2026","59","44",0.16,0.207,-0.046999999999999986,0.24,0.272,-0.03200000000000003,0.218,0.267,-0.049000000000000016,"1.17","2.94","-1.766"
"Fernandez, Ryan","681676","2026","59","32",0.212,0.213,-0.0010000000000000009,0.327,0.339,-0.01200000000000001,0.287,0.291,-0.0040000000000000036,"2.70","3.52","-0.82"
"Walker, Josh","677020","2026","58","42",0.245,0.223,0.021999999999999992,0.415,0.332,0.08299999999999996,0.307,0.266,0.04099999999999998,"3.21","2.92","0.294"
"Young, Danny","664849","2026","58","32",0.302,0.25,0.05199999999999999,0.512,0.489,0.02300000000000002,0.427,0.398,0.02899999999999997,"6.35","7.20","-0.847"
"Fulton, Dax","690978","2026","57","35",0.191,0.211,-0.01999999999999999,0.298,0.289,0.009000000000000008,0.294,0.301,-0.007000000000000006,"4.50","3.78","0.72"
"Gamboa, Alec","687941","2026","57","40",0.24,0.186,0.05399999999999999,0.38,0.277,0.10299999999999998,0.295,0.261,0.033999999999999975,"1.93","2.81","-0.881"
"Falter, Bailey","663559","2026","57","45",0.471,0.355,0.11599999999999999,0.765,0.537,0.22799999999999998,0.549,0.415,0.13400000000000006,"13.97","8.00","5.966"
"Ross, Joe","605452","2026","57","44",0.314,0.307,0.007000000000000006,0.549,0.524,0.025000000000000022,0.404,0.391,0.013000000000000012,"9.26","6.89","2.367"
"Thompson, Keegan","624522","2026","57","44",0.365,0.343,0.021999999999999964,0.596,0.623,-0.027000000000000024,0.406,0.407,-0.0009999999999999454,"8.25","7.61","0.64"
"Voth, Austin","608723","2026","56","47",0.396,0.338,0.057999999999999996,0.646,0.557,0.08899999999999997,0.458,0.402,0.055999999999999994,"9.90","7.38","2.52"
"Waldrep, Hurston","694462","2026","56","35",0.295,0.231,0.06399999999999997,0.5,0.389,0.11099999999999999,0.419,0.359,0.06,"8.44","5.61","2.828"
"Sands, Cole","663485","2026","56","39",0.313,0.268,0.044999999999999984,0.583,0.507,0.07599999999999996,0.409,0.364,0.044999999999999984,"8.25","5.80","2.45"
"Spence, Mitch","687765","2026","56","41",0.413,0.279,0.13399999999999995,0.717,0.409,0.308,0.508,0.361,0.14700000000000002,"21.21","5.69","15.524"
"Stewart, Brock","592779","2026","55","36",0.12,0.165,-0.04500000000000001,0.26,0.249,0.01100000000000001,0.209,0.225,-0.016000000000000014,"2.46","2.09","0.365"
"Zerpa, Angel","672582","2026","55","41",0.333,0.328,0.0050000000000000044,0.521,0.53,-0.009000000000000008,0.405,0.405,0,"6.39","7.52","-1.125"
"Martin, Trevor","694680","2026","54","41",0.292,0.274,0.01799999999999996,0.583,0.54,0.04299999999999993,0.409,0.385,0.023999999999999966,"3.97","6.63","-2.659"
"Kerry, Brett","695049","2026","54","40",0.212,0.231,-0.019000000000000017,0.385,0.361,0.02400000000000002,0.269,0.27,-0.0010000000000000009,"3.95","3.01","0.941"
"Curvelo, Luis","681168","2026","54","42",0.354,0.306,0.04799999999999999,0.708,0.544,0.16399999999999992,0.469,0.387,0.08199999999999996,"9.58","6.72","2.861"
"Maxwell, Zach","687209","2026","54","35",0.318,0.293,0.025000000000000022,0.545,0.485,0.06000000000000005,0.431,0.401,0.02999999999999997,"9.90","7.33","2.57"
"Peoples, Ben","687239","2026","54","41",0.229,0.219,0.010000000000000009,0.417,0.376,0.04099999999999998,0.324,0.303,0.02100000000000002,"2.70","3.84","-1.14"
"Rock, Joe","697812","2026","53","28",0.275,0.267,0.008000000000000007,0.3,0.402,-0.10200000000000004,0.364,0.39,-0.026000000000000023,"3.48","6.85","-3.366"
"Morris, Kade","695034","2026","53","41",0.413,0.252,0.16099999999999998,0.696,0.365,0.33099999999999996,0.492,0.316,0.176,"11.70","4.20","7.5"
"Blewett, Scott","656240","2026","52","43",0.273,0.263,0.010000000000000009,0.318,0.318,0,0.279,0.309,-0.02999999999999997,"2.31","4.00","-1.686"
"Seymour, Carson","693313","2026","52","39",0.333,0.339,-0.006000000000000005,0.511,0.534,-0.02300000000000002,0.41,0.417,-0.007000000000000006,"7.36","8.10","-0.736"
"Sousa, Bennett","656986","2026","51","31",0.205,0.184,0.02099999999999999,0.295,0.308,-0.013000000000000012,0.283,0.276,0.006999999999999951,"3.00","3.15","-0.15"
"Carrillo, Gerardo","672629","2026","51","28",0.163,0.142,0.02100000000000002,0.209,0.199,0.009999999999999981,0.228,0.215,0.013000000000000012,"0.71","1.92","-1.209"
"Granillo, Andre","701552","2026","50","38",0.333,0.295,0.038000000000000034,0.538,0.44,0.09800000000000003,0.427,0.394,0.032999999999999974,"9.64","7.02","2.623"
"Gordon, Colton","676467","2026","50","35",0.467,0.327,0.14,0.933,0.587,0.3460000000000001,0.588,0.41,0.178,"11.57","7.76","3.811"
"Estrada, Lazaro","681751","2026","50","34",0.167,0.211,-0.043999999999999984,0.31,0.368,-0.057999999999999996,0.274,0.311,-0.03699999999999998,"4.50","4.06","0.44"
"Kempner, William","687531","2026","50","30",0.182,0.231,-0.049000000000000016,0.295,0.355,-0.06,0.265,0.306,-0.04099999999999998,"2.92","3.92","-1.001"
"Wicks, Jordan","696136","2026","50","39",0.383,0.283,0.10000000000000003,0.553,0.407,0.14600000000000007,0.422,0.322,0.09999999999999998,"10.45","4.38","6.072"
"Phillips, Evan","623465","2026","49","34",0.289,0.242,0.046999999999999986,0.578,0.509,0.06899999999999995,0.374,0.332,0.04199999999999998,"5.73","4.69","1.037"
"Smith, Shane","681343","2026","49","27",0.316,0.246,0.07,0.5,0.293,0.20700000000000002,0.423,0.332,0.09099999999999997,"10.80","4.69","6.11"
"Foster, Cameron","671382","2026","49","32",0.415,0.254,0.16099999999999998,0.537,0.358,0.17900000000000005,0.461,0.336,0.125,"9.00","4.82","4.18"
"Bellozo, Valente","678368","2026","48","32",0.256,0.316,-0.06,0.641,0.737,-0.09599999999999997,0.42,0.475,-0.05499999999999999,"7.59","11.52","-3.926"
"Peguero, Joel","666711","2026","48","37",0.238,0.192,0.045999999999999985,0.31,0.248,0.062,0.297,0.256,0.04099999999999998,"2.38","2.70","-0.318"
"Anderson, Jack","681252","2026","48","33",0.222,0.23,-0.008000000000000007,0.333,0.418,-0.08499999999999996,0.269,0.301,-0.03199999999999997,"2.19","3.78","-1.591"
"Tong, Jonah","804636","2026","47","33",0.205,0.206,-0.0010000000000000009,0.282,0.367,-0.08500000000000002,0.28,0.309,-0.02899999999999997,"3.60","4.00","-0.4"
"Williams, Trevor","592866","2026","47","30",0.25,0.231,0.01899999999999999,0.432,0.343,0.08899999999999997,0.318,0.277,0.04099999999999998,"2.38","3.18","-0.798"
"Kranick, Max","668820","2026","47","37",0.333,0.296,0.03700000000000003,0.564,0.445,0.11899999999999994,0.433,0.377,0.055999999999999994,"8.68","6.30","2.379"
"Cosgrove, Tom","676680","2026","47","34",0.244,0.217,0.026999999999999996,0.39,0.312,0.07800000000000001,0.298,0.265,0.032999999999999974,"3.27","2.90","0.373"
"Krook, Matt","640454","2026","46","25",0.265,0.293,-0.02799999999999997,0.5,0.448,0.05199999999999999,0.423,0.417,0.006000000000000005,"10.80","8.10","2.7"
"Heuer, Codi","676051","2026","46","34",0.308,0.269,0.03899999999999998,0.41,0.382,0.02799999999999997,0.355,0.335,0.019999999999999962,"4.66","4.79","-0.135"
"Bradford, Cody","674003","2026","46","36",0.25,0.267,-0.017000000000000015,0.325,0.453,-0.128,0.285,0.336,-0.051000000000000045,"2.38","4.82","-2.438"
"Sims, Lucas","608371","2026","46","28",0.257,0.22,0.037000000000000005,0.4,0.356,0.04400000000000004,0.353,0.33,0.022999999999999965,"4.50","4.63","-0.13"
"Allard, Kolby","663465","2026","45","32",0.39,0.317,0.07300000000000001,0.659,0.533,0.126,0.467,0.385,0.08200000000000002,"10.38","6.63","3.755"
"Cuas, Jose","621016","2026","45","29",0.286,0.296,-0.010000000000000009,0.381,0.39,-0.009000000000000008,0.308,0.315,-0.007000000000000006,"1.69","4.18","-2.492"
"Rodríguez, Yariel","684320","2026","45","31",0.324,0.295,0.029000000000000026,0.514,0.495,0.019000000000000017,0.422,0.402,0.019999999999999962,"7.71","7.38","0.334"
"De los Santos, Yerry","660787","2026","44","32",0.256,0.267,-0.01100000000000001,0.333,0.349,-0.01599999999999996,0.299,0.307,-0.008000000000000007,"0.90","3.95","-3.05"
"Shuster, Jared","694363","2026","44","34",0.289,0.239,0.04999999999999999,0.447,0.367,0.08000000000000002,0.362,0.311,0.05099999999999999,"9.00","4.06","4.94"
"Rivera, Eduardo","700842","2026","44","28",0.211,0.205,0.006000000000000005,0.342,0.342,0,0.3,0.297,0.0030000000000000027,"6.30","3.68","2.62"
"Roa, Christian","685005","2026","43","27",0.313,0.296,0.017000000000000015,0.5,0.491,0.009000000000000008,0.423,0.415,0.008000000000000007,"5.19","8.00","-2.808"
"Kahnle, Tommy","592454","2026","43","32",0.324,0.285,0.039000000000000035,0.595,0.489,0.10599999999999998,0.434,0.381,0.05299999999999999,"8.00","6.47","1.53"
"Nicolas, Kyle","693312","2026","42","22",0.276,0.272,0.0040000000000000036,0.414,0.444,-0.030000000000000027,0.422,0.434,-0.01200000000000001,"8.59","8.99","-0.399"
"Rodriguez, Carlos","692230","2026","42","30",0.263,0.228,0.035,0.395,0.327,0.068,0.323,0.282,0.041000000000000036,"3.86","3.30","0.557"
"Cortes, Carlos","666126","2026","41","35",0.361,0.297,0.064,0.75,0.544,0.20599999999999996,0.498,0.401,0.09699999999999998,"9.00","7.33","1.67"
"Stock, Robert","476594","2026","41","27",0.343,0.255,0.08800000000000002,0.543,0.453,0.09000000000000002,0.428,0.36,0.068,"10.13","5.65","4.475"
"Koenig, Jared","657649","2026","41","26",0.364,0.246,0.118,0.576,0.416,0.15999999999999998,0.443,0.337,0.10599999999999998,"9.00","4.85","4.15"
"Thomas, Connor","671162","2026","40","30",0.469,0.308,0.16099999999999998,0.875,0.591,0.28400000000000003,0.563,0.423,0.13999999999999996,"21.32","8.40","12.916"
"Vanasco, Ricky","676568","2026","40","30",0.412,0.294,0.118,0.706,0.519,0.18699999999999994,0.511,0.399,0.11199999999999999,"15.63","7.24","8.392"
"Sandlin, Nick","680704","2026","40","26",0.29,0.238,0.05199999999999999,0.548,0.463,0.08500000000000002,0.418,0.377,0.04099999999999998,"11.42","6.30","5.123"
"Snell, Blake","605483","2026","40","22",0.25,0.21,0.04000000000000001,0.278,0.261,0.017000000000000015,0.262,0.238,0.02400000000000002,"5.00","2.34","2.66"
"Waldichuk, Ken","686610","2026","40","26",0.235,0.243,-0.008000000000000007,0.588,0.577,0.01100000000000001,0.399,0.397,0.0020000000000000018,"6.75","7.15","-0.4"
"Rajcic, Max","691008","2026","39","25",0.182,0.168,0.013999999999999985,0.394,0.318,0.07600000000000001,0.311,0.281,0.02999999999999997,"5.00","3.27","1.73"
"Brieske, Beau","689225","2026","39","27",0.257,0.241,0.016000000000000014,0.514,0.435,0.07900000000000001,0.366,0.33,0.035999999999999976,"6.75","4.63","2.12"
"Dallas, Chad","689149","2026","39","27",0.313,0.24,0.07300000000000001,0.438,0.335,0.10299999999999998,0.375,0.32,0.05499999999999999,"8.22","4.32","3.897"
"Manoah, Alek","666201","2026","39","26",0.258,0.228,0.03,0.516,0.473,0.04300000000000004,0.402,0.379,0.02300000000000002,"9.82","6.38","3.438"
"McCambley, Zach","685112","2026","39","25",0.281,0.302,-0.020999999999999963,0.344,0.454,-0.11000000000000004,0.341,0.385,-0.043999999999999984,"4.70","6.63","-1.934"
"Yean, Eddy","678868","2026","39","30",0.139,0.211,-0.07199999999999998,0.306,0.296,0.010000000000000009,0.227,0.257,-0.03,"1.80","2.72","-0.92"
"Allen, Logan","671106","2026","38","24",0.333,0.22,0.11300000000000002,0.455,0.413,0.04200000000000004,0.37,0.308,0.062,"2.46","3.98","-1.525"
"Ekness, Josh","694795","2026","38","25",0.167,0.283,-0.11599999999999996,0.267,0.44,-0.173,0.284,0.381,-0.09700000000000003,"2.00","6.47","-4.47"
"Hiraldo, Yaramil","682274","2026","37","17",0.241,0.169,0.07199999999999998,0.517,0.32,0.197,0.384,0.295,0.08900000000000002,"5.87","3.62","2.25"
"Karinchak, James","675916","2026","37","24",0.129,0.158,-0.028999999999999998,0.258,0.299,-0.04099999999999998,0.232,0.268,-0.036000000000000004,"1.86","2.97","-1.108"
"Cruz, Yovanny","672442","2026","36","21",0.267,0.24,0.027000000000000024,0.4,0.337,0.063,0.357,0.324,0.032999999999999974,"4.50","4.44","0.06"
"Gonzalez, Domingo","682445","2026","36","25",0.3,0.355,-0.05499999999999999,0.467,0.618,-0.15099999999999997,0.383,0.453,-0.07,"4.70","10.09","-5.394"
"Payamps, Joel","606303","2026","36","23",0.281,0.252,0.029000000000000026,0.594,0.548,0.04599999999999993,0.404,0.377,0.027000000000000024,"8.22","6.30","1.917"
"Trivino III, Lou","642152","2026","36","21",0.37,0.217,0.153,0.593,0.323,0.26999999999999996,0.465,0.33,0.135,"15.00","4.63","10.37"
"Urquidy, José","664353","2026","36","28",0.441,0.276,0.16499999999999998,0.647,0.401,0.246,0.483,0.314,0.16899999999999998,"8.53","4.15","4.376"
"Mills, Wyatt","670090","2026","36","20",0.208,0.234,-0.026000000000000023,0.208,0.293,-0.08499999999999999,0.338,0.368,-0.02999999999999997,"5.68","5.95","-0.266"
"Foley, Jason","671345","2026","36","27",0.25,0.239,0.01100000000000001,0.469,0.377,0.09199999999999997,0.338,0.301,0.03700000000000003,"5.63","3.78","1.845"
"McGee, Easton","668834","2026","35","24",0.387,0.297,0.09000000000000002,0.71,0.463,0.24699999999999994,0.493,0.369,0.124,"8.59","5.99","2.601"
"Lazar, Max","676661","2026","35","27",0.25,0.24,0.010000000000000009,0.531,0.453,0.07800000000000001,0.362,0.33,0.03199999999999997,"5.63","4.63","0.995"
"Knack, Landon","689017","2026","35","26",0.258,0.22,0.038000000000000006,0.677,0.494,0.18300000000000005,0.407,0.34,0.06699999999999995,"5.87","4.95","0.92"
"Gervase, Paul","801434","2026","34","21",0.241,0.238,0.0030000000000000027,0.241,0.313,-0.07200000000000001,0.286,0.306,-0.020000000000000018,"2.35","3.92","-1.572"
"Gerber, Joey","680702","2026","34","22",0.2,0.23,-0.03,0.4,0.373,0.027000000000000024,0.306,0.309,-0.0030000000000000027,"4.32","4.00","0.32"
"Garcia, Robert","676395","2026","34","21",0.185,0.239,-0.05399999999999999,0.222,0.31,-0.088,0.285,0.333,-0.04800000000000004,"3.38","4.72","-1.345"
"Tur, Yunior","814305","2026","34","23",0.483,0.378,0.10499999999999998,1.034,0.874,0.16000000000000003,0.649,0.549,0.09999999999999998,"32.79","17.98","14.806"
"Tolbert, Tyler","686475","2026","33","29",0.586,0.501,0.08499999999999996,1.034,0.827,0.20700000000000007,0.695,0.583,0.11199999999999999,"25.07","22.13","2.941"
"Sanmartin, Reiver","665665","2026","32","23",0.367,0.294,0.07300000000000001,0.8,0.561,0.239,0.497,0.372,0.125,"9.45","6.10","3.35"
"Pushard, Matt","690155","2026","32","20",0.24,0.278,-0.038000000000000034,0.28,0.39,-0.10999999999999999,0.298,0.347,-0.04899999999999999,"5.14","5.19","-0.047"
"Kelly, Antwone","699008","2026","32","24",0.286,0.286,0,0.571,0.395,0.17599999999999993,0.405,0.345,0.06000000000000005,"6.14","5.12","1.016"
"Martin, Riley","702303","2026","32","19",0.179,0.169,0.009999999999999981,0.286,0.312,-0.026000000000000023,0.248,0.25,-0.0020000000000000018,"2.16","2.58","-0.42"
"Kelly, Michael","547184","2026","32","20",0.462,0.349,0.11300000000000004,0.769,0.522,0.247,0.556,0.435,0.12100000000000005,"16.20","9.05","7.15"
"France, J.P.","641585","2026","31","21",0.24,0.293,-0.05299999999999999,0.4,0.534,-0.134,0.358,0.42,-0.062,"8.10","8.25","-0.15"
"Van Eyk, CJ","669310","2026","31","28",0.393,0.309,0.08400000000000002,0.571,0.46,0.11099999999999993,0.423,0.363,0.06,"4.76","5.76","-0.995"
"Pop, Zach","647315","2026","31","21",0.2,0.248,-0.04799999999999999,0.32,0.358,-0.03799999999999998,0.27,0.317,-0.046999999999999986,"3.68","4.23","-0.548"
"Sullivan, Brett","664954","2026","31","28",0.357,0.331,0.025999999999999968,0.607,0.522,0.08499999999999996,0.417,0.38,0.03699999999999998,"5.14","6.42","-1.277"
"Simpson, Josh","681006","2026","31","19",0.286,0.2,0.08599999999999997,0.536,0.447,0.08900000000000002,0.385,0.314,0.07100000000000001,"4.05","4.15","-0.1"
"Beck, Brendan","694341","2026","31","22",0.269,0.3,-0.030999999999999972,0.808,0.656,0.15200000000000002,0.487,0.448,0.03899999999999998,"9.45","9.79","-0.34"
"Irvin, Cole","608344","2026","30","21",0.308,0.288,0.020000000000000018,0.5,0.512,-0.01200000000000001,0.395,0.39,0.0050000000000000044,"9.00","6.85","2.15"
"Stallings, Garrett","668831","2026","30","18",0.111,0.136,-0.02500000000000001,0.111,0.148,-0.03699999999999999,0.159,0.182,-0.022999999999999993,0,1.41,"-1.41"
"Leibrandt, Brandon","605335","2026","30","24",0.385,0.323,0.062,0.692,0.694,-0.0020000000000000018,0.46,0.437,0.02300000000000002,"7.50","9.16","-1.66"
"Fitzpatrick, Brian","702153","2026","30","22",0.259,0.212,0.047000000000000014,0.296,0.265,0.030999999999999972,0.29,0.257,0.032999999999999974,"1.35","2.72","-1.37"
"Rom, Drew","680723","2026","30","14",0.231,0.166,0.065,0.385,0.303,0.08200000000000002,0.322,0.264,0.057999999999999996,"2.70","2.88","-0.18"
"Murphy, Owen","702566","2026","29","20",0.231,0.28,-0.049000000000000016,0.385,0.451,-0.066,0.31,0.353,-0.04299999999999998,"4.05","5.40","-1.35"
"Lee, Chase","695445","2026","29","20",0.182,0.248,-0.066,0.455,0.334,0.121,0.359,0.349,0.010000000000000009,"3.86","5.26","-1.403"
"Saucedo, Tayler","642048","2026","29","16",0.269,0.215,0.05400000000000002,0.462,0.42,0.04200000000000004,0.353,0.314,0.03899999999999998,"5.40","4.15","1.25"
"Trevino, Jose","624431","2026","29","26",0.519,0.396,0.123,0.593,0.57,0.02300000000000002,0.504,0.436,0.068,"14.40","9.10","5.3"
"Hernández, Elieser","622694","2026","28","18",0.25,0.184,0.066,0.375,0.26,0.11499999999999999,0.318,0.247,0.07100000000000001,"1.50","2.52","-1.02"
"Cerantola, Eric","672021","2026","28","10",0.235,0.181,0.05399999999999999,0.588,0.315,0.27299999999999996,0.484,0.402,0.08199999999999996,"10.13","7.38","2.745"
"Corniell, Jose","692030","2026","28","20",0.478,0.273,0.20499999999999996,1.043,0.487,0.5559999999999999,0.644,0.365,0.279,"20.77","5.84","14.929"
"Acton, Garrett","670183","2026","28","15",0.174,0.19,-0.016000000000000014,0.261,0.267,-0.006000000000000005,0.238,0.25,-0.01200000000000001,"2.70","2.58","0.12"
"Grove, Michael","675627","2026","28","22",0.259,0.289,-0.02999999999999997,0.63,0.708,-0.07799999999999996,0.36,0.423,-0.063,"5.14","8.40","-3.257"
"Garrett, Braxton","666129","2026","28","15",0.368,0.24,0.128,0.579,0.389,0.18999999999999995,0.475,0.386,0.08899999999999997,"14.54","6.67","7.868"
"Gonzales, Marco","594835","2026","28","21",0.292,0.213,0.07899999999999999,0.375,0.302,0.07300000000000001,0.336,0.274,0.062,"1.50","3.10","-1.6"
"Baumler, Carter","691945","2026","27","14",0.2,0.206,-0.005999999999999978,0.4,0.353,0.04700000000000004,0.37,0.359,0.01100000000000001,"3.18","5.61","-2.434"
"Strzelecki, Peter","657265","2026","27","21",0.227,0.216,0.01100000000000001,0.273,0.339,-0.066,0.283,0.325,-0.04200000000000004,"5.40","4.47","0.93"
"Espino, Daniel","682982","2026","27","11",0.217,0.203,0.013999999999999985,0.391,0.278,0.11299999999999999,0.325,0.279,0.045999999999999985,"4.50","3.22","1.28"
"Shook, TJ","669298","2026","27","20",0.385,0.293,0.09200000000000003,0.885,0.536,0.349,0.539,0.363,0.17600000000000005,"9.53","5.76","3.769"
"Heineman, Tyler","623168","2026","26","25",0.36,0.351,0.009000000000000008,0.72,0.57,0.15000000000000002,0.467,0.405,0.062,"10.13","7.52","2.605"
"Horton, Cade","690990","2026","26","20",0.167,0.249,-0.08199999999999999,0.292,0.321,-0.029000000000000026,0.235,0.283,-0.04799999999999999,"2.46","3.32","-0.865"
"Muñoz, Roddery","682610","2026","25","13",0.368,0.291,0.07700000000000001,0.947,0.556,0.3909999999999999,0.585,0.44,0.14499999999999996,"15.75","9.33","6.42"
"McDermott, Chayce","694646","2026","25","19",0.227,0.259,-0.032,0.591,0.59,0.0010000000000000009,0.369,0.382,-0.013000000000000012,"6.35","6.51","-0.157"
"Raya, Marco","694397","2026","25","18",0.227,0.274,-0.047000000000000014,0.364,0.407,-0.04299999999999998,0.308,0.341,-0.03300000000000003,"3.00","4.98","-1.98"
"Edwards Jr., Carl","605218","2026","25","10",0.143,0.159,-0.016000000000000014,0.286,0.25,0.035999999999999976,0.265,0.258,0.007000000000000006,"1.50","2.75","-1.25"
"Martin, Corbin","656686","2026","25","16",0.25,0.248,0.0020000000000000018,0.55,0.509,0.041000000000000036,0.41,0.396,0.013999999999999957,"10.80","7.11","3.69"