"year","last_name, first_name","pitcher_id","team_name","team_name_abbrev","pitch_hand","avg_speed","pitches_thrown","total_pitches","pitches_per_game","pitch_per","pitch_type","pitch_type_name","pitcher_break_z","league_break_z","diff_z","rise","pitcher_break_z_induced","pitcher_break_x","league_break_x","diff_x","tail","percent_rank_diff_z","percent_rank_diff_x"
"2026","Misiorowski, Jacob","694819","Brewers","MIL","R","100.6","1269","1985",16.40495867768595,0.6392947103274559,"FF","4-Seam Fastball",11.7,-11.8,0.2,"2",15.4,11,-10.3,0.7,"7",0.5738498789346247,0.5738498789346247
"2026","Peralta, Freddy","642547","Rays","TB","R","94.2","1199","2262",18.85,0.5300618921308576,"FF","4-Seam Fastball",14.5,-15.9,1.4,"9",16.5,7,-8.8,-1.7,"-20",0.8280871670702179,0.2639225181598063
"2026","Gausman, Kevin","592332","Cubs","CHC","R","94","1149","2236",18.479338842975206,0.5138640429338104,"FF","4-Seam Fastball",14.2,-14.8,0.6,"4",16.9,10.9,-7.3,3.6,"49",0.6610169491525424,0.910411622276029
"2026","Burns, Chase","695505","Reds","CIN","R","97.6","1149","2041",17.15126050420168,0.5629593336599706,"FF","4-Seam Fastball",10.2,-11.9,1.8,"15",18.6,3.5,-6,-2.5,"-41",0.8886198547215496,0.1937046004842615
"2026","Gore, MacKenzie","669022","Rangers","TEX","L","95.4","1042","2270",18.760330578512395,0.4590308370044053,"FF","4-Seam Fastball",13.9,-14.3,0.4,"3",16.3,6.6,-7.8,-1.2,"-15",0.6198547215496368,0.33171912832929784
"2026","Bradley, Taj","671737","Twins","MIN","R","97.1","1039","2241",18.368852459016395,0.463632307005801,"FF","4-Seam Fastball",10.7,-12.9,2.2,"17",18.4,5.5,-6.9,-1.4,"-20",0.927360774818402,0.3050847457627119
"2026","Schlittler, Cam","693645","Yankees","NYY","R","97.9","1011","2288",19.066666666666666,0.4418706293706294,"FF","4-Seam Fastball",11.7,-12.3,0.6,"5",16.9,5.4,-6.8,-1.4,"-20",0.6610169491525424,0.3050847457627119
"2026","Detmers, Reid","672282","Angels","LAA","L","94.1","1004","2217",18.322314049586776,0.4528642309427154,"FF","4-Seam Fastball",14.1,-14.7,0.5,"4",17,9.3,-7.2,2.2,"30",0.6368038740920097,0.7578692493946732
"2026","Abbott, Andrew","671096","Reds","CIN","L","92.5","1003","2212",18.58823529411765,0.4534358047016275,"FF","4-Seam Fastball",15.4,-15.3,0,"0",16.7,6.8,-6.9,-0.1,"-2",0.5230024213075061,0.4648910411622276
"2026","Woo, Bryan","693433","Mariners","SEA","R","96","968","2043",16.884297520661157,0.47381302006852666,"FF","4-Seam Fastball",15.2,-15.7,0.5,"3",14.6,10.7,-9.7,1,"11",0.6368038740920097,0.6174334140435835
"2026","Chandler, Bubba","696149","Pirates","PIT","R","98.5","963","1987",16.28688524590164,0.48465022647206846,"FF","4-Seam Fastball",10.6,-12.7,2.2,"17",17.6,8.1,-7.7,0.5,"6",0.927360774818402,0.5520581113801453
"2026","Ryan, Joe","657746","Twins","MIN","R","93.4","953","2089",17.12295081967213,0.4561991383437051,"FF","4-Seam Fastball",18.1,-18,0,"0",13.4,13.3,-11.6,1.7,"14",0.5230024213075061,0.6973365617433414
"2026","Skenes, Paul","694973","Pirates","PIT","R","96.8","933","2273",18.631147540983605,0.4104707435107787,"FF","4-Seam Fastball",16.2,-13.7,-2.6,"-19",12.9,12.6,-7.9,4.7,"60",0.12106537530266344,0.9636803874092009
"2026","Harrison, Kyle","690986","Brewers","MIL","L","94.9","928","1616",13.355371900826446,0.5742574257425742,"FF","4-Seam Fastball",15.7,-16.2,0.5,"3",14.8,12.9,-9.8,3.1,"31",0.6368038740920097,0.8692493946731235
"2026","Rodriguez, Eduardo","593958","D-backs","AZ","L","92","895","2274",18.639344262295083,0.3935795954265611,"FF","4-Seam Fastball",16.5,-15.7,-0.7,"-5",15.8,6.5,-7,-0.5,"-7",0.38256658595641646,0.41404358353510895
"2026","Imanaga, Shota","684007","Cubs","CHC","L","91.6","882","2160",17.85123966942149,0.4083333333333333,"FF","4-Seam Fastball",15,-16.9,1.9,"11",17.7,11.1,-7.9,3.2,"41",0.9031476997578692,0.8813559322033898
"2026","Wrobleski, Justin","680736","Dodgers","LAD","L","94.4","876","1793",14.818181818181818,0.48856664807585054,"FF","4-Seam Fastball",14.5,-15.9,1.4,"9",16.1,6.3,-9.3,-3,"-32",0.8280871670702179,0.1549636803874092
"2026","Rogers, Trevor","669432","Orioles","BAL","L","93.6","875","1955",16.15702479338843,0.4475703324808184,"FF","4-Seam Fastball",15.8,-15,-0.8,"-5",15.5,10.6,-7.3,3.3,"45",0.35351089588377727,0.8910411622276029
"2026","Rea, Colin","607067","Cubs","CHC","R","93.7","856","2000",16.52892561983471,0.428,"FF","4-Seam Fastball",17.7,-15.6,-2.1,"-13",13.3,8.6,-8.2,0.4,"5",0.15980629539951574,0.5399515738498789
"2026","Gilbert, Logan","669302","Mariners","SEA","R","96.1","854","2162",17.867768595041323,0.395004625346901,"FF","4-Seam Fastball",12.5,-13.4,0.8,"6",17.1,6.3,-6.7,-0.4,"-6",0.7070217917675545,0.423728813559322
"2026","Mahle, Tyler","641816","Braves","ATL","R","92.7","853","1763",14.570247933884298,0.4838343732274532,"FF","4-Seam Fastball",14.3,-16.1,1.8,"11",17.6,11.2,-7.9,3.3,"42",0.8886198547215496,0.8910411622276029
"2026","Castillo, Luis","622491","White Sox","CWS","R","95.3","852","1941",16.310924369747898,0.43894899536321486,"FF","4-Seam Fastball",17.6,-16.7,-0.9,"-6",12.5,12.1,-10.3,1.7,"16",0.3268765133171913,0.6973365617433414
"2026","deGrom, Jacob","594798","Rangers","TEX","R","97.3","833","1971",16.289256198347108,0.4226281075596144,"FF","4-Seam Fastball",12.2,-13.5,1.3,"10",16.8,8.3,-7.9,0.4,"5",0.8062953995157385,0.5399515738498789
"2026","Springs, Jeffrey","605488","Athletics","ATH","L","91.4","828","1875",15.49586776859504,0.4416,"FF","4-Seam Fastball",16.1,-15.8,-0.3,"-2",16.7,9.7,-6.8,2.9,"44",0.4576271186440678,0.847457627118644
"2026","Cease, Dylan","656302","Blue Jays","TOR","R","97.3","826","2243",18.385245901639344,0.36825679893000446,"FF","4-Seam Fastball",10.5,-12.7,2.2,"17",18.5,3.2,-6.8,-3.6,"-53",0.927360774818402,0.09927360774818401
"2026","Burke, Sean","680732","White Sox","CWS","R","94.9","818","2184",18.352941176470587,0.37454212454212454,"FF","4-Seam Fastball",11.8,-13.7,1.9,"14",18.6,4.5,-6.5,-2,"-31",0.9031476997578692,0.22760290556900725
"2026","Flaherty, Jack","656427","Tigers","DET","R","92.7","806","1639",13.658333333333333,0.4917632702867602,"FF","4-Seam Fastball",15.7,-16.5,0.8,"5",16.1,5.8,-8.3,-2.5,"-30",0.7070217917675545,0.1937046004842615
"2026","Sale, Chris","519242","Braves","ATL","L","96.1","804","1969",16.272727272727273,0.40832910106653125,"FF","4-Seam Fastball",19.9,-16,-3.9,"-24",9.8,14.6,-10.3,4.3,"42",0.053268765133171914,0.9491525423728814
"2026","Messick, Parker","800048","Guardians","CLE","L","94.2","802","2105",17.39669421487603,0.3809976247030879,"FF","4-Seam Fastball",14.2,-15.4,1.2,"8",16.6,5.3,-8.3,-3,"-36",0.784503631961259,0.1549636803874092
"2026","Baz, Shane","669358","Orioles","BAL","R","95.9","777","2272",18.776859504132233,0.3419894366197183,"FF","4-Seam Fastball",13.3,-14,0.7,"5",16.5,9.2,-7.6,1.6,"20",0.6876513317191283,0.6779661016949152
"2026","Tolle, Payton","801139","Red Sox","BOS","L","96.1","761","1622",13.516666666666667,0.469173859432799,"FF","4-Seam Fastball",14.2,-14.1,-0.1,"-1",15.4,9.7,-8.5,1.2,"14",0.5012106537530266,0.6295399515738499
"2026","Hancock, Emerson","676106","Mariners","SEA","R","95.4","755","1909",15.776859504132231,0.39549502357255106,"FF","4-Seam Fastball",21,-16.2,-4.8,"-30",9.1,12.1,-9.9,2.1,"22",0.012106537530266344,0.7481840193704601
"2026","Sasaki, Roki","808963","Dodgers","LAD","R","97.9","753","1786",14.760330578512397,0.4216125419932811,"FF","4-Seam Fastball",12.4,-12.1,-0.3,"-3",16.2,9.6,-6.7,3,"44",0.4576271186440678,0.8571428571428571
"2026","Pérez, Eury","691587","Marlins","MIA","R","98.3","752","1893",15.644628099173554,0.3972530375066033,"FF","4-Seam Fastball",10.5,-12.4,1.9,"15",18.1,11.2,-7.1,4.1,"58",0.9031476997578692,0.9394673123486683
"2026","Ray, Robbie","592662","Padres","SD","L","93.2","745","2237",18.33606557377049,0.3330353151542244,"FF","4-Seam Fastball",14.2,-14.9,0.7,"5",17.4,9.2,-6.8,2.3,"34",0.6876513317191283,0.7796610169491526
"2026","Warren, Will","701542","Yankees","NYY","R","93.6","742","2005",16.708333333333332,0.37007481296758105,"FF","4-Seam Fastball",16.1,-15.7,-0.4,"-3",15.2,7.6,-8.1,-0.6,"-7",0.43825665859564167,0.3898305084745763
"2026","Nelson, Ryne","669194","D-backs","AZ","R","96.3","734","1292",10.59016393442623,0.5681114551083591,"FF","4-Seam Fastball",10.5,-12.9,2.4,"19",19.1,2.8,-6.4,-3.6,"-57",0.9491525423728814,0.09927360774818401
"2026","Cavalli, Cade","676917","Nationals","WSH","R","96.8","727","2154",17.65573770491803,0.3375116063138347,"FF","4-Seam Fastball",14.5,-13.3,-1.2,"-9",14.6,6,-7.2,-1.3,"-18",0.2711864406779661,0.3196125907990315
"2026","Sheehan, Emmet","686218","Dodgers","LAD","R","94.4","726","1698",14.03305785123967,0.4275618374558304,"FF","4-Seam Fastball",12.3,-15.2,2.8,"19",18.4,8.9,-8.2,0.7,"9",0.9733656174334141,0.5738498789346247
"2026","Cantillo, Joey","676282","Guardians","CLE","L","92.1","723","2089",17.264462809917354,0.34609861177596934,"FF","4-Seam Fastball",15.6,-16,0.3,"2",16.6,6.6,-6.9,-0.3,"-4",0.5907990314769975,0.43341404358353514
"2026","Young, Brandon","687064","Orioles","BAL","R","94.4","723","1817",15.016528925619834,0.39790864061640063,"FF","4-Seam Fastball",13.1,-14.5,1.3,"9",17.6,5.7,-7.2,-1.5,"-21",0.8062953995157385,0.288135593220339
"2026","Yesavage, Trey","702056","Blue Jays","TOR","R","94.3","722","1549",12.69672131147541,0.46610716591349255,"FF","4-Seam Fastball",11.3,-12.7,1.4,"11",19.5,4.2,-4.9,-0.7,"-14",0.8280871670702179,0.37772397094430993
"2026","Scott, Christian","681035","Mets","NYM","R","95.5","707","1443",11.827868852459016,0.48995148995148996,"FF","4-Seam Fastball",15,-15,0,"0",15.1,9.7,-8.9,0.7,"8",0.5230024213075061,0.5738498789346247
"2026","Manaea, Sean","640455","Mets","NYM","L","91","684","1799",14.745901639344263,0.3802112284602557,"FF","4-Seam Fastball",22.5,-18.8,-3.6,"-19",10.7,13.4,-9.3,4.1,"44",0.06537530266343826,0.9394673123486683
"2026","Lauer, Eric","641778","Dodgers","LAD","L","91.1","682","1613",13.330578512396695,0.4228146311221327,"FF","4-Seam Fastball",17.5,-16.2,-1.3,"-8",15.5,8.9,-6.7,2.2,"32",0.2639225181598063,0.7578692493946732
"2026","Pallante, Andre","669467","Cardinals","STL","R","95.2","676","2115",17.479338842975206,0.31962174940898347,"FF","4-Seam Fastball",18.2,-14,-4.2,"-30",11.9,0.6,-7.1,-6.5,"-91",0.0387409200968523,0.01937046004842615
"2026","López, Reynaldo","625643","Braves","ATL","R","94.2","672","1226",10.132231404958677,0.5481239804241436,"FF","4-Seam Fastball",14.1,-14.9,0.8,"6",16.6,6.9,-7.7,-0.7,"-10",0.7070217917675545,0.37772397094430993
"2026","Blubaugh, AJ","805123","Astros","HOU","R","95.7","659","1295",10.614754098360656,0.5088803088803089,"FF","4-Seam Fastball",13.2,-13.7,0.5,"3",16.9,10.8,-7,3.9,"55",0.6368038740920097,0.9225181598062954
"2026","Wheeler, Zack","554430","Phillies","PHI","R","95.1","651","1846",15.131147540983607,0.35265438786565545,"FF","4-Seam Fastball",16,-16,0,"0",14.3,11.6,-10.3,1.3,"13",0.5230024213075061,0.6464891041162227
"2026","Ashcraft, Braxton","677952","Pirates","PIT","R","97.2","642","2019",16.549180327868854,0.3179791976225854,"FF","4-Seam Fastball",13.5,-13,-0.5,"-4",15.4,9.4,-7.1,2.3,"32",0.4092009685230024,0.7796610169491526
"2026","Wacha, Michael","608379","Royals","KC","R","93.1","613","2259",18.516393442622952,0.27135900841080124,"FF","4-Seam Fastball",13.5,-14.1,0.6,"4",18.1,5.5,-5.8,-0.3,"-5",0.6610169491525424,0.43341404358353514
"2026","Fuentes, Didier","800311","Braves","ATL","R","97.2","612","867",7.1652892561983474,0.7058823529411765,"FF","4-Seam Fastball",14.3,-15.1,0.8,"5",14.7,10.3,-10.1,0.2,"2",0.7070217917675545,0.4963680387409201
"2026","Gallen, Zac","668678","D-backs","AZ","R","93.4","605","1636",13.40983606557377,0.3698044009779951,"FF","4-Seam Fastball",14.9,-14.8,-0.1,"-1",16.6,3.3,-6.9,-3.7,"-53",0.5012106537530266,0.09685230024213075
"2026","Keller, Mitch","656605","Pirates","PIT","R","93.3","603","1887",15.467213114754099,0.3195548489666137,"FF","4-Seam Fastball",16.2,-15.4,-0.9,"-6",15.1,8.6,-7.5,1.1,"15",0.3268765133171913,0.6222760290556901
"2026","Ohtani, Shohei","660271","Dodgers","LAD","R","98.1","602","1335",11.03305785123967,0.450936329588015,"FF","4-Seam Fastball",14.3,-13.3,-1.1,"-8",14,5,-8,-3,"-38",0.29539951573849876,0.1549636803874092
"2026","Liberatore, Matthew","669461","Cardinals","STL","L","94.4","599","1914",15.818181818181818,0.312957157784744,"FF","4-Seam Fastball",14.1,-13.6,-0.5,"-3",16.6,6.4,-6,0.4,"6",0.4092009685230024,0.5399515738498789
"2026","Smith, Cade","671922","Guardians","CLE","R","97.3","598","952",7.867768595041323,0.6281512605042017,"FF","4-Seam Fastball",12.2,-13.1,0.8,"6",16.7,7.8,-7.8,0,"0",0.7070217917675545,0.47699757869249393
"2026","Harris, Hogan","663687","Athletics","ATH","L","95.1","593","1007",8.322314049586776,0.5888778550148958,"FF","4-Seam Fastball",12.6,-14,1.3,"10",17.8,8.3,-7,1.2,"17",0.8062953995157385,0.6295399515738499
"2026","Lambert, Peter","663567","Astros","HOU","R","93.9","587","1888",15.475409836065573,0.3109110169491525,"FF","4-Seam Fastball",13.6,-14.7,1.1,"7",17.6,8.2,-7,1.2,"17",0.7675544794188862,0.6295399515738499
"2026","Kirby, George","669923","Mariners","SEA","R","96.6","587","2007",16.58677685950413,0.29247633283507724,"FF","4-Seam Fastball",16,-13.6,-2.4,"-17",13.4,9.2,-7.6,1.6,"21",0.13559322033898305,0.6779661016949152
"2026","Jump, Gage","695611","Athletics","ATH","L","96.3","583","1258",10.396694214876034,0.46343402225755165,"FF","4-Seam Fastball",13.2,-14.2,1.1,"8",16.4,8.5,-8.2,0.3,"4",0.7675544794188862,0.513317191283293
"2026","McClanahan, Shane","663556","Rays","TB","L","95.6","582","1547",12.891666666666667,0.3762120232708468,"FF","4-Seam Fastball",14.1,-13.4,-0.7,"-5",16,9.5,-6.5,3,"45",0.38256658595641646,0.8571428571428571
"2026","Cole, Gerrit","543037","Yankees","NYY","R","96.9","582","1218",10.15,0.47783251231527096,"FF","4-Seam Fastball",12.6,-13.6,0.9,"7",16.6,9.7,-7.6,2.1,"28",0.738498789346247,0.7481840193704601
"2026","Rasmussen, Drew","656876","Rays","TB","R","95.9","582","1995",16.625,0.29172932330827067,"FF","4-Seam Fastball",12.2,-13.7,1.5,"11",17.7,4.4,-7.2,-2.8,"-39",0.8547215496368039,0.17191283292978207
"2026","Luzardo, Jesús","666200","Phillies","PHI","L","97","576","2329",19.09016393442623,0.24731644482610562,"FF","4-Seam Fastball",15.5,-14.4,-1.1,"-8",13.8,11.8,-8.7,3.1,"35",0.29539951573849876,0.8692493946731235
"2026","Williams, Gavin","668909","Guardians","CLE","R","97.4","572","2239",18.50413223140496,0.2554711924966503,"FF","4-Seam Fastball",14.6,-12.8,-1.8,"-14",14.4,10.9,-7.3,3.6,"49",0.19612590799031476,0.910411622276029
"2026","Boyd, Matthew","571510","Cubs","CHC","L","92.7","571","1234",10.198347107438016,0.4627228525121556,"FF","4-Seam Fastball",20.1,-16.3,-3.8,"-23",11.9,13.9,-8.1,5.8,"71",0.05811138014527845,0.9854721549636803
"2026","Skubal, Tarik","669373","Dodgers","LAD","L","96.7","568","1611",13.314049586776859,0.35257603972687773,"FF","4-Seam Fastball",12.2,-13,0.7,"6",17,3.4,-6.7,-3.3,"-49",0.6876513317191283,0.12832929782082325
"2026","Cameron, Noah","702070","Royals","KC","L","92.5","555","2147",17.598360655737704,0.2585002328830927,"FF","4-Seam Fastball",14.9,-15.1,0.2,"1",17,6.2,-6.7,-0.6,"-8",0.5738498789346247,0.3898305084745763
"2026","Vásquez, Randy","681190","Padres","SD","R","95","553","1726",14.147540983606557,0.3203939745075319,"FF","4-Seam Fastball",14.3,-14.4,0.1,"1",16.1,9.5,-7.4,2,"27",0.5544794188861986,0.7288135593220338
"2026","Matthews, Zebby","805673","Twins","MIN","R","95.2","550","1480",12.131147540983607,0.3716216216216216,"FF","4-Seam Fastball",14.2,-14.2,0,"0",16,8.9,-7.3,1.6,"22",0.5230024213075061,0.6779661016949152
"2026","Yamamoto, Yoshinobu","808967","Dodgers","LAD","R","96.1","548","2063",17.049586776859503,0.2656325739214736,"FF","4-Seam Fastball",13.5,-14.6,1.1,"8",16.2,8.3,-8.6,-0.2,"-3",0.7675544794188862,0.44794188861985473
"2026","Hudson, Bryan","663542","White Sox","CWS","L","92.1","547","819",6.882352941176471,0.6678876678876678,"FF","4-Seam Fastball",20,-18.2,-1.9,"-10",12.2,10,-9.7,0.3,"3",0.18886198547215496,0.513317191283293
"2026","Rodriguez, Grayson","680570","Angels","LAA","R","96.1","545","1019",8.421487603305785,0.534838076545633,"FF","4-Seam Fastball",14.2,-13.9,-0.3,"-2",15.7,11.3,-7.9,3.5,"44",0.4576271186440678,0.9031476997578692
"2026","Miller, Bryce","682243","Mariners","SEA","R","96.1","541","1268",10.479338842975206,0.42665615141955837,"FF","4-Seam Fastball",10.8,-14.1,3.3,"24",18.8,5,-7.8,-2.8,"-36",0.9878934624697336,0.17191283292978207
"2026","Imai, Tatsuya","837227","Astros","HOU","R","94.9","540","1240",10.163934426229508,0.43548387096774194,"FF","4-Seam Fastball",19.7,-16.3,-3.4,"-21",10.8,12.6,-9.6,3,"31",0.07021791767554479,0.8571428571428571
"2026","Leiter, Jack","683004","Rangers","TEX","R","96.7","538","1397",11.545454545454545,0.3851109520400859,"FF","4-Seam Fastball",12,-13.8,1.7,"13",17.4,8.1,-7.9,0.2,"3",0.8789346246973365,0.4963680387409201
"2026","Montero, Keider","672456","Tigers","DET","R","94.3","537","1762",14.683333333333334,0.3047673098751419,"FF","4-Seam Fastball",14.4,-14.7,0.3,"2",16.4,6,-7.4,-1.4,"-20",0.5907990314769975,0.3050847457627119
"2026","Early, Connelly","813349","Red Sox","BOS","L","94","536","1528",12.733333333333333,0.3507853403141361,"FF","4-Seam Fastball",15.2,-15.3,0.2,"1",16,10.5,-8,2.5,"31",0.5738498789346247,0.7941888619854721
"2026","Kelly, Merrill","518876","D-backs","AZ","R","92.1","535","1991",16.31967213114754,0.2687091913611251,"FF","4-Seam Fastball",17.9,-17,-0.8,"-5",14.5,9.6,-8.4,1.1,"13",0.35351089588377727,0.6222760290556901
"2026","Holmes, Grant","656550","Braves","ATL","R","94.2","532","1812",14.975206611570249,0.293598233995585,"FF","4-Seam Fastball",15.5,-15.1,-0.4,"-3",15.3,7,-7.6,-0.6,"-8",0.43825665859564167,0.3898305084745763
"2026","Martin, Davis","663436","White Sox","CWS","R","93.9","529","1968",16.537815126050422,0.2688008130081301,"FF","4-Seam Fastball",16.9,-14.9,-2,"-13",14.1,5.4,-7.4,-2,"-27",0.17191283292978207,0.22760290556900725
"2026","Richards, Trevor","670950","White Sox","CWS","R","92.1","518","827",6.949579831932773,0.626360338573156,"FF","4-Seam Fastball",12.8,-15,2.2,"15",19.5,7.2,-6.4,0.8,"12",0.927360774818402,0.5907990314769975
"2026","Leahy, Kyle","681517","Cardinals","STL","R","94.2","518","1932",15.96694214876033,0.26811594202898553,"FF","4-Seam Fastball",16.1,-15.1,-1.1,"-7",14.7,4.6,-7.9,-3.3,"-42",0.29539951573849876,0.12832929782082325
"2026","Nola, Aaron","605400","Phillies","PHI","R","92.3","517","2169",17.778688524590162,0.23835869064084833,"FF","4-Seam Fastball",17.5,-18.2,0.7,"4",14.6,13,-10.1,2.9,"29",0.6876513317191283,0.847457627118644
"2026","Lopez, Jacob","682052","Athletics","ATH","L","90.5","515","1505",12.438016528925619,0.34219269102990035,"FF","4-Seam Fastball",21,-18.9,-2.2,"-11",12.5,13.7,-8.9,4.8,"54",0.15254237288135594,0.9661016949152542
"2026","Soriano, José","667755","Blue Jays","TOR","R","97.2","515","2226",18.24590163934426,0.23135669362084457,"FF","4-Seam Fastball",15.7,-13.4,-2.3,"-17",13.4,9.7,-7.7,2,"25",0.14285714285714285,0.7288135593220338
"2026","McGreevy, Michael","700241","Cardinals","STL","R","91.8","515","2033",16.801652892561982,0.2533202164289228,"FF","4-Seam Fastball",19.9,-16.1,-3.8,"-24",12.5,8.4,-7.1,1.2,"17",0.05811138014527845,0.6295399515738499
"2026","Petersen, Michael","656848","Marlins","MIA","R","97.9","507","832",6.87603305785124,0.609375,"FF","4-Seam Fastball",9.2,-11.5,2.3,"20",19.5,7.7,-5.7,2,"35",0.9418886198547215,0.7288135593220338
"2026","Mize, Casey","663554","Padres","SD","R","93.5","506","1478",12.114754098360656,0.3423545331529093,"FF","4-Seam Fastball",13.5,-15,1.5,"10",17.9,9.7,-7.1,2.5,"35",0.8547215496368039,0.7941888619854721
"2026","Mejia, Juan","675848","Rockies","COL","R","97.2","504","954",7.884297520661157,0.5283018867924528,"FF","4-Seam Fastball",17.9,-13.6,-4.3,"-31",10.8,4.6,-7.8,-3.1,"-40",0.026634382566585957,0.14527845036319612
"2026","Junk, Janson","676083","Marlins","MIA","R","94.1","504","1396",11.537190082644628,0.36103151862464183,"FF","4-Seam Fastball",12.5,-15.1,2.6,"17",18.6,6.1,-7.7,-1.6,"-21",0.9636803874092009,0.2736077481840194
"2026","May, Dustin","669160","Brewers","MIL","R","96.9","500","1930",15.950413223140496,0.25906735751295334,"FF","4-Seam Fastball",14.3,-13.8,-0.5,"-4",15,9.8,-8.1,1.7,"21",0.4092009685230024,0.6973365617433414
"2026","Ober, Bailey","641927","Twins","MIN","R","88.1","497","1536",12.59016393442623,0.3235677083333333,"FF","4-Seam Fastball",18.8,-18.9,0.2,"1",16.5,7.3,-5.8,1.5,"25",0.5738498789346247,0.6634382566585957
"2026","Bibee, Tanner","676440","Guardians","CLE","R","94","496","2247",18.570247933884296,0.22073876279483756,"FF","4-Seam Fastball",15,-14,-1,"-7",16,5,-6.3,-1.3,"-21",0.3171912832929782,0.3196125907990315
"2026","Cecconi, Slade","677944","Guardians","CLE","R","93.4","495","1854",15.322314049586776,0.2669902912621359,"FF","4-Seam Fastball",15.3,-15,-0.3,"-2",16.2,11.1,-7.2,3.9,"55",0.4576271186440678,0.9225181598062954
"2026","Weathers, Ryan","677960","Yankees","NYY","L","95.8","493","2113",17.608333333333334,0.23331755797444392,"FF","4-Seam Fastball",14.6,-15.2,0.5,"4",15.4,10.9,-8.9,1.9,"22",0.6368038740920097,0.7191283292978208
"2026","King, Bryan","687911","Astros","HOU","L","92","486","834",6.836065573770492,0.5827338129496403,"FF","4-Seam Fastball",19.1,-16.3,-2.8,"-17",13.2,3.1,-7.6,-4.5,"-60",0.10411622276029056,0.06053268765133172
"2026","Anderson, Drew","623454","Tigers","DET","R","95.7","483","1197",9.975,0.40350877192982454,"FF","4-Seam Fastball",14.5,-14.4,-0.1,"-1",15.4,6.5,-8,-1.4,"-18",0.5012106537530266,0.3050847457627119
"2026","Alcantara, Sandy","645261","Marlins","MIA","R","97.5","481","2467",20.388429752066116,0.19497365220916094,"FF","4-Seam Fastball",15.5,-13.5,-2,"-15",13.5,12.7,-7.8,4.9,"63",0.17191283292978207,0.9685230024213075
"2026","Perkins, Jack","678022","Athletics","ATH","R","95.8","478","1414",11.685950413223141,0.33804809052333806,"FF","4-Seam Fastball",15.4,-14.9,-0.5,"-4",14.5,10,-8.6,1.4,"16",0.4092009685230024,0.6561743341404358
"2026","Taylor, Grant","691799","White Sox","CWS","R","98.1","474","998",8.38655462184874,0.4749498997995992,"FF","4-Seam Fastball",11.6,-12.5,0.8,"7",16.7,1.9,-7.4,-5.5,"-75",0.7070217917675545,0.03389830508474576
"2026","McLean, Nolan","690997","Mets","NYM","R","96.1","473","2256",18.491803278688526,0.20966312056737588,"FF","4-Seam Fastball",15.9,-14.7,-1.2,"-8",13.9,11.7,-8.7,2.9,"34",0.2711864406779661,0.847457627118644
"2026","Littell, Zack","641793","D-backs","AZ","R","91.7","471","1826",14.967213114754099,0.2579408543263965,"FF","4-Seam Fastball",16,-15.6,-0.5,"-3",16.4,6.5,-6.6,-0.1,"-2",0.4092009685230024,0.4648910411622276
"2026","Mlodzinski, Carmen","669387","Pirates","PIT","R","95","469","1695",13.89344262295082,0.2766961651917404,"FF","4-Seam Fastball",18.2,-15.1,-3.1,"-20",12.1,10,-8.5,1.5,"18",0.08232445520581114,0.6634382566585957
"2026","Kay, Anthony","641743","White Sox","CWS","L","95.8","466","2066",17.361344537815125,0.22555663117134558,"FF","4-Seam Fastball",14.8,-14.4,-0.4,"-3",15.1,7.4,-7.9,-0.5,"-7",0.43825665859564167,0.41404358353510895
"2026","Latz, Jacob","656641","Rangers","TEX","L","94.7","462","845",6.983471074380165,0.5467455621301776,"FF","4-Seam Fastball",11.8,-14.2,2.4,"17",18.9,8.7,-7.1,1.7,"23",0.9491525423728814,0.6973365617433414
"2026","Headrick, Brent","687396","Yankees","NYY","L","94.3","460","951",7.925,0.48370136698212407,"FF","4-Seam Fastball",13.5,-13.8,0.4,"3",17.5,8.1,-6.2,1.8,"30",0.6198547215496368,0.7070217917675545
"2026","Woods Richardson, Simeon","680573","Blue Jays","TOR","R","92.6","460","1052",8.62295081967213,0.4372623574144487,"FF","4-Seam Fastball",13.7,-14.5,0.8,"6",18.4,5.9,-6,-0.2,"-3",0.7070217917675545,0.44794188861985473
"2026","Mattson, Isaac","676755","Pirates","PIT","R","94.1","458","648",5.311475409836065,0.7067901234567902,"FF","4-Seam Fastball",12.9,-14.7,1.8,"12",18.1,9.4,-7.3,2.2,"30",0.8886198547215496,0.7578692493946732
"2026","Freeland, Kyle","607536","Rockies","COL","L","91.5","457","1845",15.24793388429752,0.24769647696476965,"FF","4-Seam Fastball",18.4,-16.2,-2.3,"-14",14.1,7.1,-7.1,0.1,"1",0.14285714285714285,0.48668280871670705
"2026","Painter, Andrew","691725","Phillies","PHI","R","96.5","451","1379",11.30327868852459,0.32704858593183467,"FF","4-Seam Fastball",13.2,-12.5,-0.7,"-6",16.1,2.5,-6,-3.5,"-59",0.38256658595641646,0.11380145278450363
"2026","Mikolas, Miles","571945","Nationals","WSH","R","93.2","450","1826",14.967213114754099,0.24644030668127054,"FF","4-Seam Fastball",16.1,-14.4,-1.7,"-12",15.3,7.6,-6.1,1.5,"24",0.21307506053268765,0.6634382566585957
"2026","Montgomery, Mason","682254","Pirates","PIT","L","98.3","450","824",6.754098360655738,0.5461165048543689,"FF","4-Seam Fastball",10.2,-12.7,2.5,"20",18.1,4.1,-7.7,-3.6,"-46",0.9564164648910412,0.09927360774818401
"2026","Burrows, Mike","681347","Astros","HOU","R","95","447","1567",12.844262295081966,0.2852584556477345,"FF","4-Seam Fastball",14,-14.3,0.3,"2",16.5,8.7,-7.3,1.4,"19",0.5907990314769975,0.6561743341404358
"2026","Elder, Bryce","693821","Braves","ATL","R","92.5","446","1988",16.429752066115704,0.2243460764587525,"FF","4-Seam Fastball",16.4,-15.2,-1.2,"-8",15.4,4.2,-6.7,-2.5,"-37",0.2711864406779661,0.1937046004842615
"2026","Arrighetti, Spencer","681293","Astros","HOU","R","92.4","445","1504",12.327868852459016,0.2958776595744681,"FF","4-Seam Fastball",18.4,-18.5,0.1,"1",13.8,11.3,-10.9,0.3,"3",0.5544794188861986,0.513317191283293
"2026","Peterson, David","656849","Cubs","CHC","L","92.4","443","1830",15.12396694214876,0.24207650273224043,"FF","4-Seam Fastball",19.9,-15.2,-4.7,"-31",12,2.3,-6.7,-4.4,"-66",0.01937046004842615,0.06779661016949153
"2026","Soroka, Michael","647336","D-backs","AZ","R","93.6","442","1367",11.204918032786885,0.3233357717629846,"FF","4-Seam Fastball",17.2,-16,-1.3,"-8",14,8.2,-8.3,-0.2,"-2",0.2639225181598063,0.44794188861985473
"2026","Gordon, Tanner","685299","Rockies","COL","R","92.8","439","1048",8.661157024793388,0.41889312977099236,"FF","4-Seam Fastball",16.4,-14.9,-1.5,"-10",15.1,9.6,-6.6,3,"45",0.23728813559322035,0.8571428571428571
"2026","Morris, Andrew","702193","Twins","MIN","R","97.1","438","964",7.901639344262295,0.45435684647302904,"FF","4-Seam Fastball",12,-12.5,0.4,"3",17,4.5,-6.4,-1.9,"-30",0.6198547215496368,0.2397094430992736
"2026","Jones, Jared","683003","Pirates","PIT","R","98.3","436","963",7.89344262295082,0.45275181723779856,"FF","4-Seam Fastball",12.6,-13.5,0.9,"6",15.6,8.8,-8.4,0.4,"4",0.738498789346247,0.5399515738498789
"2026","Megill, Trevor","656730","Brewers","MIL","R","97.9","435","671",5.545454545454546,0.6482861400894188,"FF","4-Seam Fastball",9.6,-11.6,2.1,"18",19,4.2,-5.7,-1.5,"-27",0.9200968523002422,0.288135593220339
"2026","Meyer, Max","676974","Marlins","MIA","R","95.1","430","1789",14.785123966942148,0.2403577417551705,"FF","4-Seam Fastball",13,-14.3,1.4,"10",17.4,9.2,-7.4,1.8,"24",0.8280871670702179,0.7070217917675545
"2026","Stanek, Ryne","592773","Cardinals","STL","R","98","429","836",6.909090909090909,0.5131578947368421,"FF","4-Seam Fastball",10.9,-12.3,1.4,"11",17.7,8.8,-6.8,2,"30",0.8280871670702179,0.7288135593220338
"2026","Finnegan, Kyle","640448","Tigers","DET","R","96.3","428","808",6.733333333333333,0.5297029702970297,"FF","4-Seam Fastball",11.7,-13.9,2.1,"15",17.8,8.5,-7.7,0.7,"10",0.9200968523002422,0.5738498789346247
"2026","King, Michael","650633","Padres","SD","R","94.1","425","2227",18.25409836065574,0.19083969465648856,"FF","4-Seam Fastball",16,-15.5,-0.6,"-4",15,7.8,-8.2,-0.4,"-5",0.3946731234866828,0.423728813559322
"2026","Drohan, Shane","675660","Brewers","MIL","L","94.9","424","1455",12.024793388429751,0.2914089347079038,"FF","4-Seam Fastball",16.2,-15.3,-0.9,"-6",14.2,11.6,-8.4,3.1,"37",0.3268765133171913,0.8692493946731235
"2026","Marinaccio, Ron","676760","Reds","CIN","R","93.8","416","974",8.184873949579831,0.4271047227926078,"FF","4-Seam Fastball",18.2,-16.7,-1.5,"-9",13.1,14.1,-9.7,4.5,"46",0.23728813559322035,0.9539951573849879
"2026","Melton, Troy","675512","Tigers","DET","R","96.3","414","1162",9.683333333333334,0.35628227194492257,"FF","4-Seam Fastball",14.3,-13.9,-0.4,"-3",15.1,6.2,-7.9,-1.6,"-21",0.43825665859564167,0.2736077481840194
"2026","Sproat, Brandon","687075","Brewers","MIL","R","96.7","411","1691",13.975206611570249,0.2430514488468362,"FF","4-Seam Fastball",16.5,-14,-2.5,"-18",12.7,7.2,-8.1,-0.8,"-10",0.12590799031476999,0.36803874092009686
"2026","Suárez, Albert","544150","Orioles","BAL","R","93.6","410","768",6.347107438016529,0.5338541666666666,"FF","4-Seam Fastball",14.5,-14.1,-0.4,"-3",16.8,5.4,-6.1,-0.7,"-11",0.43825665859564167,0.37772397094430993
"2026","Prielipp, Connor","687570","Twins","MIN","L","95.5","408","1412",11.573770491803279,0.28895184135977336,"FF","4-Seam Fastball",14.8,-14.3,-0.5,"-3",15.3,8.3,-7.7,0.6,"8",0.4092009685230024,0.5641646489104116
"2026","Kimbrel, Craig","518886","Royals","KC","R","93.6","403","598",4.901639344262295,0.6739130434782609,"FF","4-Seam Fastball",16.4,-17.9,1.5,"8",15,11.8,-11.4,0.5,"4",0.8547215496368039,0.5520581113801453
"2026","Webb, Jacob","657097","Cubs","CHC","R","94.2","402","893",7.380165289256198,0.4501679731243001,"FF","4-Seam Fastball",14.8,-15.5,0.8,"5",16.2,9.6,-8.4,1.2,"14",0.7070217917675545,0.6295399515738499
"2026","Sabrowski, Erik","681870","Guardians","CLE","L","94.1","402","596",4.925619834710743,0.674496644295302,"FF","4-Seam Fastball",11.8,-14.6,2.8,"19",19.3,9.8,-7.1,2.7,"38",0.9733656174334141,0.8305084745762712
"2026","Feltner, Ryan","663372","Rockies","COL","R","94.8","401","1428",11.801652892561984,0.280812324929972,"FF","4-Seam Fastball",17.2,-15,-2.3,"-15",12.8,3.9,-8.1,-4.2,"-52",0.14285714285714285,0.07021791767554479
"2026","Vesia, Alex","681911","Dodgers","LAD","L","92","400","751",6.206611570247934,0.5326231691078562,"FF","4-Seam Fastball",10.9,-15.6,4.7,"30",21.4,4.1,-6.9,-2.8,"-41",1,0.17191283292978207
"2026","Lorenzen, Michael","547179","Rockies","COL","R","94","398","2105",17.39669421487603,0.18907363420427553,"FF","4-Seam Fastball",17.3,-15.6,-1.7,"-11",13.4,10,-8.3,1.6,"20",0.21307506053268765,0.6779661016949152
"2026","Varland, Louis","686973","Blue Jays","TOR","R","98.7","397","991",8.12295081967213,0.40060544904137235,"FF","4-Seam Fastball",12,-13.2,1.2,"9",16.3,7.8,-8.5,-0.7,"-8",0.784503631961259,0.37772397094430993
"2026","Lord, Brad","695418","Nationals","WSH","R","94.5","395","1091",8.942622950819672,0.3620531622364803,"FF","4-Seam Fastball",20.5,-16.5,-3.9,"-24",10.3,15.9,-10,6,"60",0.053268765133171914,0.9927360774818402
"2026","Cruz, Steven","674444","Royals","KC","R","98.4","394","709",5.811475409836065,0.5557122708039492,"FF","4-Seam Fastball",14,-13.5,-0.5,"-4",14.3,10.8,-8.4,2.4,"28",0.4092009685230024,0.7917675544794189
"2026","Seymour, Ian","693855","Rays","TB","L","91.5","394","1463",12.191666666666666,0.2693096377306904,"FF","4-Seam Fastball",15.8,-16.6,0.8,"5",17,6.5,-7.5,-0.9,"-13",0.7070217917675545,0.35108958837772397
"2026","Gómez, Yoendrys","672782","Twins","MIN","R","95.7","393","865",7.090163934426229,0.45433526011560693,"FF","4-Seam Fastball",13.7,-14.7,1,"7",16.3,7,-8.6,-1.6,"-19",0.7506053268765133,0.2736077481840194
"2026","Kilian, Caleb","668873","Phillies","PHI","R","96.8","392","786",6.442622950819672,0.49872773536895676,"FF","4-Seam Fastball",13.5,-13.3,-0.2,"-1",15.7,1.8,-7.3,-5.5,"-75",0.48668280871670705,0.03389830508474576
"2026","De Los Santos, Enyel","660853","Astros","HOU","R","95.1","391","879",7.204918032786885,0.4448236632536974,"FF","4-Seam Fastball",16.8,-15.3,-1.5,"-10",13.6,10.9,-8.7,2.2,"25",0.23728813559322035,0.7578692493946732
"2026","Suarez, Ranger","624133","Red Sox","BOS","L","91.7","391","1726",14.383333333333333,0.22653534183082272,"FF","4-Seam Fastball",20.4,-16.1,-4.3,"-27",12,4.4,-7.1,-2.7,"-38",0.026634382566585957,0.18159806295399517
"2026","Taillon, Jameson","592791","Blue Jays","TOR","R","91.8","390","1414",11.59016393442623,0.2758132956152758,"FF","4-Seam Fastball",14.1,-15.7,1.6,"10",18.4,5.5,-6.9,-1.4,"-20",0.8668280871670703,0.3050847457627119
"2026","Klein, Will","694361","Dodgers","LAD","R","97.5","388","762",6.297520661157025,0.5091863517060368,"FF","4-Seam Fastball",13.1,-13.4,0.3,"3",15.6,9.2,-8.1,1.1,"14",0.5907990314769975,0.6222760290556901
"2026","Buehler, Walker","621111","Padres","SD","R","94.1","387","1975",16.188524590163933,0.1959493670886076,"FF","4-Seam Fastball",15,-15.1,0.1,"1",15.9,4.8,-7.8,-3,"-39",0.5544794188861986,0.1549636803874092
"2026","Henderson, Logan","701656","Brewers","MIL","R","93","387","850",7.024793388429752,0.45529411764705885,"FF","4-Seam Fastball",14.2,-16.7,2.6,"15",17.5,11.4,-8.8,2.6,"30",0.9636803874092009,0.8208232445520581
"2026","Festa, Matt","670036","Guardians","CLE","R","92.5","385","813",6.7190082644628095,0.4735547355473555,"FF","4-Seam Fastball",20.1,-17.4,-2.8,"-16",11.7,1,-9.4,-10.3,"-110",0.10411622276029056,0
"2026","Miller, Mason","695243","Padres","SD","R","101.5","384","834",6.836065573770492,0.460431654676259,"FF","4-Seam Fastball",10,-10.5,0.5,"5",16.6,6,-7.1,-1.1,"-15",0.6368038740920097,0.3389830508474576
"2026","Suarez, José","660761","Athletics","ATH","L","92.7","382","1016",8.396694214876034,0.37598425196850394,"FF","4-Seam Fastball",15.3,-15.9,0.6,"4",16.5,7.9,-7.7,0.2,"3",0.6610169491525424,0.4963680387409201
"2026","Williams, Devin","642207","Mets","NYM","R","93.9","382","728",5.967213114754099,0.5247252747252747,"FF","4-Seam Fastball",16.2,-16.3,0.2,"1",15.1,12.7,-9.3,3.4,"37",0.5738498789346247,0.8958837772397095
"2026","Ureña, Walbert","700712","Angels","LAA","R","97.7","378","1741",14.388429752066116,0.21711659965537047,"FF","4-Seam Fastball",16.1,-12.5,-3.7,"-29",12.6,9,-6.8,2.2,"33",0.06295399515738499,0.7578692493946732
"2026","Newcomb, Sean","656794","White Sox","CWS","L","94.6","377","1006",8.453781512605042,0.37475149105367794,"FF","4-Seam Fastball",16.2,-14.8,-1.4,"-9",14.5,10.3,-7.8,2.5,"32",0.2542372881355932,0.7941888619854721
"2026","Burke, Brock","656271","Reds","CIN","L","96.2","377","923",7.756302521008403,0.4084507042253521,"FF","4-Seam Fastball",14.3,-12.9,-1.4,"-11",15.3,8.6,-6.3,2.2,"35",0.2542372881355932,0.7578692493946732
"2026","Baker, Bryan","641329","Rays","TB","R","96.7","376","729",6.075,0.5157750342935528,"FF","4-Seam Fastball",10.1,-12.3,2.2,"18",19.3,4,-5.8,-1.8,"-31",0.927360774818402,0.24939467312348668
"2026","Alvarado, Elvis","665660","Athletics","ATH","R","98.9","376","647",5.347107438016529,0.5811437403400309,"FF","4-Seam Fastball",13.5,-13.7,0.2,"2",14.6,12.6,-9,3.7,"41",0.5738498789346247,0.9176755447941889
"2026","Brown, Hunter","686613","Astros","HOU","R","96.2","375","1108",9.081967213114755,0.33844765342960287,"FF","4-Seam Fastball",12.8,-13.2,0.3,"3",16.8,7.5,-6.8,0.7,"10",0.5907990314769975,0.5738498789346247
"2026","Natera Jr., Samy","696519","Angels","LAA","L","94.8","374","462",3.8181818181818183,0.8095238095238095,"FF","4-Seam Fastball",11.1,-14,2.9,"21",19.6,5.1,-7,-1.9,"-27",0.9830508474576272,0.2397094430992736
"2026","Bednar, David","670280","Yankees","NYY","R","96.1","373","899",7.491666666666666,0.41490545050055616,"FF","4-Seam Fastball",11.8,-13.6,1.8,"14",18,8.9,-7.3,1.5,"21",0.8886198547215496,0.6634382566585957
"2026","Sugano, Tomoyuki","608372","Rockies","COL","R","92.3","371","1811",14.96694214876033,0.2048591938155715,"FF","4-Seam Fastball",17.2,-15.6,-1.6,"-10",14.7,5.6,-7,-1.5,"-21",0.22760290556900725,0.288135593220339
"2026","Brown, Ben","676962","Cubs","CHC","R","96.4","371","1004",8.297520661157025,0.3695219123505976,"FF","4-Seam Fastball",13.5,-13,-0.6,"-4",16,8.4,-6.5,1.9,"29",0.3946731234866828,0.7191283292978208
"2026","Ginkel, Kevin","656464","D-backs","AZ","R","95.6","371","795",6.516393442622951,0.4666666666666667,"FF","4-Seam Fastball",14.5,-13,-1.6,"-12",15.5,8.7,-5.9,2.8,"47",0.22760290556900725,0.8426150121065376
"2026","Sewald, Paul","623149","D-backs","AZ","R","91.4","371","633",5.188524590163935,0.5860979462875198,"FF","4-Seam Fastball",20.5,-20.6,0.1,"0",12.3,11,-11.6,-0.6,"-5",0.5544794188861986,0.3898305084745763
"2026","Farris, Mitch","815083","Angels","LAA","L","91.7","370","761",6.289256198347108,0.48620236530880423,"FF","4-Seam Fastball",15.3,-15.5,0.1,"1",17.3,9.1,-6.6,2.5,"38",0.5544794188861986,0.7941888619854721
"2026","Bradish, Kyle","680694","Orioles","BAL","R","94","369","2109",17.429752066115704,0.17496443812233287,"FF","4-Seam Fastball",17.6,-14.2,-3.4,"-24",13.2,1.9,-6.6,-8.5,"-129",0.07021791767554479,0.004842615012106538
"2026","Rodón, Carlos","607074","Yankees","NYY","L","94.4","368","828",6.9,0.4444444444444444,"FF","4-Seam Fastball",12.5,-14,1.5,"11",18.3,9.2,-6.5,2.7,"42",0.8547215496368039,0.8305084745762712
"2026","Morillo, Juan","666661","D-backs","AZ","R","98.7","367","763",6.254098360655738,0.48099606815203144,"FF","4-Seam Fastball",11.8,-12.9,1.2,"9",16.4,4.9,-7.9,-3.1,"-39",0.784503631961259,0.14527845036319612
"2026","Yates, Kirby","489446","Pirates","PIT","R","90.9","365","553",4.532786885245901,0.6600361663652803,"FF","4-Seam Fastball",19.9,-18.1,-1.8,"-10",13.4,14.5,-9.1,5.4,"59",0.19612590799031476,0.9757869249394673
"2026","Bennett, Jake","687562","Red Sox","BOS","L","92.9","365","1067",8.891666666666667,0.34208059981255856,"FF","4-Seam Fastball",19.9,-15.8,-4.1,"-26",11.8,11.9,-7.8,4.2,"54",0.043583535108958835,0.9467312348668281
"2026","Griffin, Foster","656492","Guardians","CLE","L","91.5","364","2225",18.388429752066116,0.16359550561797753,"FF","4-Seam Fastball",16.5,-16.2,-0.3,"-2",16.1,4.5,-7.2,-2.7,"-37",0.4576271186440678,0.18159806295399517
"2026","Vodnik, Victor","680767","Marlins","MIA","R","98.5","361","717",5.925619834710743,0.5034867503486751,"FF","4-Seam Fastball",15.2,-13.4,-1.8,"-14",12.8,5.3,-8.4,-3.2,"-38",0.19612590799031476,0.14043583535108958
"2026","Dreyer, Jack","676263","Dodgers","LAD","L","94","361","765",6.322314049586777,0.4718954248366013,"FF","4-Seam Fastball",11.4,-14.6,3.2,"22",19.7,6.2,-7.1,-0.9,"-13",0.9854721549636803,0.35108958837772397
"2026","Ragans, Cole","666142","Royals","KC","L","94.9","358","638",5.229508196721311,0.5611285266457681,"FF","4-Seam Fastball",12.8,-14,1.2,"8",17.8,12.8,-6.8,5.9,"87",0.784503631961259,0.9878934624697336
"2026","Patrick, Chad","694477","Brewers","MIL","R","95.4","356","1408",11.636363636363637,0.2528409090909091,"FF","4-Seam Fastball",14.7,-14.9,0.2,"1",15.3,7.4,-8.3,-0.9,"-10",0.5738498789346247,0.35108958837772397
"2026","Abreu, Bryan","650556","Astros","HOU","R","95.5","352","777",6.368852459016393,0.45302445302445304,"FF","4-Seam Fastball",13.7,-14.5,0.7,"5",16.5,6.2,-7.9,-1.8,"-22",0.6876513317191283,0.24939467312348668
"2026","Graceffo, Gordon","700669","Cardinals","STL","R","95.4","351","887",7.330578512396694,0.39571589627959414,"FF","4-Seam Fastball",14.8,-14,-0.8,"-6",15.2,7,-7.2,-0.2,"-2",0.35351089588377727,0.44794188861985473
"2026","Márquez, Germán","608566","Padres","SD","R","94.6","350","918",7.524590163934426,0.3812636165577342,"FF","4-Seam Fastball",16.1,-15.2,-0.9,"-6",14.7,12.7,-8.8,3.9,"45",0.3268765133171913,0.9225181598062954
"2026","Zeferjahn, Ryan","666171","Cubs","CHC","R","97.4","350","1019",8.421487603305785,0.3434739941118744,"FF","4-Seam Fastball",13,-13.3,0.3,"2",16,3.1,-7.7,-4.6,"-60",0.5907990314769975,0.05811138014527845
"2026","Paddack, Chris","663978","Rangers","TEX","R","92.9","350","1015",8.388429752066116,0.3448275862068966,"FF","4-Seam Fastball",13.1,-14.7,1.6,"11",18.9,7.2,-6.6,0.6,"10",0.8668280871670703,0.5641646489104116
"2026","Sulser, Cole","642121","Rays","TB","R","92.2","350","775",6.458333333333333,0.45161290322580644,"FF","4-Seam Fastball",13.5,-15.9,2.4,"15",18.9,9.1,-7.3,1.8,"24",0.9491525423728814,0.7070217917675545
"2026","Pomeranz, Drew","519141","Cubs","CHC","L","92.1","349","478",3.950413223140496,0.7301255230125523,"FF","4-Seam Fastball",13.7,-15.7,2,"12",18.6,3.4,-7,-3.6,"-51",0.9128329297820823,0.09927360774818401
"2026","Senga, Kodai","673540","Mets","NYM","R","96.3","343","885",7.254098360655738,0.38757062146892657,"FF","4-Seam Fastball",13.3,-13.6,0.3,"2",16.3,6.6,-7.3,-0.7,"-10",0.5907990314769975,0.37772397094430993
"2026","Fairbanks, Pete","664126","Marlins","MIA","R","97.3","341","675",5.578512396694215,0.5051851851851852,"FF","4-Seam Fastball",10.8,-11.4,0.6,"5",18.1,1.8,-5.2,-3.5,"-66",0.6610169491525424,0.11380145278450363
"2026","Myers, Tobias","668964","Mets","NYM","R","92.7","340","710",5.819672131147541,0.4788732394366197,"FF","4-Seam Fastball",11.9,-15.3,3.4,"22",20.1,4.3,-7,-2.6,"-38",0.9951573849878934,0.18886198547215496
"2026","Lugo, Seth","607625","Royals","KC","R","91.7","339","2156",17.672131147540984,0.1572356215213358,"FF","4-Seam Fastball",17.2,-16.9,-0.3,"-2",15.4,8.7,-8.1,0.6,"8",0.4576271186440678,0.5641646489104116
"2026","Avila, Luinder","679883","Royals","KC","R","96.1","336","1293",10.598360655737705,0.25986078886310904,"FF","4-Seam Fastball",15,-13.2,-1.8,"-14",14.5,0.8,-6.7,-5.9,"-88",0.19612590799031476,0.026634382566585957
"2026","Domínguez, Seranthony","622554","Mariners","SEA","R","97.2","334","802",6.628099173553719,0.4164588528678304,"FF","4-Seam Fastball",14.8,-13.9,-0.9,"-6",14.1,5.2,-8.3,-3.1,"-37",0.3268765133171913,0.14527845036319612
"2026","Bubic, Kris","663460","Royals","KC","L","91.8","334","811",6.647540983606557,0.4118372379778052,"FF","4-Seam Fastball",15.3,-16.4,1.1,"7",17.2,2.5,-7.5,-5,"-67",0.7675544794188862,0.048426150121065374
"2026","Irvin, Jake","663623","Nationals","WSH","R","93","332","1181",9.680327868852459,0.28111769686706184,"FF","4-Seam Fastball",17.2,-16.4,-0.8,"-5",14.4,8.7,-8.4,0.3,"4",0.35351089588377727,0.513317191283293
"2026","Silseth, Chase","681217","Rangers","TEX","R","96","332","817",6.75206611570248,0.40636474908200737,"FF","4-Seam Fastball",13.6,-14.3,0.7,"5",16.2,6.8,-7.9,-1,"-13",0.6876513317191283,0.3486682808716707
"2026","Lowder, Rhett","695076","Reds","CIN","R","93.4","331","1603",13.470588235294118,0.206487835308796,"FF","4-Seam Fastball",18.1,-15.4,-2.7,"-17",13.4,10.6,-7.5,3.1,"41",0.11380145278450363,0.8692493946731235
"2026","Legumina, Casey","668984","Rays","TB","R","93.3","331","803",6.691666666666666,0.4122042341220423,"FF","4-Seam Fastball",17.8,-18.3,0.5,"2",13.7,14,-11.8,2.2,"19",0.6368038740920097,0.7578692493946732
"2026","Strider, Spencer","675911","Braves","ATL","R","95.1","329","691",5.710743801652892,0.4761215629522431,"FF","4-Seam Fastball",12.8,-14.2,1.4,"10",17.4,8.9,-7.4,1.5,"20",0.8280871670702179,0.6634382566585957
"2026","Varland, Gus","681402","Nationals","WSH","R","95.1","328","565",4.631147540983607,0.5805309734513274,"FF","4-Seam Fastball",11.9,-15.2,3.3,"21",18.3,9.3,-8.8,0.6,"6",0.9878934624697336,0.5641646489104116
"2026","Weaver, Luke","596133","Pirates","PIT","R","95.3","328","650",5.327868852459017,0.5046153846153846,"FF","4-Seam Fastball",11.2,-14.9,3.6,"24",19.1,6.4,-8.2,-1.8,"-22",0.9975786924939467,0.24939467312348668
"2026","Senzatela, Antonio","622608","Brewers","MIL","R","97.3","327","860",7.107438016528926,0.3802325581395349,"FF","4-Seam Fastball",15.5,-13.4,-2.1,"-16",13.3,5.5,-7.6,-2.1,"-28",0.15980629539951574,0.22276029055690072
"2026","Alvarez, Andrew","674841","Nationals","WSH","L","92.4","327","1163",9.532786885245901,0.28116938950988823,"FF","4-Seam Fastball",18.2,-14.8,-3.4,"-23",13.6,2.9,-6.3,-3.4,"-54",0.07021791767554479,0.11864406779661017
"2026","Hurt, Kyle","669165","Dodgers","LAD","R","96.4","326","596",4.925619834710743,0.5469798657718121,"FF","4-Seam Fastball",12.6,-13.9,1.2,"9",16.8,8.6,-7.8,0.8,"11",0.784503631961259,0.5907990314769975
"2026","Teng, Kai-Wei","678906","Astros","HOU","R","93.3","326","1162",9.524590163934427,0.28055077452667815,"FF","4-Seam Fastball",18.2,-15.7,-2.5,"-16",13.3,10,-7.9,2,"25",0.12590799031476999,0.7288135593220338
"2026","Canning, Griffin","656288","Padres","SD","R","94.5","326","1255",10.28688524590164,0.2597609561752988,"FF","4-Seam Fastball",15.3,-15.3,0.1,"0",15.4,9.3,-8.2,1.2,"14",0.5544794188861986,0.6295399515738499
"2026","Houser, Adrian","605288","Giants","SF","R","95.6","324","1625",13.429752066115702,0.19938461538461538,"FF","4-Seam Fastball",15.2,-13.9,-1.4,"-10",14.6,8.8,-7.3,1.5,"20",0.2542372881355932,0.6634382566585957
"2026","Scott, Tanner","656945","Dodgers","LAD","L","96.7","323","704",5.818181818181818,0.4588068181818182,"FF","4-Seam Fastball",12.9,-15.2,2.2,"15",16.3,6.7,-9.3,-2.6,"-28",0.927360774818402,0.18886198547215496
"2026","Gray, Sonny","543243","Red Sox","BOS","R","91.7","323","1837",15.308333333333334,0.17583015786608602,"FF","4-Seam Fastball",21,-16.6,-4.3,"-26",11.2,0.7,-7.7,-8.4,"-110",0.026634382566585957,0.009685230024213076
"2026","Pfaadt, Brandon","694297","D-backs","AZ","R","93.2","323","1300",10.655737704918034,0.24846153846153846,"FF","4-Seam Fastball",16.9,-15.7,-1.2,"-8",14.5,6.2,-7.8,-1.6,"-20",0.2711864406779661,0.2736077481840194
"2026","Santillan, Tony","663574","Reds","CIN","R","94.6","321","498",4.184873949579832,0.6445783132530121,"FF","4-Seam Fastball",17,-16.1,-0.9,"-5",13.8,12,-9.2,2.8,"30",0.3268765133171913,0.8426150121065376
"2026","Hughes, Gabriel","687312","Rockies","COL","R","92.3","316","558",4.6115702479338845,0.5663082437275986,"FF","4-Seam Fastball",21.4,-16.6,-4.9,"-29",10.3,1.4,-8.1,-9.5,"-117",0.009685230024213076,0.002421307506053269
"2026","Bachar, Lake","669199","Pirates","PIT","R","94.6","315","1077",8.827868852459016,0.2924791086350975,"FF","4-Seam Fastball",12.1,-14.7,2.7,"18",18.7,9.3,-7.6,1.6,"21",0.9685230024213075,0.6779661016949152
"2026","Barnett, Mason","686930","Athletics","ATH","R","95","310","660",5.454545454545454,0.4696969696969697,"FF","4-Seam Fastball",15.4,-14.3,-1.2,"-8",14.8,0.7,-7.3,-6.6,"-90",0.2711864406779661,0.01694915254237288
"2026","Scherzer, Max","453286","Blue Jays","TOR","R","93.3","309","668",5.475409836065574,0.4625748502994012,"FF","4-Seam Fastball",15.1,-15.5,0.4,"2",16.5,8.5,-7.6,1,"13",0.6198547215496368,0.6174334140435835
"2026","Lodolo, Nick","666157","Reds","CIN","L","94","308","1157",9.722689075630251,0.2662057044079516,"FF","4-Seam Fastball",22.9,-15.9,-7,"-44",8.4,16.9,-8.6,8.3,"97",0,1
"2026","Gray, Peyton","682608","Rangers","TEX","R","92.9","302","770",6.363636363636363,0.3922077922077922,"FF","4-Seam Fastball",15.2,-15.9,0.6,"4",16.6,11.8,-7.8,4,"51",0.6610169491525424,0.9322033898305084
"2026","Rolison, Ryan","669020","Cubs","CHC","L","94.7","302","720",5.950413223140496,0.41944444444444445,"FF","4-Seam Fastball",15.9,-14.4,-1.5,"-11",14.4,2.4,-7.3,-4.9,"-68",0.23728813559322035,0.05084745762711865
"2026","Bowlan, Jonathan","680742","Phillies","PHI","R","97.2","302","682",5.590163934426229,0.44281524926686217,"FF","4-Seam Fastball",10.8,-12.5,1.7,"13",18.2,8,-6.5,1.6,"24",0.8789346246973365,0.6779661016949152
"2026","Suter, Brent","608718","Braves","ATL","L","87.5","300","1185",9.793388429752065,0.25316455696202533,"FF","4-Seam Fastball",20.5,-19.4,-1.1,"-6",15.3,1,-4.4,-5.3,"-123",0.29539951573849876,0.0387409200968523
"2026","Morán, Jovani","663558","Red Sox","BOS","L","92.6","296","771",6.425,0.383916990920882,"FF","4-Seam Fastball",15,-15.6,0.7,"4",16.9,3.4,-7.3,-3.9,"-53",0.6876513317191283,0.0847457627118644
"2026","Hoffman, Jeff","656546","Twins","MIN","R","96.4","295","968",7.934426229508197,0.3047520661157025,"FF","4-Seam Fastball",13.3,-14,0.6,"5",16.3,13.6,-8,5.6,"71",0.6610169491525424,0.9806295399515739
"2026","Beeter, Clayton","690925","Nationals","WSH","R","95.6","288","584",4.786885245901639,0.4931506849315068,"FF","4-Seam Fastball",12.2,-14.2,2,"14",17.6,3.6,-7.6,-4,"-53",0.9128329297820823,0.07990314769975787
"2026","Aldegheri, Sam","691951","Angels","LAA","L","92.1","288","610",5.041322314049586,0.4721311475409836,"FF","4-Seam Fastball",16.5,-15.6,-0.8,"-5",16,5.5,-6.9,-1.5,"-21",0.35351089588377727,0.288135593220339
"2026","Sterner, Justin","686993","Athletics","ATH","R","93.5","287","726",6,0.3953168044077135,"FF","4-Seam Fastball",14,-15.8,1.8,"12",17.5,8,-8.2,-0.2,"-2",0.8886198547215496,0.44794188861985473
"2026","Agnos, Zach","688642","Rockies","COL","R","94.4","285","1127",9.314049586776859,0.2528837622005324,"FF","4-Seam Fastball",16.1,-14.8,-1.3,"-8",14.4,6.9,-7.6,-0.6,"-9",0.2639225181598063,0.3898305084745763
"2026","Kerkering, Orion","689147","Phillies","PHI","R","97.3","285","857",7.024590163934426,0.33255542590431736,"FF","4-Seam Fastball",13,-13.3,0.3,"2",16,11.6,-7.5,4.1,"55",0.5907990314769975,0.9394673123486683
"2026","Matsui, Yuki","673513","Padres","SD","L","91.9","285","753",6.172131147540983,0.3784860557768924,"FF","4-Seam Fastball",13.2,-15.8,2.5,"16",19.3,4.5,-6.8,-2.3,"-33",0.9564164648910412,0.2179176755447942
"2026","Javier, Cristian","664299","Astros","HOU","R","93","283","566",4.639344262295082,0.5,"FF","4-Seam Fastball",14.3,-16.1,1.7,"11",17.3,4.6,-8,-3.4,"-42",0.8789346246973365,0.11864406779661017
"2026","Anderson, Grant","681982","Brewers","MIL","R","93.4","282","736",6.082644628099174,0.38315217391304346,"FF","4-Seam Fastball",18.9,-18.3,-0.5,"-3",12.4,11.3,-11.6,-0.3,"-3",0.4092009685230024,0.43341404358353514
"2026","Woodruff, Brandon","605540","Brewers","MIL","R","91.8","281","639",5.2809917355371905,0.4397496087636933,"FF","4-Seam Fastball",14.6,-15.9,1.3,"8",18,4.5,-7,-2.5,"-36",0.8062953995157385,0.1937046004842615
"2026","Medina, Luis","665622","Athletics","ATH","R","97.6","281","918",7.586776859504132,0.30610021786492375,"FF","4-Seam Fastball",13.2,-13,-0.2,"-2",15.5,7.2,-7.3,-0.1,"-1",0.48668280871670705,0.4648910411622276
"2026","Dollander, Chase","801403","Rockies","COL","R","98.9","280","743",6.140495867768595,0.3768506056527591,"FF","4-Seam Fastball",15.1,-14.1,-1,"-7",13,11.6,-9.1,2.5,"28",0.3171912832929782,0.7941888619854721
"2026","Muñoz, Andrés","662253","Mariners","SEA","R","99.5","278","715",5.909090909090909,0.3888111888111888,"FF","4-Seam Fastball",14,-13,-0.9,"-7",13.6,8,-8.3,-0.4,"-4",0.3268765133171913,0.423728813559322
"2026","Cruz, Fernando","518585","Yankees","NYY","R","93.1","277","873",7.275,0.3172966781214204,"FF","4-Seam Fastball",14.5,-15.1,0.6,"4",17.1,5.4,-7.1,-1.7,"-24",0.6610169491525424,0.2639225181598063
"2026","Pagán, Emilio","641941","Reds","CIN","R","94.8","277","437",3.672268907563025,0.6338672768878718,"FF","4-Seam Fastball",12.5,-14.8,2.3,"16",18.1,8.4,-8.1,0.3,"4",0.9418886198547215,0.513317191283293
"2026","Eovaldi, Nathan","543135","Rangers","TEX","R","94.5","275","2007",16.58677685950413,0.13702042850024912,"FF","4-Seam Fastball",17.3,-14.9,-2.4,"-16",13.5,11.8,-7.8,4,"51",0.13559322033898305,0.9322033898305084
"2026","Gasser, Robert","688107","Brewers","MIL","L","92.6","275","1114",9.206611570247935,0.24685816876122083,"FF","4-Seam Fastball",17.6,-17.2,-0.5,"-3",14.2,7.8,-9,-1.2,"-14",0.4092009685230024,0.33171912832929784
"2026","Phillips, Connor","683175","Reds","CIN","R","98.3","267","546",4.588235294117647,0.489010989010989,"FF","4-Seam Fastball",12.2,-13.4,1.2,"9",16.4,10.1,-8.1,2,"24",0.784503631961259,0.7288135593220338
"2026","Iglesias, Raisel","628452","Braves","ATL","R","94.4","267","691",5.710743801652892,0.38639652677279307,"FF","4-Seam Fastball",15.9,-15.7,-0.1,"-1",14.8,8.9,-8.7,0.2,"3",0.5012106537530266,0.4963680387409201
"2026","De Jesus, Enmanuel","646241","Tigers","DET","L","94.2","262","610",5.083333333333333,0.42950819672131146,"FF","4-Seam Fastball",13.8,-14.9,1.1,"7",17.2,9.7,-7.4,2.3,"31",0.7675544794188862,0.7796610169491526
"2026","Schultz, Noah","702273","White Sox","CWS","L","95.2","259","1147",9.638655462184873,0.22580645161290322,"FF","4-Seam Fastball",18.7,-14.4,-4.3,"-30",11.4,11,-7.6,3.4,"44",0.026634382566585957,0.8958837772397095
"2026","Ramírez, Yohan","670990","Pirates","PIT","R","96.6","257","1096",8.98360655737705,0.23448905109489052,"FF","4-Seam Fastball",16.3,-15.1,-1.2,"-8",13,10.7,-9.8,0.9,"9",0.2711864406779661,0.6053268765133172
"2026","Estrada, Jeremiah","669093","Padres","SD","R","95.8","255","436",3.5737704918032787,0.5848623853211009,"FF","4-Seam Fastball",10.4,-13.7,3.3,"24",19.4,1.2,-7.4,-6.2,"-84",0.9878934624697336,0.024213075060532687
"2026","Lee, Dylan","669276","Braves","ATL","L","93.2","255","848",7.008264462809917,0.3007075471698113,"FF","4-Seam Fastball",11.6,-14.3,2.8,"19",20,7.4,-6.2,1.2,"20",0.9733656174334141,0.6295399515738499
"2026","Thielbar, Caleb","573204","Cubs","CHC","L","93.3","255","633",5.231404958677686,0.4028436018957346,"FF","4-Seam Fastball",12.6,-14.9,2.3,"15",18.9,4.5,-6.9,-2.4,"-35",0.9418886198547215,0.2106537530266344
"2026","Bieber, Shane","669456","Blue Jays","TOR","R","92.3","254","745",6.10655737704918,0.3409395973154362,"FF","4-Seam Fastball",15,-16,1,"6",17.2,11.1,-7.5,3.5,"47",0.7506053268765133,0.9031476997578692
"2026","Okert, Steven","595345","Astros","HOU","L","91.3","252","928",7.60655737704918,0.27155172413793105,"FF","4-Seam Fastball",17,-16.2,-0.8,"-5",16,7.1,-7,0.2,"3",0.35351089588377727,0.4963680387409201
"2026","Webb, Logan","657277","Giants","SF","R","92.3","252","1985",16.40495867768595,0.1269521410579345,"FF","4-Seam Fastball",22,-17.8,-4.3,"-24",9.9,7.7,-9.5,-1.8,"-19",0.026634382566585957,0.24939467312348668
"2026","Soriano, George","666277","Cardinals","STL","R","96.6","252","869",7.181818181818182,0.2899884925201381,"FF","4-Seam Fastball",16.9,-14.2,-2.7,"-19",12.5,8.5,-8.2,0.3,"3",0.11380145278450363,0.513317191283293
"2026","Seabold, Connor","657756","Royals","KC","R","93.6","252","476",3.901639344262295,0.5294117647058824,"FF","4-Seam Fastball",15,-16,1,"6",16.3,10,-8.4,1.6,"20",0.7506053268765133,0.6779661016949152
"2026","Wells, Tyler","669330","Rays","TB","R","93.5","251","881",7.341666666666667,0.2849035187287174,"FF","4-Seam Fastball",12.8,-13.3,0.4,"3",18.5,3.1,-5,-1.9,"-39",0.6198547215496368,0.2397094430992736
"2026","Jax, Griffin","643377","Rays","TB","R","96","250","1402",11.683333333333334,0.1783166904422254,"FF","4-Seam Fastball",12,-14.5,2.5,"17",17.8,7.9,-8.3,-0.4,"-5",0.9564164648910412,0.423728813559322
"2026","Henriquez, Edgardo","683618","Dodgers","LAD","R","100.5","249","767",6.338842975206612,0.3246414602346806,"FF","4-Seam Fastball",11.7,-11.4,-0.3,"-2",15.4,8.6,-7.4,1.3,"17",0.4576271186440678,0.6464891041162227
"2026","Strahm, Matt","621381","Royals","KC","L","91.3","246","633",5.188524590163935,0.3886255924170616,"FF","4-Seam Fastball",16.2,-17.6,1.4,"8",16.8,13,-8.4,4.6,"55",0.8280871670702179,0.9612590799031477
"2026","Kochanowicz, Jack","686799","Angels","LAA","R","96.2","245","1106",9.140495867768594,0.22151898734177214,"FF","4-Seam Fastball",15.9,-13.2,-2.7,"-20",13.8,6.8,-6.7,0.1,"1",0.11380145278450363,0.48668280871670705
"2026","Garcia, Rico","670329","Orioles","BAL","R","95.4","244","727",6.008264462809917,0.3356258596973865,"FF","4-Seam Fastball",12.7,-14.4,1.7,"12",17.6,11.9,-7.7,4.3,"56",0.8789346246973365,0.9491525423728814
"2026","Halvorsen, Seth","678020","Dodgers","LAD","R","98.9","244","386",3.190082644628099,0.6321243523316062,"FF","4-Seam Fastball",13.6,-11.8,-1.7,"-15",14.3,8.8,-7,1.8,"26",0.21307506053268765,0.7070217917675545
"2026","Davis, Tyler","699823","White Sox","CWS","R","96.2","243","394",3.310924369747899,0.616751269035533,"FF","4-Seam Fastball",10.9,-13.6,2.7,"20",18.7,7.6,-7.4,0.2,"3",0.9685230024213075,0.4963680387409201
"2026","Dobbins, Hunter","690928","Cardinals","STL","R","94.9","243","758",6.264462809917355,0.32058047493403696,"FF","4-Seam Fastball",17.2,-14.2,-3,"-21",13,0,-7,-7,"-99",0.08958837772397095,0.012106537530266344
"2026","Eisert, Brandon","685126","Pirates","PIT","L","90","241","640",5.245901639344262,0.3765625,"FF","4-Seam Fastball",18.6,-19.9,1.3,"7",15.1,7.3,-9.8,-2.5,"-25",0.8062953995157385,0.1937046004842615
"2026","Assad, Javier","665871","Cubs","CHC","R","93.4","240","1265",10.454545454545455,0.18972332015810275,"FF","4-Seam Fastball",15.3,-15.1,-0.2,"-1",16,5.3,-7.3,-2,"-27",0.48668280871670705,0.22760290556900725
"2026","Chapman, Aroldis","547973","Red Sox","BOS","L","96.9","237","648",5.4,0.36574074074074076,"FF","4-Seam Fastball",11.2,-12.6,1.4,"11",17.9,1.9,-6.6,-4.7,"-72",0.8280871670702179,0.05569007263922518
"2026","Kolek, Stephen","663568","Royals","KC","R","94.2","237","837",6.860655737704918,0.2831541218637993,"FF","4-Seam Fastball",17.5,-15.4,-2.1,"-14",13.2,6.4,-8.1,-1.7,"-21",0.15980629539951574,0.2639225181598063
"2026","Greene, Hunter","668881","Reds","CIN","R","98.3","237","456",3.831932773109244,0.5197368421052632,"FF","4-Seam Fastball",11.8,-12.3,0.5,"4",16.6,7,-7,0,"0",0.6368038740920097,0.47699757869249393
"2026","Erceg, Lucas","668674","Royals","KC","R","97.1","236","810",6.639344262295082,0.291358024691358,"FF","4-Seam Fastball",15,-13.1,-1.8,"-14",14.1,10.4,-7.2,3.2,"44",0.19612590799031476,0.8813559322033898
"2026","Rocker, Kumar","677958","Rangers","TEX","R","94.5","232","1843",15.231404958677686,0.12588171459576777,"FF","4-Seam Fastball",18.7,-14.7,-4,"-27",11.9,10.3,-7.6,2.7,"36",0.05084745762711865,0.8305084745762712
"2026","Pallette, Peyton","688883","Guardians","CLE","R","95.4","231","442",3.652892561983471,0.5226244343891403,"FF","4-Seam Fastball",14.1,-14.6,0.5,"4",16.3,12,-8.3,3.7,"45",0.6368038740920097,0.9176755447941889
"2026","Ginn, J.T.","669372","Athletics","ATH","R","93.6","231","1914",15.818181818181818,0.1206896551724138,"FF","4-Seam Fastball",19.8,-15.4,-4.5,"-29",11.3,4.7,-7.7,-3,"-39",0.021791767554479417,0.1549636803874092
"2026","Severino, Luis","622663","Athletics","ATH","R","96.9","230","1086",8.975206611570249,0.21178637200736647,"FF","4-Seam Fastball",13.1,-13.3,0.3,"2",16.2,7.7,-7.4,0.3,"4",0.5907990314769975,0.513317191283293
"2026","Giolito, Lucas","608337","Padres","SD","R","90.8","229","551",4.516393442622951,0.41560798548094374,"FF","4-Seam Fastball",15.4,-15.7,0.3,"2",17.8,6.6,-6.2,0.3,"5",0.5907990314769975,0.513317191283293
"2026","Quantrill, Cal","615698","Rangers","TEX","R","93.8","228","1124",9.289256198347108,0.20284697508896798,"FF","4-Seam Fastball",15.2,-14.3,-0.9,"-7",15.9,9.4,-6.5,2.9,"44",0.3268765133171913,0.847457627118644
"2026","Rojas, Kendry","696070","Twins","MIN","L","96","226","521",4.270491803278689,0.43378119001919385,"FF","4-Seam Fastball",13.7,-13.7,0,"0",16,6.4,-7.3,-0.9,"-12",0.5230024213075061,0.35108958837772397
"2026","Martinez, Nick","607259","Rays","TB","R","92.7","226","1899",15.825,0.11901000526592943,"FF","4-Seam Fastball",15.1,-15.5,0.4,"3",16.8,5.7,-7.1,-1.4,"-19",0.6198547215496368,0.3050847457627119
"2026","Parker, Mitchell","680730","Nationals","WSH","L","93.6","225","663",5.434426229508197,0.3393665158371041,"FF","4-Seam Fastball",13.2,-14.2,0.9,"7",18,5.4,-6.3,-0.8,"-13",0.738498789346247,0.36803874092009686
"2026","Fried, Max","608331","Yankees","NYY","L","95","224","1208",10.066666666666666,0.18543046357615894,"FF","4-Seam Fastball",14.1,-14,-0.1,"-1",16.2,3.7,-7,-3.3,"-47",0.5012106537530266,0.12832929782082325
"2026","Gusto, Ryan","687473","Marlins","MIA","R","94.3","222","788",6.512396694214876,0.2817258883248731,"FF","4-Seam Fastball",13.8,-14.7,0.8,"6",16.9,4.5,-7.4,-2.9,"-39",0.7070217917675545,0.1694915254237288
"2026","Suarez, Robert","663158","Braves","ATL","R","98.8","221","466",3.8512396694214877,0.4742489270386266,"FF","4-Seam Fastball",10.9,-11.8,0.9,"8",17.2,5.7,-6.8,-1.2,"-17",0.738498789346247,0.33171912832929784
"2026","Rodriguez, Bradgley","699134","Padres","SD","R","98.2","221","883",7.237704918032787,0.25028312570781425,"FF","4-Seam Fastball",11.3,-12.8,1.4,"11",17.1,6.6,-7.4,-0.8,"-11",0.8280871670702179,0.36803874092009686
"2026","Nunez, Anthony","689296","Orioles","BAL","R","96.1","219","767",6.338842975206612,0.28552803129074317,"FF","4-Seam Fastball",12.7,-14,1.3,"9",16.9,4.5,-7.7,-3.2,"-42",0.8062953995157385,0.14043583535108958
"2026","Akin, Keegan","669211","Orioles","BAL","L","93.7","219","443",3.6611570247933884,0.49435665914221216,"FF","4-Seam Fastball",14.1,-15.3,1.1,"7",17.2,10.5,-8,2.5,"32",0.7675544794188862,0.7941888619854721
"2026","Bratt, Mitch","683352","D-backs","AZ","L","91.3","218","540",4.426229508196721,0.40370370370370373,"FF","4-Seam Fastball",17.5,-17,-0.5,"-3",15.3,5.1,-7.8,-2.7,"-34",0.4092009685230024,0.18159806295399517
"2026","Vest, Will","676684","Tigers","DET","R","95.8","214","484",4.033333333333333,0.44214876033057854,"FF","4-Seam Fastball",13,-14.2,1.2,"8",16.8,5.8,-7.8,-2,"-25",0.784503631961259,0.22760290556900725
"2026","Santana, Dennis","642701","Pirates","PIT","R","94.1","214","706",5.786885245901639,0.3031161473087819,"FF","4-Seam Fastball",15.9,-15.3,-0.5,"-3",15.2,11.9,-8,3.9,"48",0.4092009685230024,0.9225181598062954
"2026","Gaddis, Hunter","683769","Guardians","CLE","R","95.1","213","698",5.768595041322314,0.30515759312320917,"FF","4-Seam Fastball",13.6,-13.6,0,"0",16.7,6.8,-6.6,0.1,"2",0.5230024213075061,0.48668280871670705
"2026","Johnson, Pierce","572955","Reds","CIN","R","95.4","212","586",4.92436974789916,0.36177474402730375,"FF","4-Seam Fastball",14.4,-14.4,0,"0",15.8,10,-7.9,2.1,"26",0.5230024213075061,0.7481840193704601
"2026","Weissert, Greg","669711","Red Sox","BOS","R","93.9","211","738",6.15,0.2859078590785908,"FF","4-Seam Fastball",19.6,-17.2,-2.5,"-14",11.4,9.4,-9.9,-0.5,"-5",0.12590799031476999,0.41404358353510895
"2026","Dotel, Wilber","696062","Pirates","PIT","R","98.1","209","453",3.7131147540983607,0.4613686534216336,"FF","4-Seam Fastball",12.1,-12.8,0.7,"5",16.4,9.4,-7.5,1.8,"24",0.6876513317191283,0.7070217917675545
"2026","Beeks, Jalen","656222","Rangers","TEX","L","93.4","207","407",3.3636363636363638,0.5085995085995086,"FF","4-Seam Fastball",15.7,-15,-0.6,"-4",15.7,6.9,-7.2,-0.3,"-4",0.3946731234866828,0.43341404358353514
"2026","Winn, Cole","668390","Rangers","TEX","R","95.4","207","670",5.537190082644628,0.30895522388059704,"FF","4-Seam Fastball",13.1,-14.5,1.4,"9",17.1,5.7,-8.2,-2.5,"-30",0.8280871670702179,0.1937046004842615
"2026","Schultz, Paxton","687606","Nationals","WSH","R","93.6","207","610",5,0.33934426229508197,"FF","4-Seam Fastball",15.2,-15.2,0,"0",16,8.2,-7.4,0.8,"10",0.5230024213075061,0.5907990314769975
"2026","Povich, Cade","700249","Orioles","BAL","L","91.7","204","453",3.743801652892562,0.4503311258278146,"FF","4-Seam Fastball",13.7,-15.8,2.1,"13",19,7.3,-6.9,0.4,"6",0.9200968523002422,0.5399515738498789
"2026","Paredes, Mike","702474","Twins","MIN","R","93","204","551",4.516393442622951,0.3702359346642468,"FF","4-Seam Fastball",16.8,-16.2,-0.6,"-3",14.7,4.7,-8.3,-3.6,"-43",0.3946731234866828,0.09927360774818401
"2026","Quintana, Jose","500779","Rockies","COL","L","89.7","204","687",5.677685950413223,0.29694323144104806,"FF","4-Seam Fastball",19.3,-17.4,-2,"-11",14.6,3.8,-7.1,-3.4,"-47",0.17191283292978207,0.11864406779661017
"2026","Laweryson, Cody","689520","Twins","MIN","R","92.6","203","296",2.4262295081967213,0.6858108108108109,"FF","4-Seam Fastball",17.8,-17,-0.8,"-5",14.2,14,-8.9,5.1,"58",,
"2026","Cabrera, Edward","665795","Cubs","CHC","R","96.1","203","1203",9.942148760330578,0.16874480465502908,"FF","4-Seam Fastball",16.1,-13.8,-2.4,"-17",13.5,12,-7.5,4.5,"60",0.13559322033898305,0.9539951573849879
"2026","Aleman, Franco","680916","Guardians","CLE","R","96.2","201","299",2.4710743801652892,0.6722408026755853,"FF","4-Seam Fastball",17.4,-14.1,-3.3,"-23",12.3,14.9,-8.1,6.8,"84",,
"2026","Smith, Dylan","681916","Giants","SF","R","95.8","201","407",3.3636363636363638,0.49385749385749383,"FF","4-Seam Fastball",11.7,-13.5,1.8,"13",18,3.5,-6.8,-3.3,"-49",0.8886198547215496,0.12832929782082325
"2026","Schreiber, John","670167","Royals","KC","R","93.8","201","731",5.991803278688525,0.2749658002735978,"FF","4-Seam Fastball",21,-18,-3,"-17",10,10.7,-11.3,-0.6,"-5",0.08958837772397095,0.3898305084745763
"2026","Johnson, Seth","686751","Athletics","ATH","R","97.9","197","412",3.4049586776859506,0.47815533980582525,"FF","4-Seam Fastball",11.3,-13.3,2,"15",17.2,7.8,-7.9,-0.1,"-1",0.9128329297820823,0.4648910411622276
"2026","Kremer, Dean","665152","Twins","MIN","R","93.1","197","773",6.336065573770492,0.25485122897800777,"FF","4-Seam Fastball",13.4,-15,1.6,"11",18.2,6.3,-6.9,-0.6,"-9",0.8668280871670703,0.3898305084745763
"2026","Weiss, Ryan","680802","Astros","HOU","R","95.2","196","530",4.344262295081967,0.36981132075471695,"FF","4-Seam Fastball",13.2,-14.2,1,"7",17.2,6.1,-7.4,-1.3,"-17",0.7506053268765133,0.3196125907990315
"2026","Kikuchi, Yusei","579328","Angels","LAA","L","95.5","192","567",4.68595041322314,0.3386243386243386,"FF","4-Seam Fastball",13.4,-14.2,0.8,"5",16.8,6.7,-7.7,-0.9,"-12",0.7070217917675545,0.35108958837772397
"2026","Palencia, Daniel","694037","Cubs","CHC","R","99.4","191","289",2.3884297520661155,0.6608996539792388,"FF","4-Seam Fastball",11.4,-12.5,1.1,"8",16.3,8.8,-8,0.8,"10",,
"2026","Romano, Jordan","605447","Rockies","COL","R","94","190","418",3.4545454545454546,0.45454545454545453,"FF","4-Seam Fastball",13.1,-14.6,1.5,"10",17.9,3,-6.4,-3.4,"-53",0.8547215496368039,0.11864406779661017
"2026","Thornton, Trent","663423","Cubs","CHC","R","95","190","534",4.413223140495868,0.35580524344569286,"FF","4-Seam Fastball",14,-15,1,"7",16.3,4,-8.1,-4.2,"-51",0.7506053268765133,0.07021791767554479
"2026","Poulin, PJ","676571","Nationals","WSH","L","90.1","189","635",5.204918032786885,0.29763779527559053,"FF","4-Seam Fastball",25.1,-21.7,-3.4,"-16",8.6,14.7,-11.6,3.2,"27",0.07021791767554479,0.8813559322033898
"2026","Sullivan, Sean","807743","Rockies","COL","L","87.7","189","412",3.4049586776859506,0.4587378640776699,"FF","4-Seam Fastball",21.8,-20.7,-1.1,"-5",13.5,10.3,-7.6,2.7,"35",0.29539951573849876,0.8305084745762712
"2026","Speier, Gabe","642100","Mariners","SEA","L","95.3","189","481",3.975206611570248,0.39293139293139295,"FF","4-Seam Fastball",15.4,-15.2,-0.1,"-1",14.8,9.3,-8.6,0.7,"8",0.5012106537530266,0.5738498789346247
"2026","Armstrong, Shawn","542888","Guardians","CLE","R","93.5","189","597",4.933884297520661,0.3165829145728643,"FF","4-Seam Fastball",16.3,-15.1,-1.2,"-8",14.9,5.9,-7.4,-1.5,"-20",0.2711864406779661,0.288135593220339
"2026","Hoppe, Alex","695380","Orioles","BAL","R","98","189","517",4.2727272727272725,0.3655705996131528,"FF","4-Seam Fastball",14,-13.1,-0.9,"-7",14.3,2.5,-7.8,-5.3,"-68",0.3268765133171913,0.0387409200968523
"2026","Miles, Spencer","693686","Blue Jays","TOR","R","96","184","1192",9.770491803278688,0.15436241610738255,"FF","4-Seam Fastball",14.8,-13.7,-1.1,"-8",15,8.3,-7.3,0.9,"13",0.29539951573849876,0.6053268765133172
"2026","Ritchie, JR","702275","Braves","ATL","R","94.5","184","1023",8.454545454545455,0.1798631476050831,"FF","4-Seam Fastball",16.3,-15.5,-0.8,"-5",14.2,9.4,-8.6,0.8,"9",0.35351089588377727,0.5907990314769975
"2026","Cornelio, Riley","683000","Nationals","WSH","R","96.5","183","410",3.360655737704918,0.44634146341463415,"FF","4-Seam Fastball",12.2,-13.6,1.3,"10",17.2,9.3,-7.4,2,"27",0.8062953995157385,0.7288135593220338
"2026","Madden, Ty","680744","Tigers","DET","R","93.1","182","544",4.533333333333333,0.33455882352941174,"FF","4-Seam Fastball",15.9,-15.4,-0.5,"-3",15.5,4.8,-7.3,-2.5,"-34",0.4092009685230024,0.1937046004842615
"2026","Sears, JP","676664","Padres","SD","L","93","182","529",4.336065573770492,0.3440453686200378,"FF","4-Seam Fastball",18.1,-17.2,-0.9,"-5",13.5,11,-9.6,1.4,"15",0.3268765133171913,0.6561743341404358
"2026","Duran, Jhoan","661395","Phillies","PHI","R","100.3","182","663",5.434426229508197,0.27450980392156865,"FF","4-Seam Fastball",14,-12,-2,"-16",13.3,13,-8.1,4.9,"61",0.17191283292978207,0.9685230024213075
"2026","Civale, Aaron","650644","Cubs","CHC","R","91.4","182","1458",12.049586776859504,0.12482853223593965,"FF","4-Seam Fastball",14.3,-15.9,1.6,"10",18.6,6.4,-6.6,-0.2,"-2",0.8668280871670703,0.44794188861985473
"2026","Pearson, Nate","663878","Royals","KC","R","97.6","181","437",3.581967213114754,0.41418764302059496,"FF","4-Seam Fastball",12.2,-13.1,1,"8",16.5,6,-7.8,-1.8,"-23",0.7506053268765133,0.24939467312348668
"2026","Watson, Ryan","670245","Angels","LAA","R","94.2","181","925",7.644628099173554,0.19567567567567568,"FF","4-Seam Fastball",15.2,-15.1,0,"0",15.7,7.1,-8.1,-1.1,"-13",0.5230024213075061,0.3389830508474576
"2026","Nardi, Andrew","677053","Marlins","MIA","L","94.6","181","378",3.12396694214876,0.47883597883597884,"FF","4-Seam Fastball",13.6,-14.7,1.2,"8",17.3,7.2,-7.7,-0.6,"-7",0.784503631961259,0.3898305084745763
"2026","Bidois, Brandan","684049","Pirates","PIT","R","96.9","178","325",2.6639344262295084,0.5476923076923077,"FF","4-Seam Fastball",9.8,-12.9,3,"24",19.3,3.5,-6.7,-3.2,"-48",,
"2026","Orze, Eric","679358","Twins","MIN","R","92.8","177","677",5.549180327868853,0.2614475627769572,"FF","4-Seam Fastball",14,-15.6,1.6,"10",18,9.6,-7.3,2.2,"30",0.8668280871670703,0.7578692493946732
"2026","Murphy, Chris","669684","White Sox","CWS","L","96.3","176","527",4.428571428571429,0.33396584440227706,"FF","4-Seam Fastball",13.4,-14.6,1.3,"9",16.1,7.7,-8.5,-0.8,"-10",0.8062953995157385,0.36803874092009686
"2026","Glasnow, Tyler","607192","Dodgers","LAD","R","95.3","174","599",4.950413223140496,0.2904841402337229,"FF","4-Seam Fastball",14,-13.6,-0.4,"-3",15.9,0.5,-6.3,-5.8,"-91",0.43825665859564167,0.029055690072639227
"2026","Crochet, Garrett","676979","Red Sox","BOS","L","95.8","174","518",4.316666666666666,0.3359073359073359,"FF","4-Seam Fastball",13.5,-13.5,-0.1,"0",16.4,8.2,-6.9,1.3,"18",0.5012106537530266,0.6464891041162227
"2026","Ribalta, Orlando","687377","Nationals","WSH","R","96.9","174","620",5.081967213114754,0.2806451612903226,"FF","4-Seam Fastball",11.7,-12.3,0.6,"5",17.5,8.4,-5.9,2.5,"43",0.6610169491525424,0.7941888619854721
"2026","Gage, Matt","657424","Giants","SF","L","92.2","174","526",4.347107438016529,0.33079847908745247,"FF","4-Seam Fastball",16.3,-14.8,-1.5,"-10",15.8,2,-6.1,-4.1,"-67",0.23728813559322035,0.0774818401937046
"2026","Whisenhunt, Carson","687931","Giants","SF","L","92.6","172","490",4.049586776859504,0.3510204081632653,"FF","4-Seam Fastball",15,-14.8,-0.3,"-2",16.9,10,-6.4,3.6,"57",0.4576271186440678,0.910411622276029
"2026","Fisher, Braydon","680755","Blue Jays","TOR","R","94.7","170","970",7.950819672131147,0.17525773195876287,"FF","4-Seam Fastball",13,-14.2,1.3,"9",17.6,4.8,-7.2,-2.4,"-33",0.8062953995157385,0.2106537530266344
"2026","Keller, Brad","641745","Phillies","PHI","R","97","170","533",4.368852459016393,0.31894934333958724,"FF","4-Seam Fastball",14.4,-12.9,-1.5,"-12",14.6,0.1,-6.8,-6.7,"-98",0.23728813559322035,0.014527845036319613
"2026","Rangel, Alan","660604","Phillies","PHI","R","92.9","168","491",4.024590163934426,0.3421588594704684,"FF","4-Seam Fastball",12,-14.9,2.8,"19",19.6,3.6,-6.7,-3.1,"-47",0.9733656174334141,0.14527845036319612
"2026","Booser, Cam","592155","Rays","TB","L","95.7","166","369",3.075,0.44986449864498645,"FF","4-Seam Fastball",14.4,-14.3,-0.1,"-1",15.6,8.6,-7.9,0.8,"10",0.5012106537530266,0.5907990314769975
"2026","Leasure, Jordan","673929","White Sox","CWS","R","95.8","164","313",2.630252100840336,0.5239616613418531,"FF","4-Seam Fastball",10.9,-13.7,2.9,"21",19.1,3.5,-7.3,-3.8,"-52",,
"2026","Bigge, Hunter","685801","Rays","TB","R","96.5","164","319",2.658333333333333,0.5141065830721003,"FF","4-Seam Fastball",11,-13.7,2.7,"20",18.6,4,-7.6,-3.6,"-47",,
"2026","Pivetta, Nick","601713","Padres","SD","R","94.1","163","283",2.319672131147541,0.5759717314487632,"FF","4-Seam Fastball",10.8,-13.6,2.8,"21",20.4,2.2,-5.7,-3.5,"-61",,
"2026","Murray, Jayden","681151","Cubs","CHC","R","95.3","162","304",2.512396694214876,0.5328947368421053,"FF","4-Seam Fastball",14.8,-14.4,-0.3,"-2",15.4,8.8,-7.7,1.1,"15",,
"2026","Hentges, Sam","656529","Giants","SF","L","94.1","160","523",4.322314049586777,0.30592734225621415,"FF","4-Seam Fastball",15.8,-14,-1.8,"-13",14.9,6.3,-6.4,-0.2,"-2",0.19612590799031476,0.44794188861985473
"2026","Franco, Jose","683742","Reds","CIN","R","95.1","160","348",2.9243697478991595,0.45977011494252873,"FF","4-Seam Fastball",13.8,-14.3,0.5,"4",16.6,10.1,-7.5,2.6,"34",,
"2026","Enns, Dietrich","608650","Orioles","BAL","L","93.8","160","291",2.4049586776859506,0.5498281786941581,"FF","4-Seam Fastball",14.2,-14.5,0.3,"2",17,5.5,-6.8,-1.3,"-20",,
"2026","Thornton, Zac","804267","Mets","NYM","L","91.9","160","638",5.229508196721311,0.2507836990595611,"FF","4-Seam Fastball",14.7,-15.1,0.4,"3",17.7,6.1,-6.4,-0.3,"-5",0.6198547215496368,0.43341404358353514
"2026","Corbin, Patrick","571578","Blue Jays","TOR","L","91.3","159","1412",11.573770491803279,0.11260623229461757,"FF","4-Seam Fastball",17.9,-15.4,-2.5,"-16",15,7.3,-6.4,0.8,"13",0.12590799031476999,0.5907990314769975
"2026","Banda, Anthony","607455","Twins","MIN","L","94.6","158","608",4.983606557377049,0.2598684210526316,"FF","4-Seam Fastball",15.8,-15,-0.8,"-5",14.9,11,-8,3,"37",0.35351089588377727,0.8571428571428571
"2026","Morales, Luis","806960","Athletics","ATH","R","97.2","158","346",2.8595041322314048,0.45664739884393063,"FF","4-Seam Fastball",14.4,-14,-0.4,"-3",14.5,8.6,-8.2,0.3,"4",,
"2026","Waguespack, Jacob","621097","Tigers","DET","R","92.8","156","327",2.725,0.47706422018348627,"FF","4-Seam Fastball",13,-14.5,1.5,"10",18.7,2.8,-6.3,-3.4,"-55",,
"2026","Dion, Will","702021","Nationals","WSH","L","91.5","155","353",2.8934426229508197,0.43909348441926344,"FF","4-Seam Fastball",12.8,-16,3.2,"20",19.9,0.8,-6.9,-6.1,"-89",,
"2026","Soto, Gregory","642397","Pirates","PIT","L","97.1","155","869",7.122950819672131,0.17836593785960875,"FF","4-Seam Fastball",15,-13.7,-1.2,"-9",14.1,11.2,-8,3.2,"40",0.2711864406779661,0.8813559322033898
"2026","Winn, Keaton","676775","Giants","SF","R","96.1","154","626",5.1735537190082646,0.24600638977635783,"FF","4-Seam Fastball",15.2,-13.5,-1.7,"-13",14.4,9.6,-7,2.6,"38",0.21307506053268765,0.8208232445520581
"2026","Macko, Adam","671936","Blue Jays","TOR","L","94.5","154","400",3.278688524590164,0.385,"FF","4-Seam Fastball",14.8,-15.1,0.3,"2",15.9,6.7,-8,-1.3,"-17",0.5907990314769975,0.3196125907990315
"2026","Abel, Mick","690953","Twins","MIN","R","94.8","153","357",2.9262295081967213,0.42857142857142855,"FF","4-Seam Fastball",13.6,-14.8,1.3,"8",16.9,7.5,-8.1,-0.6,"-8",,
"2026","Rucker, Michael","621074","Mariners","SEA","R","96.1","152","422",3.487603305785124,0.36018957345971564,"FF","4-Seam Fastball",13.8,-14.6,0.9,"6",15.8,5.5,-8.5,-3,"-35",0.738498789346247,0.1549636803874092
"2026","Zuber, Tyler","676604","Marlins","MIA","R","95.2","152","374",3.090909090909091,0.40641711229946526,"FF","4-Seam Fastball",14.4,-16.3,1.9,"12",15.9,9.3,-9.8,-0.5,"-5",0.9031476997578692,0.41404358353510895
"2026","Gil, Luis","661563","Yankees","NYY","R","95","152","337",2.808333333333333,0.45103857566765576,"FF","4-Seam Fastball",13.7,-14.2,0.5,"3",16.8,3,-7.3,-4.3,"-59",,
"2026","Adams, Travis","701519","Twins","MIN","R","94.5","152","619",5.073770491803279,0.2455573505654281,"FF","4-Seam Fastball",14.6,-14.6,0,"0",16.1,5.6,-7.3,-1.6,"-23",0.5230024213075061,0.2736077481840194
"2026","Schweitzer, Tyler","805326","White Sox","CWS","L","94.3","151","360",3.0252100840336134,0.41944444444444445,"FF","4-Seam Fastball",15.1,-14.8,-0.2,"-2",15.6,3.6,-7.5,-3.9,"-52",0.48668280871670705,0.0847457627118644
"2026","Ahlstrom, Robby","695239","Rangers","TEX","L","94.5","151","440",3.6363636363636362,0.3431818181818182,"FF","4-Seam Fastball",13.3,-14.1,0.8,"6",17.4,5.1,-6.8,-1.7,"-25",0.7070217917675545,0.2639225181598063
"2026","Sandlin, David","689818","White Sox","CWS","R","96.6","151","409",3.436974789915966,0.3691931540342298,"FF","4-Seam Fastball",13.8,-13.5,-0.3,"-2",15.6,5.7,-7.3,-1.6,"-22",0.4576271186440678,0.2736077481840194
"2026","Morejon, Adrian","670970","Padres","SD","L","99.3","150","1028",8.426229508196721,0.14591439688715954,"FF","4-Seam Fastball",12.7,-12.3,-0.3,"-3",15.1,5.7,-7.6,-1.9,"-24",0.4576271186440678,0.2397094430992736
"2026","Pérez, Cionel","672335","Mets","NYM","L","96.9","147","702",5.754098360655738,0.2094017094017094,"FF","4-Seam Fastball",14.9,-14.8,-0.1,"-1",14.2,6.2,-9,-2.8,"-31",0.5012106537530266,0.17191283292978207
"2026","Hill, Jaden","677955","Rockies","COL","R","97.1","146","481",3.975206611570248,0.30353430353430355,"FF","4-Seam Fastball",15.4,-14.4,-1,"-7",13.5,8.7,-8.7,0,"-1",0.3171912832929782,0.47699757869249393
"2026","Herrin, Tim","682120","Guardians","CLE","L","94.8","146","678",5.603305785123967,0.2153392330383481,"FF","4-Seam Fastball",18.3,-14.7,-3.6,"-25",12,6.8,-7.7,-0.9,"-12",0.06537530266343826,0.35108958837772397
"2026","Drake, Kohl","684442","D-backs","AZ","L","91.5","143","325",2.6639344262295084,0.44,"FF","4-Seam Fastball",16.6,-16.1,-0.5,"-3",16.2,11.3,-7,4.3,"61",,
"2026","Wolfram, Grant","664991","Orioles","BAL","L","95.4","142","631",5.214876033057851,0.22503961965134706,"FF","4-Seam Fastball",15.4,-13.8,-1.5,"-11",14.7,5.2,-7,-1.8,"-25",0.23728813559322035,0.24939467312348668
"2026","Maxwell, Zach","687209","Reds","CIN","R","98.7","138","248",2.0840336134453783,0.5564516129032258,"FF","4-Seam Fastball",11.3,-12.3,1.1,"9",16.9,9.3,-7.2,2,"28",,
"2026","Peoples, Ben","687239","Rangers","TEX","R","96.3","137","228",1.884297520661157,0.6008771929824561,"FF","4-Seam Fastball",13.3,-13.5,0.1,"1",16.2,0.7,-7.2,-6.5,"-90",,
"2026","Díaz, Edwin","621242","Dodgers","LAD","R","96.2","135","239",1.975206611570248,0.5648535564853556,"FF","4-Seam Fastball",17.5,-16.7,-0.8,"-5",12,11.9,-12,-0.1,"-1",,
"2026","Wilcox, Cole","677961","Mariners","SEA","R","96.6","135","488",4.033057851239669,0.2766393442622951,"FF","4-Seam Fastball",18.2,-13.8,-4.5,"-32",11.1,13.6,-7.7,5.9,"76",0.021791767554479417,0.9878934624697336
"2026","Henry, Cole","669371","Nationals","WSH","R","93.9","135","282",2.3114754098360657,0.4787234042553192,"FF","4-Seam Fastball",17.8,-15.8,-2,"-13",13.3,13.2,-8.4,4.8,"57",,
"2026","Alexander, Tyler","641302","Rangers","TEX","L","91.9","135","819",6.768595041322314,0.16483516483516483,"FF","4-Seam Fastball",17.2,-16.6,-0.7,"-4",15.2,10.2,-7.7,2.5,"32",0.38256658595641646,0.7941888619854721
"2026","Scholtens, Jesse","669947","Rays","TB","R","93.1","132","601",5.008333333333334,0.21963394342762063,"FF","4-Seam Fastball",14.2,-15.3,1,"7",17.5,4.8,-7.2,-2.4,"-34",0.7506053268765133,0.2106537530266344
"2026","Phillips, Tyler","663969","Marlins","MIA","R","96.2","131","1483",12.256198347107437,0.08833445718138908,"FF","4-Seam Fastball",15.3,-13.3,-1.9,"-15",14.3,8.7,-6.8,1.9,"27",0.18886198547215496,0.7191283292978208
"2026","Yarbrough, Ryan","642232","Yankees","NYY","L","87.5","131","718",5.983333333333333,0.18245125348189414,"FF","4-Seam Fastball",23.5,-20.3,-3.1,"-15",12.5,13.4,-8.4,4.9,"58",0.08232445520581114,0.9685230024213075
"2026","Ferguson, Caleb","657571","Cardinals","STL","L","92.3","130","496",4.099173553719008,0.2620967741935484,"FF","4-Seam Fastball",17.2,-16.1,-1.1,"-7",14.9,5.4,-7.5,-2.1,"-28",0.29539951573849876,0.22276029055690072
"2026","Abner, Philip","691769","D-backs","AZ","L","90.6","129","232",1.901639344262295,0.5560344827586207,"FF","4-Seam Fastball",20.6,-17,-3.5,"-21",12.8,0.6,-7.4,-6.8,"-92",,
"2026","Brogdon, Connor","641401","Guardians","CLE","R","94.5","129","267",2.206611570247934,0.48314606741573035,"FF","4-Seam Fastball",13.8,-14.4,0.6,"4",17.1,9.6,-7.3,2.3,"31",,
"2026","Slaten, Justin","686580","Red Sox","BOS","R","96.6","128","508",4.233333333333333,0.25196850393700787,"FF","4-Seam Fastball",12.1,-13.3,1.2,"9",17.2,1.6,-7.2,-5.6,"-78",0.784503631961259,0.031476997578692496
"2026","Tidwell, Blade","694918","Giants","SF","R","95.8","128","378",3.12396694214876,0.3386243386243386,"FF","4-Seam Fastball",12.8,-13.4,0.6,"4",17.2,7.6,-6.7,0.9,"13",0.6610169491525424,0.6053268765133172
"2026","Klassen, George","691946","Angels","LAA","R","96.4","127","315",2.603305785123967,0.4031746031746032,"FF","4-Seam Fastball",14.4,-13.9,-0.5,"-4",15.4,12.5,-7.8,4.7,"60",,
"2026","Morgan, Eli","669212","Royals","KC","R","91.2","126","339",2.778688524590164,0.37168141592920356,"FF","4-Seam Fastball",15,-16.3,1.2,"8",18,10.3,-7,3.3,"46",,
"2026","Adam, Jason","592094","Padres","SD","R","93.4","126","551",4.516393442622951,0.22867513611615245,"FF","4-Seam Fastball",14.3,-14.4,0.1,"1",17.1,9.6,-6.5,3.1,"48",0.5544794188861986,0.8692493946731235
"2026","Mears, Nick","683232","Royals","KC","R","94.8","125","341",2.7950819672131146,0.36656891495601174,"FF","4-Seam Fastball",11.7,-13.9,2.2,"16",18.9,7.5,-6.7,0.8,"12",,
"2026","Blanco, Ronel","669854","Astros","HOU","R","93.5","125","331",2.7131147540983607,0.3776435045317221,"FF","4-Seam Fastball",12.6,-14.6,2,"14",18.9,7.4,-6.8,0.6,"9",,
"2026","Smith, Burch","572143","Tigers","DET","R","93.8","125","287",2.3916666666666666,0.4355400696864111,"FF","4-Seam Fastball",13.9,-15.3,1.5,"9",17.3,5,-7.9,-2.9,"-37",,
"2026","Sanders, Cam","676742","Orioles","BAL","R","96.1","124","292",2.4132231404958677,0.4246575342465753,"FF","4-Seam Fastball",13.8,-13.8,0,"0",15.8,5.8,-7.4,-1.6,"-22",,
"2026","Helsley, Ryan","664854","Orioles","BAL","R","98.8","123","273",2.256198347107438,0.45054945054945056,"FF","4-Seam Fastball",8.9,-12,3,"25",19.3,2.1,-7,-4.9,"-70",,
"2026","Sisk, Evan","681895","Pirates","PIT","L","91.6","123","743",6.090163934426229,0.1655450874831763,"FF","4-Seam Fastball",19.7,-17.6,-2,"-11",12.9,7.2,-8.5,-1.3,"-15",0.17191283292978207,0.3196125907990315
"2026","Ferguson, Tyler","621053","Cubs","CHC","R","95.5","123","256",2.115702479338843,0.48046875,"FF","4-Seam Fastball",16.5,-14.2,-2.3,"-16",13.4,7.3,-7.6,-0.3,"-4",,
"2026","Loáisiga, Jonathan","642528","D-backs","AZ","R","97.4","121","723",5.926229508196721,0.1673582295988935,"FF","4-Seam Fastball",15.7,-14.3,-1.4,"-10",13.1,9,-8.8,0.3,"3",0.2542372881355932,0.513317191283293
"2026","Basso, Brady","669620","Athletics","ATH","L","93","120","299",2.4710743801652892,0.4013377926421405,"FF","4-Seam Fastball",17.2,-14.5,-2.7,"-18",14.3,3.2,-6.3,-3.2,"-50",,
"2026","Gibson, Trey","694346","Orioles","BAL","R","95.4","119","619",5.115702479338843,0.19224555735056542,"FF","4-Seam Fastball",16,-13.9,-2,"-15",14.2,9.8,-7.3,2.5,"35",0.17191283292978207,0.7941888619854721
"2026","Minter, A.J.","621345","Twins","MIN","L","93.1","119","400",3.278688524590164,0.2975,"FF","4-Seam Fastball",16.4,-15.6,-0.8,"-5",15.1,3.8,-7.7,-3.9,"-50",0.35351089588377727,0.0847457627118644
"2026","Hoffmann, Andrew","694851","D-backs","AZ","R","94.5","118","229",1.8770491803278688,0.5152838427947598,"FF","4-Seam Fastball",15.3,-14.4,-0.9,"-6",15.5,5.3,-7.1,-1.8,"-25",,
"2026","Waldron, Matt","663362","Blue Jays","TOR","R","92","117","590",4.836065573770492,0.19830508474576272,"FF","4-Seam Fastball",18.2,-16.5,-1.7,"-10",14,7.9,-7.7,0.2,"2",0.21307506053268765,0.4963680387409201
"2026","Lovelady, Richard","663992","Nationals","WSH","L","91.4","116","539",4.418032786885246,0.21521335807050093,"FF","4-Seam Fastball",20.6,-18,-2.6,"-15",11.9,3.7,-8.8,-5.1,"-58",0.12106537530266344,0.04600484261501211
"2026","Garcia, Julian","670062","Reds","CIN","R","92.2","115","377",3.168067226890756,0.3050397877984085,"FF","4-Seam Fastball",15.7,-15.3,-0.4,"-2",16.3,1.7,-6.8,-8.5,"-125",0.43825665859564167,0.004842615012106538
"2026","Lynch IV, Daniel","663738","Royals","KC","L","94.9","115","749",6.139344262295082,0.15353805073431243,"FF","4-Seam Fastball",14.1,-14,0,"0",16.3,7.9,-7,0.9,"12",0.5230024213075061,0.6053268765133172
"2026","Collyer, Gavin","686560","Rangers","TEX","R","97.3","114","446",3.6859504132231407,0.2556053811659193,"FF","4-Seam Fastball",16.8,-15,-1.7,"-12",12.2,11.8,-9.5,2.3,"24",0.21307506053268765,0.7796610169491526
"2026","Banks, Tanner","621383","Phillies","PHI","L","92","114","551",4.516393442622951,0.20689655172413793,"FF","4-Seam Fastball",17.4,-15.4,-2,"-13",15,2.5,-6.7,-4.2,"-63",0.17191283292978207,0.07021791767554479
"2026","Rivera, Eduardo","700842","Red Sox","BOS","L","95.3","114","210",1.75,0.5428571428571428,"FF","4-Seam Fastball",13.9,-13.5,-0.5,"-3",16.2,3.1,-6.5,-3.4,"-53",,
"2026","Kinley, Tyler","641755","Braves","ATL","R","94.4","113","666",5.5041322314049586,0.16966966966966968,"FF","4-Seam Fastball",14.8,-14.5,-0.4,"-2",15.7,3.1,-7.6,-4.5,"-59",0.43825665859564167,0.06053268765133172
"2026","Morgan, David","688158","Padres","SD","R","97.4","113","398",3.262295081967213,0.28391959798994976,"FF","4-Seam Fastball",13.5,-14.5,1.1,"8",15.4,5.1,-9,-3.9,"-43",0.7675544794188862,0.0847457627118644
"2026","Barco, Hunter","682995","Pirates","PIT","L","94.2","112","304",2.4918032786885247,0.3684210526315789,"FF","4-Seam Fastball",18.6,-16,-2.6,"-16",12.4,14.5,-8.9,5.5,"62",,
"2026","Bolton, Cody","675989","Astros","HOU","R","94.8","111","391",3.2049180327868854,0.28388746803069054,"FF","4-Seam Fastball",16.1,-14.8,-1.2,"-8",14.4,4.1,-7.9,-3.8,"-48",0.2711864406779661,0.09443099273607748
"2026","Sandoval, Patrick","663776","Red Sox","BOS","L","93.7","110","490",4.083333333333333,0.22448979591836735,"FF","4-Seam Fastball",15.1,-14.9,-0.2,"-1",15.9,7.2,-7.2,0,"1",0.48668280871670705,0.47699757869249393
"2026","Foster, Cameron","671382","Orioles","BAL","R","96.1","110","189",1.56198347107438,0.582010582010582,"FF","4-Seam Fastball",11.6,-13.1,1.6,"12",18.2,7.9,-6.7,1.2,"18",,
"2026","Holton, Tyler","663947","Tigers","DET","L","91.5","109","865",7.208333333333333,0.1260115606936416,"FF","4-Seam Fastball",16.9,-16,-1,"-6",15.7,5.4,-6.9,-1.5,"-21",0.3171912832929782,0.288135593220339
"2026","Kent, Zak","687849","Nationals","WSH","R","92.7","108","260",2.1311475409836067,0.4153846153846154,"FF","4-Seam Fastball",19.7,-15,-4.7,"-32",11.9,1.2,-6.6,-7.8,"-118",,
"2026","Junis, Jakob","596001","Rangers","TEX","R","92.3","108","584",4.8264462809917354,0.18493150684931506,"FF","4-Seam Fastball",19.3,-16.4,-2.9,"-18",12.8,4.3,-7.8,-3.6,"-46",0.09685230024213075,0.09927360774818401
"2026","Black, Mason","696131","Royals","KC","R","94","107","463",3.7950819672131146,0.23110151187904968,"FF","4-Seam Fastball",16.9,-16.2,-0.7,"-5",14,12.6,-9,3.5,"39",0.38256658595641646,0.9031476997578692
"2026","Roupp, Landen","694738","Giants","SF","R","92.9","107","2192",18.115702479338843,0.04881386861313869,"FF","4-Seam Fastball",20.5,-16.5,-4,"-24",11.1,10.8,-8.5,2.4,"28",,
"2026","Williamson, Brandon","682227","Reds","CIN","L","92.5","106","518",4.352941176470588,0.20463320463320464,"FF","4-Seam Fastball",14.7,-14.8,0.1,"1",17.6,8.7,-6.2,2.5,"40",0.5544794188861986,0.7941888619854721
"2026","Gamboa, Alec","687941","Red Sox","BOS","L","95.7","104","199",1.6583333333333334,0.5226130653266332,"FF","4-Seam Fastball",13,-13.1,0.1,"1",16.8,3.4,-6.2,-2.8,"-45",,
"2026","Sommers, Drew","805427","Tigers","DET","L","94.8","104","356",2.966666666666667,0.29213483146067415,"FF","4-Seam Fastball",19.5,-17,-2.5,"-15",10.9,12.5,-11.7,0.7,"6",,
"2026","Kerry, Brett","695049","Angels","LAA","R","91.6","101","212",1.7520661157024793,0.47641509433962265,"FF","4-Seam Fastball",15.5,-15.9,0.4,"3",17.3,6.3,-6.9,-0.6,"-8",,
"2026","Warren, Austin","681810","Mets","NYM","R","93.9","101","652",5.344262295081967,0.1549079754601227,"FF","4-Seam Fastball",16.3,-16.6,0.3,"2",14.9,11.5,-9.6,1.9,"20",0.5907990314769975,0.7191283292978208
"2026","Englert, Mason","669438","Rays","TB","R","92.9","100","577",4.808333333333334,0.1733102253032929,"FF","4-Seam Fastball",14.7,-15.2,0.6,"4",17.3,9.1,-7,2.1,"30",0.6610169491525424,0.7481840193704601
"2026","Falter, Bailey","663559","Royals","KC","L","92.2","100","180",1.4754098360655739,0.5555555555555556,"FF","4-Seam Fastball",14,-16.1,2.1,"13",18.2,4.4,-7.1,-2.7,"-39",,
"2026","Peralta, Wandy","593974","Padres","SD","L","96.4","98","977",8.008196721311476,0.10030706243602866,"FF","4-Seam Fastball",15.1,-14,-1.1,"-7",14.4,9.8,-8.2,1.6,"20",0.29539951573849876,0.6779661016949152
"2026","Karinchak, James","675916","Braves","ATL","R","95","98","162",1.3388429752066116,0.6049382716049383,"FF","4-Seam Fastball",11.3,-13.9,2.7,"19",19,6.5,-7,-0.5,"-7",,
"2026","Phillips, Evan","623465","Dodgers","LAD","R","96.8","98","194",1.603305785123967,0.5051546391752577,"FF","4-Seam Fastball",13.8,-14.1,0.3,"2",15.5,9.5,-8.3,1.2,"15",,
"2026","Fernandez, Ryan","681676","Cardinals","STL","R","94.5","96","236",1.9504132231404958,0.4067796610169492,"FF","4-Seam Fastball",12.5,-14.5,2,"14",18.2,6.6,-7.4,-0.7,"-10",,
"2026","Beck, Tristan","663941","Giants","SF","R","94.4","96","247",2.041322314049587,0.38866396761133604,"FF","4-Seam Fastball",15.2,-14.5,-0.7,"-5",15.5,8.6,-7.2,1.4,"19",,
"2026","Kempner, William","687531","Marlins","MIA","R","95.5","96","199",1.6446280991735538,0.4824120603015075,"FF","4-Seam Fastball",18.4,-18.9,0.5,"3",11.7,16.5,-12.6,3.8,"30",,
"2026","Nicolas, Kyle","693312","Reds","CIN","R","96.8","96","198",1.6638655462184875,0.48484848484848486,"FF","4-Seam Fastball",12.1,-13.3,1.3,"10",17.4,8.2,-7.6,0.6,"8",,
"2026","Rock, Joe","697812","White Sox","CWS","L","93.3","95","195",1.638655462184874,0.48717948717948717,"FF","4-Seam Fastball",18.3,-15.7,-2.6,"-17",13.1,12.6,-7.9,4.7,"59",,
"2026","Moll, Sam","594580","Reds","CIN","L","92.5","95","888",7.46218487394958,0.10698198198198199,"FF","4-Seam Fastball",22.3,-21.8,-0.6,"-3",9.5,10.8,-11.4,-0.6,"-6",0.3946731234866828,0.3898305084745763
"2026","Anderson, Shaun","641312","Angels","LAA","R","93.1","94","351",2.9008264462809916,0.2678062678062678,"FF","4-Seam Fastball",16.5,-15,-1.5,"-10",15.1,2,-7,-5,"-71",,
"2026","Lange, Alex","656638","Royals","KC","R","95.9","93","883",7.237704918032787,0.10532276330690826,"FF","4-Seam Fastball",16.3,-14,-2.3,"-16",13.5,9.8,-7.6,2.3,"30",0.14285714285714285,0.7796610169491526
"2026","Lawrence, Justin","664875","Nationals","WSH","R","95.6","93","684",5.60655737704918,0.13596491228070176,"FF","4-Seam Fastball",18.5,-17.7,-0.8,"-5",11.5,12,-12.4,-0.3,"-3",0.35351089588377727,0.43341404358353514
"2026","Bido, Osvaldo","674370","White Sox","CWS","R","94.4","92","317",2.6638655462184873,0.2902208201892745,"FF","4-Seam Fastball",15.8,-14.7,-1.1,"-8",14.9,8.6,-7.5,1.1,"15",,
"2026","Hollowell, Gavin","668970","Cubs","CHC","R","94.4","92","253",2.090909090909091,0.36363636363636365,"FF","4-Seam Fastball",19.6,-15.7,-3.8,"-24",11.2,9.8,-8.8,1,"12",,
"2026","Williams, Trevor","592866","Nationals","WSH","R","90","90","213",1.7459016393442623,0.4225352112676056,"FF","4-Seam Fastball",23.2,-19.9,-3.3,"-17",10.2,3.6,-9.5,-6,"-63",,
"2026","Bello, Brayan","678394","Red Sox","BOS","R","95.1","89","1352",11.266666666666667,0.06582840236686391,"FF","4-Seam Fastball",18.8,-14.8,-4.1,"-27",11.3,6.5,-7.9,-1.5,"-18",0.043583535108958835,0.288135593220339
"2026","Cleavinger, Garrett","664076","Rays","TB","L","96.6","88","612",5.1,0.1437908496732026,"FF","4-Seam Fastball",13.3,-14.7,1.4,"10",16.1,7.6,-8.7,-1.1,"-13",0.8280871670702179,0.3389830508474576
"2026","Vanasco, Ricky","676568","Tigers","DET","R","93.7","87","170",1.4166666666666667,0.5117647058823529,"FF","4-Seam Fastball",16.3,-15.3,-1.1,"-7",14.9,12.5,-7.8,4.7,"60",,
"2026","Estrada, Lazaro","681751","Blue Jays","TOR","R","92.8","87","199",1.6311475409836065,0.4371859296482412,"FF","4-Seam Fastball",12.9,-15.7,2.8,"18",19,7.3,-7.5,-0.1,"-2",,
"2026","Hicks, Jordan","663855","White Sox","CWS","R","99.5","86","594",4.991596638655462,0.1447811447811448,"FF","4-Seam Fastball",14.2,-12.1,-2.1,"-18",13.5,12,-7.5,4.5,"60",0.15980629539951574,0.9539951573849879
"2026","Tong, Jonah","804636","Mets","NYM","R","95.7","85","187",1.5327868852459017,0.45454545454545453,"FF","4-Seam Fastball",12,-14.1,2.1,"15",18,6.7,-7.6,-0.9,"-11",,
"2026","Gastelum, Luis","703725","Cardinals","STL","R","94.2","84","252",2.0826446280991737,0.3333333333333333,"FF","4-Seam Fastball",15.7,-15.4,-0.3,"-2",15.1,10.5,-8.4,2.1,"25",,
"2026","Samaniego, Tyler","701719","Red Sox","BOS","L","93.6","84","314",2.6166666666666667,0.267515923566879,"FF","4-Seam Fastball",16.3,-15,-1.2,"-8",15,3.7,-7.4,-3.7,"-50",,
"2026","Sands, Cole","663485","Twins","MIN","R","93.1","83","209",1.7131147540983607,0.39712918660287083,"FF","4-Seam Fastball",17.3,-15.9,-1.4,"-9",14.4,11.1,-8.1,3,"38",,
"2026","Heuer, Codi","676051","Guardians","CLE","R","95.4","81","189",1.56198347107438,0.42857142857142855,"FF","4-Seam Fastball",17.2,-14.3,-2.9,"-20",13.1,13.2,-7.9,5.3,"67",,
"2026","Martin, Trevor","694680","Rays","TB","R","95","80","180",1.5,0.4444444444444444,"FF","4-Seam Fastball",13.6,-14.8,1.1,"8",16.9,8.6,-8.1,0.5,"6",,
"2026","Juenger, Hayden","696522","Athletics","ATH","R","94.6","80","229",1.8925619834710743,0.34934497816593885,"FF","4-Seam Fastball",14.3,-15.6,1.3,"9",16.3,11.6,-8.7,3,"34",,
"2026","Curry, Xzavion","675540","Mets","NYM","R","91","80","241",1.9754098360655739,0.33195020746887965,"FF","4-Seam Fastball",14.5,-16.1,1.6,"10",18.5,5.5,-6.5,-1,"-16",,
"2026","Pérez, Martín","527048","Braves","ATL","L","89.9","80","1639",13.545454545454545,0.048810250152532035,"FF","4-Seam Fastball",17.9,-17.5,-0.4,"-3",16,10,-7.5,2.5,"34",,
"2026","Bird, Jake","656234","Nationals","WSH","R","93.8","79","581",4.762295081967213,0.1359724612736661,"FF","4-Seam Fastball",18.9,-15.8,-3.1,"-19",12.1,3.9,-8.4,-4.5,"-53",0.08232445520581114,0.06053268765133172
"2026","Hall, DL","669084","Brewers","MIL","L","94.8","79","600",4.958677685950414,0.13166666666666665,"FF","4-Seam Fastball",15.7,-14.9,-0.8,"-6",14.9,7.7,-8.3,-0.6,"-7",0.35351089588377727,0.3898305084745763
"2026","Rom, Drew","680723","Athletics","ATH","L","92.2","78","126",1.0413223140495869,0.6190476190476191,"FF","4-Seam Fastball",16,-16.1,0.1,"0",15.8,4.7,-7.5,-2.8,"-37",,
"2026","Milner, Hoby","571948","Cubs","CHC","L","87.4","78","568",4.694214876033058,0.13732394366197184,"FF","4-Seam Fastball",29.7,-27.7,-1.9,"-7",6.5,14.3,-13.8,0.5,"4",0.18886198547215496,0.5520581113801453
"2026","Cuas, Jose","621016","Royals","KC","R","92.1","78","210",1.721311475409836,0.37142857142857144,"FF","4-Seam Fastball",23.2,-21.5,-1.7,"-8",8.9,10.2,-11.8,-1.5,"-13",,
"2026","Sims, Lucas","608371","White Sox","CWS","R","94.1","78","171",1.4369747899159664,0.45614035087719296,"FF","4-Seam Fastball",14.5,-15.3,0.8,"5",16.4,6.5,-7.9,-1.5,"-19",,
"2026","Espino, Daniel","682982","Guardians","CLE","R","98.9","78","120",0.9917355371900827,0.65,"FF","4-Seam Fastball",11,-12.3,1.3,"11",17.2,6.7,-7.5,-0.8,"-10",,
"2026","Ekness, Josh","694795","Marlins","MIA","R","97.4","78","152",1.256198347107438,0.5131578947368421,"FF","4-Seam Fastball",14.2,-14.5,0.3,"2",14.7,7.7,-9.3,-1.6,"-17",,
"2026","Hartlieb, Geoff","664129","Athletics","ATH","R","95.2","78","217",1.7933884297520661,0.35944700460829493,"FF","4-Seam Fastball",15.3,-13.9,-1.3,"-10",14.8,6.1,-6.9,-0.8,"-11",,
"2026","Roycroft, Chris","688297","Rays","TB","R","94.3","77","373",3.1083333333333334,0.2064343163538874,"FF","4-Seam Fastball",22,-15.2,-6.8,"-45",8.7,4.2,-8.2,-4,"-49",0.002421307506053269,0.07990314769975787
"2026","Snell, Blake","605483","Dodgers","LAD","L","96.1","77","161",1.3305785123966942,0.4782608695652174,"FF","4-Seam Fastball",10.9,-12.5,1.6,"13",18.7,4.7,-5.7,-1,"-18",,
"2026","Fulton, Dax","690978","Marlins","MIA","L","95.1","77","239",1.975206611570248,0.32217573221757323,"FF","4-Seam Fastball",18.9,-13.4,-5.5,"-41",11.3,1.4,-6.3,-7.7,"-122",,
"2026","Wilson, Bryse","669060","Brewers","MIL","R","93.3","76","401",3.3140495867768593,0.18952618453865336,"FF","4-Seam Fastball",16.1,-15,-1.1,"-7",15.3,6,-7.1,-1.1,"-15",0.29539951573849876,0.3389830508474576
"2026","Barlow, Scott","605130","Athletics","ATH","R","89","76","581",4.801652892561983,0.13080895008605853,"FF","4-Seam Fastball",23,-20.2,-2.8,"-14",11.5,3.8,-8.7,-4.9,"-57",0.10411622276029056,0.05084745762711865
"2026","Smith, Shane","681343","White Sox","CWS","R","95.3","74","225",1.8907563025210083,0.3288888888888889,"FF","4-Seam Fastball",14.2,-14.2,0,"0",16.1,7.5,-7.5,0,"0",,
"2026","Shugart, Chase","663767","Phillies","PHI","R","96.1","73","679",5.565573770491803,0.10751104565537556,"FF","4-Seam Fastball",13.7,-14.2,0.5,"4",15.9,8.9,-8,0.9,"11",0.6368038740920097,0.6053268765133172
"2026","Kranick, Max","668820","Nationals","WSH","R","95.3","73","170",1.3934426229508197,0.4294117647058823,"FF","4-Seam Fastball",14.2,-14,-0.2,"-1",15.7,5,-7.3,-2.3,"-32",,
"2026","Peguero, Joel","666711","Giants","SF","R","100","73","169",1.396694214876033,0.4319526627218935,"FF","4-Seam Fastball",13.3,-13.6,0.2,"2",13.8,5.8,-10,-4.2,"-42",,
"2026","Gordon, Colton","676467","Astros","HOU","L","91.2","73","202",1.6557377049180328,0.3613861386138614,"FF","4-Seam Fastball",17.3,-16.5,-0.8,"-5",15.8,11.4,-7.2,4.2,"59",,
"2026","Faucher, Calvin","676534","Marlins","MIA","R","96.4","73","901",7.446280991735537,0.08102108768035517,"FF","4-Seam Fastball",14.7,-14.7,0,"0",14.7,7.7,-8.7,-0.9,"-11",0.5230024213075061,0.35108958837772397
"2026","Rodríguez, Elmer","695684","Yankees","NYY","R","95.1","72","318",2.65,0.22641509433962265,"FF","4-Seam Fastball",18.9,-14.6,-4.3,"-30",11.5,9.6,-7.8,1.7,"22",,
"2026","Mederos, Victor","682989","Braves","ATL","R","97.2","72","298",2.4628099173553717,0.24161073825503357,"FF","4-Seam Fastball",16.2,-14.3,-1.9,"-13",12.8,10.7,-8.9,1.8,"20",,
"2026","Stewart, Brock","592779","Dodgers","LAD","R","95.6","72","213",1.7603305785123966,0.3380281690140845,"FF","4-Seam Fastball",15.7,-15.3,-0.4,"-3",14.1,8.6,-9,-0.4,"-4",,
"2026","Brieske, Beau","689225","Tigers","DET","R","95.5","72","149",1.2416666666666667,0.48322147651006714,"FF","4-Seam Fastball",13.2,-14.1,0.9,"6",16.8,5.5,-7.4,-1.8,"-25",,
"2026","Petty, Chase","695534","Reds","CIN","R","96.9","71","477",4.008403361344538,0.1488469601677149,"FF","4-Seam Fastball",15.9,-14.3,-1.6,"-11",13.4,14.7,-8.6,6.1,"71",0.22760290556900725,0.9951573849878934
"2026","Gerber, Joey","680702","Mets","NYM","R","93.5","70","129",1.0573770491803278,0.5426356589147286,"FF","4-Seam Fastball",14.6,-16.4,1.8,"11",16.8,6.9,-8.8,-1.8,"-21",,
"2026","Alexander, Jason","669920","Astros","HOU","R","91.5","69","299",2.4508196721311477,0.23076923076923078,"FF","4-Seam Fastball",20.5,-16.4,-4.1,"-25",12.3,15.4,-7.4,8,"109",,
"2026","Wicks, Jordan","696136","Cubs","CHC","L","93.1","69","180",1.487603305785124,0.38333333333333336,"FF","4-Seam Fastball",15.8,-15.3,-0.5,"-3",15.5,2.7,-7.3,-4.6,"-63",,
"2026","Yoho, Craig","684974","Guardians","CLE","R","94","69","383",3.165289256198347,0.1801566579634465,"FF","4-Seam Fastball",20.2,-16.9,-3.4,"-20",10.7,15.8,-10.4,5.4,"52",0.07021791767554479,0.9757869249394673
"2026","Cabrera, Jose","703615","D-backs","AZ","R","93.4","69","279",2.2868852459016393,0.24731182795698925,"FF","4-Seam Fastball",17.4,-15.2,-2.1,"-14",14.1,11.3,-7.4,3.9,"53",,
"2026","Kelly, Antwone","699008","Pirates","PIT","R","98.9","68","123",1.0081967213114753,0.5528455284552846,"FF","4-Seam Fastball",12.9,-12.7,-0.3,"-2",15,6.9,-7.7,-0.8,"-10",,
"2026","Hart, Kyle","606996","Padres","SD","L","94","68","773",6.336065573770492,0.08796895213454076,"FF","4-Seam Fastball",16.1,-15.2,-0.9,"-6",14.9,8.3,-7.8,0.5,"6",0.3268765133171913,0.5520581113801453
"2026","Garcia, Robert","676395","Rangers","TEX","L","94.2","68","153",1.2644628099173554,0.4444444444444444,"FF","4-Seam Fastball",16.8,-15.2,-1.6,"-10",14.4,10.7,-7.9,2.8,"36",,
"2026","Barnes, Charlie","656212","Dodgers","LAD","L","89.3","67","201",1.6611570247933884,0.3333333333333333,"FF","4-Seam Fastball",20.8,-18.2,-2.6,"-14",13.6,11,-8.5,2.5,"29",,
"2026","Beck, Brendan","694341","Yankees","NYY","R","92.4","67","139",1.1583333333333334,0.48201438848920863,"FF","4-Seam Fastball",14.4,-15.1,0.7,"5",17.7,7.2,-6.7,0.5,"8",,
"2026","Hernández, Jonathan","642546","Dodgers","LAD","R","97.3","67","379",3.1322314049586777,0.17678100263852242,"FF","4-Seam Fastball",15.9,-13.7,-2.2,"-16",13,12.1,-8.1,4,"49",0.15254237288135594,0.9322033898305084
"2026","Bradford, Cody","674003","Rangers","TEX","L","88.5","66","145",1.1983471074380165,0.45517241379310347,"FF","4-Seam Fastball",18.5,-18,-0.5,"-3",16.6,3.6,-5.1,-1.5,"-29",,
"2026","Rajcic, Max","691008","Cardinals","STL","R","95.5","66","163",1.3471074380165289,0.4049079754601227,"FF","4-Seam Fastball",13.9,-14.1,0.2,"1",16,10.3,-7.6,2.8,"36",,
"2026","Murphy, Owen","702566","Braves","ATL","R","93.6","65","116",0.9586776859504132,0.5603448275862069,"FF","4-Seam Fastball",12.8,-15.6,2.9,"18",18.5,6.5,-8,-1.4,"-18",,
"2026","Martin, Riley","702303","Cubs","CHC","L","94.5","65","118",0.9752066115702479,0.5508474576271186,"FF","4-Seam Fastball",13,-14.7,1.7,"11",17.8,4.7,-7.6,-2.9,"-38",,
"2026","Martin, Chris","455119","Rangers","TEX","R","94.5","65","248",2.049586776859504,0.2620967741935484,"FF","4-Seam Fastball",14.9,-13.9,-1,"-7",15.8,8.9,-6.5,2.3,"36",,
"2026","Leiter Jr., Mark","643410","Athletics","ATH","R","92.2","64","551",4.553719008264463,0.1161524500907441,"FF","4-Seam Fastball",15.9,-15.7,-0.2,"-1",16.3,7.4,-7.1,0.3,"4",0.48668280871670705,0.513317191283293
"2026","Mayza, Tim","641835","Phillies","PHI","L","94.7","63","882",7.229508196721311,0.07142857142857142,"FF","4-Seam Fastball",16.8,-13.8,-2.9,"-21",13.6,8.1,-6.8,1.3,"20",0.09685230024213075,0.6464891041162227
"2026","Acton, Garrett","670183","Twins","MIN","R","94.2","63","115",0.9426229508196722,0.5478260869565217,"FF","4-Seam Fastball",11.2,-14.8,3.6,"25",19.8,4.2,-7.3,-3.2,"-43",,
"2026","Hiraldo, Yaramil","682274","Orioles","BAL","R","95.7","62","144",1.1900826446280992,0.4305555555555556,"FF","4-Seam Fastball",10.9,-13.7,2.8,"21",19.1,3.7,-7.1,-3.3,"-47",,
"2026","Murphy, Luke","684665","Angels","LAA","R","95.7","62","100",0.8264462809917356,0.62,"FF","4-Seam Fastball",14.3,-13.9,-0.3,"-2",15.9,10.7,-7.4,3.3,"45",,
"2026","Payamps, Joel","606303","Braves","ATL","R","93.9","61","151",1.2479338842975207,0.40397350993377484,"FF","4-Seam Fastball",16.6,-15.4,-1.2,"-8",14.3,4.4,-7.9,-3.5,"-45",,
"2026","Wesneski, Hayden","669713","Astros","HOU","R","93.6","60","240",1.9672131147540983,0.25,"FF","4-Seam Fastball",17.4,-14.7,-2.7,"-19",13.7,5.6,-6.9,-1.3,"-19",,
"2026","Allard, Kolby","663465","Guardians","CLE","L","89.4","60","177",1.462809917355372,0.3389830508474576,"FF","4-Seam Fastball",18.6,-19,0.4,"2",15.7,3.8,-8.3,-4.5,"-54",,
"2026","Anderson, Jack","681252","Twins","MIN","R","90.8","60","180",1.4754098360655739,0.3333333333333333,"FF","4-Seam Fastball",14.9,-15.7,0.8,"5",18.4,3.1,-6.4,-3.3,"-51",,
"2026","Chivilli, Angel","683409","Yankees","NYY","R","98","59","285",2.375,0.20701754385964913,"FF","4-Seam Fastball",17.8,-13.4,-4.4,"-33",10.7,15.6,-8.1,7.5,"93",,
"2026","Kittredge, Andrew","552640","Orioles","BAL","R","94.4","59","518",4.2809917355371905,0.1138996138996139,"FF","4-Seam Fastball",14.7,-14.4,-0.3,"-2",16,1.9,-7.1,-5.2,"-73",0.4576271186440678,0.043583535108958835
"2026","Miller, Erik","669062","Red Sox","BOS","L","96.8","58","710",5.916666666666667,0.08169014084507042,"FF","4-Seam Fastball",13.8,-12.2,-1.6,"-13",15.3,9.1,-5.7,3.4,"61",0.22760290556900725,0.8958837772397095
"2026","Curvelo, Luis","681168","Rangers","TEX","R","95.5","57","187",1.5454545454545454,0.3048128342245989,"FF","4-Seam Fastball",16,-14.2,-1.8,"-13",14.2,13.7,-7.5,6.2,"83",,
"2026","Ullola, Miguel","699044","Astros","HOU","R","95.3","57","77",0.6311475409836066,0.7402597402597403,"FF","4-Seam Fastball",10.7,-14.2,3.5,"24",19.4,4.5,-7.7,-3.1,"-41",,
"2026","Martin, Corbin","656686","Cubs","CHC","R","94.9","56","111",0.9173553719008265,0.5045045045045045,"FF","4-Seam Fastball",15.3,-14.5,-0.8,"-6",15.1,1.8,-7.6,-5.8,"-76",,
"2026","Thompson, Keegan","624522","Rockies","COL","R","92.3","56","195",1.6115702479338843,0.28717948717948716,"FF","4-Seam Fastball",17.5,-15.9,-1.5,"-10",14.3,4.5,-7.4,-3,"-40",,
"2026","Gervase, Paul","801434","Dodgers","LAD","R","92.7","55","124",1.024793388429752,0.4435483870967742,"FF","4-Seam Fastball",15.9,-16.7,0.8,"5",15.8,6.7,-8.1,-1.4,"-17",,
"2026","Boyle, Joe","671212","Rays","TB","R","97","55","263",2.191666666666667,0.20912547528517111,"FF","4-Seam Fastball",14.9,-13.9,-1,"-7",14.2,7.5,-8.3,-0.8,"-10",,
"2026","Way, Beck","694360","Royals","KC","R","97.4","55","389",3.1885245901639343,0.14138817480719795,"FF","4-Seam Fastball",19.1,-14,-5.1,"-36",9.6,14,-8.4,5.6,"66",0.007263922518159807,0.9806295399515739
"2026","Brazobán, Huascar","623211","White Sox","CWS","R","96.9","55","892",7.495798319327731,0.061659192825112105,"FF","4-Seam Fastball",15,-14.2,-0.8,"-6",14.3,11.1,-8.5,2.6,"31",0.35351089588377727,0.8208232445520581
"2026","Valdez, Framber","664285","Tigers","DET","L","94.8","55","2127",17.725,0.025858015984955338,"FF","4-Seam Fastball",17.2,-14.7,-2.5,"-17",13,6.1,-8,-1.9,"-24",,
"2026","Knack, Landon","689017","Dodgers","LAD","R","93.3","55","126",1.0413223140495869,0.4365079365079365,"FF","4-Seam Fastball",12.7,-15.3,2.5,"17",18.6,3.8,-7.2,-3.3,"-46",,
"2026","Herget, Jimmy","623474","Rockies","COL","R","91.9","55","639",5.2809917355371905,0.08607198748043818,"FF","4-Seam Fastball",23.1,-20.1,-3,"-15",9.2,12.8,-10.8,2,"19",0.08958837772397095,0.7288135593220338
"2026","Pushard, Matt","690155","Cardinals","STL","R","95.1","54","120",0.9917355371900827,0.45,"FF","4-Seam Fastball",13.7,-13.9,0.1,"1",16.7,9.6,-6.9,2.7,"39",,
"2026","Dobnak, Randy","677976","Royals","KC","R","92.3","54","616",5.049180327868853,0.08766233766233766,"FF","4-Seam Fastball",23.1,-16.7,-6.3,"-38",8.9,11.3,-8.6,2.7,"32",0.004842615012106538,0.8305084745762712
"2026","Crow, Coleman","689441","Brewers","MIL","R","91.3","54","295",2.43801652892562,0.18305084745762712,"FF","4-Seam Fastball",18.7,-17.7,-1,"-5",14.1,7.5,-8.6,-1.1,"-13",,
"2026","Bruihl, Justin","677865","Cardinals","STL","L","91.6","54","995",8.223140495867769,0.054271356783919596,"FF","4-Seam Fastball",20.6,-17.8,-2.9,"-16",12,5.5,-8.8,-3.3,"-37",0.09685230024213075,0.12832929782082325
"2026","Singer, Brady","663903","Reds","CIN","R","90.7","54","2076",17.445378151260503,0.02601156069364162,"FF","4-Seam Fastball",19,-18.7,-0.3,"-1",14.3,6.9,-8.6,-1.7,"-20",,
"2026","Voth, Austin","608723","Twins","MIN","R","92.1","53","214",1.7540983606557377,0.24766355140186916,"FF","4-Seam Fastball",15,-15.8,0.8,"5",17.3,6,-7.2,-1.2,"-17",,
"2026","Edwards Jr., Carl","605218","Mets","NYM","R","92.5","53","99",0.8114754098360656,0.5353535353535354,"FF","4-Seam Fastball",13.4,-14.6,1.2,"8",18.7,2.8,-6.1,-8.9,"-146",,
"2026","Brubaker, JT","664141","Giants","SF","R","93","52","916",7.570247933884297,0.056768558951965066,"FF","4-Seam Fastball",17.3,-15.1,-2.2,"-14",14.2,7.9,-7.2,0.7,"10",0.15254237288135594,0.5738498789346247
"2026","Cook, Alex","702047","Rays","TB","R","95.2","52","72",0.6,0.7222222222222222,"FF","4-Seam Fastball",11.3,-14.4,3.2,"22",19,6.4,-7.8,-1.3,"-17",,
"2026","Jameson, Drey","686753","D-backs","AZ","R","96.5","51","266",2.180327868852459,0.19172932330827067,"FF","4-Seam Fastball",12.9,-14.6,1.7,"12",16.6,10,-8.7,1.3,"15",,
"2026","Kahnle, Tommy","592454","Red Sox","BOS","R","93.6","51","168",1.4,0.30357142857142855,"FF","4-Seam Fastball",14.6,-15,0.4,"3",16.5,4.7,-7.3,-2.6,"-36",,
"2026","McCambley, Zach","685112","Reds","CIN","R","93.9","50","157",1.319327731092437,0.3184713375796178,"FF","4-Seam Fastball",19.4,-15.4,-4,"-26",11.4,1.2,-7.9,-6.7,"-85",,
"2026","Walker, Josh","677020","Orioles","BAL","L","92.6","50","220",1.8181818181818181,0.22727272727272727,"FF","4-Seam Fastball",16.5,-14.9,-1.6,"-11",15.3,2.6,-6.2,-3.6,"-58",,
"2026","Gonzalez, Domingo","682445","Mariners","SEA","R","92.9","50","129",1.0661157024793388,0.3875968992248062,"FF","4-Seam Fastball",19.7,-19.3,-0.3,"-2",12.4,13.7,-11.1,2.6,"23",,
"2026","Allen, Logan","671106","Guardians","CLE","L","90.6","50","164",1.3553719008264462,0.3048780487804878,"FF","4-Seam Fastball",19.7,-20.1,0.4,"2",13.7,9.4,-10.7,-1.3,"-12",,