"pitch_type","game_date","release_speed","release_pos_x","release_pos_z","player_name","batter","pitcher","events","description","spin_dir","spin_rate_deprecated","break_angle_deprecated","break_length_deprecated","zone","des","game_type","stand","p_throws","home_team","away_team","type","hit_location","bb_type","balls","strikes","game_year","pfx_x","pfx_z","plate_x","plate_z","on_3b","on_2b","on_1b","outs_when_up","inning","inning_topbot","hc_x","hc_y","tfs_deprecated","tfs_zulu_deprecated","umpire","sv_id","vx0","vy0","vz0","ax","ay","az","sz_top","sz_bot","hit_distance_sc","launch_speed","launch_angle","effective_speed","release_spin_rate","release_extension","game_pk","fielder_2","fielder_3","fielder_4","fielder_5","fielder_6","fielder_7","fielder_8","fielder_9","release_pos_y","estimated_ba_using_speedangle","estimated_woba_using_speedangle","woba_value","woba_denom","babip_value","iso_value","launch_speed_angle","at_bat_number","pitch_number","pitch_name","home_score","away_score","bat_score","fld_score","post_away_score","post_home_score","post_bat_score","post_fld_score","if_fielding_alignment","of_fielding_alignment","spin_axis","delta_home_win_exp","delta_run_exp","bat_speed","swing_length","miss_distance","estimated_slg_using_speedangle","delta_pitcher_run_exp","hyper_speed","home_score_diff","bat_score_diff","home_win_exp","bat_win_exp","age_pit_legacy","age_bat_legacy","age_pit","age_bat","n_thruorder_pitcher","n_priorpa_thisgame_player_at_bat","pitcher_days_since_prev_game","batter_days_since_prev_game","pitcher_days_until_next_game","batter_days_until_next_game","api_break_z_with_gravity","api_break_x_arm","api_break_x_batter_in","arm_angle","attack_angle","attack_direction","swing_path_tilt","intercept_ball_minus_batter_pos_x_inches","intercept_ball_minus_batter_pos_y_inches"
"SL","2026-08-12","87.1","-2.3","5.49","Imai, Tatsuya",805811,837227,"strikeout","swinging_strike",,,,,9,"Bryce Eldridge strikes out swinging.","R","L","R","SF","HOU","S",2,,2,2,2026,"0.05","0",0.5692067142354523,1.9133521456501246,,701852,642715,2,4,"Bot",,,,,,,6.654999583275403,-126.66120416416253,-2.134358928951957,-0.9806942825201039,27.855681395534923,-31.970154754990645,3.541215551,1.787155512,,,,"86.4",2348,"6",823187,543877,664774,669397,670623,665161,666211,662139,701358,"54.47",,0,"0",1,0,0,,34,5,"Slider",1,0,1,0,0,1,1,0,"Standard","Standard",294,"-0.036","-0.219","76.1","8.1","0.946870128",,"0.219",,1,1,0.674,0.674,28,21,28,22,2,2,,,,,"3.03","-0.05","0.05",,24.174517328267807,-28.497558701173745,36.90383345907294,28.165437614786494,43.14554665946096
"SL","2026-08-12","87.6","-2.45","5.33","Imai, Tatsuya",805811,837227,,"swinging_strike",,,,,4,,"R","L","R","SF","HOU","S",,,2,1,2026,"0.07","0.03",-0.8081287114826614,2.6646883049165586,,701852,642715,2,4,"Bot",,,,,,,3.744870152455015,-127.58646339721984,-0.21658078791818258,0.06331477054192476,24.745605497388276,-32.0055797427865,3.541215551,1.787155512,,,,"87.6",2345,"6.1",823187,543877,664774,669397,670623,665161,666211,662139,701358,"54.39",,,,,,,,34,4,"Slider",1,0,1,0,0,1,1,0,"Standard","Standard",339,"-0.009","-0.078","76.5","7.2","0.523270392",,"0.078",,1,1,0.683,0.683,28,21,28,22,2,2,,,,,"2.92","-0.07","0.07",,7.252699378194192,8.32205004629324,39.34734175939727,44.35979685010861,23.761835434345304
"SL","2026-08-12","86.9","-2.36","5.49","Imai, Tatsuya",805811,837227,,"ball",,,,,13,,"R","L","R","SF","HOU","B",,,1,1,2026,"0.05","0",-0.0671129624516959,1.1116796980207422,,701852,642715,2,4,"Bot",,,,,,,5.263873307699353,-126.26246718972422,-3.8974743616579293,-0.8046988808323381,30.77489508214888,-31.45104237260056,3.541215551,1.787155512,,,,"85.2",2252,"5.7",823187,543877,664774,669397,670623,665161,666211,662139,701358,"54.78",,,,,,,,34,3,"Slider",1,0,1,0,0,1,1,0,"Standard","Standard",291,"0.005","0.036",,,,,"-0.036",,1,1,0.678,0.678,28,21,28,22,2,2,,,,,"3.08","-0.05","0.05",,,,,,
"SL","2026-08-12","86.1","-2.36","5.64","Imai, Tatsuya",805811,837227,,"ball",,,,,11,,"R","L","R","SF","HOU","B",,,0,1,2026,"0","0.11",-2.110167640249052,3.4344139736046086,,701852,642715,2,4,"Bot",,,,,,,0.5803349697349534,-125.21429781438572,1.0736539858227667,-0.1606094914979302,30.19632513334144,-31.591259656832435,3.541215551,1.787155512,,,,"84.6",2225,"5.8",823187,543877,664774,669397,670623,665161,666211,662139,701358,"54.69",,,,,,,,34,2,"Slider",1,0,1,0,0,1,1,0,"Standard","Standard",353,"0.004","0.016",,,,,"-0.016",,1,1,0.674,0.674,28,21,28,22,2,2,,,,,"3.02","0","0",,,,,,
"SL","2026-08-12","86.9","-2.24","5.48","Imai, Tatsuya",805811,837227,,"called_strike",,,,,4,,"R","L","R","SF","HOU","S",,,0,0,2026,"0.17","-0.07",-0.47348134667876113,2.8204402997778373,,701852,642715,2,4,"Bot",,,,,,,3.78711148149324,-126.73907870961696,-0.010353267830159885,1.2467089494810926,20.961868578525294,-33.12408766453802,3.541215551,1.787155512,,,,"86.8",2300,"5.7",823187,543877,664774,669397,670623,665161,666211,662139,701358,"54.83",,,,,,,,34,1,"Slider",1,0,1,0,0,1,1,0,"Standard","Standard",311,"-0.006","-0.036",,,,,"0.036",,1,1,0.68,0.68,28,21,28,22,2,2,,,,,"3.03","-0.17","0.17",,,,,,
"FF","2026-08-12","95.3","-2.41","5.24","Imai, Tatsuya",642715,837227,"single","hit_into_play",,,,,3,"Willy Adames singles on a sharp line drive to center fielder Daulton Varsho. Drew Cavanaugh to 2nd.","R","R","R","SF","HOU","X",8,"line_drive",0,1,2026,"-0.91","0.94",0.6780037128628901,2.9322416064542987,,,701852,2,4,"Bot",129.82,73.31,,,,,10.066756582073157,-138.54065666024363,-2.4662573303352144,-13.776332187324192,27.093256799618185,-19.61562644570234,3.22351542,1.626820866,271,"101.9",15,"95.8",1865,"6.3",823187,543877,664774,669397,670623,665161,666211,662139,701358,"54.17",0.654,0.679,"0.9",1,1,0,4,33,2,"4-Seam Fastball",1,0,1,0,0,1,1,0,"Infield shade","Standard",231,"0.023","0.383","71.7","7.9",,0.934,"-0.383","101.9",1,1,0.657,0.657,28,30,28,31,2,2,,,,,"1.55","0.91","0.91",,15.514448222098325,6.38923104544516,25.998983876468408,44.597940320027575,24.553260676170968
"FF","2026-08-12","95.9","-2.42","5.33","Imai, Tatsuya",642715,837227,,"foul",,,,,6,,"R","R","R","SF","HOU","S",,,0,0,2026,"-0.68","0.7",0.4418388984336017,2.4231184486397,,,701852,2,4,"Bot",,,,,,,9.00989488000406,-139.52836319193656,-3.55232767886597,-10.82876246319387,28.270192915540452,-22.335958856210166,3.22351542,1.626820866,6,"68.4",-23,"95.9",2048,"6.1",823187,543877,664774,669397,670623,665161,666211,662139,701358,"54.41",,,,,,,,33,1,"4-Seam Fastball",1,0,1,0,0,1,1,0,"Infield shade","Standard",231,"-0.003","-0.041","66.8","8.6",,,"0.041","88.0",1,1,0.66,0.66,28,30,28,31,2,2,,,,,"1.75","0.68","0.68",,22.832905011752572,-12.55219007823474,32.001819152057635,41.68361190516917,35.12983011957029
"FF","2026-08-12","95.6","-2.52","5.16","Imai, Tatsuya",808982,837227,"field_out","hit_into_play",,,,,11,"Jung Hoo Lee flies out to center fielder Daulton Varsho.","R","L","R","SF","HOU","X",8,"fly_ball",3,2,2026,"-0.9","0.88",-0.9022815699854949,2.8586722055200995,,,701852,1,4,"Bot",94.55,58.95,,,,,6.256167327333041,-139.21918495584822,-2.3016666764046887,-13.126664729769546,29.95133874735292,-20.40967940837098,3.22351542,1.626820866,366,"96.3",24,"95.5",2051,"6.1",823187,543877,664774,669397,670623,665161,666211,662139,701358,"54.42",0.24,0.335,"0",1,0,0,5,32,6,"4-Seam Fastball",1,0,1,0,0,1,1,0,"Infield shade","Standard",233,"-0.032","-0.312","70.1","7.4",,0.559,"0.312","96.3",1,1,0.692,0.692,28,27,28,28,2,2,,,,,"1.6","0.9","-0.9",,1.9357543880764554,8.58777521478746,31.043122023293108,39.17214356432248,27.484094562995338
"FF","2026-08-12","95.9","-2.62","5.16","Imai, Tatsuya",808982,837227,,"called_strike",,,,,1,,"R","L","R","SF","HOU","S",,,3,1,2026,"-0.86","0.79",-0.697909308488882,3.2895689523785756,,,701852,1,4,"Bot",,,,,,,6.978860523861876,-139.58266693956918,-1.0533005142525633,-12.686839789469467,28.18872002961763,-21.728547033791255,3.22351542,1.626820866,,,,"96.2",1989,"6.2",823187,543877,664774,669397,670623,665161,666211,662139,701358,"54.28",,,,,,,,32,5,"4-Seam Fastball",1,0,1,0,0,1,1,0,"Standard","Standard",241,"-0.009","-0.094",,,,,"0.094",,1,1,0.701,0.701,28,27,28,28,2,2,,,,,"1.67","0.86","-0.86",,,,,,
"FF","2026-08-12","95.1","-2.56","5.21","Imai, Tatsuya",808982,837227,,"ball",,,,,11,,"R","L","R","SF","HOU","B",,,2,1,2026,"-0.91","0.85",-0.7034729559628973,3.88074624151454,,,701852,1,4,"Bot",,,,,,,6.846648428608913,-138.4599282529366,0.3330665411862852,-13.161417912738708,28.278385610575558,-21.49000859489329,3.22351542,1.626820866,,,,"95.2",2065,"6.1",823187,543877,664774,669397,670623,665161,666211,662139,701358,"54.4",,,,,,,,32,4,"4-Seam Fastball",1,0,1,0,0,1,1,0,"Standard","Standard",233,"0.011","0.096",,,,,"-0.096",,1,1,0.69,0.69,28,27,28,28,2,2,,,,,"1.65","0.91","-0.91",,,,,,
"CH","2026-08-12","88.2","-2.42","5.37","Imai, Tatsuya",808982,837227,,"ball",,,,,13,,"R","L","R","SF","HOU","B",,,1,1,2026,"-1.13","0.89",-1.2010276886627214,1.916016027972948,,,701852,1,4,"Bot",,,,,,,5.279198836966643,-128.36222954420302,-4.010838121852927,-13.598677935752882,24.280623086466793,-21.65203372081303,3.22351542,1.626820866,,,,"88",1999,"6",823187,543877,664774,669397,670623,665161,666211,662139,701358,"54.53",,,,,,,,32,3,"Changeup",1,0,1,0,0,1,1,0,"Standard","Standard",255,"0.004","0.064",,,,,"-0.064",,1,1,0.686,0.686,28,27,28,28,2,2,,,,,"2.02","1.13","-1.13",,,,,,
"FF","2026-08-12","95","-2.51","5.28","Imai, Tatsuya",808982,837227,,"ball",,,,,11,,"R","L","R","SF","HOU","B",,,0,1,2026,"-0.97","0.87",-0.2563794634464901,4.032431409253144,,,701852,1,4,"Bot",,,,,,,8.00924173129364,-138.26624123702194,0.4690701998257203,-14.143503832206179,26.64254429009169,-21.228893487792963,3.22351542,1.626820866,,,,"95.3",2028,"6.1",823187,543877,664774,669397,670623,665161,666211,662139,701358,"54.36",,,,,,,,32,2,"4-Seam Fastball",1,0,1,0,0,1,1,0,"Standard","Standard",229,"0.003","0.028",,,,,"-0.028",,1,1,0.683,0.683,28,27,28,28,2,2,,,,,"1.63","0.97","-0.97",,,,,,
"FF","2026-08-12","94.2","-2.48","5.4","Imai, Tatsuya",808982,837227,,"called_strike",,,,,3,,"R","L","R","SF","HOU","S",,,0,0,2026,"-0.78","0.87",0.5379932677597411,3.2712073128603607,,,701852,1,4,"Bot",,,,,,,9.453112176146906,-136.9786874936062,-1.6940518390104895,-11.668261372742531,25.967738820084953,-20.897844904502698,3.22351542,1.626820866,,,,"94.4",2045,"6.1",823187,543877,664774,669397,670623,665161,666211,662139,701358,"54.37",,,,,,,,32,1,"4-Seam Fastball",1,0,1,0,0,1,1,0,"Standard","Standard",235,"-0.004","-0.04",,,,,"0.04",,1,1,0.687,0.687,28,27,28,28,2,2,,,,,"1.67","0.78","-0.78",,,,,,
"FF","2026-08-12","93.3","-2.37","5.37","Imai, Tatsuya",683766,837227,"strikeout","called_strike",,,,,5,"Christian Koss called out on strikes.","R","R","R","SF","HOU","S",2,,1,2,2026,"-1.06","1.03",0.21925864576013931,2.513459932226769,,,701852,0,4,"Bot",,,,,,,8.881526386276459,-135.61436975813592,-3.7202714728308464,-14.906756113437794,27.28780046739393,-18.806085189987495,3.254232283,1.642322835,,,,"93.1",2085,"6.1",823187,543877,664774,669397,670623,665161,666211,662139,701358,"54.42",,0,"0",1,0,0,,31,4,"4-Seam Fastball",1,0,1,0,0,1,1,0,"Standard","Standard",235,"-0.022","-0.177",,,,,"0.177",,1,1,0.709,0.709,28,28,28,28,2,1,,,,,"1.58","1.06","1.06",,,,,,
"FF","2026-08-12","93.9","-2.64","5.19","Imai, Tatsuya",683766,837227,,"foul_tip",,,,,1,,"R","R","R","SF","HOU","S",,,1,1,2026,"-0.93","0.87",-0.5516083488401705,3.0177604566582654,,,701852,0,4,"Bot",,,,,,,7.385618049300255,-136.71888415744436,-1.725862292924842,-13.18617946384748,27.086430064918748,-21.072306234366923,3.254232283,1.642322835,,,,"94",1970,"6.1",823187,543877,664774,669397,670623,665161,666211,662139,701358,"54.39",,,,,,,,31,3,"4-Seam Fastball",1,0,1,0,0,1,1,0,"Standard","Standard",232,"-0.007","-0.055","69.3","5.8",,,"0.055",,1,1,0.716,0.716,28,28,28,28,2,1,,,,,"1.7","0.93","0.93",,-2.4844597170698473,23.663408837517434,24.760161826297843,30.26389574883136,18.991213433119764
"FF","2026-08-12","93.3","-2.41","5.2","Imai, Tatsuya",683766,837227,,"swinging_strike",,,,,1,,"R","R","R","SF","HOU","S",,,1,0,2026,"-0.85","0.85",-0.6901521888815981,2.9520909750691935,,,701852,0,4,"Bot",,,,,,,6.226908820793042,-135.9241277595501,-1.8226256332491235,-11.82532223527478,26.51097621855225,-21.322131871381018,3.254232283,1.642322835,,,,"93.4",1952,"6",823187,543877,664774,669397,670623,665161,666211,662139,701358,"54.47",,,,,,,,31,2,"4-Seam Fastball",1,0,1,0,0,1,1,0,"Standard","Standard",228,"-0.007","-0.055","68.7","6.3","0.1",,"0.055",,1,1,0.723,0.723,28,28,28,28,2,1,,,,,"1.73","0.85","0.85",,4.704308379195282,8.717514028015819,30.85723788352194,28.504071354106742,22.35770425873182
"FF","2026-08-12","93.2","-2.19","5.18","Imai, Tatsuya",683766,837227,,"ball",,,,,14,,"R","R","R","SF","HOU","B",,,0,0,2026,"-1.04","0.93",2.158264095777864,1.1339613883473758,,,701852,0,4,"Bot",,,,,,,13.2491934699389,-135.03493696471946,-6.473792788009577,-15.315864262113639,25.35106598337221,-19.533027082070024,3.254232283,1.642322835,,,,"93.2",1966,"6.2",823187,543877,664774,669397,670623,665161,666211,662139,701358,"54.29",,,,,,,,31,1,"4-Seam Fastball",1,0,1,0,0,1,1,0,"Standard","Standard",231,"0.005","0.038",,,,,"-0.038",,1,1,0.718,0.718,28,28,28,28,2,1,,,,,"1.69","1.04","1.04",,,,,,
"SL","2026-08-12","85.5","-2.4","5.52","Imai, Tatsuya",701852,837227,"single","hit_into_play",,,,,4,"Drew Cavanaugh singles on a sharp line drive to center fielder Daulton Varsho.","R","L","R","SF","HOU","X",8,"line_drive",0,0,2026,"-0.36","0.2",-0.6153763693878709,2.5386183524462185,,,,0,4,"Bot",99.29,75.16,,,,,4.843362945275114,-124.54634727646508,-1.010059654948782,-4.701949976172617,23.204720774669386,-30.109792036541176,3.203330053,1.616633858,222,"104.2",11,"84.9",2285,"5.7",823187,543877,664774,669397,670623,665161,666211,662139,701358,"54.8",0.929,0.911,"0.9",1,1,0,4,30,1,"Slider",1,0,1,0,0,1,1,0,"Standard","Standard",259,"0.033","0.448","72.0","6.6",,1.174,"-0.448","104.2",1,1,0.685,0.685,28,24,28,24,2,1,,,,,"2.89","0.36","-0.36",,10.36565807263331,13.430725516861598,36.47097670452212,43.71272787011927,21.938078866222828
"FF","2026-08-12","92.4","-2.25","5.45","Imai, Tatsuya",678545,837227,"field_out","hit_into_play",,,,,2,"Osleivis Basabe flies out to left fielder Taylor Trammell.","R","R","R","SF","HOU","X",7,"fly_ball",0,1,2026,"-1.04","0.81",-0.1305412950343079,3.048048889490568,,,,2,3,"Bot",48.99,76.93,,,,,7.569269743533124,-134.41678090983714,-1.8924573725515392,-14.315194550837877,30.208352133409196,-22.14714874529522,3.18402231,1.606889764,355,"99",39,"91.4",1826,"5.8",823187,543877,664774,669397,670623,665161,666211,662139,701358,"54.73",0.134,0.249,"0",1,0,0,3,25,2,"4-Seam Fastball",1,0,1,0,0,1,1,0,"Standard","Standard",235,"-0.009","-0.215","78.1","7.8",,0.487,"0.215","99.0",1,1,0.632,0.632,28,25,28,26,1,1,,,,,"1.87","1.04","1.04",,19.797521220919855,-16.326975775737893,17.182872069702388,36.36336066115785,34.75643138685961
"FF","2026-08-12","94.4","-2.31","5.43","Imai, Tatsuya",678545,837227,,"foul",,,,,11,,"R","R","R","SF","HOU","S",,,0,0,2026,"-0.88","0.97",-0.13094869135769316,3.3168839424601124,,,,2,3,"Bot",,,,,,,7.503508967278815,-137.29254764537697,-1.8219727434129553,-12.817417632727551,30.83231967761358,-19.670106478395052,3.18402231,1.606889764,244,"77.5",42,"93.5",2062,"5.8",823187,543877,664774,669397,670623,665161,666211,662139,701358,"54.69",,,,,,,,25,1,"4-Seam Fastball",1,0,1,0,0,1,1,0,"Standard","Standard",233,"-0.001","-0.043","59.5","6.0",,,"0.043","88.0",1,1,0.633,0.633,28,25,28,26,1,1,,,,,"1.59","0.88","0.88",,-1.4103033730635635,31.93730997355578,24.15177214664994,37.31979768151756,11.273587555182925
"FF","2026-08-12","91.8","-2.56","5.4","Imai, Tatsuya",687551,837227,"field_out","hit_into_play",,,,,4,"Drew Gilbert grounds out, pitcher Tatsuya Imai to first baseman LaMonte Wade Jr.","R","L","R","SF","HOU","X",1,"ground_ball",0,0,2026,"-1.04","0.69",-0.4155708396448383,2.110078506283804,,,,1,3,"Bot",133.74,189.87,,,,,7.546597090942277,-133.58253112766732,-3.814820679880004,-14.010895028831285,24.60007629161883,-23.317824113598988,3.059399606,1.543996063,1,"62",-63,"91.2",1808,"5.6",823187,543877,664774,669397,670623,665161,666211,662139,701358,"54.9",0.276,0.248,"0",1,0,0,2,24,1,"4-Seam Fastball",1,0,1,0,0,1,1,0,"Standard","Standard",240,"-0.015","-0.262","72.3","7.3",,0.277,"0.262","88.0",1,1,0.648,0.648,28,25,28,26,1,1,,,,,"1.99","1.04","-1.04",,-2.2554214628539513,10.711484871788816,27.073248848457883,43.313382820917845,18.89953623315965
"SL","2026-08-12","84.7","-2.42","5.78","Imai, Tatsuya",682674,837227,"strikeout","swinging_strike",,,,,13,"Victor Bericoto strikes out swinging.","R","R","R","SF","HOU","S",2,,1,2,2026,"-0.89","-0.18",-1.6080891157894328,1.449848053086603,,,,0,3,"Bot",,,,,,,3.6132765581190434,-123.21002779559998,-3.0804730088835033,-9.794305614930046,26.52244752082995,-33.53816204248113,3.255987533,1.643208661,,,,"83.1",2080,"5.4",823187,543877,664774,669397,670623,665161,666211,662139,701358,"55.08",,0,"0",1,0,0,,23,5,"Slider",1,0,1,0,0,1,1,0,"Standard","Standard",268,"-0.015","-0.185","76.8","8.4","6.156090492",,"0.185",,1,1,0.663,0.663,28,24,28,25,1,1,,,,,"3.38","0.89","0.89",,32.51884619016401,-46.17451276621333,48.85252394065295,12.220410121172304,57.344113052647685
"SL","2026-08-12","85.2","-2.36","5.61","Imai, Tatsuya",682674,837227,,"foul",,,,,4,,"R","R","R","SF","HOU","S",,,1,2,2026,"-0.68","0.06",-0.4324668988937507,2.296480322051955,,,,0,3,"Bot",,,,,,,5.779379837557073,-124.04850225846123,-1.485678358056427,-8.056777871941541,20.95079677405989,-31.5146629666011,3.255987533,1.643208661,192,"87.6",17,"84.8",2335,"5.6",823187,543877,664774,669397,670623,665161,666211,662139,701358,"54.87",,,,,,,,23,4,"Slider",1,0,1,0,0,1,1,0,"Standard","Standard",270,"0","0","78.9","8.2",,,"0","88.0",1,1,0.663,0.663,28,24,28,25,1,1,,,,,"3.04","0.68","0.68",,22.51694407350509,-28.80921543716496,35.07188298300409,25.908445002374286,48.51129130380288
"SL","2026-08-12","84.5","-2.41","5.76","Imai, Tatsuya",682674,837227,,"ball",,,,,12,,"R","R","R","SF","HOU","B",,,0,2,2026,"-0.32","-0.09",1.2054075718089978,3.2842396896899215,,,,0,3,"Bot",,,,,,,8.833418094763433,-122.9061617529206,0.8204952024286087,-4.7182884939225325,19.598553879461054,-33.402856955172574,3.255987533,1.643208661,,,,"84",2201,"5.6",823187,543877,664774,669397,670623,665161,666211,662139,701358,"54.93",,,,,,,,23,3,"Slider",1,0,1,0,0,1,1,0,"Standard","Standard",229,"0.002","0.021",,,,,"-0.021",,1,1,0.661,0.661,28,24,28,25,1,1,,,,,"3.23","0.32","0.32",,,,,,
"FF","2026-08-12","91.5","-2.43","5.39","Imai, Tatsuya",682674,837227,,"foul",,,,,12,,"R","R","R","SF","HOU","S",,,0,1,2026,"-1.29","0.72",0.08948811251559063,3.470801360531484,,,,0,3,"Bot",,,,,,,9.014456584345904,-133.0705489995626,-0.37644064733558324,-17.26127997145807,27.824558739485063,-23.780204095783446,3.255987533,1.643208661,,,,"90.7",2002,"5.8",823187,543877,664774,669397,670623,665161,666211,662139,701358,"54.74",,,,,,,,23,2,"4-Seam Fastball",1,0,1,0,0,1,1,0,"Standard","Standard",238,"-0.005","-0.054","77.3","7.8",,,"0.054",,1,1,0.666,0.666,28,24,28,25,1,1,,,,,"2","1.29","1.29",,25.118385863671087,-12.917363163440223,22.019045355423604,34.44829339369622,35.844789652954006
"FF","2026-08-12","92.1","-2.62","5.49","Imai, Tatsuya",682674,837227,,"swinging_strike",,,,,12,,"R","R","R","SF","HOU","S",,,0,0,2026,"-1.03","0.84",0.29108897755541596,3.966695079112098,,,,0,3,"Bot",,,,,,,9.44549770830089,-133.75169659403397,0.27318613024759053,-14.41547348914062,29.045006471122708,-22.378668628874948,3.255987533,1.643208661,,,,"91",1895,"5.8",823187,543877,664774,669397,670623,665161,666211,662139,701358,"54.74",,,,,,,,23,1,"4-Seam Fastball",1,0,1,0,0,1,1,0,"Standard","Standard",232,"-0.003","-0.042","76.0","7.3","0.212015604",,"0.042",,1,1,0.669,0.669,28,24,28,25,1,1,,,,,"1.86","1.03","1.03",,16.143718824905054,10.477980139602227,22.21294190794121,37.49627433480235,23.43490043536116
"SL","2026-08-12","88.1","-2.23","5.5","Imai, Tatsuya",646240,837227,"field_out","hit_into_play",,,,,13,"Rafael Devers grounds out, second baseman Nick Allen to first baseman LaMonte Wade Jr.","R","L","R","SF","HOU","X",4,"ground_ball",2,2,2026,"-0.12","-0.16",-0.22879588136829399,1.4520512162768777,701852,683766,805811,2,2,"Bot",144.71,154.22,,,,,4.993012207368729,-128.4190164157754,-3.243976176010656,-2.198039804647452,22.954231601361617,-33.55171227251243,3.217372047,1.623720472,104,"109",6,"87.7",2288,"5.6",823187,543877,664774,669397,670623,665161,666211,662139,701358,"54.86",0.669,0.648,"0",1,0,0,4,19,6,"Slider",1,0,1,0,0,1,1,0,"Infield shade","Standard",288,"-0.055","-0.206","78.8","7.9",,0.802,"0.206","109.0",1,1,0.667,0.667,28,29,28,30,1,1,,,,,"3.05","0.12","-0.12",,8.902957769819269,-0.7718073471287386,32.970413049924154,35.421533870608116,33.3404478249291
"FF","2026-08-12","96.1","-2.31","5.27","Imai, Tatsuya",646240,837227,,"ball",,,,,12,,"R","L","R","SF","HOU","B",,,1,2,2026,"-0.94","0.96",0.8919767044865841,3.1784054440053033,701852,683766,805811,2,2,"Bot",,,,,,,10.485255213750696,-139.55461744725432,-1.9643030111380133,-14.686309992189912,31.69590030068249,-19.416705464085837,3.217372047,1.623720472,,,,"95.6",2049,"6.1",823187,543877,664774,669397,670623,665161,666211,662139,701358,"54.36",,,,,,,,19,5,"4-Seam Fastball",1,0,1,0,0,1,1,0,"Infield shade","Standard",232,"0.01","0.041",,,,,"-0.041",,1,1,0.657,0.657,28,29,28,30,1,1,,,,,"1.52","0.94","-0.94",,,,,,
"FF","2026-08-12","97.3","-2.24","5.22","Imai, Tatsuya",646240,837227,,"foul",,,,,5,,"R","L","R","SF","HOU","S",,,1,2,2026,"-0.82","0.8",0.25937837482397375,2.5711326181932863,701852,683766,805811,2,2,"Bot",,,,,,,8.50515549143964,-141.5368029436267,-3.2542032711211206,-12.972926018525621,31.332026169864847,-20.86972624895143,3.217372047,1.623720472,249,"82.8",49,"97.2",1880,"6.2",823187,543877,664774,669397,670623,665161,666211,662139,701358,"54.34",,,,,,,,19,4,"4-Seam Fastball",1,0,1,0,0,1,1,0,"Infield shade","Standard",235,"0","0","67.9","6.7",,,"0","88.0",1,1,0.657,0.657,28,29,28,30,1,1,,,,,"1.6","0.82","-0.82",,3.5263578774197764,23.620427759830566,35.02507478226769,30.111374783932433,20.686103052286327
"SL","2026-08-12","88.2","-2.32","5.49","Imai, Tatsuya",646240,837227,,"called_strike",,,,,7,,"R","L","R","SF","HOU","S",,,1,1,2026,"-0.06","-0.2",-0.6324783215459588,1.597890332087172,701852,683766,805811,2,2,"Bot",,,,,,,4.1335231595073685,-128.45484848743817,-2.741416103300976,-1.5154152934460874,25.775250671455392,-34.07169971151501,3.217372047,1.623720472,,,,"87.5",2402,"5.7",823187,543877,664774,669397,670623,665161,666211,662139,701358,"54.75",,,,,,,,19,3,"Slider",1,0,1,0,0,1,1,0,"Infield shade","Standard",290,"-0.017","-0.063",,,,,"0.063",,1,1,0.674,0.674,28,29,28,30,1,1,,,,,"3.12","0.06","-0.06",,,,,,
"FF","2026-08-12","95.8","-2.34","5.42","Imai, Tatsuya",646240,837227,,"ball",,,,,11,,"R","L","R","SF","HOU","B",,,0,1,2026,"-0.94","0.89",-0.3385432389874665,3.668081597055746,701852,683766,805811,2,2,"Bot",,,,,,,7.298514221964016,-139.3029568161073,-0.8874231327732802,-13.884077385623575,31.65912705022835,-20.57890510354468,3.217372047,1.623720472,,,,"94.9",1925,"5.8",823187,543877,664774,669397,670623,665161,666211,662139,701358,"54.67",,,,,,,,19,2,"4-Seam Fastball",1,0,1,0,0,1,1,0,"Infield shade","Standard",232,"0.007","0.021",,,,,"-0.021",,1,1,0.667,0.667,28,29,28,30,1,1,,,,,"1.6","0.94","-0.94",,,,,,
"FF","2026-08-12","95.9","-2.62","5.26","Imai, Tatsuya",646240,837227,,"called_strike",,,,,2,,"R","L","R","SF","HOU","S",,,0,0,2026,"-0.92","0.81",0.1853955937446038,3.3349630670219543,701852,683766,805811,2,2,"Bot",,,,,,,9.380605582445982,-139.30730437886754,-1.1726612751953087,-14.071783202175965,31.91879148645884,-21.538840292469036,3.217372047,1.623720472,,,,"95.3",1963,"6.1",823187,543877,664774,669397,670623,665161,666211,662139,701358,"54.42",,,,,,,,19,1,"4-Seam Fastball",1,0,1,0,0,1,1,0,"Infield shade","Standard",232,"-0.01","-0.04",,,,,"0.04",,1,1,0.677,0.677,28,29,28,30,1,1,,,,,"1.68","0.92","-0.92",,,,,,
"SL","2026-08-12","86.1","-2.29","5.53","Imai, Tatsuya",805811,837227,"walk","ball",,,,,11,"Bryce Eldridge walks. Drew Cavanaugh to 3rd. Christian Koss to 2nd.","R","L","R","SF","HOU","B",,,3,1,2026,"-0.12","0.06",-0.9942665166692595,2.9146115596845434,,701852,683766,2,2,"Bot",,,,,,,3.243205440242095,-125.42425177440833,0.07307362608879986,-1.955671751796884,25.148696152184964,-31.802777058403905,3.541215551,1.787155512,,,,"85.1",2285,"5.5",823187,543877,664774,669397,670623,665161,666211,662139,701358,"54.97",,0.697886,"0.7",1,0,0,,18,5,"Slider",1,0,1,0,0,1,1,0,"Standard","Standard",339,"0.016","0.106",,,,,"-0.106",,1,1,0.661,0.661,28,21,28,22,1,1,,,,,"3.01","0.12","-0.12",,,,,,
"SL","2026-08-12","87.6","-2.23","5.53","Imai, Tatsuya",805811,837227,,"ball",,,,,13,,"R","L","R","SF","HOU","B",,,2,1,2026,"-0.55","-0.42",-0.9514280983780943,1.1722326466708588,,701852,683766,2,2,"Bot",,,,,,,4.1388783404777625,-127.6136785106943,-3.269060548596662,-6.865677413839953,25.516496013801216,-36.370631519650836,3.541215551,1.787155512,,,,"86.7",2284,"5.6",823187,543877,664774,669397,670623,665161,666211,662139,701358,"54.92",,,,,,,,18,4,"Slider",1,0,1,0,0,1,1,0,"Standard","Standard",263,"0.007","0.057",,,,,"-0.057",,1,1,0.654,0.654,28,21,28,22,1,1,,,,,"3.38","0.55","-0.55",,,,,,
"SL","2026-08-12","85.9","-2.21","5.57","Imai, Tatsuya",805811,837227,,"swinging_strike",,,,,6,,"R","L","R","SF","HOU","S",,,2,0,2026,"-0.41","-0.07",0.3717377273435919,2.8600162553797595,,701852,683766,2,2,"Bot",,,,,,,6.803673629471645,-124.92195800009974,0.15479885906641266,-5.659978262420352,24.282975215533522,-33.13019014452467,3.541215551,1.787155512,,,,"85.1",2320,"5.7",823187,543877,664774,669397,670623,665161,666211,662139,701358,"54.78",,,,,,,,18,3,"Slider",1,0,1,0,0,1,1,0,"Standard","Standard",327,"-0.005","-0.043","80.3","8.2","2.603589648",,"0.043",,1,1,0.659,0.659,28,21,28,22,1,1,,,,,"3.15","0.41","-0.41",,26.81689732241823,-31.098627976834837,29.285890621784983,32.404688280505844,46.63412363447375
"SL","2026-08-12","86.7","-2.29","5.43","Imai, Tatsuya",805811,837227,,"ball",,,,,11,,"R","L","R","SF","HOU","B",,,1,0,2026,"-0.23","0.29",-1.5126423225625254,3.6998820346666172,,701852,683766,2,2,"Bot",,,,,,,2.286261640332071,-126.34419559606022,1.5525602002128442,-2.9180191848479966,24.80978849678563,-29.540783913819023,3.541215551,1.787155512,,,,"86",2341,"5.7",823187,543877,664774,669397,670623,665161,666211,662139,701358,"54.8",,,,,,,,18,2,"Slider",1,0,1,0,0,1,1,0,"Standard","Standard",322,"0.005","0.034",,,,,"-0.034",,1,1,0.654,0.654,28,21,28,22,1,1,,,,,"2.72","0.23","-0.23",,,,,,
"FF","2026-08-12","97.7","-2.13","5.27","Imai, Tatsuya",805811,837227,,"ball",,,,,11,,"R","L","R","SF","HOU","B",,,0,0,2026,"-0.93","0.91",-0.729056165779292,4.4802390874125315,,701852,683766,2,2,"Bot",,,,,,,5.868424917369713,-142.2598919711996,1.3122277313632917,-13.902182612515047,29.906861500086407,-20.154217778012946,3.541215551,1.787155512,,,,"97.9",2087,"6.2",823187,543877,664774,669397,670623,665161,666211,662139,701358,"54.34",,,,,,,,18,1,"4-Seam Fastball",1,0,1,0,0,1,1,0,"Standard","Standard",228,"0.003","0.025",,,,,"-0.025",,1,1,0.651,0.651,28,21,28,22,1,1,,,,,"1.45","0.93","-0.93",,,,,,
"FF","2026-08-12","96","-2.2","5.24","Imai, Tatsuya",642715,837227,"field_out","hit_into_play",,,,,11,"Willy Adames pops out to shortstop Jeremy Peña on the infield fly rule.","R","R","R","SF","HOU","X",6,"popup",3,1,2026,"-1.01","0.79",-0.9301106606287911,2.954772885127102,,701852,683766,1,2,"Bot",91.51,148.14,,,,,5.61702348787726,-139.84967515427977,-2.135844511935988,-14.509126132734815,29.15313502089557,-21.46947350747487,3.22351542,1.626820866,163,"71.5",61,"95.9",2023,"6",823187,543877,664774,669397,670623,665161,666211,662139,701358,"54.5",0.009,0.009,"0",1,0,0,3,17,5,"4-Seam Fastball",1,0,1,0,0,1,1,0,"Infield shade","Standard",238,"-0.059","-0.402","71.3","7.9",,0.014,"0.402","88.0",1,1,0.71,0.71,28,30,28,31,1,1,,,,,"1.66","1.01","1.01",,9.315991671675242,-13.155804012453823,34.92815147058604,26.458625711974392,31.44848564366962
"FF","2026-08-12","95.2","-2.32","5.23","Imai, Tatsuya",642715,837227,,"called_strike",,,,,4,,"R","R","R","SF","HOU","S",,,3,0,2026,"-1.02","0.89",-0.5777314354250356,2.6114376192173014,,701852,683766,1,2,"Bot",,,,,,,6.778606403503139,-138.50966938103767,-3.0408419140964607,-14.61111303703673,31.56489251229097,-20.29626702402302,3.22351542,1.626820866,,,,"94.5",2058,"5.9",823187,543877,664774,669397,670623,665161,666211,662139,701358,"54.55",,,,,,,,17,4,"4-Seam Fastball",1,0,1,0,0,1,1,0,"Infield shade","Standard",241,"-0.011","-0.072",,,,,"0.072",,1,1,0.721,0.721,28,30,28,31,1,1,,,,,"1.63","1.02","1.02",,,,,,
"FF","2026-08-12","96.2","-2.31","5.22","Imai, Tatsuya",642715,837227,,"ball",,,,,14,,"R","R","R","SF","HOU","B",,,2,0,2026,"-0.88","1.05",1.0243028760281463,2.383889812849967,,701852,683766,1,2,"Bot",,,,,,,10.693873520117398,-139.80331268677966,-4.161104557159203,-13.863611487676277,28.699203582375677,-17.636794361039435,3.22351542,1.626820866,,,,"95.9",1984,"6",823187,543877,664774,669397,670623,665161,666211,662139,701358,"54.49",,,,,,,,17,3,"4-Seam Fastball",1,0,1,0,0,1,1,0,"Infield shade","Standard",231,"0.016","0.122",,,,,"-0.122",,1,1,0.705,0.705,28,30,28,31,1,1,,,,,"1.4","0.88","0.88",,,,,,
"FF","2026-08-12","97.2","-2.27","5.2","Imai, Tatsuya",642715,837227,,"ball",,,,,14,,"R","R","R","SF","HOU","B",,,1,0,2026,"-1.14","0.83",0.660306589733394,1.0703609237877103,,701852,683766,1,2,"Bot",,,,,,,10.342286150923048,-141.1107309671252,-7.1863120741231965,-17.615076733371723,31.87359935938637,-19.531150274762517,3.22351542,1.626820866,,,,"96.6",2063,"6.1",823187,543877,664774,669397,670623,665161,666211,662139,701358,"54.44",,,,,,,,17,2,"4-Seam Fastball",1,0,1,0,0,1,1,0,"Infield shade","Standard",226,"0.01","0.073",,,,,"-0.073",,1,1,0.695,0.695,28,30,28,31,1,1,,,,,"1.59","1.14","1.14",,,,,,
"SL","2026-08-12","88.1","-2.1","5.58","Imai, Tatsuya",642715,837227,,"ball",,,,,14,,"R","R","R","SF","HOU","B",,,0,0,2026,"-0.56","-0.37",0.4315839566494637,0.853007018447133,,701852,683766,1,2,"Bot",,,,,,,7.170276931025763,-128.1927822442623,-4.389519412683303,-7.517956506732461,23.057732067638536,-35.70596145845871,3.22351542,1.626820866,,,,"87.6",2326,"5.7",823187,543877,664774,669397,670623,665161,666211,662139,701358,"54.79",,,,,,,,17,1,"Slider",1,0,1,0,0,1,1,0,"Standard","Standard",270,"0.005","0.039",,,,,"-0.039",,1,1,0.69,0.69,28,30,28,31,1,1,,,,,"3.28","0.56","0.56",,,,,,
"SL","2026-08-12","88.1","-2.12","5.56","Imai, Tatsuya",808982,837227,"field_out","hit_into_play",,,,,13,"Jung Hoo Lee pops out to shortstop Jeremy Peña on the infield fly rule.","R","L","R","SF","HOU","X",6,"popup",1,2,2026,"-0.41","-0.01",-0.2166007292744026,1.2764488046954532,,701852,683766,0,2,"Bot",107.29,126.46,,,,,5.35586095701653,-128.26736572711374,-4.069168376228086,-5.524266502765355,24.143108461537643,-31.677169111139804,3.22351542,1.626820866,190,"72.6",54,"87.6",2353,"5.7",823187,543877,664774,669397,670623,665161,666211,662139,701358,"54.76",0.109,0.115,"0",1,0,0,3,16,5,"Slider",1,0,1,0,0,1,1,0,"Standard","Standard",295,"-0.03","-0.173","63.3","8.8",,0.145,"0.173","88.0",1,1,0.72,0.72,28,27,28,28,1,1,,,,,"2.92","0.41","-0.41",,10.320395563512184,-23.609338603410816,42.633581584323856,31.082943554282664,35.431261866550315
"FF","2026-08-12","96.5","-2.28","5.36","Imai, Tatsuya",808982,837227,,"foul",,,,,11,,"R","L","R","SF","HOU","S",,,1,2,2026,"-1.02","0.75",-0.6600424633924649,3.480879842440035,,701852,683766,0,2,"Bot",,,,,,,6.571637652844956,-140.38742251447408,-1.0146553552740027,-14.992260626411273,32.05452458916674,-22.192087070292118,3.22351542,1.626820866,266,"87.8",23,"95.9",2083,"6",823187,543877,664774,669397,670623,665161,666211,662139,701358,"54.52",,,,,,,,16,4,"4-Seam Fastball",1,0,1,0,0,1,1,0,"Standard","Standard",222,"0","0","63.8","6.5",,,"0","88.0",1,1,0.72,0.72,28,27,28,28,1,1,,,,,"1.7","1.02","-1.02",,-9.572168003702522,18.63087155170206,30.563998037810556,36.44449507534566,16.879623567070404
"FF","2026-08-12","95.4","-2.32","5.35","Imai, Tatsuya",808982,837227,,"foul",,,,,2,,"R","L","R","SF","HOU","S",,,1,1,2026,"-0.7","1.03",0.05079504315702499,2.977373010890692,,701852,683766,0,2,"Bot",,,,,,,7.681680284342539,-138.91536137587488,-2.8369180023385345,-10.619361960513313,27.368078304644836,-18.28693645160882,3.22351542,1.626820866,166,"74.6",61,"95.1",2032,"5.8",823187,543877,664774,669397,670623,665161,666211,662139,701358,"54.67",,,,,,,,16,3,"4-Seam Fastball",1,0,1,0,0,1,1,0,"Standard","Standard",233,"-0.011","-0.08","68.5","7.1",,,"0.08","88.0",1,1,0.731,0.731,28,27,28,28,1,1,,,,,"1.44","0.7","-0.7",,8.703558605914479,4.878401939970738,36.217187977951575,28.097778412160217,26.284880759517513
"FF","2026-08-12","95.7","-2.41","5.47","Imai, Tatsuya",808982,837227,,"ball",,,,,11,,"R","L","R","SF","HOU","B",,,0,1,2026,"-0.57","0.98",-1.2832103995424546,4.816541628880879,,701852,683766,0,2,"Bot",,,,,,,4.20055662568549,-139.36122929128157,1.6983132669794005,-8.393598834374787,29.722632474781804,-19.888684729779172,3.22351542,1.626820866,,,,"94.9",2070,"5.7",823187,543877,664774,669397,670623,665161,666211,662139,701358,"54.83",,,,,,,,16,2,"4-Seam Fastball",1,0,1,0,0,1,1,0,"Standard","Standard",227,"0.004","0.052",,,,,"-0.052",,1,1,0.727,0.727,28,27,28,28,1,1,,,,,"1.49","0.57","-0.57",,,,,,
"FF","2026-08-12","94.4","-2.39","5.44","Imai, Tatsuya",808982,837227,,"foul",,,,,1,,"R","L","R","SF","HOU","S",,,0,0,2026,"-1.13","0.92",-0.5818186113106127,2.923610979477488,,701852,683766,0,2,"Bot",,,,,,,7.112362673605896,-137.35807497838752,-2.7399435433620023,-15.891585145420589,29.84304677286572,-20.08873762182439,3.22351542,1.626820866,219,"73.5",28,"93.3",2055,"5.6",823187,543877,664774,669397,670623,665161,666211,662139,701358,"54.91",,,,,,,,16,1,"4-Seam Fastball",1,0,1,0,0,1,1,0,"Strategic","Standard",228,"-0.006","-0.06","67.7","7.6",,,"0.06","88.0",1,1,0.733,0.733,28,27,28,28,1,1,,,,,"1.63","1.13","-1.13",,-0.1213521640757949,0.5534685750145146,38.309162698522016,35.70117868114449,25.474260258743048
"SL","2026-08-12","85.4","-2.18","5.76","Imai, Tatsuya",683766,837227,"single","hit_into_play",,,,,5,"Christian Koss singles on a line drive to left fielder Taylor Trammell. Drew Cavanaugh to 2nd.","R","R","R","SF","HOU","X",7,"line_drive",0,1,2026,"-0.26","0.32",-0.06023981817109464,2.276596702824795,,,701852,0,2,"Bot",60.51,101.37,,,,,5.382692218669152,-124.34259887488398,-2.351072626498998,-3.7556480911683643,24.71146590781348,-28.575521172347976,3.254232283,1.642322835,226,"98.4",13,"84.5",2343,"5.7",823187,543877,664774,669397,670623,665161,666211,662139,701358,"54.84",0.94,0.897,"0.9",1,1,0,4,15,2,"Slider",1,0,1,0,0,1,1,0,"Standard","Standard",272,"0.05","0.508","70.9","7.1",,1.126,"-0.508","98.4",1,1,0.683,0.683,28,28,28,28,1,0,,,,,"2.8","0.26","0.26",,14.427486834431841,-6.4346871989480485,28.40091117929778,36.10104210354629,37.08070528022864
"SL","2026-08-12","85.4","-2.06","5.73","Imai, Tatsuya",683766,837227,,"foul",,,,,6,,"R","R","R","SF","HOU","S",,,0,0,2026,"-0.34","0.15",0.4322763456267565,2.2527130910200426,,,701852,0,2,"Bot",,,,,,,6.389211453014461,-124.36367188893377,-2.0119603662578336,-4.704496004146564,23.19230492996941,-30.4768813090003,3.254232283,1.642322835,275,"83.6",39,"84.6",2249,"5.5",823187,543877,664774,669397,670623,665161,666211,662139,701358,"54.96",,,,,,,,15,1,"Slider",1,0,1,0,0,1,1,0,"Standard","Standard",263,"-0.004","-0.041","64.5","6.8",,,"0.041","88.0",1,1,0.687,0.687,28,28,28,28,1,0,,,,,"2.96","0.34","0.34",,6.564383346166688,22.50519214034769,31.34406463785807,42.72754904973759,18.106833034992427
"SL","2026-08-12","86.1","-2.1","5.63","Imai, Tatsuya",701852,837227,"walk","blocked_ball",,,,,14,"Drew Cavanaugh walks.","R","L","R","SF","HOU","B",,,3,2,2026,"-0.17","-0.22",1.5659429917650356,0.0017584933665677482,,,,0,2,"Bot",,,,,,,8.82228167973172,-125.11811658464622,-6.376503378226806,-3.3565048551776306,21.982551403854284,-33.501771008469596,3.203330053,1.616633858,,,,"85.4",2374,"5.6",823187,543877,664774,669397,670623,665161,666211,662139,701358,"54.89",,0.697886,"0.7",1,0,0,,14,6,"Slider",1,0,1,0,0,1,1,0,"Infield shade","Standard",285,"0.026","0.367",,,,,"-0.367",,1,1,0.661,0.661,28,24,28,24,1,0,,,,,"3.27","0.17","-0.17",,,,,,
"FF","2026-08-12","93.1","-2.37","5.41","Imai, Tatsuya",701852,837227,,"foul",,,,,5,,"R","L","R","SF","HOU","S",,,3,1,2026,"-0.93","1.08",0.1559661198199529,2.680392219064937,,,,0,2,"Bot",,,,,,,8.337222457548965,-135.38360862143014,-3.4190556372181553,-13.275910388422151,29.751396421679644,-18.305548085328198,3.203330053,1.616633858,226,"71.1",36,"91.8",2012,"5.6",823187,543877,664774,669397,670623,665161,666211,662139,701358,"54.94",,,,,,,,14,5,"4-Seam Fastball",1,0,1,0,0,1,1,0,"Standard","Standard",235,"-0.007","-0.106","63.2","5.6",,,"0.106","88.0",1,1,0.668,0.668,28,24,28,24,1,0,,,,,"1.55","0.93","-0.93",,-15.13482393453105,13.675746921144963,45.68428384928588,34.26327614981862,16.480969415334144
"FF","2026-08-12","91.6","-2.29","5.49","Imai, Tatsuya",701852,837227,,"called_strike",,,,,2,,"R","L","R","SF","HOU","S",,,3,0,2026,"-0.94","0.86",-0.15735369333723304,2.9052534718001315,,,,0,2,"Bot",,,,,,,7.287132044171329,-133.24538037888493,-2.35404286586488,-12.780572222265825,27.369991860395544,-21.6479386301232,3.203330053,1.616633858,,,,"90.5",1938,"5.6",823187,543877,664774,669397,670623,665161,666211,662139,701358,"54.94",,,,,,,,14,4,"4-Seam Fastball",1,0,1,0,0,1,1,0,"Standard","Standard",237,"-0.007","-0.087",,,,,"0.087",,1,1,0.675,0.675,28,24,28,24,1,0,,,,,"1.85","0.94","-0.94",,,,,,
"SL","2026-08-12","83.6","-2.16","5.73","Imai, Tatsuya",701852,837227,,"ball",,,,,13,,"R","L","R","SF","HOU","B",,,2,0,2026,"-0.73","0.34",-1.1050005794990023,2.3355325112297227,,,,0,2,"Bot",,,,,,,3.7958008745571217,-121.76243341683488,-1.8401654281422322,-8.017776750947924,24.345786288107416,-28.656512647097625,3.203330053,1.616633858,,,,"82.2",2233,"5.3",823187,543877,664774,669397,670623,665161,666211,662139,701358,"55.15",,,,,,,,14,3,"Slider",1,0,1,0,0,1,1,0,"Standard","Standard",279,"0.01","0.15",,,,,"-0.15",,1,1,0.665,0.665,28,24,28,24,1,0,,,,,"2.92","0.73","-0.73",,,,,,
"FF","2026-08-12","91.7","-2.28","5.51","Imai, Tatsuya",701852,837227,,"ball",,,,,11,,"R","L","R","SF","HOU","B",,,1,0,2026,"-0.85","0.92",-0.06159096166464473,3.7711718588362837,,,,0,2,"Bot",,,,,,,7.28384453202026,-133.4229744570953,-0.46597990352418883,-11.644931983657901,26.474690752530982,-21.17445023975508,3.203330053,1.616633858,,,,"90.8",1919,"5.6",823187,543877,664774,669397,670623,665161,666211,662139,701358,"54.95",,,,,,,,14,2,"4-Seam Fastball",1,0,1,0,0,1,1,0,"Standard","Standard",237,"0.006","0.083",,,,,"-0.083",,1,1,0.659,0.659,28,24,28,24,1,0,,,,,"1.77","0.85","-0.85",,,,,,
"SL","2026-08-12","80.7","-2.49","5.79","Imai, Tatsuya",701852,837227,,"ball",,,,,11,,"R","L","R","SF","HOU","B",,,0,0,2026,"0.34","-0.1",-2.006554022626407,5.364436200769454,,,,0,2,"Bot",,,,,,,0.4161980788213689,-117.55966671683159,5.667894713134594,3.1235050240673714,15.850900821899925,-34.06985346593054,3.203330053,1.616633858,,,,"79.9",2182,"5",823187,543877,664774,669397,670623,665161,666211,662139,701358,"55.47",,,,,,,,14,1,"Slider",1,0,1,0,0,1,1,0,"Standard","Standard",354,"0.003","0.043",,,,,"-0.043",,1,1,0.656,0.656,28,24,28,24,1,0,,,,,"3.52","-0.34","0.34",,,,,,
"FF","2026-08-03","97.1","-2.35","5.11","Imai, Tatsuya",660821,837227,"strikeout","foul_tip",,,,,11,"Jesús Sánchez strikes out on a foul tip.","R","L","R","HOU","TOR","S",2,,0,2,2026,"-1","0.72",-0.6962608101368736,3.5006109979140163,,,,2,9,"Top",,,,,,,6.67895549377746,-141.22733904361883,-0.26829073941928927,-14.975104421530675,34.20171684902375,-22.75493254873098,3.334973753,1.683070866,,,,"96.5",1906,"6.1",824160,673237,572233,514888,670623,665161,701305,662139,701358,"54.37",,0,"0",1,0,0,,71,3,"4-Seam Fastball",1,3,3,1,3,1,3,1,"Infield shade","Standard",235,"0.003","-0.153","62.2","5.3",,,"0.153",,-2,2,0.092,0.908,28,28,28,29,1,3,7,3,,1,"1.71","1","-1","27.1",2.7795424898304235,36.84771819951153,15.601425386691261,42.81191243971311,13.6903253910963
"SL","2026-08-03","87.2","-2.34","5.4","Imai, Tatsuya",660821,837227,,"swinging_strike",,,,,4,,"R","L","R","HOU","TOR","S",,,0,1,2026,"-0.09","-0.09",-0.6054902243066778,2.8067117373474733,,,,2,9,"Top",,,,,,,4.265706492849603,-127.04182270118277,0.18761844201661626,-1.7020089853419444,21.965211768454466,-33.3743405413956,3.334973753,1.683070866,,,,"87",2294,"5.7",824160,673237,572233,514888,670623,665161,701305,662139,701358,"54.78",,,,,,,,71,2,"Slider",1,3,3,1,3,1,3,1,"Infield shade","Standard",290,"0.001","-0.061","69.9","5.9","0.649042356",,"0.061","88.0",-2,2,0.091,0.909,28,28,28,29,1,3,7,3,,1,"3.04","0.09","-0.09","29.3",-6.256730709688489,39.23187610694333,25.469139321794696,41.07072754468017,13.668206020179607
"FF","2026-08-03","96.5","-2.37","5.18","Imai, Tatsuya",660821,837227,,"foul",,,,,2,,"R","L","R","HOU","TOR","S",,,0,0,2026,"-0.85","1.11",0.24681039024768325,3.389895963834075,,,,2,9,"Top",,,,,,,8.79713349256708,-140.30988271005188,-1.59434436761943,-13.255596651081095,31.967147220127885,-17.36676192676216,3.334973753,1.683070866,218,"77.8",23,"96.1",2127,"6.1",824160,673237,572233,514888,670623,665161,701305,662139,701358,"54.36",,,,,,,,71,1,"4-Seam Fastball",1,3,3,1,3,1,3,1,"Standard","Standard",233,"0.001","-0.043","60.6","5.2",,,"0.043","88.0",-2,2,0.09,0.91,28,28,28,29,1,3,7,3,,1,"1.34","0.85","-0.85","26.8",-5.946824503744752,33.375544476314616,29.607110229302904,31.00627952887593,18.66998845379124
"SL","2026-08-03","88","-2.33","5.41","Imai, Tatsuya",672386,837227,"strikeout","swinging_strike",,,,,8,"Alejandro Kirk strikes out swinging.","R","R","R","HOU","TOR","S",2,,2,2,2026,"-0.08","0.09",-0.06900247896978004,1.871269887581139,,,,1,9,"Top",,,,,,,5.522487717322287,-127.87814034622268,-2.3068230252953694,-2.19026459915984,31.230443500065906,-30.889442992810295,3.010252625,1.519192913,,,,"86.6",2423,"5.9",824160,673237,572233,514888,670623,665161,701305,662139,701358,"54.63",,0,"0",1,0,0,,70,7,"Slider",1,3,3,1,3,1,3,1,"Standard","Standard",318,"0.005","-0.233","73.5","8.3","7.160299728",,"0.233",,-2,2,0.085,0.915,28,27,28,28,1,3,7,1,,1,"2.91","0.08","0.08","29.9",14.25366553829892,-46.06712247452667,16.320092704569436,38.186375862505614,57.27373326186262
"SL","2026-08-03","88.4","-2.23","5.51","Imai, Tatsuya",672386,837227,,"ball",,,,,14,,"R","R","R","HOU","TOR","B",,,1,2,2026,"-0.36","-0.31",0.6269571526934512,-0.3713684093152976,,,,1,9,"Top",,,,,,,7.547759750543271,-128.43315682337885,-7.18111914275243,-5.605328284837692,28.39619578751472,-34.19390100182427,3.010252625,1.519192913,,,,"87.4",2172,"5.9",824160,673237,572233,514888,670623,665161,701305,662139,701358,"54.61",,,,,,,,70,6,"Slider",1,3,3,1,3,1,3,1,"Standard","Standard",278,"-0.001","0.052",,,,,"-0.052",,-2,2,0.086,0.914,28,27,28,28,1,3,7,1,,1,"3.25","0.36","0.36","28.3",,,,,
"FF","2026-08-03","96.6","-2.27","5.15","Imai, Tatsuya",672386,837227,,"foul",,,,,1,,"R","R","R","HOU","TOR","S",,,1,2,2026,"-1.01","0.93",-0.3731226785045345,3.1142957383962986,,,,1,9,"Top",,,,,,,7.266980910533173,-140.4433498056122,-1.8233063373894598,-15.068602086492348,32.495717698667214,-19.633935116868464,3.010252625,1.519192913,177,"68.3",57,"95.8",1911,"6",824160,673237,572233,514888,670623,665161,701305,662139,701358,"54.55",,,,,,,,70,5,"4-Seam Fastball",1,3,3,1,3,1,3,1,"Standard","Standard",231,"0","0","68.8","6.1",,,"0","88.0",-2,2,0.086,0.914,28,27,28,28,1,3,7,1,,1,"1.52","1.01","1.01","28.3",0.66263509671303,21.46413366915356,12.257989998786353,35.17933368878507,23.192772461103466
"SL","2026-08-03","86.9","-2.11","5.54","Imai, Tatsuya",672386,837227,,"foul",,,,,14,,"R","R","R","HOU","TOR","S",,,1,2,2026,"-0.35","-0.18",0.17567205498985555,1.27502223092438,,,,1,9,"Top",,,,,,,6.050843024877624,-126.34748748102508,-3.331056552626375,-5.055202487277323,28.00098465343005,-33.60618328618697,3.010252625,1.519192913,105,"68.8",70,"85.6",2270,"5.7",824160,673237,572233,514888,670623,665161,701305,662139,701358,"54.82",,,,,,,,70,4,"Slider",1,3,3,1,3,1,3,1,"Standard","Standard",273,"0","0","69.6","7.7",,,"0","88.0",-2,2,0.086,0.914,28,27,28,28,1,3,7,1,,1,"3.23","0.35","0.35","28.5",6.587947963529918,-0.8716242759509215,22.572999533648286,39.93036255681836,29.578901159714363
"FF","2026-08-03","95.4","-2.33","5.25","Imai, Tatsuya",672386,837227,,"swinging_strike",,,,,11,,"R","R","R","HOU","TOR","S",,,1,1,2026,"-0.95","0.9",-0.9580548956695526,2.968117396025689,,,,1,9,"Top",,,,,,,5.671581567398746,-138.85904322459197,-2.221818466210882,-13.548187658747644,32.041972722864486,-20.28570816156438,3.010252625,1.519192913,,,,"94.3",1897,"5.7",824160,673237,572233,514888,670623,665161,701305,662139,701358,"54.81",,,,,,,,70,3,"4-Seam Fastball",1,3,3,1,3,1,3,1,"Standard","Standard",237,"0.002","-0.072","65.2","5.5","0.208739508",,"0.072",,-2,2,0.084,0.916,28,27,28,28,1,3,7,1,,1,"1.61","0.95","0.95","21.8",-5.868310559449411,30.064231238258785,22.249913245641924,26.96144756812033,18.044061341610465
"FF","2026-08-03","95.1","-2.22","5.22","Imai, Tatsuya",672386,837227,,"called_strike",,,,,3,,"R","R","R","HOU","TOR","S",,,1,0,2026,"-0.97","1.12",0.48816505369454033,3.0466625219016708,,,,1,9,"Top",,,,,,,9.136367405046427,-138.21845895649767,-2.390171521677504,-14.484675118864356,31.437862359513996,-17.538655137489616,3.010252625,1.519192913,,,,"94.3",1978,"6",824160,673237,572233,514888,670623,665161,701305,662139,701358,"54.55",,,,,,,,70,2,"4-Seam Fastball",1,3,3,1,3,1,3,1,"Standard","Standard",234,"0.001","-0.05",,,,,"0.05",,-2,2,0.083,0.917,28,27,28,28,1,3,7,1,,1,"1.41","0.97","0.97","22.2",,,,,
"FF","2026-08-03","95.3","-2.26","5.34","Imai, Tatsuya",672386,837227,,"ball",,,,,11,,"R","R","R","HOU","TOR","B",,,0,0,2026,"-0.97","0.99",-0.3086075650155162,3.4637169935885685,,,,1,9,"Top",,,,,,,7.177943419743832,-138.7078112527269,-1.373395150619602,-14.097527337200361,31.15905868055382,-19.35785200689441,3.010252625,1.519192913,,,,"94.3",1937,"5.7",824160,673237,572233,514888,670623,665161,701305,662139,701358,"54.81",,,,,,,,70,1,"4-Seam Fastball",1,3,3,1,3,1,3,1,"Standard","Standard",236,"-0.001","0.041",,,,,"-0.041",,-2,2,0.084,0.916,28,27,28,28,1,3,7,1,,1,"1.52","0.97","0.97","23.8",,,,,
"SL","2026-08-03","85.7","-2.2","5.62","Imai, Tatsuya",543807,837227,"strikeout","swinging_strike",,,,,14,"George Springer strikes out swinging.","R","R","R","HOU","TOR","S",2,,0,2,2026,"-0.44","-0.57",0.6512743426181472,0.8913246116376397,,,,0,9,"Top",,,,,,,7.431406787791943,-124.6145838589164,-3.4385533614322905,-6.10193474325964,24.64352966929405,-37.64347026228685,3.267396654,1.648966535,,,,"84.5",2227,"5.5",824160,673237,572233,514888,670623,665161,701305,662139,701358,"55.01",,0,"0",1,0,0,,69,4,"Slider",1,3,3,1,3,1,3,1,"Standard","Standard",265,"0.005","-0.164","69.5","8.5","5.735688552",,"0.164",,-2,2,0.079,0.921,28,36,28,37,1,3,7,1,,1,"3.67","0.44","0.44","27.8",22.678808979360564,-20.933235594617642,41.18205668323635,42.9527699676792,35.9024845906404
"SL","2026-08-03","85.6","-2.18","5.64","Imai, Tatsuya",543807,837227,,"foul",,,,,4,,"R","R","R","HOU","TOR","S",,,0,2,2026,"-0.39","0.35",-0.7827301436562717,2.736977530422701,,,,0,9,"Top",,,,,,,3.9752326673436036,-124.50545790273308,-0.9916474612035092,-4.905410976697412,28.605535161125047,-28.61651887988922,3.267396654,1.648966535,135,"63.3",23,"83.8",2225,"5.4",824160,673237,572233,514888,670623,665161,701305,662139,701358,"55.06",,,,,,,,69,3,"Slider",1,3,3,1,3,1,3,1,"Standard","Standard",278,"0","0","65.0","6.5",,,"0","88.0",-2,2,0.079,0.921,28,36,28,37,1,3,7,1,,1,"2.8","0.39","0.39","29.1",1.1352479378354208,-0.49208137557038234,36.88468056770021,25.53848506555595,16.476079618381625
"SL","2026-08-03","85.2","-2.26","5.61","Imai, Tatsuya",543807,837227,,"called_strike",,,,,7,,"R","R","R","HOU","TOR","S",,,0,1,2026,"-0.17","-0.25",-0.46576303299028077,1.7106799791454854,,,,0,9,"Top",,,,,,,4.423493869514782,-123.92587917749628,-2.012251742099073,-2.7151984478881723,28.109378615468348,-34.51407184423967,3.267396654,1.648966535,,,,"83.5",2194,"5.5",824160,673237,572233,514888,670623,665161,701305,662139,701358,"54.98",,,,,,,,69,2,"Slider",1,3,3,1,3,1,3,1,"Standard","Standard",265,"0.002","-0.054",,,,,"0.054",,-2,2,0.077,0.923,28,36,28,37,1,3,7,1,,1,"3.43","0.17","0.17","28.3",,,,,
"SL","2026-08-03","85.3","-2.25","5.6","Imai, Tatsuya",543807,837227,,"called_strike",,,,,3,,"R","R","R","HOU","TOR","S",,,0,0,2026,"0.13","-0.01",0.5009322107119515,3.0693451015386555,,,,0,9,"Top",,,,,,,6.042061141913786,-123.85624359782503,0.7166036322432943,-0.23648962427050554,30.798022404430665,-32.6827448293704,3.267396654,1.648966535,,,,"83.2",2151,"5.6",824160,673237,572233,514888,670623,665161,701305,662139,701358,"54.89",,,,,,,,69,1,"Slider",1,3,3,1,3,1,3,1,"Standard","Standard",281,"0.001","-0.042",,,,,"0.042",,-2,2,0.076,0.924,28,36,28,37,1,3,7,1,,1,"3.22","-0.13","-0.13","32.0",,,,,
"SL","2026-08-03","87.8","-2.19","5.5","Imai, Tatsuya",672960,837227,"strikeout","swinging_strike_blocked",,,,,14,"Kazuma Okamoto strikes out swinging.","R","R","R","HOU","TOR","S",2,,1,2,2026,"-0.2","0.09",0.6930577062172287,0.44720774200337665,,,,2,8,"Top",,,,,,,7.230490158404308,-127.47845372603406,-5.831284419916848,-3.9704035280307735,32.269985027228785,-29.911367256581347,3.255987533,1.643208661,,,,"86.1",2291,"5.9",824160,673237,572233,514888,670623,665161,701305,662139,701358,"54.62",,0,"0",1,0,0,,64,4,"Slider",1,3,3,1,3,1,3,1,"Infield shade","Standard",279,"0.005","-0.179","69.2","9.5","18.917134464",,"0.179",,-2,2,0.162,0.838,28,30,28,30,1,3,7,1,,1,"2.93","0.2","0.2","32.3",30.815928177147423,-53.73642707375689,35.694083643368764,43.05833100805815,60.809741830855614
"FF","2026-08-03","95.9","-2.26","5.27","Imai, Tatsuya",672960,837227,,"swinging_strike",,,,,1,,"R","R","R","HOU","TOR","S",,,1,1,2026,"-1.24","1.02",-0.617362339991453,3.3203384461700205,,,,2,8,"Top",,,,,,,7.074024391048529,-139.53959545328914,-1.7053218043340912,-17.74942683472571,32.9253183652924,-18.752872464515644,3.255987533,1.643208661,,,,"95.2",2141,"6",824160,673237,572233,514888,670623,665161,701305,662139,701358,"54.5",,,,,,,,64,3,"4-Seam Fastball",1,3,3,1,3,1,3,1,"Standard","Standard",232,"0.002","-0.066","75.3","7.3","0.387041328",,"0.066",,-2,2,0.16,0.84,28,30,28,30,1,3,7,1,,1,"1.47","1.24","1.24","28.8",18.02608491078832,8.861833790243049,30.350726007455968,29.37067805245446,18.054455527285015
"FF","2026-08-03","96.2","-2.25","5.34","Imai, Tatsuya",672960,837227,,"ball",,,,,11,,"R","R","R","HOU","TOR","B",,,0,1,2026,"-1.23","0.78",-0.7984697151235887,3.7237771178547776,,,,2,8,"Top",,,,,,,6.594815635365246,-139.96631904434403,-0.31520007170307573,-17.651379707155826,32.37812428927162,-22.142013142533603,3.255987533,1.643208661,,,,"95.5",1937,"6",824160,673237,572233,514888,670623,665161,701305,662139,701358,"54.53",,,,,,,,64,2,"4-Seam Fastball",1,3,3,1,3,1,3,1,"Infield shade","Standard",231,"-0.001","0.03",,,,,"-0.03",,-2,2,0.161,0.839,28,30,28,30,1,3,7,1,,1,"1.69","1.23","1.23","26.2",,,,,
"SL","2026-08-03","88.5","-2.17","5.6","Imai, Tatsuya",672960,837227,,"called_strike",,,,,4,,"R","R","R","HOU","TOR","S",,,0,0,2026,"-0.37","-0.02",-0.673055593957012,2.3518817423237524,,,,2,8,"Top",,,,,,,4.338739635907922,-128.81718681893403,-1.5409219538104546,-5.069279020012668,29.12589874141923,-32.30267054937396,3.255987533,1.643208661,,,,"87.1",2433,"5.6",824160,673237,572233,514888,670623,665161,701305,662139,701358,"54.94",,,,,,,,64,1,"Slider",1,3,3,1,3,1,3,1,"Standard","Standard",256,"0.001","-0.043",,,,,"0.043",,-2,2,0.16,0.84,28,30,28,30,1,3,7,1,,1,"2.95","0.37","0.37","29.9",,,,,
"SL","2026-08-03","87.1","-2.17","5.54","Imai, Tatsuya",665489,837227,"strikeout","swinging_strike",,,,,14,"Vladimir Guerrero Jr. strikes out swinging.","R","R","R","HOU","TOR","S",2,,2,2,2026,"-0.13","-0.12",0.038575151688463455,0.9285915439222676,,,,1,8,"Top",,,,,,,5.450124568427827,-126.5171948287091,-4.219393585510959,-2.7152788811649087,30.886656007471792,-32.67372631370662,3.208595801,1.619291339,,,,"85.4",2329,"5.8",824160,673237,572233,514888,670623,665161,701305,662139,701358,"54.74",,0,"0",1,0,0,,63,5,"Slider",1,3,3,1,3,1,3,1,"Standard","Strategic",267,"0.009","-0.233","75.5","9.0","13.47374706",,"0.233",,-2,2,0.151,0.849,28,27,28,27,1,3,7,1,,1,"3.19","0.13","0.13","30.6",23.5999070424281,-47.256292625755705,31.955738069830886,35.28549890120524,62.49451638638236
"SL","2026-08-03","86.4","-2.02","5.79","Imai, Tatsuya",665489,837227,,"ball",,,,,14,,"R","R","R","HOU","TOR","B",,,1,2,2026,"-0.23","-0.11",0.7584606667335437,1.3068691342106984,,,,1,8,"Top",,,,,,,6.869511963182715,-125.57694917414456,-3.8439898125632777,-3.9114114377236833,28.019828191471277,-32.734273519736135,3.208595801,1.619291339,,,,"84.5",2305,"5.4",824160,673237,572233,514888,670623,665161,701305,662139,701358,"55.14",,,,,,,,63,4,"Slider",1,3,3,1,3,1,3,1,"Standard","Strategic",259,"-0.002","0.052",,,,,"-0.052",,-2,2,0.153,0.847,28,27,28,27,1,3,7,1,,1,"3.2","0.23","0.23","29.3",,,,,
"SL","2026-08-03","86.1","-2.23","5.63","Imai, Tatsuya",665489,837227,,"swinging_strike",,,,,14,,"R","R","R","HOU","TOR","S",,,1,1,2026,"-0.35","0.2",0.5802794774036542,1.4279662433267952,,,,1,8,"Top",,,,,,,7.20071796344108,-125.04508123938851,-3.738840421976267,-5.38088303511996,29.781192915489136,-29.431345535693104,3.208595801,1.619291339,,,,"84.2",2197,"5.5",824160,673237,572233,514888,670623,665161,701305,662139,701358,"54.96",,,,,,,,63,3,"Slider",1,3,3,1,3,1,3,1,"Standard","Strategic",272,"0.003","-0.072","78.5","8.7","7.379619816",,"0.072",,-2,2,0.15,0.85,28,27,28,27,1,3,7,1,,1,"2.93","0.35","0.35","28.8",12.27352225656948,-29.639374642065924,29.702303641781956,43.42234321188458,52.45445164267179
"SL","2026-08-03","85.5","-2.06","5.74","Imai, Tatsuya",665489,837227,,"ball",,,,,14,,"R","R","R","HOU","TOR","B",,,0,1,2026,"-0.49","-0.28",0.6434221616093142,1.13651191819261,,,,1,8,"Top",,,,,,,7.16918312773737,-124.35975790651398,-3.674911250870893,-6.574940335325878,25.72381555175385,-34.5524464906177,3.208595801,1.619291339,,,,"83.9",2282,"5.4",824160,673237,572233,514888,670623,665161,701305,662139,701358,"55.14",,,,,,,,63,2,"Slider",1,3,3,1,3,1,3,1,"Standard","Strategic",260,"-0.001","0.032",,,,,"-0.032",,-2,2,0.151,0.849,28,27,28,27,1,3,7,1,,1,"3.41","0.49","0.49","30.0",,,,,
"FF","2026-08-03","92.7","-2.26","5.49","Imai, Tatsuya",665489,837227,,"called_strike",,,,,5,,"R","R","R","HOU","TOR","S",,,0,0,2026,"-1.18","0.87",-0.1930554621380649,2.3342968590963546,,,,1,8,"Top",,,,,,,7.692475620155417,-134.7681426199736,-3.943790474126655,-16.072731327557005,29.026866445196728,-20.846933903173078,3.208595801,1.619291339,,,,"91.1",1975,"5.4",824160,673237,572233,514888,670623,665161,701305,662139,701358,"55.13",,,,,,,,63,1,"4-Seam Fastball",1,3,3,1,3,1,3,1,"Standard","Strategic",233,"0.001","-0.041",,,,,"0.041",,-2,2,0.15,0.85,28,27,28,27,1,3,7,1,,1,"1.78","1.18","1.18","25.0",,,,,
"FF","2026-08-03","91.3","-2.25","5.5","Imai, Tatsuya",664770,837227,"field_out","hit_into_play",,,,,14,"Nathan Lukes grounds out, first baseman Christian Walker to pitcher Tatsuya Imai.","R","L","R","HOU","TOR","X",3,"ground_ball",0,0,2026,"-1.01","1.17",0.8397511811304672,2.3008920299708633,,,,0,8,"Top",158.87,153.42,,,,,9.728795632235556,-132.58784558027895,-4.424754359951054,-14.033475878567863,29.44874200961306,-17.557961385267475,3.163836942,1.596702756,93,"77.8",8,"89.7",1797,"5.5",824160,673237,572233,514888,670623,665161,701305,662139,701358,"54.98",0.32,0.288,"0",1,0,0,2,62,1,"4-Seam Fastball",1,3,3,1,3,1,3,1,"Standard","Standard",239,"0.012","-0.261","72.3","7.1",,0.335,"0.261","88.0",-2,2,0.138,0.862,28,31,28,32,1,3,7,1,,1,"1.58","1.01","-1.01","23.8",27.83932516406452,-19.365941647558078,27.82614840526745,29.629819005290543,47.76085604047953
"FF","2026-08-03","94.6","-2.14","5.44","Imai, Tatsuya",664702,837227,"field_out","hit_into_play",,,,,5,"Myles Straw flies out to center fielder Daulton Varsho.","R","R","R","HOU","TOR","X",8,"fly_ball",0,1,2026,"-0.95","0.97",0.05881166695720674,2.465191819577541,,,,2,7,"Top",133.02,54.11,,,,,7.7109306889337965,-137.43027695544941,-3.975159419416074,-13.854758629992038,32.38697379740749,-19.158208804880246,3.073441601,1.551082677,359,"96.2",26,"93",1883,"5.6",824160,673237,572233,514888,670623,665161,666211,662139,701358,"54.92",0.231,0.363,"0",1,0,0,5,57,2,"4-Seam Fastball",1,3,3,1,3,1,3,1,"Standard","Standard",238,"0.008","-0.215","69.6","7.2",,0.645,"0.215","96.2",-2,2,0.213,0.787,28,31,28,32,1,2,7,1,,1,"1.6","0.95","0.95","22.0",1.5029024136387639,-0.7973012126197702,27.995874963740054,35.46889365573698,27.236800173441843
"FF","2026-08-03","94.4","-2.15","5.49","Imai, Tatsuya",664702,837227,,"called_strike",,,,,12,,"R","R","R","HOU","TOR","S",,,0,0,2026,"-1.1","0.87",0.32859691413029335,3.259533482426673,,,,2,7,"Top",,,,,,,8.723153229423064,-137.20958584545073,-1.8221631136489116,-15.897497716335973,33.330746222892095,-21.051777179013094,3.073441601,1.551082677,,,,"92.7",1882,"5.5",824160,673237,572233,514888,670623,665161,666211,662139,701358,"54.96",,,,,,,,57,1,"4-Seam Fastball",1,3,3,1,3,1,3,1,"Standard","Standard",239,"0.001","-0.043",,,,,"0.043",,-2,2,0.212,0.788,28,31,28,32,1,2,7,1,,1,"1.71","1.1","1.1","26.3",,,,,
"FF","2026-08-03","95.6","-2.27","5.41","Imai, Tatsuya",665926,837227,"field_out","hit_into_play",,,,,2,"Andrés Giménez flies out to right fielder Cam Smith.","R","L","R","HOU","TOR","X",9,"fly_ball",3,2,2026,"-1.22","0.84",0.16337970819953318,2.957615465726767,,,,1,7,"Top",188.25,110.32,,,,,8.998057810856142,-138.84351543590984,-2.5188663284865767,-17.8652440479413,32.331927273961725,-20.96835567554427,3.164714567,1.597145669,269,"77.8",38,"94.2",1975,"5.7",824160,673237,572233,514888,670623,665161,666211,662139,701358,"54.82",0.031,0.03,"0",1,0,0,3,56,6,"4-Seam Fastball",1,3,3,1,3,1,3,1,"Infield shade","Standard",238,"0.014","-0.344","71.5","6.9",,0.046,"0.344","88.0",-2,2,0.198,0.802,28,27,28,28,1,2,7,1,,1,"1.67","1.22","-1.22","24.5",15.690170019413326,-5.347843514438533,28.359873160104236,32.21913131360583,33.80029799345021
"SL","2026-08-03","87.3","-2.08","5.64","Imai, Tatsuya",665926,837227,,"ball",,,,,14,,"R","L","R","HOU","TOR","B",,,2,2,2026,"-0.62","0.12",1.9486332375792297,-0.3039005900116494,,,,1,7,"Top",,,,,,,10.658157061324093,-126.39661056708185,-7.8124908502773245,-9.14454736552422,30.72154559141582,-29.101540975390805,3.164714567,1.597145669,,,,"85.1",2299,"5.6",824160,673237,572233,514888,670623,665161,666211,662139,701358,"54.94",,,,,,,,56,5,"Slider",1,3,3,1,3,1,3,1,"Infield shade","Standard",269,"-0.005","0.111",,,,,"-0.111",,-2,2,0.203,0.7969999999999999,28,27,28,28,1,2,7,1,,1,"2.94","0.62","-0.62","26.1",,,,,
"SL","2026-08-03","86.1","-2.09","5.75","Imai, Tatsuya",665926,837227,,"ball",,,,,14,,"R","L","R","HOU","TOR","B",,,1,2,2026,"-0.42","-0.09",1.2901546544729379,0.38307453545007153,,,,1,7,"Top",,,,,,,8.616472566067836,-124.9435866813749,-5.797344655140005,-6.351177185920956,29.61941969504078,-31.978047627118237,3.164714567,1.597145669,,,,"84",2231,"5.4",824160,673237,572233,514888,670623,665161,666211,662139,701358,"55.06",,,,,,,,56,4,"Slider",1,3,3,1,3,1,3,1,"Infield shade","Standard",271,"-0.001","0.052",,,,,"-0.052",,-2,2,0.204,0.796,28,27,28,28,1,2,7,1,,1,"3.23","0.42","-0.42","30.4",,,,,
"FF","2026-08-03","94","-2.22","5.43","Imai, Tatsuya",665926,837227,,"swinging_strike",,,,,11,,"R","L","R","HOU","TOR","S",,,1,1,2026,"-1.09","1.09",-1.2780298076080079,2.843860227675235,,,,1,7,"Top",,,,,,,4.801880931695487,-136.77981911828678,-3.1603289302170676,-14.800636819963357,32.6722965478682,-18.05720748556584,3.164714567,1.597145669,,,,"92.4",2027,"5.5",824160,673237,572233,514888,670623,665161,666211,662139,701358,"55",,,,,,,,56,3,"4-Seam Fastball",1,3,3,1,3,1,3,1,"Standard","Standard",243,"0.002","-0.072","65.6","6.1","0.195083496",,"0.072",,-2,2,0.202,0.798,28,27,28,28,1,2,7,1,,1,"1.51","1.09","-1.09","22.7",-6.426233080470641,39.10971528006985,27.466645490129714,49.05461491965839,10.059462625529896
"FF","2026-08-03","94.2","-2.2","5.49","Imai, Tatsuya",665926,837227,,"swinging_strike",,,,,1,,"R","L","R","HOU","TOR","S",,,1,0,2026,"-1.04","1.06",-0.4717604022042561,3.10176541041348,,,,1,7,"Top",,,,,,,6.662281689245627,-136.97942275110438,-2.62218485576072,-14.588099855658717,33.76802474512393,-18.507285416450895,3.164714567,1.597145669,,,,"92.5",2097,"5.6",824160,673237,572233,514888,670623,665161,666211,662139,701358,"54.93",,,,,,,,56,2,"4-Seam Fastball",1,3,3,1,3,1,3,1,"Standard","Standard",235,"0.003","-0.05","67.5","6.2","0.1",,"0.05",,-2,2,0.199,0.8009999999999999,28,27,28,28,1,2,7,1,,1,"1.54","1.04","-1.04","25.5",-2.013849467425324,35.67501533026915,29.483800246830164,39.423387272758454,11.171297096563707
"FF","2026-08-03","92.9","-2.19","5.51","Imai, Tatsuya",665926,837227,,"ball",,,,,11,,"R","L","R","HOU","TOR","B",,,0,0,2026,"-0.94","1.31",-1.09359223295905,4.054684315625927,,,,1,7,"Top",,,,,,,4.776369920208594,-135.1426193615333,-0.6414296527082335,-12.580050768189514,33.17821248911696,-16.361239496876824,3.164714567,1.597145669,,,,"91.1",2026,"5.5",824160,673237,572233,514888,670623,665161,666211,662139,701358,"55.01",,,,,,,,56,1,"4-Seam Fastball",1,3,3,1,3,1,3,1,"Standard","Standard",233,"-0.002","0.041",,,,,"-0.041",,-2,2,0.201,0.7989999999999999,28,27,28,28,1,2,7,1,,1,"1.36","0.94","-0.94","26.1",,,,,
"SL","2026-08-03","83.7","-2.05","5.89","Imai, Tatsuya",676391,837227,"field_out","hit_into_play",,,,,7,"Ernie Clement flies out to left fielder Taylor Trammell.","R","R","R","HOU","TOR","X",7,"fly_ball",0,1,2026,"-0.26","-0.02",-0.5103685638477546,1.6281326018727644,,,,0,7,"Top",44.85,116.76,,,,,3.934424970874896,-121.80387281528245,-3.061300292065559,-3.3895181845247526,24.985906840879565,-31.99779449216817,3.191043307,1.610433071,283,"83.6",40,"81.8",2299,"5.1",824160,673237,572233,514888,670623,665161,666211,662139,701358,"55.38",0.006,0.005,"0",1,0,0,3,55,2,"Slider",1,3,3,1,3,1,3,1,"Standard","Standard",269,"0.014","-0.219","57.3","7.5",,0.01,"0.219","88.0",-2,2,0.187,0.813,28,30,28,30,1,2,7,1,,1,"3.29","0.26","0.26","31.9",16.30139117278639,-23.30140970541549,37.61400921844247,29.311886434983542,45.23808842188191
"SL","2026-08-03","84.1","-2.19","5.81","Imai, Tatsuya",676391,837227,,"called_strike",,,,,9,,"R","R","R","HOU","TOR","S",,,0,0,2026,"-0.18","-0.22",0.6160676602785069,1.635304322528523,,,,0,7,"Top",,,,,,,6.6297640660230535,-122.2110173788817,-2.4374650084132217,-3.3090666925300085,28.77662381025413,-34.009109985704626,3.191043307,1.610433071,,,,"81.7",2305,"5.2",824160,673237,572233,514888,670623,665161,666211,662139,701358,"55.31",,,,,,,,55,1,"Slider",1,3,3,1,3,1,3,1,"Standard","Standard",277,"0.002","-0.042",,,,,"0.042",,-2,2,0.185,0.815,28,30,28,30,1,2,7,1,,1,"3.5","0.18","0.18","29.2",,,,,
"SL","2026-07-27","87","-2.13","5.48","Imai, Tatsuya",666176,837227,"walk","ball",,,,,13,"Jo Adell walks. Jorge Soler to 3rd. Vaughn Grissom to 2nd.","R","R","R","LAA","HOU","B",,,3,1,2026,"-0.88","0.24",-0.7020293097578242,0.8001725586565192,,624585,687093,2,1,"Bot",,,,,,,5.173650821323392,-126.46240273744418,-5.160637418965546,-10.586152817127907,29.039992687101353,-28.623161771827153,3.305134514,1.668011811,,,,"85.6",2253,"5.7",824001,543877,572233,514888,670623,665161,666211,828599,664774,"54.77",,0.697886,"0.7",1,0,0,,10,5,"Slider",2,0,2,0,0,2,2,0,"Standard","Standard",249,"0.013","0.106",,,,,"-0.106",,2,2,0.736,0.736,28,27,28,27,1,0,6,1,7,1,"2.81","0.88","0.88","30.5",,,,,
"FF","2026-07-27","94.6","-2.3","5.05","Imai, Tatsuya",666176,837227,,"called_strike",,,,,6,,"R","R","R","LAA","HOU","S",,,3,0,2026,"-1.15","1.02",0.744502491006652,2.6255955829151376,,624585,687093,2,1,"Bot",,,,,,,10.38461755556838,-137.24664286185737,-2.687031913033821,-16.972018073263055,32.84533472270481,-18.95016986208805,3.305134514,1.668011811,,,,"93.7",1932,"6.1",824001,543877,572233,514888,670623,665161,666211,828599,664774,"54.37",,,,,,,,10,4,"4-Seam Fastball",2,0,2,0,0,2,2,0,"Infield shade","Standard",233,"-0.005","-0.045",,,,,"0.045",,2,2,0.741,0.741,28,27,28,27,1,0,6,1,7,1,"1.56","1.15","1.15","25.8",,,,,
"SL","2026-07-27","87.4","-2.21","5.43","Imai, Tatsuya",666176,837227,,"ball",,,,,14,,"R","R","R","LAA","HOU","B",,,2,0,2026,"-0.39","-0.1",1.1019795099713792,1.2582135202836149,,624585,687093,2,1,"Bot",,,,,,,8.590749725512381,-126.84222799435544,-3.2665791011873857,-6.270441919078459,31.21811157405243,-32.68757109705952,3.305134514,1.668011811,,,,"85.6",2224,"5.8",824001,543877,572233,514888,670623,665161,666211,828599,664774,"54.73",,,,,,,,10,3,"Slider",2,0,2,0,0,2,2,0,"Infield shade","Standard",263,"0.007","0.059",,,,,"-0.059",,2,2,0.734,0.734,28,27,28,27,1,0,6,1,7,1,"3.15","0.39","0.39","30.6",,,,,
"SL","2026-07-27","87","-2.11","5.56","Imai, Tatsuya",666176,837227,,"ball",,,,,14,,"R","R","R","LAA","HOU","B",,,1,0,2026,"-0.26","-0.03",1.1691361931153281,1.7622331562854563,,624585,687093,2,1,"Bot",,,,,,,8.203127493050069,-126.32249490195483,-2.4619392007086267,-4.741133548190043,31.554376980487323,-32.08608739320195,3.305134514,1.668011811,,,,"85.2",2223,"5.8",824001,543877,572233,514888,670623,665161,666211,828599,664774,"54.72",,,,,,,,10,2,"Slider",2,0,2,0,0,2,2,0,"Infield shade","Standard",259,"0.004","0.034",,,,,"-0.034",,2,2,0.73,0.73,28,27,28,27,1,0,6,1,7,1,"3.11","0.26","0.26","30.4",,,,,
"SL","2026-07-27","86.8","-2.16","5.4","Imai, Tatsuya",666176,837227,,"ball",,,,,14,,"R","R","R","LAA","HOU","B",,,0,0,2026,"-0.36","-0.44",1.1714909973885386,1.1372066348959642,,624585,687093,2,1,"Bot",,,,,,,8.5561462324713,-126.0751574047963,-2.7193026624312058,-5.838230220470508,29.667128828275146,-36.442146082320036,3.305134514,1.668011811,,,,"85.6",2242,"5.9",824001,543877,572233,514888,670623,665161,666211,828599,664774,"54.55",,,,,,,,10,1,"Slider",2,0,2,0,0,2,2,0,"Infield shade","Standard",264,"0.002","0.025",,,,,"-0.025",,2,2,0.728,0.728,28,27,28,27,1,0,6,1,7,1,"3.52","0.36","0.36","26.9",,,,,
"FF","2026-07-27","95.1","-2.3","5.24","Imai, Tatsuya",666139,837227,"strikeout","swinging_strike",,,,,11,"Josh Lowe strikes out swinging.","R","L","R","LAA","HOU","S",2,,2,2,2026,"-1","1.03",-0.3571609366660553,3.7475752733403978,,624585,687093,1,1,"Bot",,,,,,,7.258585544714098,-138.26986922501942,-0.39672836187208305,-14.528139197718572,33.880714489420576,-19.224364580075186,3.355159121,1.693257874,,,,"94",2031,"5.9",824001,543877,572233,514888,670623,665161,666211,828599,664774,"54.58",,0,"0",1,0,0,,9,5,"4-Seam Fastball",2,0,2,0,0,2,2,0,"Standard","Standard",231,"-0.027","-0.231","71.6","6.5","1.572964464",,"0.231",,2,2,0.755,0.755,28,28,28,28,1,0,6,2,7,2,"1.52","1","-1","24.0",5.242430549434174,8.119567966011632,27.907906930928323,42.417292860152756,22.55108508557256
"SL","2026-07-27","87.1","-2.05","5.5","Imai, Tatsuya",666139,837227,,"blocked_ball",,,,,14,,"R","L","R","LAA","HOU","B",,,1,2,2026,"-0.36","-0.1",1.6111087910159738,-0.49014382117753774,,624585,687093,1,1,"Bot",,,,,,,9.307429302013126,-126.28308982151951,-7.582176724412503,-5.786223045370481,26.82565279760262,-31.734908370965655,3.355159121,1.693257874,,,,"85.9",2402,"5.8",824001,543877,572233,514888,670623,665161,666211,828599,664774,"54.69",,,,,,,,9,4,"Slider",2,0,2,0,0,2,2,0,"Standard","Standard",266,"0.005","0.061",,,,,"-0.061",,2,2,0.75,0.75,28,28,28,28,1,0,6,2,7,2,"3.13","0.36","-0.36","28.7",,,,,
"CH","2026-07-27","89.1","-2.33","5.36","Imai, Tatsuya",666139,837227,,"swinging_strike",,,,,8,,"R","L","R","LAA","HOU","S",,,1,1,2026,"-1.14","0.6",-0.2238854891878843,1.71179627469558,,624585,687093,1,1,"Bot",,,,,,,7.469924715464216,-129.4444884189883,-3.91750932152378,-14.390764716346053,27.93531451790365,-24.845787198419014,3.355159121,1.693257874,,,,"88.3",1920,"6",824001,543877,572233,514888,670623,665161,666211,828599,664774,"54.53",,,,,,,,9,3,"Changeup",2,0,2,0,0,2,2,0,"Standard","Standard",255,"-0.008","-0.059",,,,,"0.059",,2,2,0.758,0.758,28,28,28,28,1,0,6,2,7,2,"2.29","1.14","-1.14","26.2",,,,,
"SL","2026-07-27","87.6","-2.28","5.35","Imai, Tatsuya",666139,837227,,"blocked_ball",,,,,14,,"R","L","R","LAA","HOU","B",,,0,1,2026,"-0.12","-0.11",1.7701072923262098,-0.2798699440438188,,624585,687093,1,1,"Bot",,,,,,,9.774825429885793,-126.90534258209273,-6.686409430677388,-3.687579022184309,31.684400866543278,-31.912030111028542,3.355159121,1.693257874,,,,"85.8",2286,"5.9",824001,543877,572233,514888,670623,665161,666211,828599,664774,"54.62",,,,,,,,9,2,"Slider",2,0,2,0,0,2,2,0,"Standard","Standard",268,"0.003","0.024",,,,,"-0.024",,2,2,0.755,0.755,28,28,28,28,1,0,6,2,7,2,"3.17","0.12","-0.12","26.4",,,,,
"SL","2026-07-27","87.7","-2.39","5.3","Imai, Tatsuya",666139,837227,,"foul",,,,,14,,"R","L","R","LAA","HOU","S",,,0,0,2026,"0.05","-0.12",0.5925899176647416,1.2675531522387233,,624585,687093,1,1,"Bot",,,,,,,6.952222883471748,-127.3743494609452,-2.890141772799293,-1.3066988588268291,34.489228704809214,-32.95613870864533,3.355159121,1.693257874,4,"72.5",-20,"85.9",2262,"6",824001,543877,572233,514888,670623,665161,666211,828599,664774,"54.54",,,,,,,,9,1,"Slider",2,0,2,0,0,2,2,0,"Standard","Standard",277,"-0.005","-0.039","81.4","8.4",,,"0.039","88.0",2,2,0.76,0.76,28,28,28,28,1,0,6,2,7,2,"3.18","-0.05","0.05","28.3",25.620140333474254,-8.96580730327602,43.697245049492786,34.354027995355445,41.208565249474255
"FF","2026-07-27","95.7","-2.45","5.09","Imai, Tatsuya",687093,837227,"single","hit_into_play",,,,,5,"Vaughn Grissom singles on a ground ball to right fielder LaMonte Wade Jr. Mike Trout scores. Jorge Soler to 2nd.","R","R","R","LAA","HOU","X",9,"ground_ball",0,0,2026,"-0.94","1.25",-0.14311511345249806,2.600513280584784,545361,,624585,1,1,"Bot",189.5,115.09,,,,,8.116067461752667,-139.13010086476461,-3.578531312969396,-14.106107735027562,34.00906092038159,-15.386580423876172,3.301624016,1.666240158,71,"89.1",3,"94.9",2071,"6.1",824001,543877,572233,514888,670623,665161,666211,828599,664774,"54.4",0.365,0.351,"0.9",1,1,0,2,8,1,"4-Seam Fastball",1,0,1,0,0,2,2,0,"Infield shade","Standard",230,"0.057","0.473","65.8","6.1",,0.417,"-0.473","89.1",1,1,0.703,0.703,28,25,28,25,1,0,6,1,7,1,"1.26","0.94","0.94","25.0",-9.751040662396104,27.338771952990214,34.58040801146907,36.08053054321806,14.862745447048646
"FF","2026-07-27","94.8","-2.08","5.19","Imai, Tatsuya",624585,837227,"walk","ball",,,,,14,"Jorge Soler walks.","R","R","R","LAA","HOU","B",,,3,0,2026,"-0.96","0.8",0.896002553715723,1.808517875837261,545361,,,1,1,"Bot",,,,,,,9.793133347166442,-137.70086483381291,-4.720905393874317,-14.40743940054641,31.316376925639613,-21.095629662610424,3.354281496,1.692814961,,,,"94.3",1969,"6.1",824001,543877,572233,514888,670623,665161,666211,828599,664774,"54.38",,0.697886,"0.7",1,0,0,,7,4,"4-Seam Fastball",1,0,1,0,0,1,1,0,"Strategic","Standard",228,"0.006","0.062",,,,,"-0.062",,1,1,0.697,0.697,28,34,28,34,1,0,6,1,7,1,"1.75","0.96","0.96","25.8",,,,,
"SL","2026-07-27","88","-2.31","5.44","Imai, Tatsuya",624585,837227,,"blocked_ball",,,,,14,,"R","R","R","LAA","HOU","B",,,2,0,2026,"-0.12","-0.01",1.1712266089712617,0.19463791055011814,545361,,,1,1,"Bot",,,,,,,8.474959422590748,-127.7318017153893,-6.228692118265283,-3.118887224927888,27.857249603010473,-31.047147927366073,3.354281496,1.692814961,,,,"86.8",2284,"5.8",824001,543877,572233,514888,670623,665161,666211,828599,664774,"54.68",,,,,,,,7,3,"Slider",1,0,1,0,0,1,1,0,"Strategic","Standard",283,"0.005","0.081",,,,,"-0.081",,1,1,0.692,0.692,28,34,28,34,1,0,6,1,7,1,"2.98","0.12","0.12","28.1",,,,,
"SL","2026-07-27","87.5","-2.04","5.37","Imai, Tatsuya",624585,837227,,"blocked_ball",,,,,14,,"R","R","R","LAA","HOU","B",,,1,0,2026,"-0.5","0.13",1.4177041144635554,-1.0124916009797467,545361,,,1,1,"Bot",,,,,,,9.185728750524591,-126.78704247241052,-8.992304571841808,-7.5096849796387914,29.93338509919066,-28.854504879387584,3.354281496,1.692814961,,,,"86",2288,"5.9",824001,543877,572233,514888,670623,665161,666211,828599,664774,"54.58",,,,,,,,7,2,"Slider",1,0,1,0,0,1,1,0,"Strategic","Standard",272,"0.002","0.029",,,,,"-0.029",,1,1,0.69,0.69,28,34,28,34,1,0,6,1,7,1,"2.91","0.5","0.5","30.6",,,,,
"SL","2026-07-27","89.5","-2.07","5.43","Imai, Tatsuya",624585,837227,,"ball",,,,,13,,"R","R","R","LAA","HOU","B",,,0,0,2026,"-0.7","0.38",-0.6990384412276837,1.2310220306543003,545361,,,1,1,"Bot",,,,,,,4.7999157040051506,-130.17058696530606,-4.820241134615993,-9.031138734831405,31.466727212999043,-26.926862834621403,3.354281496,1.692814961,,,,"88.3",2380,"5.9",824001,543877,572233,514888,670623,665161,666211,828599,664774,"54.6",,,,,,,,7,1,"Slider",1,0,1,0,0,1,1,0,"Strategic","Standard",235,"0.002","0.022",,,,,"-0.022",,1,1,0.688,0.688,28,34,28,34,1,0,6,1,7,1,"2.5","0.7","0.7","29.7",,,,,
"FF","2026-07-27","97.5","-2.12","5.06","Imai, Tatsuya",694384,837227,"sac_fly","hit_into_play",,,,,6,"Nolan Schanuel out on a sacrifice fly to center fielder Lucas Spence. Zach Neto scores. Mike Trout to 3rd.","R","L","R","LAA","HOU","X",8,"fly_ball",3,2,2026,"-0.89","1.14",0.30184970595321203,2.6105699963382714,687263,545361,,0,1,"Bot",125.35,55.19,,,,,8.513445344780425,-141.73092409559652,-3.503097035630439,-14.058793514430127,35.08778178750817,-16.277185456973115,3.290214895,1.660482283,369,"97.9",27,"97.1",2059,"6.3",824001,543877,572233,514888,670623,665161,666211,828599,664774,"54.21",,0.61,"0",1,0,0,6,6,6,"4-Seam Fastball",0,0,0,0,0,1,1,0,"Standard","Standard",227,"0.004","-0.253","65.4","6.1",,,"0.253","97.9",0,0,0.684,0.684,28,24,28,24,1,0,6,1,7,1,"1.28","0.89","-0.89","27.3",0.8754959069297048,-7.842948986119001,44.943777270015765,27.752111261355246,31.54568509645043
"FF","2026-07-27","97.9","-2.26","5.05","Imai, Tatsuya",694384,837227,,"foul",,,,,7,,"R","L","R","LAA","HOU","S",,,3,1,2026,"-0.87","0.99",-0.5518310426228189,2.1172774119796194,687263,545361,,0,1,"Bot",,,,,,,6.582878847639095,-142.2737645677604,-4.477599836814236,-13.380749309790229,35.74319070657092,-17.871036138435073,3.290214895,1.660482283,217,"73.7",47,"97.3",2070,"6.2",824001,543877,572233,514888,670623,665161,666211,828599,664774,"54.25",,,,,,,,6,5,"4-Seam Fastball",0,0,0,0,0,0,0,0,"Standard","Standard",230,"-0.006","-0.087","68.7","7.2",,,"0.087","88.0",0,0,0.69,0.69,28,24,28,24,1,0,6,1,7,1,"1.41","0.87","-0.87","25.7",-3.499116087628285,-3.339953719820626,42.16619216917595,39.40836657664332,24.650607629663785
"FF","2026-07-27","98","-2.18","5.12","Imai, Tatsuya",694384,837227,,"ball",,,,,12,,"R","L","R","LAA","HOU","B",,,2,1,2026,"-0.98","1",1.2291830730916562,3.0624843978316276,687263,545361,,0,1,"Bot",,,,,,,11.323258420362473,-142.21625781946435,-2.2122403260393826,-15.879589771071867,33.27691970118418,-18.24130543813632,3.290214895,1.660482283,,,,"97.4",2127,"6.2",824001,543877,572233,514888,670623,665161,666211,828599,664774,"54.34",,,,,,,,6,4,"4-Seam Fastball",0,0,0,0,0,0,0,0,"Standard","Standard",235,"0.007","0.087",,,,,"-0.087",,0,0,0.683,0.683,28,24,28,24,1,0,6,1,7,1,"1.39","0.98","-0.98","27.0",,,,,
"FF","2026-07-27","97.1","-2.21","5.02","Imai, Tatsuya",694384,837227,,"called_strike",,,,,9,,"R","L","R","LAA","HOU","S",,,2,0,2026,"-1.04","0.9",0.5430561562860929,1.847935466172511,687263,545361,,0,1,"Bot",,,,,,,9.644013232151076,-141.01132035322487,-4.822838458395265,-16.03837012156182,31.932056304365677,-19.201254483956365,3.290214895,1.660482283,,,,"96.6",2003,"6.1",824001,543877,572233,514888,670623,665161,666211,828599,664774,"54.39",,,,,,,,6,3,"4-Seam Fastball",0,0,0,0,0,0,0,0,"Standard","Standard",232,"-0.005","-0.072",,,,,"0.072",,0,0,0.688,0.688,28,24,28,24,1,0,6,1,7,1,"1.52","1.04","-1.04","26.0",,,,,
"FF","2026-07-27","98.3","-2.29","5.09","Imai, Tatsuya",694384,837227,,"ball",,,,,11,,"R","L","R","LAA","HOU","B",,,1,0,2026,"-0.85","0.99",-1.418053242430354,4.033546323374588,687263,545361,,0,1,"Bot",,,,,,,4.324868743018056,-143.1472552102854,0.41217911770090354,-12.742134353414729,34.056538655976,-18.94155774754402,3.290214895,1.660482283,,,,"97.8",2109,"6",824001,543877,572233,514888,670623,665161,666211,828599,664774,"54.48",,,,,,,,6,2,"4-Seam Fastball",0,0,0,0,0,0,0,0,"Standard","Standard",235,"0.005","0.037",,,,,"-0.037",,0,0,0.683,0.683,28,24,28,24,1,0,6,1,7,1,"1.37","0.85","-0.85","26.0",,,,,
"CH","2026-07-27","88.9","-2.35","5.17","Imai, Tatsuya",694384,837227,,"ball",,,,,13,,"R","L","R","LAA","HOU","B",,,0,0,2026,"-1.21","0.79",-1.8467750500896634,1.2478923062776266,,687263,545361,0,1,"Bot",,,,,,,3.792278638150433,-129.2974530872469,-4.995571631358728,-14.39199142656091,27.741510556656653,-22.4152802861922,3.290214895,1.660482283,,,,"88.5",1911,"6.1",824001,543877,572233,514888,670623,665161,666211,828599,664774,"54.39",,,,,,,,6,1,"Changeup",0,0,0,0,0,0,0,0,"Standard","Standard",251,"0.007","0.052",,,,,"-0.052",,0,0,0.636,0.636,28,24,28,24,1,0,6,1,7,1,"2.1","1.21","-1.21","29.2",,,,,
"SL","2026-07-27","88.9","-2.3","5.28","Imai, Tatsuya",545361,837227,"walk","blocked_ball",,,,,13,"Mike Trout walks. Zach Neto to 2nd.","R","R","R","LAA","HOU","B",,,3,2,2026,"-0.54","-0.46",-0.03847401774525383,0.2732820305351047,,,687263,0,1,"Bot",,,,,,,6.563398509039016,-129.1764074675817,-4.877185897656156,-7.447474401957524,29.51526169353719,-36.4141521629675,3.243700787,1.637007874,,,,"87.8",2336,"5.9",824001,543877,572233,514888,670623,665161,666211,828599,664774,"54.58",,0.697886,"0.7",1,0,0,,5,8,"Slider",0,0,0,0,0,0,0,0,"Infield shade","Standard",247,"0.045","0.346",,,,,"-0.346",,0,0,0.591,0.591,28,34,28,35,1,0,6,1,7,1,"3.38","0.54","0.54","27.7",,,,,
"FF","2026-07-27","95.4","-2.12","5.02","Imai, Tatsuya",545361,837227,,"ball",,,,,12,,"R","R","R","LAA","HOU","B",,,2,2,2026,"-1.36","0.92",2.064973411232105,2.6371782706429707,,,687263,0,1,"Bot",,,,,,,13.941604834746299,-138.22486965301653,-2.482240841286833,-20.660250794321176,32.329324786082296,-19.982938428396956,3.243700787,1.637007874,,,,"95",2145,"6.4",824001,543877,572233,514888,670623,665161,666211,828599,664774,"54.11",,,,,,,,5,7,"4-Seam Fastball",0,0,0,0,0,0,0,0,"Infield shade","Standard",237,"0.013","0.095",,,,,"-0.095",,0,0,0.578,0.578,28,34,28,35,1,0,6,1,7,1,"1.61","1.36","1.36","24.9",,,,,
"SL","2026-07-27","87.6","-2.36","5.38","Imai, Tatsuya",545361,837227,,"foul",,,,,13,,"R","R","R","LAA","HOU","S",,,2,2,2026,"-0.33","-0.38",-0.12591143884306893,1.3784958050165068,,,687263,0,1,"Bot",,,,,,,5.972528074965758,-127.4157963283759,-2.43063713329944,-4.954196917053438,28.87633947636417,-35.9251569563917,3.243700787,1.637007874,7,"70.7",-14,"86.6",2173,"5.9",824001,543877,572233,514888,670623,665161,666211,828599,664774,"54.56",,,,,,,,5,6,"Slider",0,0,0,0,0,0,0,0,"Infield shade","Standard",260,"0","0","81.2","8.2",,,"0","88.0",0,0,0.578,0.578,28,34,28,35,1,0,6,1,7,1,"3.37","0.33","0.33","29.3",15.286061790639367,-13.509770616322841,42.931014838882355,29.93053868249691,34.654453099226046
"SL","2026-07-27","88.3","-2.15","5.39","Imai, Tatsuya",545361,837227,,"foul",,,,,8,,"R","R","R","LAA","HOU","S",,,2,2,2026,"-0.85","0.91",-0.02743799255404089,1.5348256005935725,,,687263,0,1,"Bot",,,,,,,6.85145021071854,-128.38745481346243,-4.936222223690812,-10.881357899681008,28.0436276076598,-21.237174560263888,3.243700787,1.637007874,3,"64.3",-28,"87.5",2353,"5.9",824001,543877,572233,514888,670623,665161,666211,828599,664774,"54.56",,,,,,,,5,5,"Slider",0,0,0,0,0,0,0,0,"Infield shade","Standard",244,"0","0","78.0","8.7",,,"0","88.0",0,0,0.578,0.578,28,34,28,35,1,0,6,1,7,1,"2.03","0.85","0.85","30.1",25.312389580978206,-26.734820461528244,41.16588239637481,31.596695947846595,41.646076390520186
"SL","2026-07-27","87","-2.19","5.33","Imai, Tatsuya",545361,837227,,"swinging_strike",,,,,5,,"R","R","R","LAA","HOU","S",,,2,1,2026,"-0.8","0.88",0.25756206451166785,2.498634371332545,,,687263,0,1,"Bot",,,,,,,7.411780005822463,-126.38962326389827,-2.1681961464082438,-10.168088596637725,28.210505455010036,-22.527752168277086,3.243700787,1.637007874,,,,"86.2",2350,"6.1",824001,543877,572233,514888,670623,665161,666211,828599,664774,"54.43",,,,,,,,5,4,"Slider",0,0,0,0,0,0,0,0,"Infield shade","Standard",235,"-0.01","-0.069","75.9","8.9","3.790935132",,"0.069",,0,0,0.588,0.588,28,34,28,35,1,0,6,1,7,1,"2.16","0.8","0.8","28.1",27.295502783620936,-42.63197684476635,30.306688295668838,35.17079252559915,50.30901484554043
"FF","2026-07-27","94.8","-2.24","4.98","Imai, Tatsuya",545361,837227,,"ball",,,,,14,,"R","R","R","LAA","HOU","B",,,1,1,2026,"-1.2","0.95",1.784075438945263,1.0568154486951051,,,687263,0,1,"Bot",,,,,,,13.026049969273764,-137.31425339173504,-6.452504655214468,-18.03408549350324,30.615114263373876,-18.82656191025894,3.243700787,1.637007874,,,,"94.3",2077,"6.3",824001,543877,572233,514888,670623,665161,666211,828599,664774,"54.22",,,,,,,,5,3,"4-Seam Fastball",0,0,0,0,0,0,0,0,"Infield shade","Standard",238,"0.007","0.054",,,,,"-0.054",,0,0,0.581,0.581,28,34,28,35,1,0,6,1,7,1,"1.61","1.2","1.2","24.3",,,,,
"FF","2026-07-27","93.8","-2.21","5.25","Imai, Tatsuya",545361,837227,,"ball",,,,,3,,"R","R","R","LAA","HOU","B",,,0,1,2026,"-1.17","0.85",0.6525449637855429,3.2916778811622494,,,687263,0,1,"Bot",,,,,,,9.905630864698077,-136.29723005639585,-1.059015302442058,-16.829435282059542,31.033480026162994,-21.530416752439763,3.243700787,1.637007874,,,,"93.4",1977,"6.2",824001,543877,572233,514888,670623,665161,666211,828599,664774,"54.27",,,,,,,,5,2,"4-Seam Fastball",0,0,0,0,0,0,0,0,"Infield shade","Standard",237,"0.003","0.024",,,,,"-0.024",,0,0,0.578,0.578,28,34,28,35,1,0,6,1,7,1,"1.75","1.17","1.17","28.3",,,,,
"FF","2026-07-27","94.3","-2.36","5.23","Imai, Tatsuya",545361,837227,,"called_strike",,,,,4,,"R","R","R","LAA","HOU","S",,,0,0,2026,"-1","0.82",-0.43797546748550187,2.5617104056265476,,,687263,0,1,"Bot",,,,,,,7.165210421142071,-137.13092017616825,-2.8673179138127267,-14.228231517746238,30.225006823510256,-21.442608364512726,3.243700787,1.637007874,,,,"93.9",1912,"6.1",824001,543877,572233,514888,670623,665161,666211,828599,664774,"54.43",,,,,,,,5,1,"4-Seam Fastball",0,0,0,0,0,0,0,0,"Infield shade","Standard",236,"-0.005","-0.041",,,,,"0.041",,0,0,0.583,0.583,28,34,28,35,1,0,6,1,7,1,"1.75","1","1","25.0",,,,,
"FF","2026-07-27","95.4","-2.33","5.02","Imai, Tatsuya",687263,837227,"walk","ball",,,,,13,"Zach Neto walks.","R","R","R","LAA","HOU","B",,,3,0,2026,"-1.17","0.84",-2.307612256083323,1.3029449049495152,,,,0,1,"Bot",,,,,,,2.707530174385037,-138.72200440075932,-5.743654534699424,-15.697678556562822,33.475345391243074,-20.197652044426157,3.169980315,1.59980315,,,,"94.4",2041,"5.9",824001,543877,572233,514888,670623,665161,666211,828599,664774,"54.57",,0.697886,"0.7",1,0,0,,4,4,"4-Seam Fastball",0,0,0,0,0,0,0,0,"Infield shade","Standard",233,"0.014","0.173",,,,,"-0.173",,0,0,0.569,0.569,28,25,28,25,1,0,6,1,7,1,"1.68","1.17","1.17","24.6",,,,,
"FF","2026-07-27","96.2","-2.21","5.18","Imai, Tatsuya",687263,837227,,"ball",,,,,14,,"R","R","R","LAA","HOU","B",,,2,0,2026,"-1.25","0.9",1.0262788162647394,1.793277464317325,,,,0,1,"Bot",,,,,,,11.279136221027867,-139.60006172216296,-5.203811941220324,-18.869071071039567,31.93833197492125,-19.349219146321985,3.169980315,1.59980315,,,,"95.6",2136,"6.1",824001,543877,572233,514888,670623,665161,666211,828599,664774,"54.36",,,,,,,,4,3,"4-Seam Fastball",0,0,0,0,0,0,0,0,"Infield shade","Standard",237,"0.011","0.15",,,,,"-0.15",,0,0,0.558,0.558,28,25,28,25,1,0,6,1,7,1,"1.58","1.25","1.25","25.8",,,,,
"FF","2026-07-27","96.1","-2.06","5.19","Imai, Tatsuya",687263,837227,,"ball",,,,,14,,"R","R","R","LAA","HOU","B",,,1,0,2026,"-0.99","1.14",1.3005116795555904,2.319102756311904,,,,0,1,"Bot",,,,,,,11.00927823936848,-139.41320868528655,-4.373384078827908,-15.503236469036839,32.755976841786115,-16.472011960083247,3.169980315,1.59980315,,,,"95.4",2080,"6.1",824001,543877,572233,514888,670623,665161,666211,828599,664774,"54.36",,,,,,,,4,2,"4-Seam Fastball",0,0,0,0,0,0,0,0,"Infield shade","Standard",230,"0.007","0.083",,,,,"-0.083",,0,0,0.551,0.551,28,25,28,25,1,0,6,1,7,1,"1.35","0.99","0.99","25.3",,,,,
"FF","2026-07-27","95.6","-2","5.12","Imai, Tatsuya",687263,837227,,"ball",,,,,14,,"R","R","R","LAA","HOU","B",,,0,0,2026,"-0.94","1.04",0.8683749997837006,1.0466346656234755,,,,0,1,"Bot",,,,,,,9.535549411895431,-138.7884237561521,-7.16060207054571,-14.312637186230287,32.94561995902982,-17.18954047156843,3.169980315,1.59980315,,,,"94.7",2008,"6",824001,543877,572233,514888,670623,665161,666211,828599,664774,"54.5",,,,,,,,4,1,"4-Seam Fastball",0,0,0,0,0,0,0,0,"Infield shade","Standard",239,"0.003","0.043",,,,,"-0.043",,0,0,0.548,0.548,28,25,28,25,1,0,6,1,7,1,"1.47","0.94","0.94","25.5",,,,,
"FF","2026-07-21","96.4","-2.49","5","Imai, Tatsuya",805300,837227,"field_out","hit_into_play",,,,,5,"Jakob Marsee lines out to left fielder LaMonte Wade Jr.","R","L","R","HOU","MIA","X",7,"line_drive",1,2,2026,"-1.01","0.83",-0.2494145093158986,2.475233424879841,,,689414,2,6,"Top",50.82,105.95,,,,,8.194492813092166,-140.10567082355925,-2.8413979813201395,-15.180662688326146,32.33023191226085,-20.77699019547659,3.212106299,1.621062992,296,"93.9",21,"96.2",1912,"6.3",824165,543877,572233,514888,670623,665161,664774,828599,666211,"54.2",0.203,0.222,"0",1,0,0,3,48,4,"4-Seam Fastball",5,1,1,5,1,5,1,5,"Infield shade","Standard",240,"0.01","-0.195","66.8","6.4",,0.342,"0.195","93.9",4,-4,0.941,0.05900000000000005,28,25,28,25,3,2,14,1,6,3,"1.63","1.01","-1.01","24.6",-1.9477812376513408,14.75369559042701,33.55741669763002,38.66091511548452,20.618775268175185
"SL","2026-07-21","87.7","-2.26","5.26","Imai, Tatsuya",805300,837227,,"blocked_ball",,,,,14,,"R","L","R","HOU","MIA","B",,,0,2,2026,"-0.74","-0.47",0.9324990883435038,-0.96325386768659,,,689414,2,6,"Top",,,,,,,9.086436327583291,-127.20166398450765,-7.502262612892873,-9.954793814955258,27.135657496330552,-35.819698156411675,3.212106299,1.621062992,,,,"86.7",2166,"5.9",824165,543877,572233,514888,670623,665161,664774,828599,666211,"54.56",,,,,,,,48,3,"Slider",5,1,1,5,1,5,1,5,"Infield shade","Standard",269,"-0.002","0.021",,,,,"-0.021",,4,-4,0.943,0.05700000000000005,28,25,28,25,3,2,14,1,6,3,"3.46","0.74","-0.74","31.1",,,,,
"SL","2026-07-21","86.7","-2.4","5.38","Imai, Tatsuya",805300,837227,,"foul",,,,,1,,"R","L","R","HOU","MIA","S",,,0,1,2026,"-0.32","0.24",-0.40713539624184575,3.0834560251860856,,,689414,2,6,"Top",,,,,,,5.301224660985309,-126.18392400565119,0.4329602501908003,-4.525730551566965,27.89364486578495,-29.977042656006425,3.212106299,1.621062992,187,"78.9",63,"85.7",2135,"5.8",824165,543877,572233,514888,670623,665161,664774,828599,666211,"54.66",,,,,,,,48,2,"Slider",5,1,1,5,1,5,1,5,"Standard","Standard",254,"0.004","-0.061","69.1","6.4",,,"0.061","88.0",4,-4,0.939,0.061000000000000054,28,25,28,25,3,2,14,1,6,3,"2.81","0.32","-0.32","27.5",7.700654912679304,6.269183867870881,27.780306797220305,42.55432089594714,24.875420414454528
"CH","2026-07-21","88.1","-2.33","5.25","Imai, Tatsuya",805300,837227,,"called_strike",,,,,4,,"R","L","R","HOU","MIA","S",,,0,0,2026,"-1.35","0.75",-0.40407440447382204,2.2624537153730278,,,689414,2,6,"Top",,,,,,,7.431652650270101,-128.17832899347042,-2.531949068730178,-16.387846119436873,26.14681154423728,-23.62478790779694,3.212106299,1.621062992,,,,"87.8",1905,"6.1",824165,543877,572233,514888,670623,665161,664774,828599,666211,"54.45",,,,,,,,48,1,"Changeup",5,1,1,5,1,5,1,5,"Standard","Standard",253,"0.002","-0.041",,,,,"0.041",,4,-4,0.937,0.06299999999999994,28,25,28,25,3,2,14,1,6,3,"2.19","1.35","-1.35","24.6",,,,,
"CH","2026-07-21","88.1","-2.37","5.23","Imai, Tatsuya",665052,837227,"strikeout","called_strike",,,,,7,"Griffin Conine called out on strikes.","R","L","R","HOU","MIA","S",2,,2,2,2026,"-1.35","0.82",-0.6101834098623113,1.7432284651061656,,,689414,1,6,"Top",,,,,,,7.033029715222877,-128.1407333717447,-3.8794740726170795,-16.306154571368744,25.952433656116362,-22.528533524648488,3.234046916,1.632135827,,,,"87.8",1981,"6.1",824165,543877,572233,514888,670623,665161,664774,828599,666211,"54.39",,0,"0",1,0,0,,47,6,"Changeup",5,1,1,5,1,5,1,5,"Infield shade","Standard",255,"0.018","-0.23",,,,,"0.23",,4,-4,0.919,0.08099999999999996,28,28,28,29,3,2,14,1,6,1,"2.11","1.35","-1.35","25.8",,,,,
"SL","2026-07-21","85.9","-2.44","5.31","Imai, Tatsuya",665052,837227,,"foul",,,,,5,,"R","L","R","HOU","MIA","S",,,2,2,2026,"-0.09","0.06",0.11947491773079816,2.5035607861419398,,,689414,1,6,"Top",,,,,,,6.134754291581815,-125.13322142310592,-0.43447333233053886,-1.991685027272458,21.47594525798031,-31.62767755152273,3.234046916,1.632135827,4,"71.2",-37,"86",2306,"5.9",824165,543877,572233,514888,670623,665161,664774,828599,666211,"54.57",,,,,,,,47,5,"Slider",5,1,1,5,1,5,1,5,"Infield shade","Standard",290,"0","0","86.2","7.4",,,"0","88.0",4,-4,0.919,0.08099999999999996,28,28,28,29,3,2,14,1,6,1,"2.98","0.09","-0.09","29.0",19.390740644200424,-13.878773012280245,26.98945488672797,35.74775420063223,39.8934562870517
"SL","2026-07-21","86.8","-2.38","5.36","Imai, Tatsuya",665052,837227,,"blocked_ball",,,,,14,,"R","L","R","HOU","MIA","B",,,1,2,2026,"-0.21","0.12",0.6414554869650996,0.2135852459795391,,,689414,1,6,"Top",,,,,,,7.516165530218002,-125.99560865588653,-5.980807743700353,-3.8474028556866977,28.055960878539267,-29.76554242127254,3.234046916,1.632135827,,,,"85.9",2165,"6.1",824165,543877,572233,514888,670623,665161,664774,828599,666211,"54.44",,,,,,,,47,4,"Slider",5,1,1,5,1,5,1,5,"Infield shade","Standard",278,"-0.003","0.054",,,,,"-0.054",,4,-4,0.922,0.07799999999999996,28,28,28,29,3,2,14,1,6,1,"2.94","0.21","-0.21","25.3",,,,,
"CH","2026-07-21","88.1","-2.27","5.21","Imai, Tatsuya",665052,837227,,"ball",,,,,13,,"R","L","R","HOU","MIA","B",,,0,2,2026,"-1.27","0.89",-0.612037270192141,0.9430722485209921,,,689414,1,6,"Top",,,,,,,6.603368935223472,-128.09473731253092,-5.860058707776724,-15.320936985238571,26.71155025959139,-21.30137060825888,3.234046916,1.632135827,,,,"87.5",1998,"6",824165,543877,572233,514888,670623,665161,664774,828599,666211,"54.51",,,,,,,,47,3,"Changeup",5,1,1,5,1,5,1,5,"Infield shade","Standard",256,"-0.002","0.017",,,,,"-0.017",,4,-4,0.924,0.07599999999999996,28,28,28,29,3,2,14,1,6,1,"2.05","1.27","-1.27","21.9",,,,,
"CH","2026-07-21","86.7","-2.3","5.24","Imai, Tatsuya",665052,837227,,"swinging_strike",,,,,7,,"R","L","R","HOU","MIA","S",,,0,1,2026,"-1.15","0.88",-0.5929341173325955,1.5862119192962145,,,689414,1,6,"Top",,,,,,,6.3898576190907255,-126.09492167097167,-4.110908800479848,-13.607260969216009,25.932606674224736,-22.16670894248643,3.234046916,1.632135827,,,,"86.2",1756,"6.1",824165,543877,572233,514888,670623,665161,664774,828599,666211,"54.45",,,,,,,,47,2,"Changeup",5,1,1,5,1,5,1,5,"Infield shade","Standard",256,"0.005","-0.056","70.7","8.6","1.535745084",,"0.056",,4,-4,0.919,0.08099999999999996,28,28,28,29,3,2,14,1,6,1,"2.16","1.15","-1.15","28.0",23.82397685440349,-20.059862824260232,29.636642319936403,43.80223861869241,43.955965355389445
"SL","2026-07-21","87.2","-2.45","5.33","Imai, Tatsuya",665052,837227,,"foul",,,,,6,,"R","L","R","HOU","MIA","S",,,0,0,2026,"-0.5","0.33",0.3472644327468686,2.2660301343842133,,,689414,1,6,"Top",,,,,,,7.6233607163039,-126.7691436060884,-1.6392395485328164,-7.0041930741328216,27.498015720132763,-28.516610378037,3.234046916,1.632135827,6,"83.5",-22,"86.3",2214,"5.9",824165,543877,572233,514888,670623,665161,664774,828599,666211,"54.58",,,,,,,,47,1,"Slider",5,1,1,5,1,5,1,5,"Infield shade","Standard",260,"0.003","-0.04","74.1","8.5",,,"0.04","88.0",4,-4,0.916,0.08399999999999996,28,28,28,29,3,2,14,1,6,1,"2.69","0.5","-0.5","27.5",34.06150711577315,-24.236394057589866,27.675297846282156,32.54626421938259,43.234607057259794
"FF","2026-07-21","96.2","-2.51","5.02","Imai, Tatsuya",689414,837227,"walk","ball",,,,,14,"Liam Hicks walks.","R","L","R","HOU","MIA","B",,,3,2,2026,"-0.87","1.04",1.076410494613898,1.9988771480314778,,,,1,6,"Top",,,,,,,11.378512418852736,-139.66019167353753,-4.606249097502656,-13.96017036472039,30.504390699765192,-17.692960916558615,3.085728346,1.557283465,,,,"96.1",2007,"6.3",824165,543877,572233,514888,670623,665161,664774,828599,666211,"54.18",,0.697886,"0.7",1,0,0,,46,7,"4-Seam Fastball",5,1,1,5,1,5,1,5,"Infield shade","Standard",237,"-0.016","0.336",,,,,"-0.336",,4,-4,0.932,0.06799999999999995,28,27,28,27,3,2,14,1,6,1,"1.43","0.87","-0.87","23.7",,,,,
"SL","2026-07-21","88.1","-2.46","5.23","Imai, Tatsuya",689414,837227,,"foul",,,,,13,,"R","L","R","HOU","MIA","S",,,3,2,2026,"-0.39","-0.09",-0.2473193721613881,1.3646848354486916,,,,1,6,"Top",,,,,,,6.10704652151681,-128.24497675326768,-2.864491971553143,-5.62631025806018,27.08218301622078,-32.728863268029755,3.085728346,1.557283465,2,"102",-37,"87.6",2317,"6",824165,543877,572233,514888,670623,665161,664774,828599,666211,"54.51",,,,,,,,46,6,"Slider",5,1,1,5,1,5,1,5,"Infield shade","Standard",253,"0","0","75.9","7.6",,,"0","102.0",4,-4,0.932,0.06799999999999995,28,27,28,27,3,2,14,1,6,1,"3.03","0.39","-0.39","25.9",12.975164089179378,-5.570144881897618,37.75038947305587,34.89813237432408,33.76255140147245
"FF","2026-07-21","94.8","-2.52","5.09","Imai, Tatsuya",689414,837227,,"called_strike",,,,,8,,"R","L","R","HOU","MIA","S",,,3,1,2026,"-1.25","0.73",-0.009507628852478911,1.7285519130958897,,,,1,6,"Top",,,,,,,9.268372693859096,-137.79544213809362,-4.574406053745394,-17.90365045827378,29.1941306429421,-22.024926197844863,3.085728346,1.557283465,,,,"94.6",1953,"6.2",824165,543877,572233,514888,670623,665161,664774,828599,666211,"54.35",,,,,,,,46,5,"4-Seam Fastball",5,1,1,5,1,5,1,5,"Infield shade","Standard",239,"0.005","-0.095",,,,,"0.095",,4,-4,0.927,0.07299999999999995,28,27,28,27,3,2,14,1,6,1,"1.8","1.25","-1.25","23.8",,,,,
"SL","2026-07-21","87.2","-2.41","5.37","Imai, Tatsuya",689414,837227,,"ball",,,,,14,,"R","L","R","HOU","MIA","B",,,2,1,2026,"-0.16","0.22",1.1066097984774679,2.13145401499701,,,,1,6,"Top",,,,,,,8.608801537222368,-126.64496812954707,-1.73735669175141,-3.7504702333713578,29.904060739036254,-29.681819293880938,3.085728346,1.557283465,,,,"86",2201,"6",824165,543877,572233,514888,670623,665161,664774,828599,666211,"54.52",,,,,,,,46,4,"Slider",5,1,1,5,1,5,1,5,"Infield shade","Standard",271,"-0.006","0.128",,,,,"-0.128",,4,-4,0.933,0.06699999999999995,28,27,28,27,3,2,14,1,6,1,"2.83","0.16","-0.16","29.9",,,,,
"CH","2026-07-21","87.3","-2.39","5.34","Imai, Tatsuya",689414,837227,,"ball",,,,,13,,"R","L","R","HOU","MIA","B",,,1,1,2026,"-1.3","0.71",-1.2872677568040687,0.7676754417569871,,,,1,6,"Top",,,,,,,5.306746978701368,-127.0140665156406,-6.053716490414952,-15.211011642005943,25.557204654899728,-23.45543944878875,3.085728346,1.557283465,,,,"86.9",1879,"6",824165,543877,572233,514888,670623,665161,664774,828599,666211,"54.49",,,,,,,,46,3,"Changeup",5,1,1,5,1,5,1,5,"Standard","Standard",253,"-0.002","0.058",,,,,"-0.058",,4,-4,0.935,0.06499999999999995,28,27,28,27,3,2,14,1,6,1,"2.28","1.3","-1.3","28.1",,,,,
"SL","2026-07-21","87.4","-2.4","5.37","Imai, Tatsuya",689414,837227,,"ball",,,,,11,,"R","L","R","HOU","MIA","B",,,0,1,2026,"-0.47","0.24",-1.4373886132520663,3.0120566606448267,,,,1,6,"Top",,,,,,,3.260179137544417,-127.29494421425753,0.14830219713811377,-5.811074181139523,26.444118853978313,-29.863538947997707,3.085728346,1.557283465,,,,"86.7",2280,"5.8",824165,543877,572233,514888,670623,665161,664774,828599,666211,"54.68",,,,,,,,46,2,"Slider",5,1,1,5,1,5,1,5,"Standard","Standard",238,"-0.002","0.032",,,,,"-0.032",,4,-4,0.937,0.06299999999999994,28,27,28,27,3,2,14,1,6,1,"2.75","0.47","-0.47","29.2",,,,,
"CH","2026-07-21","87.8","-2.37","5.31","Imai, Tatsuya",689414,837227,,"called_strike",,,,,9,,"R","L","R","HOU","MIA","S",,,0,0,2026,"-1.18","1.01",0.49626440192934296,1.5435500521932983,,,,1,6,"Top",,,,,,,9.276227668368838,-127.48213491783707,-4.8601165773944315,-14.750042484731033,25.743615511880154,-20.32664728781252,3.085728346,1.557283465,,,,"87.3",1940,"6.1",824165,543877,572233,514888,670623,665161,664774,828599,666211,"54.42",,,,,,,,46,1,"Changeup",5,1,1,5,1,5,1,5,"Standard","Standard",250,"0.002","-0.041",,,,,"0.041",,4,-4,0.935,0.06499999999999995,28,27,28,27,3,2,14,1,6,1,"1.96","1.18","-1.18","27.3",,,,,
"SL","2026-07-21","88.4","-2.53","5.32","Imai, Tatsuya",669364,837227,"strikeout","swinging_strike",,,,,13,"Xavier Edwards strikes out swinging.","R","L","R","HOU","MIA","S",2,,1,2,2026,"-0.37","-0.03",-0.5448239346045843,0.7863867209000501,,,,0,6,"Top",,,,,,,5.520520847481107,-128.56006926285187,-4.633388106887475,-5.2512603668790465,26.880861615077666,-31.68873279862097,3.055011483,1.541781496,,,,"87.8",2229,"6",824165,543877,572233,514888,670623,665161,664774,828599,666211,"54.54",,0,"0",1,0,0,,45,5,"Slider",5,1,1,5,1,5,1,5,"Standard","Standard",256,"0.012","-0.185","63.0","7.8","2.322072516",,"0.185",,4,-4,0.923,0.07699999999999996,28,26,28,27,3,2,14,1,6,1,"2.95","0.37","-0.37","28.2",11.451931740287858,-17.501973439072486,34.81072718353979,39.544311238036265,36.238312283280635
"SL","2026-07-21","87","-2.54","5.39","Imai, Tatsuya",669364,837227,,"foul",,,,,13,,"R","L","R","HOU","MIA","S",,,1,2,2026,"-0.1","0.22",-1.2798805143262815,2.1251015890856606,,,,0,6,"Top",,,,,,,3.1403243981739597,-126.53247624147801,-1.767328598859961,-1.769690265631731,30.61738026269995,-29.69604457266086,3.055011483,1.541781496,100,"71.4",9,"85.5",2247,"5.8",824165,543877,572233,514888,670623,665161,664774,828599,666211,"54.71",,,,,,,,45,4,"Slider",5,1,1,5,1,5,1,5,"Infield shade","Standard",255,"0","0","61.3","6.4",,,"0","88.0",4,-4,0.923,0.07699999999999996,28,26,28,27,3,2,14,1,6,1,"2.84","0.1","-0.1","28.9",-7.152047500510059,18.01675550375207,28.676352602073905,47.42907095719101,12.694458962235801
"CH","2026-07-21","87.6","-2.35","5.38","Imai, Tatsuya",669364,837227,,"foul",,,,,5,,"R","L","R","HOU","MIA","S",,,1,1,2026,"-1.07","0.8",-0.252423651552536,2.248064822316498,,,,0,6,"Top",,,,,,,7.213631835065016,-127.36979855985487,-2.913534560405389,-13.130814256669042,24.590741556978955,-23.083321529095493,3.055011483,1.541781496,,,,"87.4",1977,"6",824165,543877,572233,514888,670623,665161,664774,828599,666211,"54.45",,,,,,,,45,3,"Changeup",5,1,1,5,1,5,1,5,"Standard","Standard",249,"0.004","-0.062","66.5","6.6",,,"0.062",,4,-4,0.919,0.08099999999999996,28,26,28,27,3,2,14,1,6,1,"2.16","1.07","-1.07","26.9",15.249710583111554,2.5902609858661907,23.96996106784659,36.976646418714765,30.509520142656044
"CH","2026-07-21","86.7","-2.35","5.27","Imai, Tatsuya",669364,837227,,"swinging_strike",,,,,11,,"R","L","R","HOU","MIA","S",,,1,0,2026,"-1.35","0.83",-0.257345322238663,3.5533016033287357,,,,0,6,"Top",,,,,,,7.7180538608416995,-126.14736916992862,0.4941974710533561,-15.925690316350178,24.600054357611953,-23.551421637264774,3.055011483,1.541781496,,,,"86.6",1885,"6.1",824165,543877,572233,514888,670623,665161,664774,828599,666211,"54.36",,,,,,,,45,2,"Changeup",5,1,1,5,1,5,1,5,"Standard","Standard",255,"0.004","-0.056","69.1","6.3","0.892300824",,"0.056",,4,-4,0.915,0.08499999999999996,28,26,28,27,3,2,14,1,6,1,"2.19","1.35","-1.35","29.0",13.868318067584443,-6.889342291624339,16.12684596279199,35.424411327054344,30.532539938740797
"FF","2026-07-21","94.3","-2.43","5.26","Imai, Tatsuya",669364,837227,,"ball",,,,,11,,"R","L","R","HOU","MIA","B",,,0,0,2026,"-1.02","0.97",-1.0857038693434222,3.6033640875769026,,,,0,6,"Top",,,,,,,5.7149861750612105,-137.37029931759886,-0.6752620782317148,-14.190378467184653,28.950828572100047,-19.963231570025794,3.055011483,1.541781496,,,,"93.9",1818,"5.9",824165,543877,572233,514888,670623,665161,664774,828599,666211,"54.59",,,,,,,,45,1,"4-Seam Fastball",5,1,1,5,1,5,1,5,"Standard","Standard",237,"-0.003","0.043",,,,,"-0.043",,4,-4,0.918,0.08199999999999996,28,26,28,27,3,2,14,1,6,1,"1.58","1.02","-1.02","30.3",,,,,
"FF","2026-07-21","95.8","-2.58","5.01","Imai, Tatsuya",681715,837227,"strikeout","swinging_strike",,,,,11,"Heriberto Hernández strikes out swinging.","R","R","R","HOU","MIA","S",2,,3,2,2026,"-1.12","0.95",-0.7498321464115103,3.716324209674508,,669065,,2,5,"Top",,,,,,,7.3224459952462,-139.43460347465418,0.1395742390332152,-16.256552877090208,30.21053913292717,-19.996169691234268,3.178756562,1.604232283,,,,"95.8",2045,"6.2",824165,543877,572233,514888,670623,665161,664774,828599,666211,"54.32",,0,"0",1,0,0,,38,6,"4-Seam Fastball",2,1,1,2,1,2,1,2,"Infield shade","Standard",238,"0.049","-0.277","59.1","5.9","0.173058144",,"0.277",,1,-1,0.659,0.34099999999999997,28,26,28,27,3,2,14,1,6,1,"1.53","1.12","1.12","23.3",7.515194296496088,31.076441556722163,16.93998601411143,26.875000886747657,13.749068658393103
"SL","2026-07-21","86.9","-2.39","5.35","Imai, Tatsuya",681715,837227,,"foul",,,,,7,,"R","R","R","HOU","MIA","S",,,3,1,2026,"-0.47","-0.24",-0.5822355121032137,1.5946619590027646,,669065,,2,5,"Top",,,,,,,5.218073222126099,-126.55237900550068,-2.100012711125334,-6.162980711898855,25.82148406737042,-34.49194398069795,3.178756562,1.604232283,,,,"86.2",2077,"5.8",824165,543877,572233,514888,670623,665161,664774,828599,666211,"54.7",,,,,,,,38,5,"Slider",2,1,1,2,1,2,1,2,"Standard","Standard",257,"0.004","-0.054","78.9","8.5",,,"0.054",,1,-1,0.655,0.345,28,26,28,27,3,2,14,1,6,1,"3.25","0.47","0.47","28.6",22.497950526773277,-28.23740157026982,30.590015045193798,28.353341797588644,51.18167041221267
"CH","2026-07-21","87.3","-2.45","5.44","Imai, Tatsuya",681715,837227,,"ball",,,,,13,,"R","R","R","HOU","MIA","B",,,2,1,2026,"-0.45","0.24",-1.1854623569366618,2.3593719014502144,,669065,,2,5,"Top",,,,,,,3.9143644371052804,-127.09514815623031,-1.5122617983164908,-5.7186097373358455,27.921209262486194,-29.535337003883033,3.178756562,1.604232283,,,,"86.6",1958,"6",824165,543877,572233,514888,670623,665161,664774,828599,666211,"54.55",,,,,,,,38,4,"Changeup",2,1,1,2,1,2,1,2,"Standard","Standard",257,"-0.004","0.038",,,,,"-0.038",,1,-1,0.659,0.34099999999999997,28,26,28,27,3,2,14,1,6,1,"2.77","0.45","0.45","31.2",,,,,
"SL","2026-07-21","87.2","-2.38","5.33","Imai, Tatsuya",681715,837227,,"blocked_ball",,,,,13,,"R","R","R","HOU","MIA","B",,,1,1,2026,"-0.17","-0.21",-0.07396044371312915,0.15207086799605607,,669065,,2,5,"Top",,,,,,,5.777213084359511,-126.69019966676493,-5.400744789780407,-3.1913245016172715,30.035999799541113,-33.39543236652965,3.178756562,1.604232283,,,,"85.9",2075,"5.9",824165,543877,572233,514888,670623,665161,664774,828599,666211,"54.62",,,,,,,,38,3,"Slider",2,1,1,2,1,2,1,2,"Standard","Standard",261,"-0.004","0.035",,,,,"-0.035",,1,-1,0.663,0.33699999999999997,28,26,28,27,3,2,14,1,6,1,"3.26","0.17","0.17","28.2",,,,,
"SL","2026-07-21","87.8","-2.53","5.42","Imai, Tatsuya",681715,837227,,"called_strike",,,,,4,,"R","R","R","HOU","MIA","S",,,1,0,2026,"-0.17","0.09",-0.535243459241812,2.4739029602596903,,669065,,2,5,"Top",,,,,,,5.055603566736949,-127.55849713954515,-0.8066108999504228,-3.0873387874105305,33.31727116446672,-31.24649845837961,3.178756562,1.604232283,,,,"86",2150,"5.9",824165,543877,572233,514888,670623,665161,664774,828599,666211,"54.64",,,,,,,,38,2,"Slider",2,1,1,2,1,2,1,2,"Infield shade","Standard",269,"0.004","-0.044",,,,,"0.044",,1,-1,0.659,0.34099999999999997,28,26,28,27,3,2,14,1,6,1,"2.94","0.17","0.17","30.3",,,,,
"SL","2026-07-21","87.9","-2.38","5.42","Imai, Tatsuya",681715,837227,,"ball",,,,,13,,"R","R","R","HOU","MIA","B",,,0,0,2026,"-0.32","0.1",-0.9576027630748839,1.325072156570231,,669065,,2,5,"Top",,,,,,,4.040237943197302,-127.75925062628414,-3.622548752343161,-4.414558145606137,31.424460788958413,-30.41049045181048,3.178756562,1.604232283,,,,"86.5",2180,"5.9",824165,543877,572233,514888,670623,665161,664774,828599,666211,"54.62",,,,,,,,38,1,"Slider",2,1,1,2,1,2,1,2,"Infield shade","Standard",265,"-0.002","0.025",,,,,"-0.025",,1,-1,0.661,0.33899999999999997,28,26,28,27,3,2,14,1,6,1,"2.9","0.32","0.32","27.3",,,,,
"FF","2026-07-21","94.4","-2.43","5.23","Imai, Tatsuya",669065,837227,"double","hit_into_play",,,,,4,"Kyle Stowers doubles (17) on a sharp line drive to center fielder Lucas Spence. Otto Lopez scores.","R","L","R","HOU","MIA","X",8,"line_drive",0,1,2026,"-1.06","0.77",-0.43164115664431124,2.5631876050987037,,,672640,2,5,"Top",89.21,49.81,,,,,7.480587459888772,-137.31228934919372,-2.8269300461183664,-15.043832550059081,28.37796988505267,-21.94557240548589,3.295480643,1.663139764,348,"102.3",19,"94.2",1786,"6.1",824165,543877,572233,514888,670623,665161,664774,828599,666211,"54.45",0.391,0.489,"1.25",1,1,1,5,37,2,"4-Seam Fastball",2,0,0,2,1,2,1,2,"Infield shade","Standard",243,"-0.127","0.863","72.9","6.4",,0.786,"-0.863","102.3",2,-2,0.788,0.21199999999999997,28,28,28,28,3,2,14,1,6,1,"1.77","1.06","-1.06","23.0",9.736617447484619,10.801121307730217,33.95484551602075,43.75644288993938,22.901720797689492
"SL","2026-07-21","85.4","-2.37","5.52","Imai, Tatsuya",669065,837227,,"swinging_strike",,,,,8,,"R","L","R","HOU","MIA","S",,,0,0,2026,"-0.32","0.19",0.18109479097777814,1.6998046324934935,,,672640,2,5,"Top",,,,,,,6.489720150532672,-124.16785048036816,-2.8258622131799815,-4.609482237050312,25.15118667227958,-29.8502801047838,3.295480643,1.663139764,,,,"84.3",2256,"5.7",824165,543877,572233,514888,670623,665161,664774,828599,666211,"54.85",,,,,,,,37,1,"Slider",2,0,0,2,0,2,0,2,"Infield shade","Standard",286,"0.004","-0.041","74.7","7.9","2.10603702",,"0.041",,2,-2,0.784,0.21599999999999997,28,28,28,28,3,2,14,1,6,1,"2.94","0.32","-0.32","27.3",28.926108651664407,-30.2634755221351,36.548482668908996,37.15107568598934,52.46209669772287
"FF","2026-07-21","94.6","-2.41","5.24","Imai, Tatsuya",672640,837227,"walk","ball",,,,,12,"Otto Lopez walks.","R","R","R","HOU","MIA","B",,,3,0,2026,"-1.26","0.51",1.2147910739305332,2.5218639979721673,,,,2,5,"Top",,,,,,,12.09899216031635,-137.3166069393389,-2.3734473470265147,-18.49866003672906,27.417099359322368,-25.41688654798765,3.136630577,1.582972441,,,,"94.4",1834,"6.1",824165,543877,572233,514888,670623,665161,664774,828599,666211,"54.39",,0.697886,"0.7",1,0,0,,36,4,"4-Seam Fastball",2,0,0,2,0,2,0,2,"Standard","Standard",243,"-0.006","0.132",,,,,"-0.132",,2,-2,0.79,0.20999999999999996,28,27,28,28,3,2,14,3,6,1,"2.03","1.26","1.26","23.0",,,,,
"SL","2026-07-21","87.5","-2.33","5.41","Imai, Tatsuya",672640,837227,,"ball",,,,,13,,"R","R","R","HOU","MIA","B",,,2,0,2026,"-0.84","0.23",-0.25886191538091774,0.5969075522299851,,,,2,5,"Top",,,,,,,6.639596641688044,-127.27695058185365,-5.667452653306844,-10.454513862246621,25.130537384256776,-28.743976705767498,3.136630577,1.582972441,,,,"87",2256,"5.9",824165,543877,572233,514888,670623,665161,664774,828599,666211,"54.62",,,,,,,,36,3,"Slider",2,0,0,2,0,2,0,2,"Standard","Standard",266,"-0.005","0.103",,,,,"-0.103",,2,-2,0.795,0.20499999999999996,28,27,28,28,3,2,14,3,6,1,"2.74","0.84","0.84","30.7",,,,,
"FF","2026-07-21","95.2","-2.31","5.18","Imai, Tatsuya",672640,837227,,"ball",,,,,14,,"R","R","R","HOU","MIA","B",,,1,0,2026,"-0.96","0.82",1.1358315568470563,2.012103883097175,,,,2,5,"Top",,,,,,,11.045004519907692,-138.25488382874232,-4.329072058866261,-14.64625305148837,28.31700088046544,-20.848871972150278,3.136630577,1.582972441,,,,"94.9",1896,"6",824165,543877,572233,514888,670623,665161,664774,828599,666211,"54.47",,,,,,,,36,2,"4-Seam Fastball",2,0,0,2,0,2,0,2,"Standard","Standard",243,"-0.003","0.064",,,,,"-0.064",,2,-2,0.798,0.20199999999999996,28,27,28,28,3,2,14,3,6,1,"1.69","0.96","0.96","23.3",,,,,
"FF","2026-07-21","96.2","-2.39","5.29","Imai, Tatsuya",672640,837227,,"ball",,,,,14,,"R","R","R","HOU","MIA","B",,,0,0,2026,"-0.92","0.89",1.8564710370831916,1.0143748094272136,,,,2,5,"Top",,,,,,,13.098365548734543,-139.38854864192726,-7.517426106564493,-14.778726594358714,28.985952871467227,-18.962754246838767,3.136630577,1.582972441,,,,"95.6",1938,"6",824165,543877,572233,514888,670623,665161,664774,828599,666211,"54.49",,,,,,,,36,1,"4-Seam Fastball",2,0,0,2,0,2,0,2,"Standard","Standard",238,"-0.002","0.038",,,,,"-0.038",,2,-2,0.8,0.19999999999999996,28,27,28,28,3,2,14,3,6,1,"1.58","0.92","0.92","23.6",,,,,
"SL","2026-07-21","87.5","-2.45","5.36","Imai, Tatsuya",691788,837227,"strikeout","swinging_strike",,,,,13,"Joe Mack strikes out swinging.","R","L","R","HOU","MIA","S",2,,3,2,2026,"-0.18","-0.26",-0.6125404259356627,1.4050208893558382,,,,1,5,"Top",,,,,,,4.716258919022477,-127.32303455885518,-2.580863709050467,-2.9060680550832916,27.118925025115104,-34.691397069757016,3.220882546,1.625492126,,,,"86.8",2159,"5.9",824165,543877,572233,514888,670623,665161,664774,828599,666211,"54.6",,0,"0",1,0,0,,35,6,"Slider",2,0,0,2,0,2,0,2,"Infield shade","Standard",258,"0.025","-0.344","72.0","7.9","4.26014016",,"0.344",,2,-2,0.775,0.22499999999999998,28,23,28,24,2,1,14,1,6,1,"3.25","0.18","-0.18","29.4",16.350405909391156,-9.204997437229967,24.820009389097855,42.82043601656207,36.36496451573626
"FF","2026-07-21","96.1","-2.36","5.25","Imai, Tatsuya",691788,837227,,"ball",,,,,11,,"R","L","R","HOU","MIA","B",,,2,2,2026,"-0.88","0.72",-1.626671605310554,3.492964762427178,,,,1,5,"Top",,,,,,,3.9287848327637778,-139.97188939205228,-0.6152934567823595,-12.453333208065057,29.716540030855093,-22.685716606563428,3.220882546,1.625492126,,,,"96",1890,"6",824165,543877,572233,514888,670623,665161,664774,828599,666211,"54.47",,,,,,,,35,5,"4-Seam Fastball",2,0,0,2,0,2,0,2,"Infield shade","Standard",236,"-0.008","0.111",,,,,"-0.111",,2,-2,0.783,0.21699999999999997,28,23,28,24,2,1,14,1,6,1,"1.73","0.88","-0.88","25.9",,,,,
"SL","2026-07-21","86.8","-2.35","5.61","Imai, Tatsuya",691788,837227,,"ball",,,,,13,,"R","L","R","HOU","MIA","B",,,1,2,2026,"-0.1","-0.43",-0.6093004767034936,1.3341134314942873,,,,1,5,"Top",,,,,,,4.272553025430033,-126.36719962998164,-2.8427605710224606,-1.9846554344738874,28.247689998416288,-36.32586067331478,3.220882546,1.625492126,,,,"85.7",2177,"5.7",824165,543877,572233,514888,670623,665161,664774,828599,666211,"54.76",,,,,,,,35,4,"Slider",2,0,0,2,0,2,0,2,"Infield shade","Standard",251,"-0.003","0.052",,,,,"-0.052",,2,-2,0.786,0.21399999999999997,28,23,28,24,2,1,14,1,6,1,"3.48","0.1","-0.1","28.3",,,,,
"SL","2026-07-21","86.9","-2.42","5.63","Imai, Tatsuya",691788,837227,,"swinging_strike",,,,,8,,"R","L","R","HOU","MIA","S",,,1,1,2026,"-0.58","0",-0.2407739755880809,1.8057033793735662,,,,1,5,"Top",,,,,,,6.292273978491359,-126.5179400090325,-2.783717254921087,-7.452763071501044,24.432462818078903,-31.813550562527897,3.220882546,1.625492126,,,,"86.3",2273,"5.7",824165,543877,572233,514888,670623,665161,664774,828599,666211,"54.76",,,,,,,,35,3,"Slider",2,0,0,2,0,2,0,2,"Standard","Standard",267,"0.005","-0.072","77.4","7.7","1.990458204",,"0.072",,2,-2,0.781,0.21899999999999997,28,23,28,24,2,1,14,1,6,1,"3","0.58","-0.58","28.4",17.50681297336305,-9.281594610881198,28.863195415828116,38.024221048243376,34.53316225593838
"FF","2026-07-21","94.6","-2.3","5.49","Imai, Tatsuya",691788,837227,,"ball",,,,,11,,"R","L","R","HOU","MIA","B",,,0,1,2026,"-0.98","0.74",-0.47133610525936187,4.289144506337988,,,,1,5,"Top",,,,,,,6.856118970702072,-137.7054550064934,0.9482364129990327,-13.947719639747035,28.848498105674825,-23.08625420339306,3.220882546,1.625492126,,,,"93.8",1912,"5.7",824165,543877,572233,514888,670623,665161,664774,828599,666211,"54.81",,,,,,,,35,2,"4-Seam Fastball",2,0,0,2,0,2,0,2,"Standard","Standard",241,"-0.002","0.032",,,,,"-0.032",,2,-2,0.783,0.21699999999999997,28,23,28,24,2,1,14,1,6,1,"1.79","0.98","-0.98","23.9",,,,,
"CH","2026-07-21","85.7","-2.4","5.54","Imai, Tatsuya",691788,837227,,"called_strike",,,,,4,,"R","L","R","HOU","MIA","S",,,0,0,2026,"-0.94","0.98",-0.4001341740263753,2.2069374168492546,,,,1,5,"Top",,,,,,,6.515291343419829,-124.69950001329535,-3.3708086879286316,-11.10767016325938,24.84780224444846,-21.481878922352124,3.220882546,1.625492126,,,,"84.8",1956,"5.7",824165,543877,572233,514888,670623,665161,664774,828599,666211,"54.84",,,,,,,,35,1,"Changeup",2,0,0,2,0,2,0,2,"Standard","Standard",249,"0.003","-0.041",,,,,"0.041",,2,-2,0.78,0.21999999999999997,28,23,28,24,2,1,14,1,6,1,"2.12","0.94","-0.94","26.5",,,,,
"FF","2026-07-21","93.3","-2.39","5.35","Imai, Tatsuya",691594,837227,"field_out","hit_into_play",,,,,11,"Javier Sanoja pops out to third baseman Isaac Paredes.","R","R","R","HOU","MIA","X",5,"popup",1,0,2026,"-1.01","1",-0.4280748096409088,3.622784146164718,,,,0,5,"Top",128.03,196.49,,,,,7.156380721077555,-135.73033263698144,-0.7580620088597196,-14.046074946916812,29.487028224931926,-19.882440855325648,2.995333005,1.511663386,18,"78.6",80,"92.5",2012,"5.8",824165,543877,572233,514888,670623,665161,664774,828599,666211,"54.7",0.003,0.003,"0",1,0,0,3,34,2,"4-Seam Fastball",2,0,0,2,0,2,0,2,"Standard","Standard",234,"0.034","-0.304","60.5","6.6",,0.003,"0.304","88.0",2,-2,0.746,0.254,28,23,28,24,2,1,14,1,6,1,"1.62","1.01","1.01","20.7",3.5207231722127927,-3.3738760594609865,13.7107623712951,28.64708609525891,24.513003110182154
"SL","2026-07-21","83.4","-2.3","5.6","Imai, Tatsuya",691594,837227,,"ball",,,,,14,,"R","R","R","HOU","MIA","B",,,0,0,2026,"-0.46","-0.26",1.282041514567548,-0.08083443961765502,,,,0,5,"Top",,,,,,,8.896372954055085,-121.12105226891029,-5.720604962812349,-6.252843717100164,24.057412864400572,-33.754819240647166,2.995333005,1.511663386,,,,"82.1",1984,"5.6",824165,543877,572233,514888,670623,665161,664774,828599,666211,"54.92",,,,,,,,34,1,"Slider",2,0,0,2,0,2,0,2,"Standard","Standard",272,"-0.005","0.043",,,,,"-0.043",,2,-2,0.751,0.249,28,23,28,24,2,1,14,1,6,1,"3.55","0.46","0.46","26.5",,,,,
"FF","2026-07-21","96","-2.48","5.22","Imai, Tatsuya",805300,837227,"field_out","hit_into_play",,,,,12,"Jakob Marsee grounds out to first baseman Christian Walker.","R","L","R","HOU","MIA","X",3,"ground_ball",0,0,2026,"-1.02","0.93",0.8657820265021992,2.6452052923532987,,665052,,2,4,"Top",124.26,187.18,,,,,10.994745519071273,-139.3925785099995,-3.163622537118326,-15.688888011390492,29.106665661106536,-19.445825450852524,3.212106299,1.621062992,9,"70.2",-17,"95.6",1966,"6",824165,543877,572233,514888,670623,665161,664774,828599,666211,"54.51",0.065,0.064,"0",1,0,0,2,29,1,"4-Seam Fastball",2,0,0,2,0,2,0,2,"Standard","Standard",234,"0.036","-0.279","68.5","6.3",,0.072,"0.279","88.0",2,-2,0.75,0.25,28,25,28,25,2,1,14,1,6,3,"1.54","1.02","-1.02","25.5",-3.929525911411475,-1.9766511373189923,35.90058679755711,27.639269807096525,27.43772179790633
"SL","2026-07-21","86.7","-2.35","5.58","Imai, Tatsuya",665052,837227,"double","hit_into_play",,,,,7,"Griffin Conine doubles (5) on a sharp line drive to left fielder LaMonte Wade Jr.","R","L","R","HOU","MIA","X",7,"line_drive",1,1,2026,"-0.27","-0.29",-0.30717220792450306,1.9700353385745006,,,,2,4,"Top",74,68,,,,,5.341424469732351,-126.37733415623822,-1.7531064353595476,-3.8587267466716764,20.87905694843778,-35.16888906871585,3.234046916,1.632135827,364,"106.7",20,"86.7",2267,"5.8",824165,543877,572233,514888,670623,665161,664774,828599,666211,"54.71",0.737,1.074,"1.25",1,1,1,6,28,3,"Slider",2,0,0,2,0,2,0,2,"Infield shade","Standard",273,"-0.025","0.567","75.8","7.2",,1.831,"-0.567","106.7",2,-2,0.775,0.22499999999999998,28,28,28,29,2,1,14,1,6,1,"3.26","0.27","-0.27","27.5",6.0465999658222325,12.896150060370232,29.95584229676083,41.15724679424145,27.10567036606769
"FF","2026-07-21","94.2","-2.48","5.28","Imai, Tatsuya",665052,837227,,"called_strike",,,,,6,,"R","L","R","HOU","MIA","S",,,1,0,2026,"-0.98","0.76",0.5970062100252813,2.255565134218916,,,,2,4,"Top",,,,,,,9.987459688059852,-136.8460284851158,-3.679752873651812,-14.328153142033718,27.114435690110792,-21.935245741396688,3.234046916,1.632135827,,,,"93.7",1805,"5.9",824165,543877,572233,514888,670623,665161,664774,828599,666211,"54.61",,,,,,,,28,2,"4-Seam Fastball",2,0,0,2,0,2,0,2,"Infield shade","Standard",246,"0.002","-0.052",,,,,"0.052",,2,-2,0.773,0.22699999999999998,28,28,28,29,2,1,14,1,6,1,"1.79","0.98","-0.98","21.0",,,,,
"SL","2026-07-21","85.6","-2.34","5.58","Imai, Tatsuya",665052,837227,,"ball",,,,,14,,"R","L","R","HOU","MIA","B",,,0,0,2026,"-0.28","-0.16",0.7609419157472953,1.4765393336245878,,,,2,4,"Top",,,,,,,7.692431912254881,-124.57544820703346,-2.897161826525922,-4.283233130925797,22.095327817648123,-33.54121979176631,3.234046916,1.632135827,,,,"84.9",2123,"5.6",824165,543877,572233,514888,670623,665161,664774,828599,666211,"54.95",,,,,,,,28,1,"Slider",2,0,0,2,0,2,0,2,"Infield shade","Standard",281,"-0.001","0.038",,,,,"-0.038",,2,-2,0.774,0.22599999999999998,28,28,28,29,2,1,14,1,6,1,"3.24","0.28","-0.28","26.6",,,,,
"SL","2026-07-21","85.3","-2.33","5.57","Imai, Tatsuya",689414,837227,"field_out","hit_into_play",,,,,8,"Liam Hicks grounds out sharply, second baseman Jose Altuve to first baseman Christian Walker.","R","L","R","HOU","MIA","X",4,"ground_ball",2,1,2026,"-0.02","-0.02",-0.09416440510793672,1.768383461699846,,,,1,4,"Top",153.53,154.62,,,,,5.169332829128191,-124.02693544048674,-2.2276298604872755,-1.4463802010337117,29.727127307759186,-32.07489230124749,3.085728346,1.557283465,39,"100.4",0,"83.5",2233,"5.6",824165,543877,572233,514888,670623,665161,664774,828599,666211,"54.87",0.423,0.397,"0",1,0,0,4,27,4,"Slider",2,0,0,2,0,2,0,2,"Infield shade","Standard",278,"0.021","-0.311","74.8","7.0",,0.48,"0.311","100.4",2,-2,0.753,0.247,28,27,28,27,2,1,14,1,6,1,"3.21","0.02","-0.02","26.2",0.9357201111850486,-6.031098431794597,39.17515633516331,33.351701298597376,30.184332233625934
"FF","2026-07-21","93.9","-2.42","5.49","Imai, Tatsuya",689414,837227,,"ball",,,,,12,,"R","L","R","HOU","MIA","B",,,1,1,2026,"-1","0.81",0.9113823243400747,2.5660625231475103,,,,1,4,"Top",,,,,,,10.611086793092577,-136.34563863768588,-3.4361636349231013,-14.738344842565926,28.416135126386646,-21.434425136656113,3.085728346,1.557283465,,,,"92.8",1862,"5.6",824165,543877,572233,514888,670623,665161,664774,828599,666211,"54.87",,,,,,,,27,3,"4-Seam Fastball",2,0,0,2,0,2,0,2,"Infield shade","Standard",235,"-0.004","0.058",,,,,"-0.058",,2,-2,0.757,0.243,28,27,28,27,2,1,14,1,6,1,"1.77","1","-1","24.0",,,,,
"SL","2026-07-21","84.6","-2.31","5.69","Imai, Tatsuya",689414,837227,,"called_strike",,,,,5,,"R","L","R","HOU","MIA","S",,,1,0,2026,"-0.03","-0.05",-0.14795438894260363,2.349806481371949,,,,1,4,"Top",,,,,,,4.962724853003118,-123.0559160052077,-1.0111403734649576,-1.4227398247003247,28.422112132117103,-32.740607086353016,3.085728346,1.557283465,,,,"82.9",2235,"5.5",824165,543877,572233,514888,670623,665161,664774,828599,666211,"54.95",,,,,,,,27,2,"Slider",2,0,0,2,0,2,0,2,"Standard","Standard",264,"0.004","-0.05",,,,,"0.05",,2,-2,0.753,0.247,28,27,28,27,2,1,14,1,6,1,"3.29","0.03","-0.03","28.5",,,,,
"CH","2026-07-21","85.4","-2.41","5.6","Imai, Tatsuya",689414,837227,,"ball",,,,,11,,"R","L","R","HOU","MIA","B",,,0,0,2026,"-1.14","0.9",-1.206209609527201,2.820230036120487,,,,1,4,"Top",,,,,,,5.051412191169861,-124.33910320375868,-1.9142894544402462,-12.798899175460003,24.375360984886584,-22.614809617776057,3.085728346,1.557283465,,,,"84.5",1958,"5.6",824165,543877,572233,514888,670623,665161,664774,828599,666211,"54.9",,,,,,,,27,1,"Changeup",2,0,0,2,0,2,0,2,"Standard","Standard",253,"-0.003","0.041",,,,,"-0.041",,2,-2,0.756,0.244,28,27,28,27,2,1,14,1,6,1,"2.21","1.14","-1.14","24.1",,,,,
"SL","2026-07-21","84.8","-2.31","5.71","Imai, Tatsuya",669364,837227,"strikeout","swinging_strike",,,,,5,"Xavier Edwards strikes out swinging.","R","L","R","HOU","MIA","S",2,,0,2,2026,"-0.25","-0.1",-0.13001108371048836,2.1279437106771213,,,,0,4,"Top",,,,,,,5.454709291311831,-123.31291304475735,-1.4935634829996447,-3.8123987674961013,28.184648071304682,-33.13365344551812,3.055011483,1.541781496,,,,"83.1",2094,"5.5",824165,543877,572233,514888,670623,665161,664774,828599,666211,"54.98",,0,"0",1,0,0,,26,3,"Slider",2,0,0,2,0,2,0,2,"Standard","Standard",277,"0.016","-0.164","64.7","6.1","0.592826796",,"0.164",,2,-2,0.74,0.26,28,26,28,27,2,1,14,1,6,1,"3.32","0.25","-0.25","28.3",-1.6476810462493925,12.52154490875722,37.4944643139737,33.690055284740616,20.9776514255176
"SL","2026-07-21","83.9","-2.34","5.75","Imai, Tatsuya",669364,837227,,"foul",,,,,7,,"R","L","R","HOU","MIA","S",,,0,1,2026,"-0.3","-0.34",-0.2775146837743116,1.8303708565330474,,,,0,4,"Top",,,,,,,5.231012518902521,-122.13207539198018,-1.702177400944179,-4.056809620778209,25.38127690153033,-35.46788705914964,3.055011483,1.541781496,,,,"82.5",2199,"5.4",824165,543877,572233,514888,670623,665161,664774,828599,666211,"55.07",,,,,,,,26,2,"Slider",2,0,0,2,0,2,0,2,"Standard","Standard",272,"0.007","-0.054","72.7","6.4",,,"0.054",,2,-2,0.733,0.267,28,26,28,27,2,1,14,1,6,1,"3.59","0.3","-0.3","26.6",-5.045827593074647,7.497491797809932,37.007416064967266,35.322230989494486,24.011536955877727
"CH","2026-07-21","85.6","-2.52","5.58","Imai, Tatsuya",669364,837227,,"called_strike",,,,,4,,"R","L","R","HOU","MIA","S",,,0,0,2026,"-1.2","0.77",-0.7133726376066012,2.1201356317568094,,,,0,4,"Top",,,,,,,6.578045649855913,-124.5113828791051,-3.231410386856522,-13.794630132767812,24.410232499238088,-23.74670076419054,3.055011483,1.541781496,,,,"84.7",1784,"5.7",824165,543877,572233,514888,670623,665161,664774,828599,666211,"54.82",,,,,,,,26,1,"Changeup",2,0,0,2,0,2,0,2,"Standard","Standard",254,"0.004","-0.042",,,,,"0.042",,2,-2,0.729,0.271,28,26,28,27,2,1,14,1,6,1,"2.34","1.2","-1.2","27.7",,,,,
"FF","2026-07-21","95.8","-2.45","5.12","Imai, Tatsuya",681715,837227,"field_out","hit_into_play",,,,,5,"Heriberto Hernández flies out sharply to center fielder Lucas Spence.","R","R","R","HOU","MIA","X",8,"fly_ball",1,0,2026,"-1.04","0.82",0.039616504168664246,2.5591347405294864,672640,,669065,2,3,"Top",158.72,46.44,,,,,8.835099838187588,-139.22466952109335,-2.831334405178636,-15.537246737520546,30.74833642589387,-21.042786469924955,3.178756562,1.604232283,385,"101.2",30,"95.3",2030,"6",824165,543877,572233,514888,670623,665161,664774,828599,666211,"54.48",0.557,1.09,"0",1,0,0,6,22,2,"4-Seam Fastball",2,0,0,2,0,2,0,2,"Infield shade","Standard",235,"0.055","-0.314","76.9","7.8",,2.091,"0.314","101.2",2,-2,0.709,0.29100000000000004,28,26,28,27,2,1,14,1,6,1,"1.67","1.04","1.04","21.7",13.457312466565753,8.077100534089107,25.52561791011634,37.25569537216914,29.116234952670574
"FF","2026-07-21","95.9","-2.54","5.1","Imai, Tatsuya",681715,837227,,"ball",,,,,11,,"R","R","R","HOU","MIA","B",,,0,0,2026,"-1.13","0.81",-1.63187107737801,3.3775193563620456,672640,,669065,2,3,"Top",,,,,,,4.953725707782627,-139.61174557927652,-0.6468042177004409,-15.867096443065194,32.17431493578885,-21.6399832683175,3.178756562,1.604232283,,,,"95.6",2038,"6.1",824165,543877,572233,514888,670623,665161,664774,828599,666211,"54.37",,,,,,,,22,1,"4-Seam Fastball",2,0,0,2,0,2,0,2,"Infield shade","Standard",240,"-0.003","0.019",,,,,"-0.019",,2,-2,0.712,0.28800000000000003,28,26,28,27,2,1,14,1,6,1,"1.67","1.13","1.13","26.9",,,,,
"FF","2026-07-21","94","-2.51","5.2","Imai, Tatsuya",669065,837227,"single","hit_into_play",,,,,6,"Kyle Stowers singles on a fly ball to left fielder LaMonte Wade Jr. Otto Lopez to 3rd.","R","L","R","HOU","MIA","X",7,"fly_ball",3,0,2026,"-0.86","0.98",0.48935605773697466,2.2858901485321788,,,672640,2,3,"Top",76.98,124.71,,,,,9.525762115450904,-136.65345498043064,-3.864806830491877,-12.754384770366446,27.56508919143642,-19.196346510830157,3.295480643,1.663139764,202,"70.8",51,"93.6",1841,"5.9",824165,543877,572233,514888,670623,665161,664774,828599,666211,"54.6",0.163,0.169,"0.9",1,1,0,3,21,4,"4-Seam Fastball",2,0,0,2,0,2,0,2,"Infield shade","Standard",237,"-0.015","0.135",,,,0.223,"-0.135","88.0",2,-2,0.727,0.273,28,28,28,28,2,1,14,1,6,1,"1.59","0.86","-0.86","22.5",,,,,
"SL","2026-07-21","86.2","-2.62","5.31","Imai, Tatsuya",669065,837227,,"ball",,,,,13,,"R","L","R","HOU","MIA","B",,,2,0,2026,"-0.27","-0.21",-0.10446708156530687,0.8960132844421729,,,672640,2,3,"Top",,,,,,,6.409553525102754,-125.4763258455339,-3.623994803997752,-4.055703997659265,23.021151581732987,-33.918509956152306,3.295480643,1.663139764,,,,"85.9",2261,"5.9",824165,543877,572233,514888,670623,665161,664774,828599,666211,"54.63",,,,,,,,21,3,"Slider",2,0,0,2,0,2,0,2,"Infield shade","Standard",259,"-0.007","0.116",,,,,"-0.116",,2,-2,0.734,0.266,28,28,28,28,2,1,14,1,6,1,"3.25","0.27","-0.27","25.4",,,,,
"FF","2026-07-21","94.6","-2.51","5.24","Imai, Tatsuya",669065,837227,,"ball",,,,,11,,"R","L","R","HOU","MIA","B",,,1,0,2026,"-0.89","0.78",-0.5000942928808225,3.610176955428334,,,672640,2,3,"Top",,,,,,,7.142774038273355,-137.65200276843092,-0.22223783909589317,-12.858303778861282,29.43201194225089,-22.378194143871042,3.295480643,1.663139764,,,,"94.2",1759,"6",824165,543877,572233,514888,670623,665161,664774,828599,666211,"54.55",,,,,,,,21,2,"4-Seam Fastball",2,0,0,2,0,2,0,2,"Infield shade","Standard",235,"-0.005","0.053",,,,,"-0.053",,2,-2,0.739,0.261,28,28,28,28,2,1,14,1,6,1,"1.76","0.89","-0.89","25.7",,,,,
"FF","2026-07-21","94.5","-2.6","5.25","Imai, Tatsuya",669065,837227,,"ball",,,,,1,,"R","L","R","HOU","MIA","B",,,0,0,2026,"-0.9","0.83",-0.7035975816266423,3.2494218900502894,,,672640,2,3,"Top",,,,,,,6.877889493091023,-137.51518637414395,-1.2567381942700786,-12.957194249455235,29.69238747127033,-21.550994532926286,3.295480643,1.663139764,,,,"94.1",1729,"6",824165,543877,572233,514888,670623,665161,664774,828599,666211,"54.49",,,,,,,,21,1,"4-Seam Fastball",2,0,0,2,0,2,0,2,"Infield shade","Standard",235,"-0.002","0.038",,,,,"-0.038",,2,-2,0.741,0.259,28,28,28,28,2,1,14,1,6,1,"1.72","0.9","-0.9","25.5",,,,,
"FF","2026-07-21","95.7","-2.45","5.2","Imai, Tatsuya",672640,837227,"walk","ball",,,,,11,"Otto Lopez walks.","R","R","R","HOU","MIA","B",,,3,1,2026,"-0.92","0.86",-1.0047877348234215,2.895035208486128,,,,2,3,"Top",,,,,,,5.839732137973361,-139.35219236767924,-2.2859971003126076,-13.295734341624014,30.22730782547696,-20.642407737407794,3.136630577,1.582972441,,,,"95.5",1767,"6",824165,543877,572233,514888,670623,665161,664774,828599,666211,"54.46",,0.697886,"0.7",1,0,0,,20,5,"4-Seam Fastball",2,0,0,2,0,2,0,2,"Standard","Standard",241,"-0.008","0.196",,,,,"-0.196",,2,-2,0.749,0.251,28,27,28,28,2,1,14,3,6,1,"1.62","0.92","0.92","25.0",,,,,
"FF","2026-07-21","94.1","-2.42","5.35","Imai, Tatsuya",672640,837227,,"called_strike",,,,,12,,"R","R","R","HOU","MIA","S",,,3,0,2026,"-0.82","0.83",0.4625963619296477,3.3714797098050635,,,,2,3,"Top",,,,,,,9.18918174696135,-136.83157781409764,-1.1408050322201826,-12.312814991763332,28.531067861207582,-21.691697332023452,3.136630577,1.582972441,,,,"93.8",1789,"6",824165,543877,572233,514888,670623,665161,664774,828599,666211,"54.5",,,,,,,,20,4,"4-Seam Fastball",2,0,0,2,0,2,0,2,"Standard","Standard",235,"0.003","-0.064",,,,,"0.064",,2,-2,0.746,0.254,28,27,28,28,2,1,14,3,6,1,"1.74","0.82","0.82","22.9",,,,,
"SL","2026-07-21","86.2","-2.47","5.54","Imai, Tatsuya",672640,837227,,"ball",,,,,13,,"R","R","R","HOU","MIA","B",,,2,0,2026,"-0.13","-0.37",-0.10505935738261174,0.9512886260411579,,,,2,3,"Top",,,,,,,5.742167109667983,-125.5960855911413,-3.717097645104869,-2.4192456204075765,22.01879648452221,-35.69092544918338,3.136630577,1.582972441,,,,"85.7",2075,"5.6",824165,543877,572233,514888,670623,665161,664774,828599,666211,"54.89",,,,,,,,20,3,"Slider",2,0,0,2,0,2,0,2,"Standard","Standard",271,"-0.004","0.103",,,,,"-0.103",,2,-2,0.75,0.25,28,27,28,28,2,1,14,3,6,1,"3.4","0.13","0.13","29.3",,,,,
"FF","2026-07-21","95.4","-2.42","5.33","Imai, Tatsuya",672640,837227,,"ball",,,,,11,,"R","R","R","HOU","MIA","B",,,1,0,2026,"-0.81","0.92",-0.2989798599373179,3.8887062835081068,,,,2,3,"Top",,,,,,,7.303238793660167,-138.8464832328779,-0.12814525068043303,-12.048082548030177,30.419490677306698,-20.47175654344211,3.136630577,1.582972441,,,,"94.9",1778,"5.9",824165,543877,572233,514888,670623,665161,664774,828599,666211,"54.58",,,,,,,,20,2,"4-Seam Fastball",2,0,0,2,0,2,0,2,"Standard","Standard",235,"-0.003","0.064",,,,,"-0.064",,2,-2,0.753,0.247,28,27,28,28,2,1,14,3,6,1,"1.58","0.81","0.81","20.5",,,,,
"FF","2026-07-21","95.7","-2.36","5.44","Imai, Tatsuya",672640,837227,,"ball",,,,,12,,"R","R","R","HOU","MIA","B",,,0,0,2026,"-0.86","0.83",0.9775437223006829,3.3255931539319072,,,,2,3,"Top",,,,,,,10.577622520508449,-139.07312959123155,-1.6856217040973631,-13.488608817559232,29.85950854174101,-21.22125889924931,3.136630577,1.582972441,,,,"95.2",1853,"6",824165,543877,572233,514888,670623,665161,664774,828599,666211,"54.54",,,,,,,,20,1,"4-Seam Fastball",2,0,0,2,0,2,0,2,"Standard","Standard",233,"-0.001","0.038",,,,,"-0.038",,2,-2,0.754,0.246,28,27,28,28,2,1,14,3,6,1,"1.66","0.86","0.86","26.7",,,,,
"SL","2026-07-21","88","-2.33","5.64","Imai, Tatsuya",691788,837227,"strikeout","swinging_strike",,,,,8,"Joe Mack strikes out swinging.","R","L","R","HOU","MIA","S",2,,0,2,2026,"-0.2","-0.06",0.08519702522623102,1.8087854552741551,,,,1,3,"Top",,,,,,,6.137695505536075,-128.10238431536126,-2.8198505029812715,-3.407103352669229,26.0451975041461,-32.51814331879288,3.220882546,1.625492126,,,,"87.3",2277,"5.8",824165,543877,572233,514888,670623,665161,664774,828599,666211,"54.73",,0,"0",1,0,0,,19,3,"Slider",2,0,0,2,0,2,0,2,"Infield shade","Standard",251,"0.011","-0.164","73.8","7.4","2.461723368",,"0.164",,2,-2,0.743,0.257,28,23,28,24,1,0,14,1,6,1,"3","0.2","-0.2","30.1",14.901696115323793,0.25590010462405105,30.943682195951467,34.08656357976396,30.15257563085003
"FS","2026-07-21","84.6","-2.36","5.6","Imai, Tatsuya",691788,837227,,"foul",,,,,4,,"R","L","R","HOU","MIA","S",,,0,1,2026,"-1.02","0.68",-0.4542615167411743,2.4195913609849833,,,,1,3,"Top",,,,,,,6.361029885456869,-123.01852653952092,-2.2184482750813648,-11.58196917088193,23.983712829683526,-25.020764963928052,3.220882546,1.625492126,4,"65.1",-31,"83.7",1162,"5.7",824165,543877,572233,514888,670623,665161,664774,828599,666211,"54.81",,,,,,,,19,2,"Split-Finger",2,0,0,2,0,2,0,2,"Standard","Standard",253,"0.004","-0.057","76.3","7.5",,,"0.057","88.0",2,-2,0.739,0.261,28,23,28,24,1,0,14,1,6,1,"2.5","1.02","-1.02","27.7",22.675381696336665,-6.402669647673485,26.830193419597475,40.507598242687976,35.13616733370866
"SL","2026-07-21","85.9","-2.53","5.64","Imai, Tatsuya",691788,837227,,"foul",,,,,1,,"R","L","R","HOU","MIA","S",,,0,0,2026,"-0.73","0.61",-0.6777539430426855,2.7318835125412777,,,,1,3,"Top",,,,,,,5.755591140933994,-124.97085715080125,-1.616033209141921,-8.918312465070457,28.02017581899819,-25.705060807452913,3.220882546,1.625492126,,,,"84.5",2275,"5.6",824165,543877,572233,514888,670623,665161,664774,828599,666211,"54.87",,,,,,,,19,1,"Slider",2,0,0,2,0,2,0,2,"Standard","Standard",267,"0.003","-0.041","74.1","7.6",,,"0.041",,2,-2,0.736,0.264,28,23,28,24,1,0,14,1,6,1,"2.51","0.73","-0.73","27.5",17.13351912259552,-6.621983710730236,26.521170639521106,43.20002554540163,33.294632988229964
"SL","2026-07-21","86.4","-2.25","5.84","Imai, Tatsuya",691594,837227,"field_out","hit_into_play",,,,,3,"Javier Sanoja lines out to right fielder Taylor Trammell.","R","R","R","HOU","MIA","X",9,"line_drive",2,2,2026,"-0.19","-0.36",0.4025394769440149,2.7601167146301564,,,,0,3,"Top",172.07,112.71,,,,,6.539194162619465,-125.6040258731519,-0.12010633567088735,-3.364157662719404,26.700109991882787,-36.19661879582818,2.995333005,1.511663386,244,"75.5",25,"85.1",2130,"5.6",824165,543877,572233,514888,670623,665161,664774,828599,666211,"54.86",0.749,0.674,"0",1,0,0,4,18,6,"Slider",2,0,0,2,0,2,0,2,"Standard","Standard",281,"0.02","-0.232","59.1","6.7",,0.795,"0.232","88.0",2,-2,0.716,0.28400000000000003,28,23,28,24,1,0,14,1,6,1,"3.43","0.19","0.19","33.9",-8.014425104672386,15.539483046661838,13.183916203796983,39.46500809123383,23.353385369827635
"SL","2026-07-21","86.9","-2.19","5.82","Imai, Tatsuya",691594,837227,,"foul",,,,,9,,"R","R","R","HOU","MIA","S",,,2,2,2026,"-0.61","0.02",0.42561176276762935,1.5328502011112466,,,,0,3,"Top",,,,,,,7.349782652209918,-126.29764843473534,-3.828652309631681,-8.054286218694527,26.809027000021555,-31.320362635646877,2.995333005,1.511663386,112,"66.3",72,"85.7",2147,"5.7",824165,543877,572233,514888,670623,665161,664774,828599,666211,"54.83",,,,,,,,18,5,"Slider",2,0,0,2,0,2,0,2,"Standard","Standard",248,"0","0","61.1","8.1",,,"0","88.0",2,-2,0.716,0.28400000000000003,28,23,28,24,1,0,14,1,6,1,"3.01","0.61","0.61","30.6",-0.6197853342768871,-18.10027699109294,24.554512000406202,38.774298909095684,31.177225832811374
"FF","2026-07-21","94.7","-2.19","5.62","Imai, Tatsuya",691594,837227,,"ball",,,,,12,,"R","R","R","HOU","MIA","B",,,1,2,2026,"-1.11","1.16",0.9472508634047023,3.805672467651374,,,,0,3,"Top",,,,,,,10.504073196761448,-137.572938029505,-1.5122791097342034,-16.397041909864715,30.80899028103454,-17.28043462367737,2.995333005,1.511663386,,,,"93.9",1973,"5.9",824165,543877,572233,514888,670623,665161,664774,828599,666211,"54.57",,,,,,,,18,4,"4-Seam Fastball",2,0,0,2,0,2,0,2,"Standard","Standard",232,"-0.003","0.047",,,,,"-0.047",,2,-2,0.719,0.281,28,23,28,24,1,0,14,1,6,1,"1.39","1.11","1.11","28.3",,,,,
"FF","2026-07-21","94.7","-2.28","5.58","Imai, Tatsuya",691594,837227,,"foul",,,,,2,,"R","R","R","HOU","MIA","S",,,1,1,2026,"-0.9","1.13",0.03940068756987347,3.093081053508727,,,,0,3,"Top",,,,,,,7.959789218063284,-137.67314890126443,-3.2059289905710333,-13.205359568421478,29.856821425578,-17.217810921492877,2.995333005,1.511663386,215,"74.6",42,"94.2",1952,"6",824165,543877,572233,514888,670623,665161,664774,828599,666211,"54.52",,,,,,,,18,3,"4-Seam Fastball",2,0,0,2,0,2,0,2,"Standard","Standard",230,"0.006","-0.062","69.9","6.5",,,"0.062","88.0",2,-2,0.713,0.28700000000000003,28,23,28,24,1,0,14,1,6,1,"1.41","0.9","0.9","28.2",-6.4579727040792125,21.570857254441407,18.93663952772148,35.184731350927294,8.759927643100216
"SL","2026-07-21","85.6","-2.38","5.73","Imai, Tatsuya",691594,837227,,"called_strike",,,,,14,,"R","R","R","HOU","MIA","S",,,1,0,2026,"-0.23","0",0.9458257656159297,1.4856158991729709,,,,0,3,"Top",,,,,,,8.096706972499378,-124.27462457127253,-3.3271090005234667,-4.224596734447084,28.868946599296965,-31.66592103238057,2.995333005,1.511663386,,,,"83.8",2318,"5.6",824165,543877,572233,514888,670623,665161,664774,828599,666211,"54.89",,,,,,,,18,2,"Slider",2,0,0,2,0,2,0,2,"Standard","Standard",252,"0.005","-0.056",,,,,"0.056",,2,-2,0.708,0.29200000000000004,28,23,28,24,1,0,14,1,6,1,"3.17","0.23","0.23","30.2",,,,,
"SL","2026-07-21","84.4","-2.45","5.79","Imai, Tatsuya",691594,837227,,"ball",,,,,14,,"R","R","R","HOU","MIA","B",,,0,0,2026,"-0.32","0.11",0.729222472010305,0.8007857371400195,,,,0,3,"Top",,,,,,,7.830562738001578,-122.53713575779744,-5.045116565196391,-4.951518260385072,27.17026882450306,-30.121459695733968,2.995333005,1.511663386,,,,"82.7",2281,"5.6",824165,543877,572233,514888,670623,665161,664774,828599,666211,"54.95",,,,,,,,18,1,"Slider",2,0,0,2,0,2,0,2,"Standard","Standard",258,"-0.004","0.043",,,,,"-0.043",,2,-2,0.712,0.28800000000000003,28,23,28,24,1,0,14,1,6,1,"3.13","0.32","0.32","29.9",,,,,
"SL","2026-07-21","87.7","-2.13","5.66","Imai, Tatsuya",805300,837227,"strikeout","swinging_strike_blocked",,,,,14,"Jakob Marsee strikes out swinging.","R","L","R","HOU","MIA","S",2,,2,2,2026,"-0.22","-0.36",1.0885578836865262,0.03713280548995046,,,,2,2,"Top",,,,,,,8.063471314640719,-127.27644174255379,-6.261382120178217,-4.250644214505033,29.235237374761212,-34.82816806110804,3.212106299,1.621062992,,,,"86.4",2217,"5.8",824165,543877,572233,514888,670623,665161,664774,828599,666211,"54.65",,0,"0",1,0,0,,11,5,"Slider",1,0,0,1,0,1,0,1,"Infield shade","Standard",253,"0.009","-0.219","56.6","8.3","10.8636015",,"0.219",,1,-1,0.647,0.353,28,25,28,25,1,0,14,1,6,3,"3.37","0.22","-0.22","31.0",24.853837277310305,-36.01026691640507,34.7850830699091,25.811935599643334,50.59040029799914
"SL","2026-07-21","86.5","-2.41","5.6","Imai, Tatsuya",805300,837227,,"called_strike",,,,,7,,"R","L","R","HOU","MIA","S",,,2,1,2026,"-0.17","0.2",-0.7007379366372234,1.7260727255447548,,,,2,2,"Top",,,,,,,4.335762437503971,-125.99568656328562,-3.233550582256682,-2.6998719990534727,24.50161524504285,-29.65385013854209,3.212106299,1.621062992,,,,"85.9",2324,"5.8",824165,543877,572233,514888,670623,665161,664774,828599,666211,"54.74",,,,,,,,11,4,"Slider",1,0,0,1,0,1,0,1,"Standard","Standard",253,"0.003","-0.079",,,,,"0.079",,1,-1,0.644,0.356,28,25,28,25,1,0,14,1,6,3,"2.83","0.17","-0.17","27.8",,,,,
"SL","2026-07-21","86.4","-2.46","5.68","Imai, Tatsuya",805300,837227,,"ball",,,,,13,,"R","L","R","HOU","MIA","B",,,1,1,2026,"-0.18","0.06",-0.974039936738071,2.32851329891173,,,,2,2,"Top",,,,,,,3.7997434888031565,-125.65406880264437,-1.5364638520111429,-2.7912227215797523,30.224655002990062,-31.464150283733854,3.212106299,1.621062992,,,,"84.6",2215,"5.6",824165,543877,572233,514888,670623,665161,664774,828599,666211,"54.93",,,,,,,,11,3,"Slider",1,0,0,1,0,1,0,1,"Standard","Standard",250,"-0.002","0.054",,,,,"-0.054",,1,-1,0.646,0.354,28,25,28,25,1,0,14,1,6,3,"3.05","0.18","-0.18","29.0",,,,,
"FF","2026-07-21","95.5","-2.37","5.52","Imai, Tatsuya",805300,837227,,"ball",,,,,11,,"R","L","R","HOU","MIA","B",,,0,1,2026,"-0.93","1.29",-0.88430223079151,3.0678805558021915,,,,2,2,"Top",,,,,,,5.941467353856513,-138.9465478989302,-3.5777305592197637,-13.40195216368776,30.496394889126137,-14.898069666247245,3.212106299,1.621062992,,,,"95",2023,"5.9",824165,543877,572233,514888,670623,665161,664774,828599,666211,"54.56",,,,,,,,11,2,"4-Seam Fastball",1,0,0,1,0,1,0,1,"Standard","Standard",230,"-0.001","0.03",,,,,"-0.03",,1,-1,0.647,0.353,28,25,28,25,1,0,14,1,6,3,"1.21","0.93","-0.93","26.1",,,,,
"SL","2026-07-21","85.5","-2.59","5.52","Imai, Tatsuya",805300,837227,,"called_strike",,,,,9,,"R","L","R","HOU","MIA","S",,,0,0,2026,"-0.25","0.06",0.5488347085437838,1.817124023638041,,,,2,2,"Top",,,,,,,7.721168326312243,-124.2651706674911,-2.2461223958949468,-4.256370188748188,27.683620781571715,-31.316157279416064,3.212106299,1.621062992,,,,"84.2",2289,"5.8",824165,543877,572233,514888,670623,665161,664774,828599,666211,"54.72",,,,,,,,11,1,"Slider",1,0,0,1,0,1,0,1,"Standard","Standard",268,"0.002","-0.043",,,,,"0.043",,1,-1,0.645,0.355,28,25,28,25,1,0,14,1,6,3,"3.1","0.25","-0.25","24.5",,,,,
"SL","2026-07-21","86.3","-2.42","5.57","Imai, Tatsuya",665052,837227,"field_out","hit_into_play",,,,,9,"Griffin Conine grounds out to first baseman Christian Walker.","R","L","R","HOU","MIA","X",3,"ground_ball",1,1,2026,"-0.2","-0.07",0.36690768833339055,2.059411628886877,,,,1,2,"Top",157.08,165.78,,,,,6.857631804548962,-125.49002466550726,-1.7471468784662174,-3.508245607885121,25.75939384467339,-32.72347234237728,3.234046916,1.632135827,13,"101.1",-9,"85.1",2039,"5.6",824165,543877,572233,514888,670623,665161,664774,828599,666211,"54.89",0.271,0.252,"0",1,0,0,2,10,3,"Slider",1,0,0,1,0,1,0,1,"Infield shade","Standard",276,"0.017","-0.253","78.5","7.9",,0.302,"0.253","101.1",1,-1,0.628,0.372,28,28,28,29,1,0,14,1,6,1,"3.13","0.2","-0.2","28.6",23.32575090501993,-11.338717960860226,30.89181600848044,32.63553877751612,39.08880608836404
"SL","2026-07-21","87.7","-2.56","5.59","Imai, Tatsuya",665052,837227,,"swinging_strike",,,,,14,,"R","L","R","HOU","MIA","S",,,1,0,2026,"-0.27","-0.05",0.5441826933789151,1.3325673730912833,,,,1,2,"Top",,,,,,,7.8689678558361225,-127.58176685850039,-3.7894452673925088,-4.502749001093972,25.777451969993997,-32.17811645218594,3.234046916,1.632135827,,,,"86.8",2118,"5.7",824165,543877,572233,514888,670623,665161,664774,828599,666211,"54.78",,,,,,,,10,2,"Slider",1,0,0,1,0,1,0,1,"Infield shade","Standard",268,"0.004","-0.05","81.5","8.5","3.892610304",,"0.05",,1,-1,0.624,0.376,28,28,28,29,1,0,14,1,6,1,"3.01","0.27","-0.27","28.3",25.312410811677623,-26.694283873039513,28.796231623648012,30.743726422418582,45.92925030109981
"SL","2026-07-21","86.3","-2.48","5.71","Imai, Tatsuya",665052,837227,,"ball",,,,,14,,"R","L","R","HOU","MIA","B",,,0,0,2026,"-0.47","-0.15",0.4123328743766672,0.4248399323169476,,,,1,2,"Top",,,,,,,7.666418703355529,-125.36353377809962,-5.662998616228413,-6.580196867498065,26.621168577021773,-32.75775863046633,3.234046916,1.632135827,,,,"85.1",2217,"5.7",824165,543877,572233,514888,670623,665161,664774,828599,666211,"54.8",,,,,,,,10,1,"Slider",1,0,0,1,0,1,0,1,"Infield shade","Standard",268,"-0.003","0.041",,,,,"-0.041",,1,-1,0.627,0.373,28,28,28,29,1,0,14,1,6,1,"3.24","0.47","-0.47","29.0",,,,,
"SL","2026-07-21","86.8","-2.32","5.77","Imai, Tatsuya",689414,837227,"strikeout","foul_tip",,,,,13,"Liam Hicks strikes out on a foul tip.","R","L","R","HOU","MIA","S",2,,1,2,2026,"-0.55","0.18",-0.07111385910060086,1.2295076948800396,,,,0,2,"Top",,,,,,,6.3726813515593355,-126.13019315887706,-4.691348250766487,-7.284595747465939,27.81970931768675,-29.413262839314395,3.085728346,1.557283465,,,,"85.4",2205,"5.6",824165,543877,572233,514888,670623,665161,664774,828599,666211,"54.88",,0,"0",1,0,0,,9,4,"Slider",1,0,0,1,0,1,0,1,"Infield shade","Standard",250,"0.017","-0.185","73.8","8.5",,,"0.185",,1,-1,0.61,0.39,28,27,28,27,1,0,14,1,6,1,"2.87","0.55","-0.55","28.3",28.7050272271622,-36.20962039223263,34.58754252493424,33.11592237683859,44.47566469673574
"SL","2026-07-21","86.7","-2.6","5.57","Imai, Tatsuya",689414,837227,,"swinging_strike",,,,,14,,"R","L","R","HOU","MIA","S",,,1,1,2026,"-0.4","0.46",0.6619948983764299,1.214842048213916,,,,0,2,"Top",,,,,,,8.421008660976257,-125.88959104876659,-4.797769422189303,-6.070908090568002,27.781761214686536,-26.413139207027587,3.085728346,1.557283465,,,,"85.4",2320,"5.7",824165,543877,572233,514888,670623,665161,664774,828599,666211,"54.76",,,,,,,,9,3,"Slider",1,0,0,1,0,1,0,1,"Infield shade","Standard",267,"0.006","-0.062","49.9","7.8","1.93641582",,"0.062",,1,-1,0.604,0.396,28,27,28,27,1,0,14,1,6,1,"2.6","0.4","-0.4","26.8",21.275687139859432,-28.592188574418053,39.79808044586685,24.342397251872214,42.93375418538564
"SL","2026-07-21","86.6","-2.46","5.55","Imai, Tatsuya",689414,837227,,"swinging_strike",,,,,14,,"R","L","R","HOU","MIA","S",,,1,0,2026,"-0.66","0.27",0.09458755667663366,0.47283780039155276,,,,0,2,"Top",,,,,,,7.306068413831876,-125.81714133027376,-6.129490689418229,-8.538846592797293,26.418435001579,-28.16810643762185,3.085728346,1.557283465,,,,"85.5",2251,"5.8",824165,543877,572233,514888,670623,665161,664774,828599,666211,"54.73",,,,,,,,9,2,"Slider",1,0,0,1,0,1,0,1,"Standard","Standard",268,"0.005","-0.056","41.0","7.7","4.222340292",,"0.056",,1,-1,0.599,0.401,28,27,28,27,1,0,14,1,6,1,"2.78","0.66","-0.66","29.7",12.18652211675268,-11.914083510119994,43.27023171351612,30.56048277868306,32.38678695576215
"SL","2026-07-21","86","-2.53","5.59","Imai, Tatsuya",689414,837227,,"ball",,,,,13,,"R","L","R","HOU","MIA","B",,,0,0,2026,"-0.16","-0.14",-1.0130579862526492,2.1993022835264764,,,,0,2,"Top",,,,,,,3.8293785614426072,-125.2424976840716,-1.3089314242060834,-2.43875098142625,24.3719256419988,-33.63666211061722,3.085728346,1.557283465,,,,"85.3",2060,"5.7",824165,543877,572233,514888,670623,665161,664774,828599,666211,"54.82",,,,,,,,9,1,"Slider",1,0,0,1,0,1,0,1,"Standard","Standard",249,"-0.004","0.043",,,,,"-0.043",,1,-1,0.603,0.397,28,27,28,27,1,0,14,1,6,1,"3.21","0.16","-0.16","28.0",,,,,
"SL","2026-07-21","86.5","-2.52","5.49","Imai, Tatsuya",669364,837227,"field_out","hit_into_play",,,,,7,"Xavier Edwards flies out to shortstop Jeremy Peña.","R","L","R","HOU","MIA","X",6,"fly_ball",1,0,2026,"-0.43","-0.24",-0.40008914241204646,1.7490922363898989,,681715,,2,1,"Top",125.65,115.59,,,,,5.820438668179253,-125.925232256229,-1.966272204070191,-5.811715597259543,26.228832660015648,-34.55950324399399,3.055011483,1.541781496,216,"69.9",45,"85.6",2248,"5.7",824165,543877,572233,514888,670623,665161,664774,828599,666211,"54.77",0.277,0.271,"0",1,0,0,3,4,2,"Slider",0,0,0,0,0,0,0,0,"Standard","Standard",254,"0.033","-0.305",,,,0.355,"0.305","88.0",0,0,0.515,0.485,28,26,28,27,1,0,14,1,6,1,"3.29","0.43","-0.43","26.5",,,,,
"SL","2026-07-21","88","-2.35","5.38","Imai, Tatsuya",669364,837227,,"blocked_ball",,,,,14,,"R","L","R","HOU","MIA","B",,,0,0,2026,"-0.48","0",0.6883854567041583,-0.0896447219976162,,681715,,2,1,"Top",,,,,,,8.212770415216832,-127.8433216256869,-6.821149966726862,-6.941227336969975,26.013093313955807,-30.97546232846329,3.055011483,1.541781496,,,,"87.3",2259,"5.9",824165,543877,572233,514888,670623,665161,664774,828599,666211,"54.57",,,,,,,,4,1,"Slider",0,0,0,0,0,0,0,0,"Standard","Standard",256,"-0.001","0.025",,,,,"-0.025",,0,0,0.516,0.484,28,26,28,27,1,0,14,1,6,1,"2.95","0.48","-0.48","26.0",,,,,
"FF","2026-07-21","96.3","-2.05","5.27","Imai, Tatsuya",681715,837227,"single","hit_into_play",,,,,6,"Heriberto Hernández singles on a ground ball to left fielder LaMonte Wade Jr.","R","R","R","HOU","MIA","X",7,"ground_ball",0,2,2026,"-0.93","1.28",0.48338995501544646,2.5070846337462185,,,,2,1,"Top",79.01,125.22,,,,,8.76164510380747,-139.92543574241347,-4.47227013472227,-14.204916566833457,32.0464663581012,-14.573716315610033,3.178756562,1.604232283,15,"83.8",-9,"96.1",1994,"6.3",824165,543877,572233,514888,670623,665161,664774,828599,666211,"54.22",0.17,0.171,"0.9",1,1,0,2,3,3,"4-Seam Fastball",0,0,0,0,0,0,0,0,"Standard","Standard",230,"-0.016","0.436","75.6","8.2",,0.201,"-0.436","88.0",0,0,0.542,0.45799999999999996,28,26,28,27,1,0,14,1,6,1,"1.19","0.93","0.93","33.1",15.157613080038052,-6.346936591134958,24.832361068583587,40.97102026028613,36.289907896449755
"FF","2026-07-21","96.2","-2.33","5.16","Imai, Tatsuya",681715,837227,,"called_strike",,,,,3,,"R","R","R","HOU","MIA","S",,,0,1,2026,"-0.91","1.13",0.6043139127024061,3.2092751161279773,,,,2,1,"Top",,,,,,,9.753073101643235,-139.77965415023473,-2.008769692053829,-14.155127333321788,32.415212950967465,-17.087559103161386,3.178756562,1.604232283,,,,"95.9",2073,"6.3",824165,543877,572233,514888,670623,665161,664774,828599,666211,"54.24",,,,,,,,3,2,"4-Seam Fastball",0,0,0,0,0,0,0,0,"Infield shade","Standard",229,"0.002","-0.061",,,,,"0.061",,0,0,0.54,0.45999999999999996,28,26,28,27,1,0,14,1,6,1,"1.34","0.91","0.91","28.2",,,,,
"FF","2026-07-21","96","-2.31","5.37","Imai, Tatsuya",681715,837227,,"swinging_strike",,,,,2,,"R","R","R","HOU","MIA","S",,,0,0,2026,"-1.07","0.92",0.21007598301867403,3.2573809985039857,,,,2,1,"Top",,,,,,,8.970526632212746,-139.47229889146806,-1.9047555562585226,-15.988078601642249,31.712628972147314,-19.94217373486369,3.178756562,1.604232283,,,,"95.3",2085,"6",824165,543877,572233,514888,670623,665161,664774,828599,666211,"54.49",,,,,,,,3,1,"4-Seam Fastball",0,0,0,0,0,0,0,0,"Standard","Standard",238,"0.002","-0.043","69.6","6.6","1.889391588",,"0.043",,0,0,0.538,0.46199999999999997,28,26,28,27,1,0,14,1,6,1,"1.56","1.07","1.07","26.3",-0.5026101539281266,40.38964969673693,24.144649160019068,38.724204156745586,8.921748556949105
"SL","2026-07-21","87.6","-2.32","5.42","Imai, Tatsuya",669065,837227,"field_out","hit_into_play",,,,,4,"Kyle Stowers flies out sharply to left fielder LaMonte Wade Jr.","R","L","R","HOU","MIA","X",7,"fly_ball",2,0,2026,"-0.33","0.21",-0.3079561697566946,2.3070870452520693,,,,1,1,"Top",74.23,97.81,,,,,5.446722909262772,-127.60427263821626,-1.6670078336626573,-4.719223762733275,24.76690217096842,-29.770507053934384,3.295480643,1.663139764,282,"100.7",52,"87.2",2240,"5.9",824165,543877,572233,514888,670623,665161,664774,828599,666211,"54.63",0.017,0.023,"0",1,0,0,3,2,3,"Slider",0,0,0,0,0,0,0,0,"Infield shade","Standard",251,"0.023","-0.38","78.3","6.7",,0.036,"0.38","100.7",0,0,0.515,0.485,28,28,28,28,1,0,14,1,6,1,"2.74","0.33","-0.33","26.4",14.83693967662332,2.5298018772985604,33.43898135257856,41.15160995678595,36.73405730829637
"SL","2026-07-21","86.2","-2.34","5.59","Imai, Tatsuya",669065,837227,,"ball",,,,,13,,"R","L","R","HOU","MIA","B",,,1,0,2026,"-0.17","0.01",-0.978975212026734,2.0000384670325126,,,,1,1,"Top",,,,,,,3.5028037738360487,-125.60407856933479,-2.1336780922426977,-2.498768352601337,24.60982685693637,-31.867684528507706,3.295480643,1.663139764,,,,"85.4",2245,"5.6",824165,543877,572233,514888,670623,665161,664774,828599,666211,"54.89",,,,,,,,2,2,"Slider",0,0,0,0,0,0,0,0,"Infield shade","Standard",295,"-0.005","0.077",,,,,"-0.077",,0,0,0.52,0.48,28,28,28,28,1,0,14,1,6,1,"3.04","0.17","-0.17","27.3",,,,,
"FF","2026-07-21","95.1","-2.46","5.41","Imai, Tatsuya",669065,837227,,"ball",,,,,11,,"R","L","R","HOU","MIA","B",,,0,0,2026,"-0.87","0.64",-0.8083726467179806,3.5729029156724432,,,,1,1,"Top",,,,,,,6.198273098114433,-138.4510245357874,-0.5032313086915191,-12.577212325164052,28.380732433280958,-24.030416041500633,3.295480643,1.663139764,,,,"94.6",1817,"5.8",824165,543877,572233,514888,670623,665161,664774,828599,666211,"54.74",,,,,,,,2,1,"4-Seam Fastball",0,0,0,0,0,0,0,0,"Infield shade","Standard",239,"-0.002","0.041",,,,,"-0.041",,0,0,0.522,0.478,28,28,28,28,1,0,14,1,6,1,"1.86","0.87","-0.87","23.8",,,,,
"SL","2026-07-21","88","-2.27","5.62","Imai, Tatsuya",672640,837227,"field_out","hit_into_play",,,,,8,"Otto Lopez grounds out, pitcher Tatsuya Imai to first baseman Christian Walker.","R","R","R","HOU","MIA","X",1,"ground_ball",1,1,2026,"-0.28","-0.14",-0.11486446791199467,1.9075625209843023,,,,0,1,"Top",124.3,172.5,,,,,5.697891538842446,-128.0393730264033,-2.3453812440152544,-4.346097054718461,27.89704026583934,-33.37879753981672,3.136630577,1.582972441,6,"67.1",-19,"87",2256,"5.8",824165,543877,572233,514888,670623,665161,664774,828599,666211,"54.71",0.056,0.05,"0",1,0,0,2,1,3,"Slider",0,0,0,0,0,0,0,0,"Standard","Standard",259,"0.021","-0.248","71.1","7.6",,0.059,"0.248","88.0",0,0,0.501,0.499,28,27,28,28,1,0,14,3,6,1,"3.09","0.28","0.28","28.7",16.60006877190654,-23.218077760246324,25.922250733865848,33.262701601156834,45.206472816259115
"SL","2026-07-21","86.6","-2.14","5.64","Imai, Tatsuya",672640,837227,,"ball",,,,,14,,"R","R","R","HOU","MIA","B",,,0,1,2026,"-0.48","-0.18",0.14379427306616432,0.2141796231913653,,,,0,1,"Top",,,,,,,6.307185347946827,-125.84093519480612,-5.9984715338737296,-6.451370310735636,26.15516085639476,-33.04208968316341,3.136630577,1.582972441,,,,"85.6",2325,"5.8",824165,543877,572233,514888,670623,665161,664774,828599,666211,"54.74",,,,,,,,1,2,"Slider",0,0,0,0,0,0,0,0,"Standard","Standard",259,"-0.002","0.029",,,,,"-0.029",,0,0,0.503,0.497,28,27,28,28,1,0,14,3,6,1,"3.24","0.48","0.48","28.8",,,,,
"FF","2026-07-21","94.6","-2.16","5.36","Imai, Tatsuya",672640,837227,,"called_strike",,,,,9,,"R","R","R","HOU","MIA","S",,,0,0,2026,"-1.04","0.91",0.5480347970911166,1.8672716849653794,,,,0,1,"Top",,,,,,,9.251446218125027,-137.3870703679364,-5.228594589686395,-15.202881749492228,30.18312662993405,-19.675759676926184,3.136630577,1.582972441,,,,"94",2030,"6",824165,543877,572233,514888,670623,665161,664774,828599,666211,"54.47",,,,,,,,1,1,"4-Seam Fastball",0,0,0,0,0,0,0,0,"Standard","Standard",230,"0.003","-0.042",,,,,"0.042",,0,0,0.5,0.5,28,27,28,28,1,0,14,3,6,1,"1.65","1.04","1.04","24.8",,,,,
"FF","2026-07-07","95","-2.24","5.04","Imai, Tatsuya",696285,837227,"walk","ball",,,,,14,"Jacob Young walks. Jorbit Vivas to 2nd.","R","R","R","WSH","HOU","B",,,3,2,2026,"-1.34","0.78",1.1401370870796164,1.5768260836300434,,,678391,2,4,"Bot",,,,,,,11.815234832506153,-137.8767147935465,-5.0125498563702795,-19.614758765325412,27.7796760980785,-21.23725084076613,3.187532808,1.608661417,,,,"95.6",1965,"6.6",822713,543877,572233,514888,670623,669397,701305,694728,701358,"53.94",,0.697886,"0.7",1,0,0,,37,6,"4-Seam Fastball",2,4,2,4,4,2,2,4,"Standard","Standard",240,"0.024","0.211",,,,,"-0.211",,-2,-2,0.281,0.281,28,26,28,27,2,1,6,1,14,3,"1.74","1.34","1.34","23.8",,,,,
"FF","2026-07-07","92.9","-2.36","5.14","Imai, Tatsuya",696285,837227,,"called_strike",,,,,9,,"R","R","R","WSH","HOU","S",,,3,1,2026,"-1.21","0.77",0.3381466795239998,1.879364870337175,,,678391,2,4,"Bot",,,,,,,9.478688384812896,-135.08754605772907,-4.121180641744605,-16.765499045512403,26.61179317418862,-21.9610548641333,3.187532808,1.608661417,,,,"93.1",1926,"6.2",822713,543877,572233,514888,670623,669397,701305,694728,701358,"54.3",,,,,,,,37,5,"4-Seam Fastball",2,4,2,4,4,2,2,4,"Standard","Standard",238,"-0.007","-0.087",,,,,"0.087",,-2,-2,0.288,0.288,28,26,28,27,2,1,6,1,14,3,"1.85","1.21","1.21","21.5",,,,,
"SL","2026-07-07","84.9","-2.29","5.54","Imai, Tatsuya",696285,837227,,"ball",,,,,14,,"R","R","R","WSH","HOU","B",,,2,1,2026,"-0.13","-0.38",0.31918044442700344,1.078071084172044,,,678391,2,4,"Bot",,,,,,,6.246475995467861,-123.56804223586362,-3.1746863211811496,-2.434342852890022,21.94955981621237,-35.67238608037647,3.187532808,1.608661417,,,,"84.8",2219,"6",822713,543877,572233,514888,670623,669397,701305,694728,701358,"54.53",,,,,,,,37,4,"Slider",2,4,2,4,4,2,2,4,"Standard","Standard",269,"0.008","0.103",,,,,"-0.103",,-2,-2,0.28,0.28,28,26,28,27,2,1,6,1,14,3,"3.51","0.13","0.13","28.8",,,,,
"FF","2026-07-07","93.9","-2.37","5.3","Imai, Tatsuya",696285,837227,,"ball",,,,,14,,"R","R","R","WSH","HOU","B",,,1,1,2026,"-1.37","0.82",1.3331645896761122,1.855232052656059,,,678391,2,4,"Bot",,,,,,,12.460180161222212,-136.27316207920444,-4.835518976905818,-19.6196055273204,27.078244726141588,-21.0773722595135,3.187532808,1.608661417,,,,"93.9",2064,"6.2",822713,543877,572233,514888,670623,669397,701305,694728,701358,"54.3",,,,,,,,37,3,"4-Seam Fastball",2,4,2,4,4,2,2,4,"Standard","Standard",238,"0.004","0.053",,,,,"-0.053",,-2,-2,0.276,0.276,28,26,28,27,2,1,6,1,14,3,"1.76","1.37","1.37","23.2",,,,,
"SL","2026-07-07","85.5","-2.1","5.48","Imai, Tatsuya",696285,837227,,"swinging_strike_blocked",,,,,14,,"R","R","R","WSH","HOU","S",,,1,0,2026,"-0.45","-0.44",0.3696275661349613,0.21023081590281212,,,678391,2,4,"Bot",,,,,,,6.626152724140094,-124.34126428839576,-4.999627186906349,-5.889541852403763,22.826030755570773,-35.99256133748638,3.187532808,1.608661417,,,,"85.3",2175,"6",822713,543877,572233,514888,670623,669397,701305,694728,701358,"54.51",,,,,,,,37,2,"Slider",2,4,2,4,4,2,2,4,"Standard","Standard",263,"-0.004","-0.05","68.7","8.8","17.41015134",,"0.05",,-2,-2,0.28,0.28,28,26,28,27,2,1,6,1,14,3,"3.54","0.45","0.45","28.0",29.679662727152422,-33.750444352152954,41.291741674313485,42.880591054189814,53.657035519791606
"FF","2026-07-07","93.3","-2.35","5.3","Imai, Tatsuya",696285,837227,,"ball",,,,,14,,"R","R","R","WSH","HOU","B",,,0,0,2026,"-1.15","0.81",0.9128837613738015,1.5384002745361447,,,678391,2,4,"Bot",,,,,,,10.784284998593467,-135.3820600419843,-5.459568950340086,-16.497571902881276,28.605205670009262,-21.1894623982606,3.187532808,1.608661417,,,,"92.9",1889,"6.1",822713,543877,572233,514888,670623,669397,701305,694728,701358,"54.36",,,,,,,,37,1,"4-Seam Fastball",2,4,2,4,4,2,2,4,"Standard","Standard",238,"0.003","0.038",,,,,"-0.038",,-2,-2,0.277,0.277,28,26,28,27,2,1,6,1,14,3,"1.82","1.15","1.15","26.1",,,,,
"FF","2026-07-07","92.4","-2.3","5.54","Imai, Tatsuya",678391,837227,"single","hit_into_play",,,,,1,"Jorbit Vivas singles on a line drive to left fielder Zach Dezenzo.","R","L","R","WSH","HOU","X",7,"line_drive",0,0,2026,"-1.21","0.86",-0.6831314570665725,2.6572860150244653,,,,2,4,"Bot",61.8,108.42,,,,,6.657533877776037,-134.5105084314358,-3.2382010153776495,-16.092425466080105,27.902317339171724,-21.19923258826095,3.060277231,1.544438976,180,"95.6",10,"91.6",1922,"5.7",822713,543877,572233,514888,670623,669397,701305,694728,701358,"54.79",0.697,0.648,"0.9",1,1,0,4,36,1,"4-Seam Fastball",2,4,2,4,4,2,2,4,"Standard","Standard",238,"0.015","0.332","67.7","6.8",,0.794,"-0.332","95.6",-2,-2,0.262,0.262,28,25,28,25,2,1,6,2,14,1,"1.8","1.21","-1.21","23.1",-6.057440338278433,20.078760916622386,31.855999764892584,42.043491882618206,15.436186080845905
"FF","2026-07-07","93.1","-2.29","5.5","Imai, Tatsuya",683083,837227,"field_out","hit_into_play",,,,,9,"Nasim Nuñez grounds out, second baseman Jose Altuve to first baseman Christian Walker.","R","L","R","WSH","HOU","X",4,"ground_ball",0,1,2026,"-1.24","0.66",0.3413897025541157,1.7702540055144327,,,,1,4,"Bot",139.15,162.2,,,,,9.33657478712116,-135.3639172168524,-5.045868034526062,-17.232791542972677,27.25162467195966,-23.09764818188724,3.045357612,1.536909449,5,"96.6",-19,"92.5",2057,"5.8",822713,543877,572233,514888,670623,669397,701305,694728,701358,"54.7",0.172,0.166,"0",1,0,0,2,35,2,"4-Seam Fastball",2,4,2,4,4,2,2,4,"Standard","Standard",235,"-0.017","-0.221","72.4","6.7",,0.183,"0.221","96.6",-2,-2,0.279,0.279,28,25,28,26,2,1,6,1,14,3,"1.95","1.24","-1.24","22.3",2.5863313308053444,7.5591912306185876,41.63692848448624,33.25418550934897,24.75034056543694
"SL","2026-07-07","82.7","-2.23","5.82","Imai, Tatsuya",683083,837227,,"foul",,,,,8,,"R","L","R","WSH","HOU","S",,,0,0,2026,"-0.36","0.04",0.1146800679715963,1.8275060602871465,,,,1,4,"Bot",,,,,,,5.88567489595195,-120.1774860958227,-2.3017062918507643,-4.739466789786719,27.39332198893487,-31.4757768885339,3.045357612,1.536909449,230,"75.2",38,"81",2297,"5.6",822713,543877,572233,514888,670623,669397,701305,694728,701358,"54.92",,,,,,,,35,1,"Slider",2,4,2,4,4,2,2,4,"Standard","Standard",285,"-0.003","-0.041","68.5","6.4",,,"0.041","88.0",-2,-2,0.282,0.282,28,25,28,26,2,1,6,1,14,3,"3.35","0.36","-0.36","29.6",-3.055843577632485,6.237252035797759,37.34990344834127,36.73147759171226,31.27351897192862
"SL","2026-07-07","82.5","-1.97","5.8","Imai, Tatsuya",695734,837227,"strikeout","swinging_strike",,,,,13,"Daylen Lile strikes out swinging.","R","L","R","WSH","HOU","S",2,,0,2,2026,"-0.82","0.48",-0.12417492829346477,1.3507996321545201,,,,0,4,"Bot",,,,,,,5.652117453945,-119.9988623640334,-4.266017329788528,-8.973420618092124,23.216241867927923,-26.86580815270832,3.180511811,1.60511811,,,,"81.3",2168,"5.5",822713,543877,572233,514888,670623,669397,701305,694728,701358,"55.03",,0,"0",1,0,0,,34,4,"Slider",2,4,2,4,4,2,2,4,"Infield shade","Standard",260,"-0.017","-0.164","67.0","9.0","0.625198968",,"0.164",,-2,-2,0.299,0.299,28,23,28,24,2,1,6,1,14,1,"2.87","0.82","-0.82","27.5",31.763229238702323,-30.994262959921944,43.044880885185236,35.2991075100249,51.132328663352205
"SL","2026-07-07","83.2","-2.09","5.81","Imai, Tatsuya",695734,837227,,"foul",,,,,13,,"R","L","R","WSH","HOU","S",,,0,2,2026,"-0.6","0.03",-0.5878503998085578,1.4555180613002534,,,,0,4,"Bot",,,,,,,4.528598814335687,-121.19974364049737,-3.3861127682269108,-6.782670654673539,21.129443404954557,-31.504477110743817,3.180511811,1.60511811,10,"72.6",-8,"82.4",2170,"5.4",822713,543877,572233,514888,670623,669397,701305,694728,701358,"55.08",,,,,,,,34,3,"Slider",2,4,2,4,4,2,2,4,"Infield shade","Standard",253,"0","0","70.2","8.4",,,"0","88.0",-2,-2,0.299,0.299,28,23,28,24,2,1,6,1,14,1,"3.23","0.6","-0.6","29.0",11.660657461580056,-9.18463914253017,37.77473024986039,41.457319728170965,39.289863155308666
"FF","2026-07-07","91.1","-2.06","5.4","Imai, Tatsuya",695734,837227,,"foul",,,,,8,,"R","L","R","WSH","HOU","S",,,0,1,2026,"-1.03","0.79",-0.06202194038944864,1.6112153520788455,,,,0,4,"Bot",,,,,,,7.110594885319244,-132.566297139516,-5.153623875804579,-13.532274045104888,23.819227490142204,-21.971367276470897,3.180511811,1.60511811,178,"65.7",24,"90.8",1881,"5.8",822713,543877,572233,514888,670623,669397,701305,694728,701358,"54.74",,,,,,,,34,2,"4-Seam Fastball",2,4,2,4,4,2,2,4,"Infield shade","Standard",236,"-0.008","-0.054","69.5","7.4",,,"0.054","88.0",-2,-2,0.307,0.307,28,23,28,24,2,1,6,1,14,1,"1.92","1.03","-1.03","23.6",-1.6193472154136406,5.678598454515015,46.50082365942618,34.30731494881371,24.632949076871682
"FF","2026-07-07","91.4","-2.34","5.49","Imai, Tatsuya",695734,837227,,"foul",,,,,2,,"R","L","R","WSH","HOU","S",,,0,0,2026,"-1.16","0.77",0.19539539723464028,3.1754325732299007,,,,0,4,"Bot",,,,,,,8.722715663799313,-132.94496065078354,-1.4934721337077452,-15.512969529543483,26.55050095475845,-22.922212645832836,3.180511811,1.60511811,225,"72.6",31,"90.7",1974,"5.7",822713,543877,572233,514888,670623,669397,701305,694728,701358,"54.78",,,,,,,,34,1,"4-Seam Fastball",2,4,2,4,4,2,2,4,"Standard","Standard",236,"-0.004","-0.042","69.1","6.8",,,"0.042","88.0",-2,-2,0.311,0.311,28,23,28,24,2,1,6,1,14,1,"1.95","1.16","-1.16","24.0",12.663395595037949,-1.379867928698563,33.11498629695108,30.906915834938886,27.178161314777615
"SL","2026-07-07","87","-2.17","5.54","Imai, Tatsuya",660688,837227,"field_out","hit_into_play",,,,,1,"Keibert Ruiz flies out to left fielder Zach Dezenzo.","R","L","R","WSH","HOU","X",7,"fly_ball",2,2,2026,"0.01","0.02",-0.7937814533215486,3.106912709218175,,671277,,2,3,"Bot",52.26,98.36,,,,,3.189375826998962,-126.57258180555623,0.5965073134805965,-0.6565625638473117,31.038033845680268,-32.36211766762151,3.175246063,1.60246063,308,"88.7",29,"85.4",2271,"5.7",822713,543877,572233,514888,670623,669397,701305,694728,701358,"54.75",0.04,0.04,"0",1,0,0,3,26,6,"Slider",2,1,2,1,1,2,2,1,"Infield shade","Standard",319,"-0.027","-0.222","64.7","6.1",,0.073,"0.222","88.7",1,1,0.65,0.65,28,27,28,28,2,1,6,2,14,1,"3.04","-0.01","0.01","28.6",-2.400305340169017,9.82471674734203,23.025636455662124,42.06189389979018,30.392460778287834
"SL","2026-07-07","87.1","-2.08","5.37","Imai, Tatsuya",660688,837227,,"foul",,,,,11,,"R","L","R","WSH","HOU","S",,,2,2,2026,"0.02","0.09",-1.0859072031334411,2.6311929771895954,,671277,,2,3,"Bot",,,,,,,2.3087916932074033,-126.82425629683149,-0.4003858711935224,-0.28516643511031464,26.755359280093785,-31.300276633988442,3.175246063,1.60246063,142,"69.3",16,"86.5",2370,"6",822713,543877,572233,514888,670623,669397,701305,694728,701358,"54.55",,,,,,,,26,5,"Slider",2,1,2,1,1,2,2,1,"Infield shade","Standard",231,"0","0","66.7","6.9",,,"0","88.0",1,1,0.65,0.65,28,27,28,28,2,1,6,2,14,1,"2.91","-0.02","0.02","30.3",3.5552150536512315,-0.8171681588297883,28.540374340039,45.009590275831016,35.01776104149246
"FF","2026-07-07","95.1","-2.04","5.12","Imai, Tatsuya",660688,837227,,"foul",,,,,1,,"R","L","R","WSH","HOU","S",,,2,1,2026,"-1.13","0.65",-0.7240891840599915,3.2466648598136834,,671277,,2,3,"Bot",,,,,,,5.988139845373754,-138.42989211031858,-0.625838289537113,-15.899554478372728,29.593208953005405,-23.831301095691135,3.175246063,1.60246063,200,"71.9",54,"95.1",1891,"6.2",822713,543877,572233,514888,670623,669397,701305,694728,701358,"54.31",,,,,,,,26,4,"4-Seam Fastball",2,1,2,1,1,2,2,1,"Infield shade","Standard",241,"-0.006","-0.075","65.5","6.5",,,"0.075","88.0",1,1,0.656,0.656,28,27,28,28,2,1,6,2,14,1,"1.86","1.13","-1.13","21.1",0.7984014348083608,-1.202347238726754,24.568583614613758,42.20786488345959,31.611907582933732
"SL","2026-07-07","86.2","-2.08","5.27","Imai, Tatsuya",660688,837227,,"swinging_strike",,,,,13,,"R","L","R","WSH","HOU","S",,,2,0,2026,"-0.26","0.09",-0.18335095487452302,0.9914560431277302,,671277,,2,3,"Bot",,,,,,,4.949817637876796,-125.3414607070896,-3.6966697986187835,-3.875429212995045,31.133423270581336,-30.580256911399147,3.175246063,1.60246063,,,,"84.9",2186,"6",822713,543877,572233,514888,670623,669397,701305,694728,701358,"54.5",,,,,,,,26,3,"Slider",2,1,2,1,1,2,2,1,"Infield shade","Standard",312,"-0.001","-0.031","72.1","8.3","4.103585544",,"0.031",,1,1,0.657,0.657,28,27,28,28,2,1,6,2,14,1,"3.04","0.26","-0.26","24.8",26.212428699579874,-32.12930669358378,36.10076085502374,36.16209393688474,57.68835573944819
"SL","2026-07-07","85.6","-2.09","5.33","Imai, Tatsuya",660688,837227,,"ball",,,,,13,,"R","L","R","WSH","HOU","B",,,1,0,2026,"-0.04","-0.02",-0.4956896026990887,1.177079187456353,,671277,,2,3,"Bot",,,,,,,3.778389025708414,-124.59319571371101,-3.2059997697095586,-1.2240396610795328,26.51302963049794,-31.910830139280446,3.175246063,1.60246063,,,,"84.9",2277,"5.9",822713,543877,572233,514888,670623,669397,701305,694728,701358,"54.57",,,,,,,,26,2,"Slider",2,1,2,1,1,2,2,1,"Infield shade","Standard",273,"0.001","0.023",,,,,"-0.023",,1,1,0.656,0.656,28,27,28,28,2,1,6,2,14,1,"3.14","0.04","-0.04","28.6",,,,,
"FF","2026-07-07","96","-1.92","4.92","Imai, Tatsuya",660688,837227,,"ball",,,,,14,,"R","L","R","WSH","HOU","B",,,0,0,2026,"-1.11","0.76",0.8360061921334241,1.3239024353845958,,671277,,2,3,"Bot",,,,,,,9.764371332011,-139.48334747162605,-5.490975057371642,-16.590021234036296,28.815729649405355,-21.20304937153723,3.175246063,1.60246063,,,,"96.4",2031,"6.4",822713,543877,572233,514888,670623,669397,701305,694728,701358,"54.11",,,,,,,,26,1,"4-Seam Fastball",2,1,2,1,1,2,2,1,"Standard","Standard",233,"0.001","0.025",,,,,"-0.025",,1,1,0.655,0.655,28,27,28,28,2,1,6,2,14,1,"1.71","1.11","-1.11","24.2",,,,,
"FF","2026-07-07","96.6","-1.98","4.93","Imai, Tatsuya",682928,837227,"sac_fly","hit_into_play",,,,,6,"CJ Abrams out on a sacrifice fly to center fielder Brice Matthews. James Wood scores.","R","L","R","WSH","HOU","X",8,"fly_ball",3,2,2026,"-0.95","0.64",0.74713467013403,2.522739417914603,695578,671277,,1,3,"Bot",126.2,79.51,,,,,9.367826508434018,-140.48727240557136,-2.2535663328779294,-14.484104601658716,26.46390149433277,-23.29583179598387,3.222637795,1.626377953,302,"83.8",23,"97.4",1838,"6.4",822713,543877,572233,514888,670623,669397,701305,694728,701358,"54.1",,0.26,"0",1,0,0,3,25,9,"4-Seam Fastball",1,1,1,1,1,2,2,1,"Infield shade","Standard",236,"0.002","-0.161","69.9","6.4",,,"0.161","88.0",0,0,0.653,0.653,28,25,28,26,2,1,6,1,14,1,"1.77","0.95","-0.95","20.5",5.01514389671732,8.03147476618172,28.79325513931171,29.418091423918955,26.07929459147525
"SL","2026-07-07","87.5","-2.13","5.38","Imai, Tatsuya",682928,837227,,"foul",,,,,8,,"R","L","R","WSH","HOU","S",,,3,2,2026,"-0.26","0.12",0.21740051591594683,1.650517766736753,695578,671277,,1,3,"Bot",,,,,,,6.106432184356132,-127.2336748514403,-2.848006655694033,-4.136360705461444,27.234785410988593,-30.45685286908911,3.222637795,1.626377953,80,"94.4",4,"86.9",2302,"6.1",822713,543877,572233,514888,670623,669397,701305,694728,701358,"54.43",,,,,,,,25,8,"Slider",1,1,1,1,1,1,1,1,"Infield shade","Standard",306,"0","0","80.3","8.7",,,"0","94.4",0,0,0.653,0.653,28,25,28,26,2,1,6,1,14,1,"2.87","0.26","-0.26","27.1",22.811712718548357,-29.36148339338968,30.368079061612043,36.56026345275185,46.579352230113926
"SL","2026-07-07","88.1","-2.09","5.32","Imai, Tatsuya",682928,837227,,"foul",,,,,14,,"R","L","R","WSH","HOU","S",,,3,2,2026,"-0.03","0.19",0.9263292718853244,1.075874365051944,695578,671277,,1,3,"Bot",,,,,,,7.242293532213147,-128.03321499867977,-4.292365779218944,-1.8999962045587422,28.452088191771544,-29.298031877303405,3.222637795,1.626377953,4,"87",-18,"87.4",2253,"6.1",822713,543877,572233,514888,670623,669397,701305,694728,701358,"54.42",,,,,,,,25,7,"Slider",1,1,1,1,1,1,1,1,"Infield shade","Standard",276,"0","0","79.5","8.4",,,"0","88.0",0,0,0.653,0.653,28,25,28,26,2,1,6,1,14,1,"2.77","0.03","-0.03","27.5",20.234378561356873,-24.030793417957472,37.76397901944437,27.790073614585122,39.35313954751007
"SL","2026-07-07","87.6","-1.96","5.24","Imai, Tatsuya",682928,837227,,"ball",,,,,13,,"R","L","R","WSH","HOU","B",,,2,2,2026,"-0.04","0.39",-0.4766885290161683,0.8826943723522911,695578,671277,,1,3,"Bot",,,,,,,3.602501926684597,-127.3600042019214,-4.841823699346191,-1.3158755949020768,29.920032463175765,-27.07121201671783,3.222637795,1.626377953,,,,"86.6",2264,"6",822713,543877,572233,514888,670623,669397,701305,694728,701358,"54.48",,,,,,,,25,6,"Slider",1,1,1,1,1,1,1,1,"Infield shade","Standard",266,"0.015","0.042",,,,,"-0.042",,0,0,0.638,0.638,28,25,28,26,2,1,6,1,14,1,"2.62","0.04","-0.04","27.2",,,,,
"FF","2026-07-07","96.6","-1.93","5.01","Imai, Tatsuya",682928,837227,,"ball",,,,,11,,"R","L","R","WSH","HOU","B",,,1,2,2026,"-0.88","0.61",-0.15081576490561333,4.757722543886874,695578,671277,,1,3,"Bot",,,,,,,6.691469686015816,-140.4778034380454,3.574272325438742,-13.100888160745793,30.675873400098833,-25.095117593737513,3.222637795,1.626377953,,,,"96.7",1762,"6.3",822713,543877,572233,514888,670623,669397,701305,694728,701358,"54.18",,,,,,,,25,5,"4-Seam Fastball",1,1,1,1,1,1,1,1,"Infield shade","Standard",240,"0.013","0.03",,,,,"-0.03",,0,0,0.625,0.625,28,25,28,26,2,1,6,1,14,1,"1.83","0.88","-0.88","27.1",,,,,
"FF","2026-07-07","96","-1.98","5.14","Imai, Tatsuya",682928,837227,,"ball",,,,,12,,"R","L","R","WSH","HOU","B",,,0,2,2026,"-0.9","0.63",0.024864687461175428,4.272298360225282,695578,671277,,1,3,"Bot",,,,,,,7.305044721012959,-139.67391217662302,1.931089012233624,-13.33886587552606,28.405001236253387,-24.4869133094242,3.222637795,1.626377953,,,,"96.5",1717,"6.4",822713,543877,572233,514888,670623,669397,701305,694728,701358,"54.11",,,,,,,,25,4,"4-Seam Fastball",1,1,1,1,1,1,1,1,"Infield shade","Standard",232,"0.009","0.005",,,,,"-0.005",,0,0,0.616,0.616,28,25,28,26,2,1,6,1,14,1,"1.83","0.9","-0.9","29.7",,,,,
"SL","2026-07-07","87.5","-1.95","5.29","Imai, Tatsuya",682928,837227,,"foul",,,,,8,,"R","L","R","WSH","HOU","S",,,0,2,2026,"-0.23","0.05",0.11691326533506136,1.9387518636271603,695578,671277,,1,3,"Bot",,,,,,,5.372170046273681,-127.40555000630653,-1.828401797002284,-3.6424806019979314,27.22458720739008,-31.405154586172937,3.222637795,1.626377953,154,"76.4",74,"87",2270,"6",822713,543877,572233,514888,670623,669397,701305,694728,701358,"54.49",,,,,,,,25,3,"Slider",1,1,1,1,1,1,1,1,"Infield shade","Standard",264,"0","0","76.4","7.9",,,"0","88.0",0,0,0.616,0.616,28,25,28,26,2,1,6,1,14,1,"2.93","0.23","-0.23","27.3",14.192772688304254,-8.778239980588442,32.22246091761039,37.53384197420756,37.48861609185771
"FF","2026-07-07","94.5","-2.02","5.03","Imai, Tatsuya",682928,837227,,"called_strike",,,,,9,,"R","L","R","WSH","HOU","S",,,0,1,2026,"-1.33","0.71",0.567035757353481,1.9336803537126703,695578,671277,,1,3,"Bot",,,,,,,9.618884351215655,-137.252114932081,-3.762555552063423,-18.89364328326994,29.08280859345076,-22.587985194384387,3.222637795,1.626377953,,,,"94.4",1991,"6.2",822713,543877,572233,514888,670623,669397,701305,694728,701358,"54.28",,,,,,,,25,2,"4-Seam Fastball",1,1,1,1,1,1,1,1,"Infield shade","Standard",238,"-0.022","-0.065",,,,,"0.065",,0,0,0.638,0.638,28,25,28,26,2,1,6,1,14,1,"1.85","1.33","-1.33","24.7",,,,,
"SL","2026-07-07","87.1","-1.99","5.32","Imai, Tatsuya",682928,837227,,"swinging_strike",,,,,6,,"R","L","R","WSH","HOU","S",,,0,0,2026,"-0.11","0.03",0.3741471015115563,2.1542621618320648,695578,671277,,1,3,"Bot",,,,,,,5.78588494634309,-126.66645800637927,-1.263486394498904,-2.4638448868030918,26.92715970754018,-31.78164278165116,3.222637795,1.626377953,,,,"86.3",2229,"5.9",822713,543877,572233,514888,670623,669397,701305,694728,701358,"54.62",,,,,,,,25,1,"Slider",1,1,1,1,1,1,1,1,"Infield shade","Standard",315,"-0.013","-0.063","68.3","7.2","0.368355624",,"0.063",,0,0,0.651,0.651,28,25,28,26,2,1,6,1,14,1,"2.99","0.11","-0.11","28.7",5.578976071410999,-1.7747185403234245,33.265908813805616,33.57051449242892,25.57779533243625
"SL","2026-07-07","86.8","-2.09","5.46","Imai, Tatsuya",678554,837227,"field_out","hit_into_play",,,,,13,"Curtis Mead grounds out, pitcher Tatsuya Imai to first baseman Christian Walker. Luis García Jr. to 2nd.","R","R","R","WSH","HOU","X",1,"ground_ball",0,2,2026,"-0.31","0.33",-1.3667205626578114,2.403715034810594,695578,,671277,0,3,"Bot",127.72,190.06,,,,,2.3475786692298146,-126.3600723350553,-1.5034874714223894,-3.8482483258725684,29.583979915647493,-28.586872408445313,3.247211286,1.638779528,1,"30.2",-63,"85.7",2259,"5.9",822713,543877,572233,514888,670623,669397,701305,694728,701358,"54.6",0.294,0.27,"0",1,0,0,1,24,5,"Slider",1,1,1,1,1,1,1,1,"Standard","Standard",239,"-0.013","-0.165","38.5","5.0",,0.294,"0.165","88.0",0,0,0.664,0.664,28,25,28,26,2,1,6,1,14,1,"2.73","0.31","0.31","31.4",-15.704317474729205,11.363077310270473,35.636596735639635,14.790311604220506,17.67673560253389
"SL","2026-07-07","86.4","-2","5.42","Imai, Tatsuya",678554,837227,,"foul",,,,,13,,"R","R","R","WSH","HOU","S",,,0,2,2026,"-0.19","0.18",-0.24758097464027362,1.3169880446332662,695578,,671277,0,3,"Bot",,,,,,,4.49951803714227,-125.63930230315664,-3.570926141994246,-3.0647523789844855,29.007461446100628,-29.677691591760052,3.247211286,1.638779528,5,"87.2",-17,"85.3",2199,"6",822713,543877,572233,514888,670623,669397,701305,694728,701358,"54.54",,,,,,,,24,4,"Slider",1,1,1,1,1,1,1,1,"Standard","Standard",285,"0","0","71.6","7.8",,,"0","88.0",0,0,0.664,0.664,28,25,28,26,2,1,6,1,14,1,"2.91","0.19","0.19","27.9",19.412950244748608,-31.39027463100146,41.557411159559045,27.620488203931618,49.46529788616362
"SL","2026-07-07","86.2","-2.13","5.37","Imai, Tatsuya",678554,837227,,"foul",,,,,13,,"R","R","R","WSH","HOU","S",,,0,2,2026,"-0.28","0.19",-0.6321738841965236,0.8577908227912658,695578,,671277,0,3,"Bot",,,,,,,4.0617200951571055,-125.41265843078068,-4.55764451977786,-3.801506186240927,27.513266569459,-29.400186090324333,3.247211286,1.638779528,8,"74.2",-7,"85.4",2290,"6",822713,543877,572233,514888,670623,669397,701305,694728,701358,"54.5",,,,,,,,24,3,"Slider",1,1,1,1,1,1,1,1,"Standard","Standard",279,"0","0","58.2","7.8",,,"0","88.0",0,0,0.664,0.664,28,25,28,26,2,1,6,1,14,1,"2.9","0.28","0.28","27.6",19.359506488547684,-23.60375012661,46.839555649838424,26.258479726627876,41.62649367445722
"FF","2026-07-07","95","-2.17","5.14","Imai, Tatsuya",678554,837227,,"called_strike",,,,,14,,"R","R","R","WSH","HOU","S",,,0,1,2026,"-1.16","1.12",0.8345644741884277,2.1849221100662497,695578,,671277,0,3,"Bot",,,,,,,10.408563458306537,-138.06010388212496,-4.511515642999276,-16.942631754883934,26.29543762702977,-16.91917085325244,3.247211286,1.638779528,,,,"95.8",2053,"6.5",822713,543877,572233,514888,670623,669397,701305,694728,701358,"54",,,,,,,,24,2,"4-Seam Fastball",1,1,1,1,1,1,1,1,"Standard","Standard",231,"-0.014","-0.062",,,,,"0.062",,0,0,0.678,0.678,28,25,28,26,2,1,6,1,14,1,"1.38","1.16","1.16","27.9",,,,,
"FF","2026-07-07","95.5","-2.01","5.1","Imai, Tatsuya",678554,837227,,"foul",,,,,11,,"R","R","R","WSH","HOU","S",,,0,0,2026,"-0.91","0.91",-0.8235881158151519,3.344238564363295,695578,,671277,0,3,"Bot",,,,,,,5.1687635116680335,-139.07450339344408,-0.9481223837825852,-12.932206484208567,30.397024944982135,-20.345543575664397,3.247211286,1.638779528,122,"68.9",74,"95.6",1976,"6.3",822713,543877,572233,514888,670623,669397,701305,694728,701358,"54.25",,,,,,,,24,1,"4-Seam Fastball",1,1,1,1,1,1,1,1,"Standard","Standard",233,"-0.009","-0.04","70.3","6.1",,,"0.04","88.0",0,0,0.687,0.687,28,25,28,26,2,1,6,1,14,1,"1.58","0.91","0.91","27.0",0.8196461003172697,-0.17684861393498574,27.185832311232964,27.29266503910309,25.269744563172637
"SL","2026-07-07","85.7","-2.09","5.45","Imai, Tatsuya",671277,837227,"single","hit_into_play",,,,,5,"Luis García Jr. singles on a line drive to right fielder Cam Smith. James Wood to 3rd.","R","L","R","WSH","HOU","X",9,"line_drive",3,2,2026,"-1.05","0.53",-0.11351505934310557,2.153442331965738,,,695578,0,3,"Bot",172.85,102.84,,,,,6.727055789550819,-124.54190804767838,-2.3184411272954186,-12.358825490941824,27.161288795396597,-26.40102884977341,3.248088911,1.639222441,140,"86.4",10,"84.9",2130,"6",822713,543877,572233,514888,670623,669397,701305,694728,701358,"54.47",0.497,0.482,"0.9",1,1,0,4,23,6,"Slider",1,1,1,1,1,1,1,1,"Infield shade","Standard",263,"0.083","0.404","80.2","7.7",,0.587,"-0.404","88.0",0,0,0.604,0.604,28,26,28,26,2,1,6,1,14,1,"2.6","1.05","-1.05","23.6",13.42015530913191,-15.084767765373597,27.44897866805085,37.290310838326384,42.78756050418302
"SL","2026-07-07","84.7","-2.12","5.42","Imai, Tatsuya",671277,837227,,"foul",,,,,14,,"R","L","R","WSH","HOU","S",,,3,1,2026,"-0.08","-0.28",0.2993683939688951,1.4789199330885818,,,695578,0,3,"Bot",,,,,,,5.716292689196442,-123.35375669285652,-2.112396177597654,-1.8913116946163917,23.076979963383028,-34.796134441965016,3.248088911,1.639222441,4,"91.7",-24,"84.8",2303,"6.2",822713,543877,572233,514888,670623,669397,701305,694728,701358,"54.33",,,,,,,,23,5,"Slider",1,1,1,1,1,1,1,1,"Standard","Standard",282,"-0.015","-0.098","80.3","7.8",,,"0.098","91.7",0,0,0.619,0.619,28,26,28,26,2,1,6,1,14,1,"3.43","0.08","-0.08","27.4",10.224152102695793,-10.248695073870321,34.58162804558019,33.34298968833515,39.326765705176356
"FF","2026-07-07","93.4","-2.13","5.23","Imai, Tatsuya",671277,837227,,"called_strike",,,,,9,,"R","L","R","WSH","HOU","S",,,3,0,2026,"-1.07","1.02",0.5584880030531645,2.0944954187774103,,,695578,0,3,"Bot",,,,,,,9.18643057279874,-135.71617535010031,-4.408663442983126,-15.22354562817307,27.66102214847684,-18.769570318005687,3.248088911,1.639222441,,,,"93.1",2137,"6",822713,543877,572233,514888,670623,669397,701305,694728,701358,"54.46",,,,,,,,23,4,"4-Seam Fastball",1,1,1,1,1,1,1,1,"Standard","Standard",242,"-0.011","-0.1",,,,,"0.1",,0,0,0.63,0.63,28,26,28,26,2,1,6,1,14,1,"1.59","1.07","-1.07","22.7",,,,,
"SL","2026-07-07","85.1","-2.06","5.47","Imai, Tatsuya",671277,837227,,"ball",,,,,14,,"R","L","R","WSH","HOU","B",,,2,0,2026,"-0.39","0.18",0.3963559612519634,1.172725140557636,,,695578,0,3,"Bot",,,,,,,6.429072688079561,-123.70830262174745,-3.8055041958535814,-5.3797559473261565,26.707797646259866,-29.756642280644662,3.248088911,1.639222441,,,,"84",2356,"5.8",822713,543877,572233,514888,670623,669397,701305,694728,701358,"54.67",,,,,,,,23,3,"Slider",1,1,1,1,1,1,1,1,"Standard","Standard",263,"0.017","0.148",,,,,"-0.148",,0,0,0.613,0.613,28,26,28,26,2,1,6,1,14,1,"3","0.39","-0.39","28.9",,,,,
"SL","2026-07-07","84.8","-2.08","5.46","Imai, Tatsuya",671277,837227,,"blocked_ball",,,,,14,,"R","L","R","WSH","HOU","B",,,1,0,2026,"-0.23","-0.27",1.0566689738155883,0.6005781075186438,,,695578,0,3,"Bot",,,,,,,7.628722258102506,-123.14883173510398,-4.116385147919634,-3.98899049095766,26.093604052548287,-34.26565597342469,3.248088911,1.639222441,,,,"83.8",2227,"5.9",822713,543877,572233,514888,670623,669397,701305,694728,701358,"54.62",,,,,,,,23,2,"Slider",1,1,1,1,1,1,1,1,"Standard","Standard",283,"0.012","0.075",,,,,"-0.075",,0,0,0.601,0.601,28,26,28,26,2,1,6,1,14,1,"3.47","0.23","-0.23","27.4",,,,,
"FF","2026-07-07","93.8","-2.16","5.22","Imai, Tatsuya",671277,837227,,"ball",,,,,14,,"R","L","R","WSH","HOU","B",,,0,0,2026,"-1.16","0.87",0.35805021128651227,1.500575154479421,,,695578,0,3,"Bot",,,,,,,8.98506568437301,-136.25603657737673,-5.610936226683982,-16.342670714741413,27.431084828242803,-20.336308231232568,3.248088911,1.639222441,,,,"93.7",2052,"6.1",822713,543877,572233,514888,670623,669397,701305,694728,701358,"54.39",,,,,,,,23,1,"4-Seam Fastball",1,1,1,1,1,1,1,1,"Standard","Standard",233,"0.006","0.038",,,,,"-0.038",,0,0,0.595,0.595,28,26,28,26,2,1,6,1,14,1,"1.72","1.16","-1.16","23.5",,,,,
"FF","2026-07-07","92.7","-2.16","5.29","Imai, Tatsuya",695578,837227,"walk","ball",,,,,14,"James Wood walks.","R","L","R","WSH","HOU","B",,,3,0,2026,"-1.08","0.79",1.0011679207186628,1.8734329520210422,,,,0,3,"Bot",,,,,,,10.263004075920897,-134.61308202350716,-4.441320110802521,-15.304600075020186,27.65619983955943,-21.809299598367765,3.488558071,1.760580709,,,,"92",1903,"5.8",822713,543877,572233,514888,670623,669397,701305,694728,701358,"54.65",,0.697886,"0.7",1,0,0,,22,4,"4-Seam Fastball",1,1,1,1,1,1,1,1,"Infield shade","Standard",239,"0.016","0.173",,,,,"-0.173",,0,0,0.579,0.579,28,23,28,24,2,1,6,1,14,1,"1.87","1.08","-1.08","25.2",,,,,
"FS","2026-07-07","82.2","-2.15","5.54","Imai, Tatsuya",695578,837227,,"ball",,,,,11,,"R","L","R","WSH","HOU","B",,,2,0,2026,"-0.97","0.39",-1.9357353958842047,3.3355372469428675,,,,0,3,"Bot",,,,,,,2.364593595827499,-119.69610094048609,0.8898492120119159,-9.766261883786965,22.254891094929235,-28.746121879263587,3.488558071,1.760580709,,,,"81.4",1136,"5.7",822713,543877,572233,514888,670623,669397,701305,694728,701358,"54.85",,,,,,,,22,3,"Split-Finger",1,1,1,1,1,1,1,1,"Infield shade","Standard",259,"0.012","0.15",,,,,"-0.15",,0,0,0.567,0.567,28,23,28,24,2,1,6,1,14,1,"2.96","0.97","-0.97","28.2",,,,,
"FF","2026-07-07","93.7","-2.15","5.41","Imai, Tatsuya",695578,837227,,"ball",,,,,12,,"R","L","R","WSH","HOU","B",,,1,0,2026,"-1.18","1",1.249727461097705,2.789814723054393,,,,0,3,"Bot",,,,,,,11.193833077612492,-136.09877032732444,-3.108746628090857,-17.027878830489797,26.452041738695844,-19.145023415375135,3.488558071,1.760580709,,,,"93.2",1885,"5.9",822713,543877,572233,514888,670623,669397,701305,694728,701358,"54.64",,,,,,,,22,2,"4-Seam Fastball",1,1,1,1,1,1,1,1,"Infield shade","Standard",235,"0.008","0.083",,,,,"-0.083",,0,0,0.559,0.559,28,23,28,24,2,1,6,1,14,1,"1.58","1.18","-1.18","27.6",,,,,
"FF","2026-07-07","92.4","-2.22","5.4","Imai, Tatsuya",695578,837227,,"ball",,,,,14,,"R","L","R","WSH","HOU","B",,,0,0,2026,"-1.02","0.8",1.304432127243963,2.4166656903699026,,,,0,3,"Bot",,,,,,,10.997202308066388,-134.17228953931817,-3.355889655947109,-14.628260209570223,26.629630931148764,-21.917300951754818,3.488558071,1.760580709,,,,"91.7",1915,"5.8",822713,543877,572233,514888,670623,669397,701305,694728,701358,"54.67",,,,,,,,22,1,"4-Seam Fastball",1,1,1,1,1,1,1,1,"Infield shade","Standard",233,"0.004","0.043",,,,,"-0.043",,0,0,0.555,0.555,28,23,28,24,2,1,6,1,14,1,"1.86","1.02","-1.02","22.5",,,,,
"SL","2026-07-07","85.9","-1.96","5.58","Imai, Tatsuya",696285,837227,"field_out","hit_into_play",,,,,1,"Jacob Young grounds out, third baseman Isaac Paredes to first baseman Christian Walker.","R","R","R","WSH","HOU","X",5,"ground_ball",2,2,2026,"-0.14","-0.07",-0.35689072120921445,2.7232388890743247,,,,2,2,"Bot",95.56,169.14,,,,,4.013039217022176,-125.33417108854802,-0.38887745931574635,-2.079744245747484,17.9825807920803,-33.004762167767,3.187532808,1.608661417,8,"63.5",-19,"86.4",2295,"5.8",822713,543877,572233,514888,670623,669397,701305,694728,701358,"54.67",0.067,0.06,"0",1,0,0,2,18,5,"Slider",1,1,1,1,1,1,1,1,"Standard","Standard",295,"-0.009","-0.219","66.9","7.2",,0.078,"0.219","88.0",0,0,0.509,0.509,28,26,28,27,1,0,6,1,14,3,"3.07","0.14","0.14","31.4",13.282056705995348,-3.270519091236466,26.532704166521963,33.90166432435603,29.44782649324181
"SL","2026-07-07","87.4","-1.96","5.5","Imai, Tatsuya",696285,837227,,"swinging_strike",,,,,13,,"R","R","R","WSH","HOU","S",,,2,1,2026,"-0.28","0.13",-0.0379297625802838,0.2677084287570599,,,,2,2,"Bot",,,,,,,5.102446889147981,-126.93520443524682,-6.292871086653289,-4.196546628787121,29.747179706670735,-29.506988035202404,3.187532808,1.608661417,,,,"86",2369,"5.8",822713,543877,572233,514888,670623,669397,701305,694728,701358,"54.66",,,,,,,,18,4,"Slider",1,1,1,1,1,1,1,1,"Standard","Standard",275,"-0.003","-0.079","57.1","8.4","10.923293436",,"0.079",,0,0,0.512,0.512,28,26,28,27,1,0,6,1,14,3,"2.9","0.28","0.28","30.3",26.545165413409052,-26.28597074439873,39.386134416379264,38.50269772841873,46.52627630538528
"FF","2026-07-07","96.6","-1.92","5.18","Imai, Tatsuya",696285,837227,,"ball",,,,,11,,"R","R","R","WSH","HOU","B",,,1,1,2026,"-1.07","0.76",-1.568806398979472,2.5122593214804674,,,,2,2,"Bot",,,,,,,3.3938936684220757,-140.79676329962638,-3.1818878217180333,-15.052086162007246,29.632225749192347,-21.51918976944148,3.187532808,1.608661417,,,,"96.8",2115,"6.2",822713,543877,572233,514888,670623,669397,701305,694728,701358,"54.33",,,,,,,,18,3,"4-Seam Fastball",1,1,1,1,1,1,1,1,"Standard","Standard",238,"0.002","0.054",,,,,"-0.054",,0,0,0.51,0.51,28,26,28,27,1,0,6,1,14,3,"1.66","1.07","1.07","27.5",,,,,
"FF","2026-07-07","95.1","-1.84","5.22","Imai, Tatsuya",696285,837227,,"called_strike",,,,,11,,"R","R","R","WSH","HOU","S",,,1,0,2026,"-1.08","0.78",-0.5019755989746826,3.3174364320845893,,,,2,2,"Bot",,,,,,,5.902126150243386,-138.43288642397093,-0.9763270630166647,-15.182002567207405,30.064133862845434,-22.158956975657883,3.187532808,1.608661417,,,,"94.9",2065,"6.1",822713,543877,572233,514888,670623,669397,701305,694728,701358,"54.41",,,,,,,,18,2,"4-Seam Fastball",1,1,1,1,1,1,1,1,"Standard","Standard",234,"-0.002","-0.052",,,,,"0.052",,0,0,0.512,0.512,28,26,28,27,1,0,6,1,14,3,"1.74","1.08","1.08","22.7",,,,,
"FF","2026-07-07","95.9","-1.91","5.17","Imai, Tatsuya",696285,837227,,"ball",,,,,12,,"R","R","R","WSH","HOU","B",,,0,0,2026,"-0.95","1.01",1.0474526686404164,2.486849973694558,,,,2,2,"Bot",,,,,,,9.894006789315966,-139.35436335523286,-3.6687700871281685,-14.466863575083087,28.323733179988547,-18.267627368588162,3.187532808,1.608661417,,,,"96.2",2108,"6.3",822713,543877,572233,514888,670623,669397,701305,694728,701358,"54.16",,,,,,,,18,1,"4-Seam Fastball",1,1,1,1,1,1,1,1,"Standard","Standard",232,"0.001","0.038",,,,,"-0.038",,0,0,0.511,0.511,28,26,28,27,1,0,6,1,14,3,"1.45","0.95","0.95","28.3",,,,,
"FF","2026-07-07","94.9","-1.98","5.12","Imai, Tatsuya",678391,837227,"field_out","hit_into_play",,,,,9,"Jorbit Vivas grounds out to first baseman Christian Walker.","R","L","R","WSH","HOU","X",3,"ground_ball",2,2,2026,"-1.22","0.88",0.40463380027128415,1.872919654178315,,,,1,2,"Bot",160.44,162.4,,,,,8.898133497111573,-137.8782799763841,-4.606218653041246,-17.488656146743224,30.78421014798951,-20.08735634399989,3.060277231,1.544438976,10,"88.1",-10,"94.7",2094,"6.3",822713,543877,572233,514888,670623,669397,701305,694728,701358,"54.24",0.153,0.144,"0",1,0,0,2,17,7,"4-Seam Fastball",1,1,1,1,1,1,1,1,"Infield shade","Standard",231,"-0.014","-0.233","71.7","7.8",,0.18,"0.233","88.1",0,0,0.525,0.525,28,25,28,25,1,0,6,2,14,1,"1.66","1.22","-1.22","25.7",5.755432746335704,-9.208329659887804,39.75149298067543,29.061705627055403,28.627483772585176
"SL","2026-07-07","86.4","-1.97","5.42","Imai, Tatsuya",678391,837227,,"foul",,,,,13,,"R","L","R","WSH","HOU","S",,,2,2,2026,"0.15","-0.01",-1.059321258346629,2.0120145455041425,,,,1,2,"Bot",,,,,,,1.8148698590651056,-125.86748899471796,-1.7080827869106958,1.2849536861259232,24.81726821438477,-32.118211227459824,3.060277231,1.544438976,104,"67.3",74,"85.9",2368,"5.9",822713,543877,572233,514888,670623,669397,701305,694728,701358,"54.63",,,,,,,,17,6,"Slider",1,1,1,1,1,1,1,1,"Infield shade","Standard",24,"0","0","66.4","8.4",,,"0","88.0",0,0,0.525,0.525,28,25,28,25,1,0,6,2,14,1,"3.05","-0.15","0.15","30.0",11.823344925602642,-10.823521525305036,32.14842598995988,46.20164542089388,34.74238773679147
"FF","2026-07-07","96.3","-1.89","5.31","Imai, Tatsuya",678391,837227,,"ball",,,,,11,,"R","L","R","WSH","HOU","B",,,1,2,2026,"-1.11","1.06",-0.9073093585550644,4.076324020362847,,,,1,2,"Bot",,,,,,,5.116047633783203,-140.23806422960112,-0.056499234404641885,-15.836879621941659,28.993862471776414,-18.336080301186705,3.060277231,1.544438976,,,,"96.4",1972,"6.1",822713,543877,572233,514888,670623,669397,701305,694728,701358,"54.39",,,,,,,,17,5,"4-Seam Fastball",1,1,1,1,1,1,1,1,"Infield shade","Standard",234,"0.002","0.052",,,,,"-0.052",,0,0,0.523,0.523,28,25,28,25,1,0,6,2,14,1,"1.38","1.11","-1.11","30.8",,,,,
"FF","2026-07-07","96.5","-1.86","5.22","Imai, Tatsuya",678391,837227,,"foul",,,,,2,,"R","L","R","WSH","HOU","S",,,1,2,2026,"-1.03","0.93",-0.0675333929405657,2.7825853738595017,,,,1,2,"Bot",,,,,,,7.076162871786583,-140.33568386984078,-2.8699143496449477,-15.169744439140162,32.45364573496599,-19.396327878113077,3.060277231,1.544438976,223,"76.8",51,"96.2",1950,"6.2",822713,543877,572233,514888,670623,669397,701305,694728,701358,"54.28",,,,,,,,17,4,"4-Seam Fastball",1,1,1,1,1,1,1,1,"Infield shade","Standard",234,"0","0","63.0","6.6",,,"0","88.0",0,0,0.523,0.523,28,25,28,25,1,0,6,2,14,1,"1.52","1.03","-1.03","25.1",-3.9356883869952113,13.211140518084372,34.076617797666884,35.11779290189247,20.402856519096016
"SL","2026-07-07","84.5","-2","5.74","Imai, Tatsuya",678391,837227,,"foul",,,,,4,,"R","L","R","WSH","HOU","S",,,1,1,2026,"-0.09","-0.11",-0.5333095605215538,2.331572988226468,,,,1,2,"Bot",,,,,,,3.5010740857078813,-123.18707387256066,-1.2446269364325826,-1.5371954554430547,21.788994556882372,-33.240618994847246,3.060277231,1.544438976,232,"80.8",48,"83.9",2152,"5.6",822713,543877,572233,514888,670623,669397,701305,694728,701358,"54.93",,,,,,,,17,3,"Slider",1,1,1,1,1,1,1,1,"Standard","Standard",268,"-0.004","-0.072","70.2","7.5",,,"0.072","88.0",0,0,0.527,0.527,28,25,28,25,1,0,6,2,14,1,"3.26","0.09","-0.09","28.3",11.109337488372434,10.493410843322312,34.311617029397,40.97100915356439,25.491708229390408
"SL","2026-07-07","83.7","-2.03","5.58","Imai, Tatsuya",678391,837227,,"ball",,,,,14,,"R","L","R","WSH","HOU","B",,,0,1,2026,"-0.21","-0.07",0.870895118111225,-1.0111910870531533,,,,1,2,"Bot",,,,,,,6.921856108272912,-121.3463921164536,-8.038563793284576,-3.6807679769198254,28.696872076130788,-31.205843027246917,3.060277231,1.544438976,,,,"81.7",2260,"5.6",822713,543877,572233,514888,670623,669397,701305,694728,701358,"54.89",,,,,,,,17,2,"Slider",1,1,1,1,1,1,1,1,"Standard","Standard",282,"0.002","0.032",,,,,"-0.032",,0,0,0.525,0.525,28,25,28,25,1,0,6,2,14,1,"3.41","0.21","-0.21","28.6",,,,,
"SL","2026-07-07","84.4","-1.87","5.68","Imai, Tatsuya",678391,837227,,"called_strike",,,,,5,,"R","L","R","WSH","HOU","S",,,0,0,2026,"-0.27","0.04",0.25812936614851006,2.053093678692574,,,,1,2,"Bot",,,,,,,5.365167836702493,-122.79838225385865,-1.8514130338799282,-3.9042535767994138,26.770758909986842,-31.642281737315272,3.060277231,1.544438976,,,,"83",2233,"5.6",822713,543877,572233,514888,670623,669397,701305,694728,701358,"54.9",,,,,,,,17,1,"Slider",1,1,1,1,1,1,1,1,"Standard","Standard",306,"-0.003","-0.041",,,,,"0.041",,0,0,0.528,0.528,28,25,28,25,1,0,6,2,14,1,"3.19","0.27","-0.27","30.4",,,,,
"SL","2026-07-07","85.8","-1.76","5.49","Imai, Tatsuya",683083,837227,"strikeout","swinging_strike",,,,,13,"Nasim Nuñez strikes out swinging.","R","L","R","WSH","HOU","S",2,,2,2,2026,"-0.52","0.14",-0.1925217700933095,1.4100241319951805,,,,0,2,"Bot",,,,,,,4.668308025059542,-124.85004338300843,-3.4268433000862055,-6.380791266473598,25.23860621557622,-30.20184973050555,3.045357612,1.536909449,,,,"84.9",2106,"5.7",822713,543877,572233,514888,670623,669397,701305,694728,701358,"54.82",,0,"0",1,0,0,,16,5,"Slider",1,1,1,1,1,1,1,1,"Infield shade","Standard",266,"-0.02","-0.232","70.4","7.7","0.6884766",,"0.232",,0,0,0.548,0.548,28,25,28,26,1,0,6,1,14,3,"2.96","0.52","-0.52","28.0",16.361575121057534,-10.133708936803929,34.33364628329246,40.064791971801775,39.41910086915763
"FF","2026-07-07","94.6","-1.97","5.27","Imai, Tatsuya",683083,837227,,"foul",,,,,7,,"R","L","R","WSH","HOU","S",,,2,1,2026,"-0.94","1.02",-0.33470592542361144,1.9233449160421758,,,,0,2,"Bot",,,,,,,6.299270135784248,-137.56515837838194,-5.136520350374936,-13.311279918114728,30.028019040743676,-18.243977171412176,3.045357612,1.536909449,242,"84.4",53,"94.1",2065,"6",822713,543877,572233,514888,670623,669397,701305,694728,701358,"54.52",,,,,,,,16,4,"4-Seam Fastball",1,1,1,1,1,1,1,1,"Standard","Standard",232,"-0.007","-0.078","72.0","7.2",,,"0.078","88.0",0,0,0.555,0.555,28,25,28,26,1,0,6,1,14,3,"1.53","0.94","-0.94","24.4",10.79717245462187,6.6454464598167915,35.02544471393637,41.46007445505022,26.90886298026942
"FF","2026-07-07","95.3","-2.07","5.27","Imai, Tatsuya",683083,837227,,"ball",,,,,14,,"R","L","R","WSH","HOU","B",,,1,1,2026,"-0.97","1.23",0.6864717203337878,1.1689303497446824,,,,0,2,"Bot",,,,,,,9.31798347391812,-138.34335603832247,-7.693190954966689,-14.463614775227883,29.096901291146406,-14.783971719859268,3.045357612,1.536909449,,,,"95.1",2114,"6.2",822713,543877,572233,514888,670623,669397,701305,694728,701358,"54.31",,,,,,,,16,3,"4-Seam Fastball",1,1,1,1,1,1,1,1,"Standard","Standard",234,"0.005","0.063",,,,,"-0.063",,0,0,0.55,0.55,28,25,28,26,1,0,6,1,14,3,"1.28","0.97","-0.97","22.9",,,,,
"FF","2026-07-07","94.5","-1.69","5.34","Imai, Tatsuya",683083,837227,,"ball",,,,,14,,"R","L","R","WSH","HOU","B",,,0,1,2026,"-0.68","1.43",1.6945122285670995,2.092995917437511,,,,0,2,"Bot",,,,,,,10.190401491648773,-137.27880005973708,-5.773426796367465,-10.790595202261274,29.254506599489794,-12.966347641959038,3.045357612,1.536909449,,,,"94.2",2106,"6.1",822713,543877,572233,514888,670623,669397,701305,694728,701358,"54.37",,,,,,,,16,2,"4-Seam Fastball",1,1,1,1,1,1,1,1,"Standard","Standard",233,"0.002","0.029",,,,,"-0.029",,0,0,0.548,0.548,28,25,28,26,1,0,6,1,14,3,"1.13","0.68","-0.68","26.0",,,,,
"FF","2026-07-07","93.9","-1.82","5.42","Imai, Tatsuya",683083,837227,,"called_strike",,,,,3,,"R","L","R","WSH","HOU","S",,,0,0,2026,"-0.74","1.32",0.332601420654565,3.0830674443223094,,,,0,2,"Bot",,,,,,,7.13428129859547,-136.62414984548306,-3.1575948796762905,-10.762580264810422,28.579986674674128,-15.048542329799508,3.045357612,1.536909449,,,,"93.7",1995,"6.1",822713,543877,572233,514888,670623,669397,701305,694728,701358,"54.44",,,,,,,,16,1,"4-Seam Fastball",1,1,1,1,1,1,1,1,"Standard","Standard",234,"-0.003","-0.042",,,,,"0.042",,0,0,0.551,0.551,28,25,28,26,1,0,6,1,14,3,"1.25","0.74","-0.74","24.6",,,,,
"SL","2026-07-07","86.9","-1.91","5.46","Imai, Tatsuya",695734,837227,"strikeout","swinging_strike",,,,,13,"Daylen Lile strikes out swinging.","R","L","R","WSH","HOU","S",2,,2,2,2026,"-0.64","0.38",-0.026786396782482846,1.1282126623395712,,671277,682928,2,1,"Bot",,,,,,,5.750055696810129,-126.40152205917732,-4.716077617640886,-7.99148684327947,25.951604174014385,-27.3198987651444,3.180511811,1.60511811,,,,"86.5",2153,"6.1",822713,543877,572233,514888,670623,669397,701305,694728,701358,"54.45",,0,"0",1,0,0,,9,5,"Slider",1,0,1,0,0,1,1,0,"Infield shade","Standard",264,"-0.032","-0.219","68.5","8.0","0.166455756",,"0.219",,1,1,0.635,0.635,28,23,28,24,1,0,6,1,14,1,"2.64","0.64","-0.64","28.8",5.4187238065546115,-4.391290881705732,45.67305613494124,34.58283382018665,28.91480019040866
"FF","2026-07-07","94.7","-1.73","5.37","Imai, Tatsuya",695734,837227,,"foul",,,,,2,,"R","L","R","WSH","HOU","S",,,2,1,2026,"-1.06","1.1",0.08369369964914619,2.964962393008312,,671277,682928,2,1,"Bot",,,,,,,7.062660486055515,-137.76390086780245,-2.972269306962036,-15.04626629799927,28.07168042351233,-17.60236500425544,3.180511811,1.60511811,167,"76.3",15,"94.9",2074,"6.2",822713,543877,572233,514888,670623,669397,701305,694728,701358,"54.28",,,,,,,,9,4,"4-Seam Fastball",1,0,1,0,0,1,1,0,"Infield shade","Standard",234,"-0.009","-0.078","69.9","6.0",,,"0.078","88.0",1,1,0.644,0.644,28,23,28,24,1,0,6,1,14,1,"1.42","1.06","-1.06","27.1",-4.5882197025745945,19.561782945037262,40.08593885340013,33.20402405886041,17.719133490990806
"FF","2026-07-07","94.9","-1.79","5.26","Imai, Tatsuya",695734,837227,,"foul",,,,,6,,"R","L","R","WSH","HOU","S",,,2,0,2026,"-1.17","0.82",0.5518442474224308,2.596478484108263,,671277,682928,2,1,"Bot",,,,,,,8.662393804613586,-137.81428580708197,-2.9153101907718133,-16.935468586625827,32.868759292657394,-21.301365118746038,3.180511811,1.60511811,167,"66.2",56,"94.1",2105,"6.1",822713,543877,572233,514888,670623,669397,701305,694728,701358,"54.37",,,,,,,,9,3,"4-Seam Fastball",1,0,1,0,0,1,1,0,"Infield shade","Standard",237,"-0.004","-0.043","69.6","6.8",,,"0.043","88.0",1,1,0.648,0.648,28,23,28,24,1,0,6,1,14,1,"1.74","1.17","-1.17","24.2",7.368986658941167,0.1561434904152753,41.47843998697303,27.72905423418873,24.26040074599664
"FF","2026-07-07","94.9","-1.8","5.26","Imai, Tatsuya",695734,837227,,"ball",,,,,14,,"R","L","R","WSH","HOU","B",,,1,0,2026,"-0.99","0.59",1.0757968557110702,2.341295333999623,,671277,682928,2,1,"Bot",,,,,,,9.671503203209507,-137.8667189487078,-3.0778897103399947,-14.855368301756588,31.84165226404995,-24.124010796615295,3.180511811,1.60511811,,,,"94.5",1969,"6.3",822713,543877,572233,514888,670623,669397,701305,694728,701358,"54.24",,,,,,,,9,2,"4-Seam Fastball",1,0,1,0,0,1,1,0,"Infield shade","Standard",233,"0.004","0.034",,,,,"-0.034",,1,1,0.644,0.644,28,23,28,24,1,0,6,1,14,1,"1.96","0.99","-0.99","24.2",,,,,
"FF","2026-07-07","93.8","-1.88","5.36","Imai, Tatsuya",695734,837227,,"ball",,,,,12,,"R","L","R","WSH","HOU","B",,,0,0,2026,"-1.03","1.13",0.01954434425092888,3.9319261533280594,,671277,682928,2,1,"Bot",,,,,,,7.127970989483226,-136.37338168066435,-0.2829217344442229,-14.495689224796338,33.655399229455284,-18.339394759675287,3.180511811,1.60511811,,,,"92.9",2055,"6.1",822713,543877,572233,514888,670623,669397,701305,694728,701358,"54.44",,,,,,,,9,1,"4-Seam Fastball",1,0,1,0,0,1,1,0,"Infield shade","Standard",233,"0.003","0.025",,,,,"-0.025",,1,1,0.641,0.641,28,23,28,24,1,0,6,1,14,1,"1.49","1.03","-1.03","28.7",,,,,
"FF","2026-07-07","94.3","-2.01","5.23","Imai, Tatsuya",660688,837227,"field_out","hit_into_play",,,,,5,"Keibert Ruiz flies out to left fielder Zach Dezenzo.","R","L","R","WSH","HOU","X",7,"fly_ball",1,1,2026,"-1.04","0.65",0.11639678290277855,2.3017951342530356,,671277,682928,1,1,"Bot",85.02,73.72,,,,,7.762118940000876,-137.13651669943076,-3.1714046443991917,-14.797273392058077,29.262015011545483,-23.514408469261323,3.175246063,1.60246063,327,"93.4",26,"94",1924,"6.1",822713,543877,572233,514888,670623,669397,701305,694728,701358,"54.43",0.171,0.224,"0",1,0,0,3,8,3,"4-Seam Fastball",1,0,1,0,0,1,1,0,"Standard","Standard",232,"-0.036","-0.225","69.1","6.2",,0.351,"0.225","93.4",1,1,0.677,0.677,28,27,28,28,1,0,6,2,14,1,"1.91","1.04","-1.04","26.1",-0.25544822093221214,-0.011523011957709564,37.5601339375344,31.058802994961514,31.893702056335275
"FF","2026-07-07","92.4","-1.96","5.39","Imai, Tatsuya",660688,837227,,"ball",,,,,12,,"R","L","R","WSH","HOU","B",,,0,1,2026,"-1.02","0.86",0.06608533039095965,4.532862012557453,,671277,682928,1,1,"Bot",,,,,,,7.295920190330512,-134.33928996548264,1.8552291918450101,-13.910194784528228,29.153573932209582,-22.455475068265134,3.175246063,1.60246063,,,,"91.7",1843,"5.9",822713,543877,572233,514888,670623,669397,701305,694728,701358,"54.56",,,,,,,,8,2,"4-Seam Fastball",1,0,1,0,0,1,1,0,"Standard","Standard",237,"0.004","0.024",,,,,"-0.024",,1,1,0.673,0.673,28,27,28,28,1,0,6,2,14,1,"1.82","1.02","-1.02","26.4",,,,,
"SL","2026-07-07","85.6","-2.03","5.58","Imai, Tatsuya",660688,837227,,"foul",,,,,8,,"R","L","R","WSH","HOU","S",,,0,0,2026,"-0.22","0.12",-0.04607085101689595,1.5807470261817183,,671277,682928,1,1,"Bot",,,,,,,5.012730591741341,-124.79179223209283,-3.310395310829721,-3.158864465007463,19.56246257062812,-30.582795943863406,3.175246063,1.60246063,87,"81.3",6,"85.5",2435,"5.6",822713,543877,572233,514888,670623,669397,701305,694728,701358,"54.87",,,,,,,,8,1,"Slider",1,0,1,0,0,1,1,0,"Standard","Standard",241,"-0.006","-0.039","70.3","7.9",,,"0.039","88.0",1,1,0.679,0.679,28,27,28,28,1,0,6,2,14,1,"2.93","0.22","-0.22","26.9",20.39964121634167,-18.871420494544875,36.44751731588036,34.14507726713571,46.67314039698027
"SL","2026-07-07","86","-1.97","5.43","Imai, Tatsuya",682928,837227,"walk","ball",,,,,14,"CJ Abrams walks. Luis García Jr. to 2nd.","R","L","R","WSH","HOU","B",,,3,2,2026,"-0.17","0.12",0.8487677479679279,1.2784874532097192,,,671277,1,1,"Bot",,,,,,,6.9016349580683505,-125.15385199250892,-3.596481220449764,-3.1836649221856543,24.30213905398997,-30.43787892744644,3.222637795,1.626377953,,,,"85.4",2413,"5.8",822713,543877,572233,514888,670623,669397,701305,694728,701358,"54.67",,0.697886,"0.7",1,0,0,,7,6,"Slider",1,0,1,0,0,1,1,0,"Infield shade","Strategic",228,"0.027","0.261",,,,,"-0.261",,1,1,0.652,0.652,28,25,28,26,1,0,6,1,14,1,"2.96","0.17","-0.17","24.7",,,,,
"FF","2026-07-07","92.8","-1.75","5.36","Imai, Tatsuya",682928,837227,,"ball",,,,,12,,"R","L","R","WSH","HOU","B",,,2,2,2026,"-0.91","0.6",2.118673673701501,2.462047548074444,,,671277,1,1,"Bot",,,,,,,11.713940550366711,-134.77608903734622,-2.7726085070874915,-13.487040851900378,27.292554694945483,-24.391078899585622,3.222637795,1.626377953,,,,"92.5",1998,"6.1",822713,543877,572233,514888,670623,669397,701305,694728,701358,"54.45",,,,,,,,7,5,"4-Seam Fastball",1,0,1,0,0,1,1,0,"Infield shade","Strategic",231,"0.009","0.08",,,,,"-0.08",,1,1,0.643,0.643,28,25,28,26,1,0,6,1,14,1,"2.04","0.91","-0.91","24.6",,,,,
"FF","2026-07-07","93.4","-1.86","5.39","Imai, Tatsuya",682928,837227,,"foul_tip",,,,,4,,"R","L","R","WSH","HOU","S",,,2,1,2026,"-0.99","0.78",-0.4072043714139463,2.7083488026310665,,,671277,1,1,"Bot",,,,,,,5.858750998294227,-135.90768947396268,-2.7008438069910996,-13.611891986946565,29.86199072760713,-22.108498468482964,3.222637795,1.626377953,,,,"92.7",2085,"5.9",822713,543877,572233,514888,670623,669397,701305,694728,701358,"54.61",,,,,,,,7,4,"4-Seam Fastball",1,0,1,0,0,1,1,0,"Infield shade","Strategic",232,"-0.007","-0.077","75.0","6.8",,,"0.077",,1,1,0.65,0.65,28,25,28,26,1,0,6,1,14,1,"1.83","0.99","-0.99","22.9",1.2996933861809477,21.839114116927274,26.533027919008784,42.93779565094037,14.543163516535472
"SL","2026-07-07","84","-1.82","5.56","Imai, Tatsuya",682928,837227,,"swinging_strike",,,,,14,,"R","L","R","WSH","HOU","S",,,2,0,2026,"-0.05","0.09",1.006450114269332,1.422667729592718,,,671277,1,1,"Bot",,,,,,,6.487435624303075,-122.01862716377941,-2.980951761234495,-1.9931379470577268,27.35794342895793,-30.846321528881454,3.222637795,1.626377953,,,,"82.5",2346,"5.7",822713,543877,572233,514888,670623,669397,701305,694728,701358,"54.81",,,,,,,,7,3,"Slider",1,0,1,0,0,1,1,0,"Infield shade","Strategic",287,"-0.007","-0.052","75.6","8.7","1.14918138",,"0.052",,1,1,0.657,0.657,28,25,28,26,1,0,6,1,14,1,"3.19","0.05","-0.05","27.4",28.122430762720835,-40.349276430879854,32.090814136762326,27.403513570001166,51.11018032748059
"SL","2026-07-07","83.9","-1.92","5.64","Imai, Tatsuya",682928,837227,,"ball",,,,,14,,"R","L","R","WSH","HOU","B",,,1,0,2026,"-0.13","-0.17",0.6296139587361067,1.5000200904797252,,,671277,1,1,"Bot",,,,,,,6.001183100991049,-122.15018956486783,-2.680296478621175,-2.312582456900332,20.954971659267418,-33.57528517503501,3.222637795,1.626377953,,,,"83.5",2319,"5.7",822713,543877,572233,514888,670623,669397,701305,694728,701358,"54.82",,,,,,,,7,2,"Slider",1,0,1,0,0,1,1,0,"Infield shade","Strategic",299,"0.007","0.069",,,,,"-0.069",,1,1,0.65,0.65,28,25,28,26,1,0,6,1,14,1,"3.37","0.13","-0.13","27.2",,,,,
"SL","2026-07-07","83.2","-1.89","5.64","Imai, Tatsuya",682928,837227,,"ball",,,,,12,,"R","L","R","WSH","HOU","B",,,0,0,2026,"-0.03","0.23",0.9357531271521057,3.4692863063195793,,,671277,1,1,"Bot",,,,,,,6.385044976367552,-121.02433126277289,1.2377241142337554,-1.648667367179794,25.326522978852545,-30.451712636590177,3.222637795,1.626377953,,,,"82",2327,"5.6",822713,543877,572233,514888,670623,669397,701305,694728,701358,"54.87",,,,,,,,7,1,"Slider",1,0,1,0,0,1,1,0,"Infield shade","Strategic",235,"0.003","0.035",,,,,"-0.035",,1,1,0.647,0.647,28,25,28,26,1,0,6,1,14,1,"3.09","0.03","-0.03","29.5",,,,,
"FF","2026-07-07","93.4","-1.95","5.45","Imai, Tatsuya",678554,837227,"field_out","hit_into_play",,,,,5,"Curtis Mead flies out to right fielder Cam Smith.","R","R","R","WSH","HOU","X",9,"fly_ball",1,2,2026,"-1.14","0.95",0.25436135388616377,2.3397717129891475,,,671277,0,1,"Bot",200.8,91.02,,,,,8.089807834331713,-135.86122857931147,-4.187601900895087,-15.90340026386023,28.318804880874946,-19.674455310859873,3.247211286,1.638779528,325,"96",24,"93",1977,"5.9",822713,543877,572233,514888,670623,669397,701305,694728,701358,"54.56",0.24,0.335,"0",1,0,0,5,6,4,"4-Seam Fastball",1,0,1,0,0,1,1,0,"Infield shade","Standard",238,"-0.02","-0.181","75.0","6.5",,0.559,"0.181","96.0",1,1,0.667,0.667,28,25,28,26,1,0,6,1,14,1,"1.66","1.14","1.14","26.3",-1.967849750633843,8.403129990273696,32.40464390046644,38.8346125599609,21.94062018667122
"FF","2026-07-07","92.1","-1.93","5.43","Imai, Tatsuya",678554,837227,,"ball",,,,,11,,"R","R","R","WSH","HOU","B",,,0,2,2026,"-1.07","0.96",-0.8636444612489911,4.447800643231233,,,671277,0,1,"Bot",,,,,,,5.001276358887002,-134.1177274461938,1.327622898387236,-13.93908199986732,28.63575244907361,-21.09095607709807,3.247211286,1.638779528,,,,"91.7",2078,"5.9",822713,543877,572233,514888,670623,669397,701305,694728,701358,"54.55",,,,,,,,6,3,"4-Seam Fastball",1,0,1,0,0,1,1,0,"Standard","Standard",233,"0.003","0.018",,,,,"-0.018",,1,1,0.664,0.664,28,25,28,26,1,0,6,1,14,1,"1.72","1.07","1.07","23.8",,,,,
"FF","2026-07-07","92.8","-1.81","5.55","Imai, Tatsuya",678554,837227,,"swinging_strike",,,,,11,,"R","R","R","WSH","HOU","S",,,0,1,2026,"-1.08","0.86",-0.26324949584441937,3.823191336767124,,,671277,0,1,"Bot",,,,,,,6.22375034123746,-135.1221185998296,-0.42546047794319775,-14.513477213843615,27.43447447339264,-21.668658034014538,3.247211286,1.638779528,,,,"92.1",1928,"5.7",822713,543877,572233,514888,670623,669397,701305,694728,701358,"54.8",,,,,,,,6,2,"4-Seam Fastball",1,0,1,0,0,1,1,0,"Infield shade","Standard",238,"-0.008","-0.05","69.7","5.9","0.531903624",,"0.05",,1,1,0.672,0.672,28,25,28,26,1,0,6,1,14,1,"1.77","1.08","1.08","23.8",0.7646113900680142,14.181248432961388,21.345838794255503,33.82699116008054,20.098731821881934
"FF","2026-07-07","92.3","-1.86","5.55","Imai, Tatsuya",678554,837227,,"called_strike",,,,,4,,"R","R","R","WSH","HOU","S",,,0,0,2026,"-1.15","1.01",-0.34902076003240445,2.289806975293849,,,671277,0,1,"Bot",,,,,,,6.301454645996847,-134.37253332102668,-4.5124623864911015,-15.273147412730157,27.246148280155143,-19.10445033602245,3.247211286,1.638779528,,,,"92",2057,"5.9",822713,543877,572233,514888,670623,669397,701305,694728,701358,"54.59",,,,,,,,6,1,"4-Seam Fastball",1,0,1,0,0,1,1,0,"Infield shade","Standard",232,"-0.004","-0.041",,,,,"0.041",,1,1,0.676,0.676,28,25,28,26,1,0,6,1,14,1,"1.65","1.15","1.15","26.1",,,,,
"SL","2026-07-07","83.7","-1.94","5.74","Imai, Tatsuya",671277,837227,"single","hit_into_play",,,,,1,"Luis García Jr. singles on a ground ball to right fielder Cam Smith.","R","L","R","WSH","HOU","X",9,"ground_ball",2,1,2026,"-0.23","0.18",-0.4312473058361636,3.331761228033242,,,,0,1,"Bot",153.07,88.13,,,,,3.854813205730535,-121.87491036784108,0.6964742690167878,-3.111164760785464,25.779799939319386,-30.734297717696364,3.248088911,1.639222441,119,"102",6,"82.4",2321,"5.5",822713,543877,572233,514888,670623,669397,701305,694728,701358,"54.95",0.643,0.593,"0.9",1,1,0,4,5,4,"Slider",1,0,1,0,0,1,1,0,"Standard","Standard",149,"0.028","0.398","77.2","7.1",,0.712,"-0.398","102.0",1,1,0.648,0.648,28,26,28,26,1,0,6,1,14,1,"3.09","0.23","-0.23","27.5",11.714546486355623,-3.168750070757824,18.38446894157921,41.28250777959368,32.32739601714685
"SL","2026-07-07","84.6","-1.87","5.79","Imai, Tatsuya",671277,837227,,"ball",,,,,11,,"R","L","R","WSH","HOU","B",,,1,1,2026,"-0.43","0.12",-1.1881028351441016,4.213244003920784,,,,0,1,"Bot",,,,,,,2.4014660009901165,-123.12268836153598,2.5616208899004373,-4.828109162014624,25.761701103260098,-31.70937283251255,3.248088911,1.639222441,,,,"83.2",2262,"5.5",822713,543877,572233,514888,670623,669397,701305,694728,701358,"55.03",,,,,,,,5,3,"Slider",1,0,1,0,0,1,1,0,"Standard","Standard",235,"0.004","0.063",,,,,"-0.063",,1,1,0.644,0.644,28,26,28,26,1,0,6,1,14,1,"3.08","0.43","-0.43","29.2",,,,,
"FS","2026-07-07","82.1","-1.95","5.75","Imai, Tatsuya",671277,837227,,"ball",,,,,13,,"R","L","R","WSH","HOU","B",,,0,1,2026,"-0.89","0.01",-1.8775164429141709,2.4350493721447575,,,,0,1,"Bot",,,,,,,1.8770294910544574,-119.57715365790956,-0.8293046266219578,-8.906518119869135,21.56572671738062,-32.091062288781835,3.248088911,1.639222441,,,,"81.2",1154,"5.5",822713,543877,572233,514888,670623,669397,701305,694728,701358,"55.04",,,,,,,,5,2,"Split-Finger",1,0,1,0,0,1,1,0,"Standard","Standard",261,"0.002","0.029",,,,,"-0.029",,1,1,0.642,0.642,28,26,28,26,1,0,6,1,14,1,"3.34","0.89","-0.89","25.8",,,,,
"SL","2026-07-07","82.8","-1.97","5.82","Imai, Tatsuya",671277,837227,,"foul",,,,,9,,"R","L","R","WSH","HOU","S",,,0,0,2026,"-0.27","-0.32",0.5405114726063757,2.0807045535321076,,,,0,1,"Bot",,,,,,,6.095152894097413,-120.61431712716647,-1.2540242629090792,-3.779085351223155,21.379480155739653,-35.317353872486024,3.248088911,1.639222441,12,"84",-11,"81.8",2251,"5.3",822713,543877,572233,514888,670623,669397,701305,694728,701358,"55.18",,,,,,,,5,1,"Slider",1,0,1,0,0,1,1,0,"Standard","Standard",240,"-0.003","-0.042","79.4","7.6",,,"0.042","88.0",1,1,0.645,0.645,28,26,28,26,1,0,6,1,14,1,"3.62","0.27","-0.27","27.1",11.311057436384933,-17.900382823860916,30.925601282833174,29.989795125287117,41.23555927621403
"SL","2026-07-07","83.1","-1.74","5.91","Imai, Tatsuya",695578,837227,"home_run","hit_into_play",,,,,8,"James Wood homers (25) on a fly ball to right center field.","R","L","R","WSH","HOU","X",,"fly_ball",0,1,2026,"-0.14","-0.19",0.06283842876146101,2.2614362182842167,,,,0,1,"Bot",192.2,42.63,,,,,4.277072012474063,-120.90691360452819,-1.2425402676647552,-2.26378082474814,24.95801154937206,-34.02372000998635,3.488558071,1.760580709,419,"111.4",24,"81.4",2205,"5.3",822713,543877,572233,514888,670623,669397,701305,694728,701358,"55.23",0.991,1.986,"2",1,0,3,6,4,2,"Slider",0,0,0,0,0,1,1,0,"Infield shade","Standard",239,"0.1","1.156","82.7","8.1",,3.869,"-1.156","111.4",0,0,0.545,0.545,28,23,28,24,1,0,6,1,14,1,"3.51","0.14","-0.14","29.2",15.741218258955277,1.3857216340865461,41.196171805385646,34.773250429821516,35.979085513835955
"FF","2026-07-07","91.7","-1.93","5.61","Imai, Tatsuya",695578,837227,,"called_strike",,,,,9,,"R","L","R","WSH","HOU","S",,,0,0,2026,"-1.03","1.02",0.45301466103105237,1.8155960896640282,,,,0,1,"Bot",,,,,,,8.09333455298208,-133.26853945279626,-5.695999782551297,-14.015110189723467,27.445821951894875,-18.930523173120125,3.488558071,1.760580709,,,,"90.6",1854,"5.6",822713,543877,572233,514888,670623,669397,701305,694728,701358,"54.91",,,,,,,,4,1,"4-Seam Fastball",0,0,0,0,0,0,0,0,"Infield shade","Standard",239,"-0.003","-0.042",,,,,"0.042",,0,0,0.548,0.548,28,23,28,24,1,0,6,1,14,1,"1.69","1.03","-1.03","24.9",,,,,
"FF","2026-07-01","92.9","-1.86","5.26","Imai, Tatsuya",605137,837227,"walk","ball",,,,,14,"Josh Bell walks.","R","L","R","HOU","MIN","B",,,3,0,2026,"-1.21","0.83",0.8195453124630527,1.2384220000223174,,,,1,2,"Top",,,,,,,9.39442976039505,-134.8311707375566,-6.079881346132358,-16.83729715604378,28.78446106702074,-20.881548368556242,3.334973753,1.683070866,,,,"92.2",1960,"6",824174,673237,572233,514888,670623,669384,694388,666211,701358,"54.5",,0.697886,"0.7",1,0,0,,17,4,"4-Seam Fastball",1,5,5,1,5,1,5,1,"Infield shade","Standard",241,"-0.004","0.159",,,,,"-0.159",,-4,4,0.161,0.839,28,33,28,34,2,1,6,1,6,2,"1.82","1.21","-1.21","21.4",,,,,
"SL","2026-07-01","85.8","-1.91","5.51","Imai, Tatsuya",605137,837227,,"ball",,,,,1,,"R","L","R","HOU","MIN","B",,,2,0,2026,"-0.4","-0.02",-0.7350141572762858,3.2220579116143675,,,,1,2,"Top",,,,,,,3.512624128415302,-124.78521360593741,1.192247383596761,-4.927215352569627,30.385400835862654,-32.94766797676096,3.334973753,1.683070866,,,,"84.2",2137,"5.8",824174,673237,572233,514888,670623,669384,694388,666211,701358,"54.72",,,,,,,,17,3,"Slider",1,5,5,1,5,1,5,1,"Infield shade","Standard",291,"-0.004","0.14",,,,,"-0.14",,-4,4,0.165,0.835,28,33,28,34,2,1,6,1,6,2,"3.18","0.4","-0.4","25.1",,,,,
"FS","2026-07-01","84.3","-1.75","5.45","Imai, Tatsuya",605137,837227,,"ball",,,,,14,,"R","L","R","HOU","MIN","B",,,1,0,2026,"-1.18","0.27",0.7059154474838378,0.4064642587002214,,,,1,2,"Top",,,,,,,7.93346414691341,-122.50357752208527,-5.565891345114882,-13.419582334180916,24.305453049334794,-28.522486234277327,3.334973753,1.683070866,,,,"83.6",1330,"5.9",824174,673237,572233,514888,670623,669384,694388,666211,701358,"54.59",,,,,,,,17,2,"Split-Finger",1,5,5,1,5,1,5,1,"Infield shade","Standard",254,"-0.002","0.077",,,,,"-0.077",,-4,4,0.167,0.833,28,33,28,34,2,1,6,1,6,2,"2.95","1.18","-1.18","30.3",,,,,
"FS","2026-07-01","83.1","-1.76","5.43","Imai, Tatsuya",605137,837227,,"ball",,,,,11,,"R","L","R","HOU","MIN","B",,,0,0,2026,"-1.12","0.08",-1.4054007367492873,2.744453559357936,,,,1,2,"Top",,,,,,,3.008110677261174,-121.00083761583863,0.34125848441708806,-11.55653426849636,24.345320425105207,-31.68518328511609,3.334973753,1.683070866,,,,"82.3",1149,"5.8",824174,673237,572233,514888,670623,669384,694388,666211,701358,"54.68",,,,,,,,17,1,"Split-Finger",1,5,5,1,5,1,5,1,"Infield shade","Standard",260,"-0.001","0.041",,,,,"-0.041",,-4,4,0.168,0.832,28,33,28,34,2,1,6,1,6,2,"3.23","1.12","-1.12","23.9",,,,,
"FF","2026-07-01","93.4","-1.99","5.14","Imai, Tatsuya",665019,837227,"home_run","hit_into_play",,,,,12,"Kody Clemens homers (14) on a fly ball to right center field. Luke Keaschall scores. Brooks Lee scores.","R","L","R","HOU","MIN","X",,"fly_ball",3,1,2026,"-1.18","0.64",0.04746084143139706,3.4014706298961483,,807712,686797,1,2,"Top",182.03,47.76,,,,,7.796821999434129,-135.767612614552,-0.000818314022392963,-16.34175450237062,29.46231837222002,-24.478912842339625,3.211228675,1.620620079,399,"104",25,"93",1830,"6.1",824174,673237,572233,514888,670623,669384,694388,666211,701358,"54.39",0.826,1.532,"2",1,0,3,6,16,5,"4-Seam Fastball",1,2,2,1,5,1,5,1,"Standard","Standard",245,"-0.17","1.037","73.4","7.1",,2.91,"-1.037","104.0",-1,1,0.338,0.6619999999999999,28,30,28,30,2,1,6,1,6,2,"1.98","1.18","-1.18","21.8",16.26334399963598,-5.577415637892403,20.580174811405996,34.84343625470275,60.019172378481635
"FF","2026-07-01","93.1","-1.96","5.15","Imai, Tatsuya",665019,837227,,"called_strike",,,,,5,,"R","L","R","HOU","MIN","S",,,3,0,2026,"-1.14","0.55",-0.23810362760456516,2.5643136389281693,,807712,686797,1,2,"Top",,,,,,,6.886831475709811,-135.51270376432504,-1.9252201969641685,-15.563406850083826,29.069560862441488,-25.16059605076211,3.211228675,1.620620079,,,,"92.9",1848,"6.1",824174,673237,572233,514888,670623,669384,694388,666211,701358,"54.39",,,,,,,,16,4,"4-Seam Fastball",1,2,2,1,2,1,2,1,"Infield shade","Standard",243,"0.01","-0.072",,,,,"0.072",,-1,1,0.328,0.6719999999999999,28,30,28,30,2,1,6,1,6,2,"2.07","1.14","-1.14","20.2",,,,,
"FF","2026-07-01","93.9","-2","5.06","Imai, Tatsuya",665019,837227,,"ball",,,,,12,,"R","L","R","HOU","MIN","B",,,2,0,2026,"-1.01","0.5",0.8362385844355691,3.3418396020561154,,807712,686797,1,2,"Top",,,,,,,9.475490443562254,-136.48521322317077,0.2982051238224295,-14.687821557393532,28.522087666217118,-26.162295381778094,3.211228675,1.620620079,,,,"93.7",1690,"6.1",824174,673237,572233,514888,670623,669384,694388,666211,701358,"54.35",,,,,,,,16,3,"4-Seam Fastball",1,2,2,1,2,1,2,1,"Standard","Standard",243,"-0.016","0.122",,,,,"-0.122",,-1,1,0.344,0.656,28,30,28,30,2,1,6,1,6,2,"2.08","1.01","-1.01","20.2",,,,,
"SL","2026-07-01","87","-1.98","5.18","Imai, Tatsuya",665019,837227,,"ball",,,,,14,,"R","L","R","HOU","MIN","B",,,1,0,2026,"-0.29","-0.11",1.119583107744281,1.6224058292782089,,807712,686797,1,2,"Top",,,,,,,7.91024200938145,-126.42156909898402,-1.8121611442317271,-4.851566814050367,28.69467645339107,-33.12786007421886,3.211228675,1.620620079,,,,"86.3",2230,"6.2",824174,673237,572233,514888,670623,669384,694388,666211,701358,"54.35",,,,,,,,16,2,"Slider",1,2,2,1,2,1,2,1,"Standard","Standard",273,"-0.011","0.073",,,,,"-0.073",,-1,1,0.355,0.645,28,30,28,30,2,1,6,1,6,2,"3.15","0.29","-0.29","23.6",,,,,
"FF","2026-07-01","94.8","-2.08","5.04","Imai, Tatsuya",665019,837227,,"ball",,,,,13,,"R","L","R","HOU","MIN","B",,,0,0,2026,"-1.02","0.52",-0.9209473890185467,2.0904733441168615,,807712,686797,1,2,"Top",,,,,,,5.272202316408349,-137.91042664072282,-3.012161395840046,-14.161259101953908,30.84727612471097,-25.012632076665323,3.211228675,1.620620079,,,,"94.5",1759,"6.1",824174,673237,572233,514888,670623,669384,694388,666211,701358,"54.36",,,,,,,,16,1,"4-Seam Fastball",1,2,2,1,2,1,2,1,"Infield shade","Standard",242,"-0.005","0.039",,,,,"-0.039",,-1,1,0.36,0.64,28,30,28,30,2,1,6,1,6,2,"2.01","1.02","-1.02","20.7",,,,,
"FF","2026-07-01","94","-2.07","5.07","Imai, Tatsuya",686797,837227,"walk","ball",,,,,11,"Brooks Lee walks. Luke Keaschall to 2nd.","R","L","R","HOU","MIN","B",,,3,0,2026,"-1.16","0.67",-0.9980739035448061,3.376667507977667,,,807712,1,2,"Top",,,,,,,5.325603548077533,-136.76543989337762,-0.019693284579620496,-15.702718052819229,30.911683655879212,-23.97741456700166,3.208595801,1.619291339,,,,"93.5",1873,"6",824174,673237,572233,514888,670623,669384,694388,666211,701358,"54.46",,0.697886,"0.7",1,0,0,,15,4,"4-Seam Fastball",1,2,2,1,2,1,2,1,"Standard","Standard",243,"-0.014","0.116",,,,,"-0.116",,-1,1,0.374,0.626,28,25,28,25,2,1,6,1,6,2,"1.91","1.16","-1.16","19.1",,,,,
"SL","2026-07-01","86.5","-2.17","5.33","Imai, Tatsuya",686797,837227,,"ball",,,,,13,,"R","L","R","HOU","MIN","B",,,2,0,2026,"-0.29","-0.14",-1.044607834761438,2.0987157025730507,,,807712,1,2,"Top",,,,,,,3.2192743356675995,-125.99422185685187,-1.0266364908732142,-3.7375570974337426,25.250479061855497,-33.640258046799026,3.208595801,1.619291339,,,,"85.9",2015,"5.8",824174,673237,572233,514888,670623,669384,694388,666211,701358,"54.7",,,,,,,,15,3,"Slider",1,2,2,1,2,1,2,1,"Standard","Standard",282,"-0.01","0.096",,,,,"-0.096",,-1,1,0.384,0.616,28,25,28,25,2,1,6,1,6,2,"3.17","0.29","-0.29","24.5",,,,,
"FF","2026-07-01","94.2","-2.18","5.1","Imai, Tatsuya",686797,837227,,"ball",,,,,11,,"R","L","R","HOU","MIN","B",,,1,0,2026,"-1.17","0.71",-2.0709765578094013,3.5463794807813303,,,807712,1,2,"Top",,,,,,,2.9217262116368765,-137.19127825515605,0.2031345621574715,-15.437772825783236,30.634400375356616,-23.485871146282108,3.208595801,1.619291339,,,,"93.8",1740,"6",824174,673237,572233,514888,670623,669384,694388,666211,701358,"54.47",,,,,,,,15,2,"4-Seam Fastball",1,2,2,1,2,1,2,1,"Standard","Standard",243,"-0.008","0.069",,,,,"-0.069",,-1,1,0.392,0.608,28,25,28,25,2,1,6,1,6,2,"1.86","1.17","-1.17","18.7",,,,,
"SL","2026-07-01","86.6","-1.88","5.44","Imai, Tatsuya",686797,837227,,"ball",,,,,11,,"R","L","R","HOU","MIN","B",,,0,0,2026,"-0.34","-0.09",-1.381245814385891,2.824281642853392,,,807712,1,2,"Top",,,,,,,1.8584144495576558,-126.11786427746982,0.34501251116277776,-4.0219572698417,26.88584359094911,-33.38528744853817,3.208595801,1.619291339,,,,"85.7",2150,"5.8",824174,673237,572233,514888,670623,669384,694388,666211,701358,"54.71",,,,,,,,15,1,"Slider",1,2,2,1,2,1,2,1,"Standard","Standard",261,"-0.003","0.035",,,,,"-0.035",,-1,1,0.395,0.605,28,25,28,25,2,1,6,1,6,2,"3.13","0.34","-0.34","27.7",,,,,
"SL","2026-07-01","87","-2.09","5.32","Imai, Tatsuya",663616,837227,"field_out","hit_into_play",,,,,1,"Trevor Larnach flies out to center fielder Taylor Trammell.","R","L","R","HOU","MIN","X",8,"fly_ball",2,2,2026,"-0.43","0.19",-0.6814401052858141,3.4162665845209577,,,807712,0,2,"Top",121.08,42.08,,,,,4.184163801263904,-126.64173434573426,1.3469527649466548,-5.452290535730093,25.545954130319508,-30.596869464090503,3.323564633,1.677312992,365,"97.1",25,"86.4",2211,"5.9",824174,673237,572233,514888,670623,669384,694388,666211,701358,"54.61",0.274,0.387,"0",1,0,0,5,14,5,"Slider",1,2,2,1,2,1,2,1,"Infield shade","Standard",256,"0.027","-0.221","66.9","6.2",,0.647,"0.221","97.1",-1,1,0.368,0.632,28,29,28,29,2,1,6,1,6,2,"2.81","0.43","-0.43","26.2",-18.528740375549845,0.05868042539795689,29.827329772142473,41.91230547874673,32.146169002326936
"SL","2026-07-01","86.6","-1.98","5.33","Imai, Tatsuya",663616,837227,,"foul",,,,,9,,"R","L","R","HOU","MIN","S",,,2,1,2026,"-0.93","0.54",0.5293154968810935,1.7292913913351264,,,807712,0,2,"Top",,,,,,,7.793628503801563,-125.92929461728036,-3.2781957450196684,-11.52819047139408,25.530504587490594,-25.935616399514018,3.323564633,1.677312992,398,"110.1",23,"86.1",2345,"6",824174,673237,572233,514888,670623,669384,694388,666211,701358,"54.52",,,,,,,,14,4,"Slider",1,2,2,1,2,1,2,1,"Infield shade","Standard",271,"0.01","-0.069","68.8","7.8",,,"0.069","110.1",-1,1,0.358,0.642,28,29,28,29,2,1,6,1,6,2,"2.5","0.93","-0.93","26.8",-0.9620369854832382,-37.00884006485921,50.150706765623156,28.040719374415715,42.528910373180395
"SL","2026-07-01","86","-2.07","5.32","Imai, Tatsuya",663616,837227,,"foul",,,,,5,,"R","L","R","HOU","MIN","S",,,2,0,2026,"-0.19","0.07",-0.07968168292547556,2.401912906759508,,,807712,0,2,"Top",,,,,,,5.013594157124888,-125.11071981364424,-0.5171818634254961,-3.1969587744110424,29.59773874561976,-31.531552255163547,3.323564633,1.677312992,5,"85.9",-26,"84.8",2356,"5.9",824174,673237,572233,514888,670623,669384,694388,666211,701358,"54.61",,,,,,,,14,3,"Slider",1,2,2,1,2,1,2,1,"Infield shade","Standard",267,"0.01","-0.076","79.6","8.0",,,"0.076","88.0",-1,1,0.348,0.652,28,29,28,29,2,1,6,1,6,2,"3.05","0.19","-0.19","25.4",25.88883203124722,-29.920752767919844,24.324945188402108,35.16324698721095,48.33663503101597
"SL","2026-07-01","86.5","-1.98","5.42","Imai, Tatsuya",663616,837227,,"ball",,,,,13,,"R","L","R","HOU","MIN","B",,,1,0,2026,"-1.32","0.5",-1.6783976225093058,2.210546178072705,,,807712,0,2,"Top",,,,,,,3.404609900913214,-125.84126141695518,-2.2080026349445365,-14.632072728230119,27.9144157842471,-26.620020935614434,3.323564633,1.677312992,,,,"85.4",2207,"5.8",824174,673237,572233,514888,670623,669384,694388,666211,701358,"54.71",,,,,,,,14,2,"Slider",1,2,2,1,2,1,2,1,"Infield shade","Standard",255,"-0.01","0.075",,,,,"-0.075",,-1,1,0.358,0.642,28,29,28,29,2,1,6,1,6,2,"2.57","1.32","-1.32","27.5",,,,,
"FS","2026-07-01","84.3","-1.89","5.39","Imai, Tatsuya",663616,837227,,"ball",,,,,11,,"R","L","R","HOU","MIN","B",,,0,0,2026,"-0.98","0.04",-1.5346351520813384,4.000110397108715,,,807712,0,2,"Top",,,,,,,2.776952610175242,-122.59896485709115,3.2505509532541326,-10.413054457664044,26.0347870740887,-32.72237903218737,3.323564633,1.677312992,,,,"83.4",1144,"5.9",824174,673237,572233,514888,670623,669384,694388,666211,701358,"54.58",,,,,,,,14,1,"Split-Finger",1,2,2,1,2,1,2,1,"Infield shade","Standard",258,"-0.005","0.038",,,,,"-0.038",,-1,1,0.363,0.637,28,29,28,29,2,1,6,1,6,2,"3.19","0.98","-0.98","27.3",,,,,
"FF","2026-07-01","93.9","-1.88","5.3","Imai, Tatsuya",807712,837227,"walk","ball",,,,,13,"Luke Keaschall challenged (pitch result), call on the field was overturned: Luke Keaschall walks.","R","R","R","HOU","MIN","B",,,3,1,2026,"-0.94","0.49",-0.5734699775432271,1.4745070650633363,,,,0,2,"Top",,,,,,,5.417285449686412,-136.69969214458462,-5.0360732642667525,-12.989080870764678,29.70038122749898,-25.170944554055612,3.213861549,1.621948819,,,,"93.4",1894,"5.9",824174,673237,572233,514888,670623,669384,694388,666211,701358,"54.57",,0.697886,"0.7",1,0,0,,13,5,"4-Seam Fastball",1,2,2,1,2,1,2,1,"Infield shade","Standard",244,"-0.02","0.26",,,,,"-0.26",,-1,1,0.383,0.617,28,23,28,24,1,0,6,1,6,2,"2.09","0.94","0.94","21.1",,,,,
"FF","2026-07-01","93.3","-1.97","5.27","Imai, Tatsuya",807712,837227,,"called_strike",,,,,5,,"R","R","R","HOU","MIN","S",,,3,0,2026,"-1.29","0.61",0.08548473578043092,2.624640028230102,,,,0,2,"Top",,,,,,,8.047616723517612,-135.6828738395311,-2.188707131292522,-17.723141464160545,30.010698932564402,-24.399554737325104,3.213861549,1.621948819,,,,"92.6",1977,"6",824174,673237,572233,514888,670623,669384,694388,666211,701358,"54.55",,,,,,,,13,4,"4-Seam Fastball",1,2,2,1,2,1,2,1,"Infield shade","Standard",243,"0.006","-0.087",,,,,"0.087",,-1,1,0.377,0.623,28,23,28,24,1,0,6,1,6,2,"2.02","1.29","1.29","20.4",,,,,
"SL","2026-07-01","85.9","-1.83","5.61","Imai, Tatsuya",807712,837227,,"ball",,,,,11,,"R","R","R","HOU","MIN","B",,,2,0,2026,"-0.81","0.4",-1.3792592894719438,2.54719463733784,,,,0,2,"Top",,,,,,,2.6940382947495407,-125.09194925403654,-1.5857332902771786,-9.03098875745267,26.637771650539772,-27.857579098304445,3.213861549,1.621948819,,,,"84.9",2228,"5.7",824174,673237,572233,514888,670623,669384,694388,666211,701358,"54.76",,,,,,,,13,3,"Slider",1,2,2,1,2,1,2,1,"Infield shade","Standard",252,"-0.01","0.15",,,,,"-0.15",,-1,1,0.387,0.613,28,23,28,24,1,0,6,1,6,2,"2.7","0.81","0.81","28.6",,,,,
"FF","2026-07-01","93.7","-1.82","5.31","Imai, Tatsuya",807712,837227,,"ball",,,,,14,,"R","R","R","HOU","MIN","B",,,1,0,2026,"-1.44","0.66",1.2609621463650258,-0.02161536222504412,,,,0,2,"Top",,,,,,,10.936149564446351,-135.75170528471065,-9.119181900896045,-20.142064038700212,28.433103670627474,-22.137200321586043,3.213861549,1.621948819,,,,"92.7",2074,"5.8",824174,673237,572233,514888,670623,669384,694388,666211,701358,"54.66",,,,,,,,13,2,"4-Seam Fastball",1,2,2,1,2,1,2,1,"Infield shade","Standard",239,"-0.007","0.083",,,,,"-0.083",,-1,1,0.394,0.606,28,23,28,24,1,0,6,1,6,2,"1.95","1.44","1.44","21.2",,,,,
"FF","2026-07-01","93.9","-1.83","5.32","Imai, Tatsuya",807712,837227,,"ball",,,,,14,,"R","R","R","HOU","MIN","B",,,0,0,2026,"-1.28","1.04",1.1641092044616725,1.9506867036356448,,,,0,2,"Top",,,,,,,10.43845784379779,-136.27097985028382,-5.07250940025802,-18.22797992664918,28.718174608687278,-18.28307192354042,3.213861549,1.621948819,,,,"93.2",2081,"5.9",824174,673237,572233,514888,670623,669384,694388,666211,701358,"54.59",,,,,,,,13,1,"4-Seam Fastball",1,2,2,1,2,1,2,1,"Infield shade","Standard",239,"-0.003","0.043",,,,,"-0.043",,-1,1,0.397,0.603,28,23,28,24,1,0,6,1,6,2,"1.55","1.28","1.28","19.9",,,,,
"SL","2026-07-01","87.4","-2.11","5.29","Imai, Tatsuya",656484,837227,"strikeout","swinging_strike",,,,,9,"Tristan Gray strikes out swinging.","R","L","R","HOU","MIN","S",2,,3,2,2026,"-0.11","0.02",0.77059779448674,1.5807764267664637,668904,605170,668952,2,1,"Top",,,,,,,7.066401099439351,-127.08272721116387,-2.5593877677345525,-2.761929976110494,27.66475149116554,-31.597526609565772,3.259498032,1.644980315,,,,"86.9",2345,"6.2",824174,673237,572233,514888,670623,669384,694388,666211,701358,"54.35",,0,"0",1,0,0,,8,6,"Slider",0,2,2,0,2,0,2,0,"Infield shade","Standard",278,"0.067","-0.287","75.1","8.3","3.429853692",,"0.287",,-2,2,0.285,0.7150000000000001,28,30,28,30,1,0,6,1,6,2,"2.98","0.11","-0.11","24.6",23.152115220594883,-44.779593065867886,34.9370629266533,28.805155960781853,53.076765994023944
"SL","2026-07-01","87.3","-1.97","5.4","Imai, Tatsuya",656484,837227,,"ball",,,,,14,,"R","L","R","HOU","MIN","B",,,2,2,2026,"-0.41","-0.12",1.1170818855959461,0.6496522188466298,668904,605170,668952,2,1,"Top",,,,,,,8.153340718183816,-126.74351833239126,-4.645674779420641,-6.3165780608376725,29.40388650298569,-32.573021613282535,3.259498032,1.644980315,,,,"86.3",2256,"6.1",824174,673237,572233,514888,670623,669384,694388,666211,701358,"54.43",,,,,,,,8,5,"Slider",0,2,2,0,2,0,2,0,"Infield shade","Standard",266,"-0.019","0.085",,,,,"-0.085",,-2,2,0.304,0.696,28,30,28,30,1,0,6,1,6,2,"3.16","0.41","-0.41","27.9",,,,,
"FF","2026-07-01","95.6","-1.95","5.09","Imai, Tatsuya",656484,837227,,"foul",,,,,2,,"R","L","R","HOU","MIN","S",,,2,1,2026,"-1.07","0.94",0.0551376850250751,2.831076750484869,668904,605170,668952,2,1,"Top",,,,,,,7.65955578114366,-139.00956944969994,-2.279703965785713,-15.615140015275074,32.20659163058481,-19.73209270284723,3.259498032,1.644980315,257,"78.1",39,"95.4",1917,"6.3",824174,673237,572233,514888,670623,669384,694388,666211,701358,"54.2",,,,,,,,8,4,"4-Seam Fastball",0,2,2,0,2,0,2,0,"Infield shade","Standard",241,"0.015","-0.092","64.1","5.9",,,"0.092","88.0",-2,2,0.289,0.7110000000000001,28,30,28,30,1,0,6,1,6,2,"1.57","1.07","-1.07","22.3",-13.783297900273446,22.22437826107913,25.89577127654947,36.113188600298386,16.99235042681447
"FS","2026-07-01","84.8","-1.97","5.25","Imai, Tatsuya",656484,837227,,"ball",,,,,11,,"R","L","R","HOU","MIN","B",,,1,1,2026,"-1.02","0.1",-1.4880758356040893,3.557777204623054,668904,605170,668952,2,1,"Top",,,,,,,3.1736427150455713,-123.36437754489562,2.369477439185502,-11.083915542673635,25.985715107231872,-31.892797119593403,3.259498032,1.644980315,,,,"84.2",1085,"6",824174,673237,572233,514888,670623,669384,694388,666211,701358,"54.47",,,,,,,,8,3,"Split-Finger",0,2,2,0,2,0,2,0,"Infield shade","Standard",264,"-0.01","0.07",,,,,"-0.07",,-2,2,0.299,0.7010000000000001,28,30,28,30,1,0,6,1,6,2,"3.09","1.02","-1.02","23.5",,,,,
"FF","2026-07-01","95.4","-1.84","5.08","Imai, Tatsuya",656484,837227,,"ball",,,,,12,,"R","L","R","HOU","MIN","B",,,0,1,2026,"-1.04","0.88",1.2550609464990248,2.983750625540056,668904,605170,668952,2,1,"Top",,,,,,,10.419175247829438,-138.60841668767347,-1.704387231616983,-15.74238435640134,31.078558914896814,-20.648855625498985,3.259498032,1.644980315,,,,"95.4",1818,"6.4",824174,673237,572233,514888,670623,669384,694388,666211,701358,"54.1",,,,,,,,8,2,"4-Seam Fastball",0,2,2,0,2,0,2,0,"Infield shade","Standard",239,"-0.005","0.021",,,,,"-0.021",,-2,2,0.304,0.696,28,30,28,30,1,0,6,1,6,2,"1.63","1.04","-1.04","24.3",,,,,
"FF","2026-07-01","95.6","-1.91","5.14","Imai, Tatsuya",656484,837227,,"foul",,,,,1,,"R","L","R","HOU","MIN","S",,,0,0,2026,"-1.22","0.81",-0.2832962929733762,3.0319108700337645,668904,605170,668952,2,1,"Top",,,,,,,7.019348791204758,-139.07561914055,-1.6054912895993794,-17.395451287880913,32.90143487346269,-21.485378355272406,3.259498032,1.644980315,212,"83.4",57,"95.3",1932,"6.3",824174,673237,572233,514888,670623,669384,694388,666211,701358,"54.22",,,,,,,,8,1,"4-Seam Fastball",0,2,2,0,2,0,2,0,"Infield shade","Standard",242,"0.008","-0.04","63.2","6.3",,,"0.04","88.0",-2,2,0.296,0.704,28,30,28,30,1,0,6,1,6,2,"1.69","1.22","-1.22","24.8",-3.5887347773745772,12.4774736146992,22.78543688135547,39.931785242709964,21.707045718966526
"FF","2026-07-01","95.4","-1.94","5.08","Imai, Tatsuya",668952,837227,"walk","ball",,,,,14,"Ryan Kreidler walks. Victor Caratini to 2nd.","R","R","R","HOU","MIN","B",,,3,1,2026,"-1.05","0.7",0.44034495695094544,1.4001297846461451,668904,,605170,2,1,"Top",,,,,,,8.54466159427735,-138.60085749103698,-5.359909630786224,-15.44900503013396,33.31231916912513,-22.032518970854316,3.340239501,1.685728347,,,,"94.7",1915,"6.2",824174,673237,572233,514888,670623,669384,694388,666211,701358,"54.34",,0.697886,"0.7",1,0,0,,7,5,"4-Seam Fastball",0,2,2,0,2,0,2,0,"Standard","Standard",244,"-0.011","0.067",,,,,"-0.067",,-2,2,0.307,0.6930000000000001,28,28,28,29,1,0,6,1,6,2,"1.82","1.05","1.05","23.2",,,,,
"SL","2026-07-01","88.2","-1.85","5.45","Imai, Tatsuya",668952,837227,,"ball",,,,,13,,"R","R","R","HOU","MIN","B",,,2,1,2026,"-0.83","0.23",-0.7370972171767995,1.2791537583046297,668904,,605170,2,1,"Top",,,,,,,4.3974969026306265,-128.2145182609423,-4.178170422380453,-10.079400548613831,29.96460830944237,-28.947957040269696,3.340239501,1.685728347,,,,"87.1",2252,"6",824174,673237,572233,514888,670623,669384,694388,666211,701358,"54.53",,,,,,,,7,4,"Slider",0,2,2,0,2,0,2,0,"Standard","Standard",265,"-0.005","0.071",,,,,"-0.071",,-2,2,0.312,0.688,28,28,28,29,1,0,6,1,6,2,"2.74","0.83","0.83","29.2",,,,,
"FF","2026-07-01","94.5","-2.04","5.09","Imai, Tatsuya",668952,837227,,"ball",,,,,13,,"R","R","R","HOU","MIN","B",,,1,1,2026,"-1.12","0.91",-0.39314188343754575,1.542589840651137,,668904,605170,2,1,"Top",,,,,,,6.748030753821296,-137.2755574144349,-5.295332031194135,-15.716507815660462,33.40635145691998,-19.69265906125759,3.340239501,1.685728347,,,,"93.7",1881,"6.2",824174,673237,572233,514888,670623,669384,694388,666211,701358,"54.35",,,,,,,,7,3,"4-Seam Fastball",0,2,2,0,2,0,2,0,"Infield shade","Standard",245,"-0.009","0.036",,,,,"-0.036",,-2,2,0.321,0.679,28,28,28,29,1,0,6,1,6,2,"1.67","1.12","1.12","20.5",,,,,
"FF","2026-07-01","93.9","-1.88","5.17","Imai, Tatsuya",668952,837227,,"called_strike",,,,,6,,"R","R","R","HOU","MIN","S",,,1,0,2026,"-1.17","0.98",0.37918266581231386,2.650568435816511,,668904,605170,2,1,"Top",,,,,,,8.36400249218025,-136.4896746951238,-2.745881605887287,-16.550120771141696,32.74166241759217,-19.588646658318954,3.340239501,1.685728347,,,,"93",1860,"6",824174,673237,572233,514888,670623,669384,694388,666211,701358,"54.48",,,,,,,,7,2,"4-Seam Fastball",0,2,2,0,2,0,2,0,"Standard","Standard",246,"0.004","-0.045",,,,,"0.045",,-2,2,0.317,0.683,28,28,28,29,1,0,6,1,6,2,"1.63","1.17","1.17","22.2",,,,,
"SL","2026-07-01","87.2","-1.9","5.44","Imai, Tatsuya",668952,837227,,"ball",,,,,14,,"R","R","R","HOU","MIN","B",,,0,0,2026,"-0.55","0.26",1.2968332479234803,0.8608388201097132,,668904,605170,2,1,"Top",,,,,,,8.664580774503913,-126.59864567351812,-4.979297785404388,-7.949485326321786,30.232809656536077,-28.46757877538608,3.340239501,1.685728347,,,,"85.9",2330,"6",824174,673237,572233,514888,670623,669384,694388,666211,701358,"54.53",,,,,,,,7,1,"Slider",0,2,2,0,2,0,2,0,"Infield shade","Standard",271,"-0.002","0.025",,,,,"-0.025",,-2,2,0.319,0.681,28,28,28,29,1,0,6,1,6,2,"2.8","0.55","0.55","27.7",,,,,
"FF","2026-07-01","95.1","-1.78","5.22","Imai, Tatsuya",605170,837227,"single","hit_into_play",,,,,3,"Victor Caratini singles on a line drive to left fielder Joey Loperfido. Royce Lewis to 2nd.","R","L","R","HOU","MIN","X",7,"line_drive",1,2,2026,"-0.92","0.78",0.6289833281394035,2.775469979977241,,,668904,2,1,"Top",83.06,139.41,,,,,8.276643378112245,-138.19164622174858,-2.2993077749848325,-13.721040056137193,32.50633743716084,-21.833663548644203,3.200697179,1.615305118,165,"62.2",21,"94.4",1667,"6.1",824174,673237,572233,514888,670623,669384,694388,666211,701358,"54.43",0.443,0.411,"0.9",1,1,0,4,6,4,"4-Seam Fastball",0,2,2,0,2,0,2,0,"Infield shade","Standard",245,"-0.021","0.422","60.2","5.3",,0.495,"-0.422","88.0",-2,2,0.34,0.6599999999999999,28,32,28,33,1,0,6,1,6,2,"1.75","0.92","-0.92","24.5",-7.946600336309314,17.91240838861643,38.79029022116087,25.1876915393607,24.756523191355427
"SL","2026-07-01","85.6","-1.87","5.51","Imai, Tatsuya",605170,837227,,"foul",,,,,5,,"R","L","R","HOU","MIN","S",,,1,1,2026,"-0.24","0.13",0.26050973446033127,2.4488734733889443,,,668904,2,1,"Top",,,,,,,5.427396799963818,-124.6735601102552,-1.1230344196577775,-3.4933100719491224,21.084478734040303,-30.747976686368727,3.200697179,1.615305118,,,,"85.5",2291,"5.8",824174,673237,572233,514888,670623,669384,694388,666211,701358,"54.68",,,,,,,,6,3,"Slider",0,2,2,0,2,0,2,0,"Infield shade","Standard",272,"0.004","-0.067","75.5","7.8",,,"0.067",,-2,2,0.336,0.6639999999999999,28,32,28,33,1,0,6,1,6,2,"2.93","0.24","-0.24","26.1",23.30740796477349,-27.23091566041546,32.19408020830214,30.621562559595475,54.34784162432815
"FS","2026-07-01","84.9","-1.9","5.29","Imai, Tatsuya",605170,837227,,"ball",,,,,11,,"R","L","R","HOU","MIN","B",,,0,1,2026,"-0.88","0.24",-2.3989733904774693,2.514576262326627,,,668904,2,1,"Top",,,,,,,0.6323074593317591,-123.61223295772304,-0.4363443036091541,-9.152479164722264,25.80613600620826,-29.9038342861878,3.200697179,1.615305118,,,,"84.3",1206,"6",824174,673237,572233,514888,670623,669384,694388,666211,701358,"54.5",,,,,,,,6,2,"Split-Finger",0,2,2,0,2,0,2,0,"Infield shade","Standard",262,"-0.002","0.028",,,,,"-0.028",,-2,2,0.338,0.6619999999999999,28,32,28,33,1,0,6,1,6,2,"2.94","0.88","-0.88","22.2",,,,,
"SL","2026-07-01","86.4","-1.89","5.47","Imai, Tatsuya",605170,837227,,"called_strike",,,,,5,,"R","L","R","HOU","MIN","S",,,0,0,2026,"-0.28","-0.31",-0.16402880979358397,2.3233057514864894,,,668904,2,1,"Top",,,,,,,4.599541349031412,-125.80190511650362,-0.3976751911945944,-3.964135507301356,27.05360259554635,-35.640109416179,3.200697179,1.615305118,,,,"85.5",2171,"5.8",824174,673237,572233,514888,670623,669384,694388,666211,701358,"54.71",,,,,,,,6,1,"Slider",0,2,2,0,2,0,2,0,"Infield shade","Standard",259,"0.003","-0.041",,,,,"0.041",,-2,2,0.335,0.665,28,32,28,33,1,0,6,1,6,2,"3.38","0.28","-0.28","26.6",,,,,
"SL","2026-07-01","87.6","-1.92","5.45","Imai, Tatsuya",668904,837227,"walk","ball",,,,,14,"Royce Lewis walks.","R","R","R","HOU","MIN","B",,,3,2,2026,"-0.29","0.04",1.2412219515882879,1.2989407750304576,,,,2,1,"Top",,,,,,,8.108181022339354,-127.51723057054558,-3.837216489182193,-4.565138712963842,22.17813573631431,-31.174739934308427,3.205085302,1.617519685,,,,"87.8",2282,"6.1",824174,673237,572233,514888,670623,669384,694388,666211,701358,"54.42",,0.697886,"0.7",1,0,0,,5,6,"Slider",0,2,2,0,2,0,2,0,"Infield shade","Standard",260,"-0.008","0.292",,,,,"-0.292",,-2,2,0.343,0.657,28,27,28,27,1,0,6,1,6,2,"2.89","0.29","0.29","26.9",,,,,
"SL","2026-07-01","85.3","-1.7","5.65","Imai, Tatsuya",668904,837227,,"ball",,,,,13,,"R","R","R","HOU","MIN","B",,,2,2,2026,"-0.59","0.28",-1.5269977271004094,1.8346154736531792,,,,2,1,"Top",,,,,,,1.592992996846107,-124.2020860279424,-2.9750000874582363,-6.432266935370451,26.495378685606116,-28.86770934714426,3.205085302,1.617519685,,,,"84.1",2185,"5.6",824174,673237,572233,514888,670623,669384,694388,666211,701358,"54.9",,,,,,,,5,5,"Slider",0,2,2,0,2,0,2,0,"Infield shade","Standard",259,"-0.002","0.083",,,,,"-0.083",,-2,2,0.345,0.655,28,27,28,27,1,0,6,1,6,2,"2.86","0.59","0.59","29.1",,,,,
"SL","2026-07-01","86.9","-1.75","5.4","Imai, Tatsuya",668904,837227,,"ball",,,,,14,,"R","R","R","HOU","MIN","B",,,1,2,2026,"-0.59","-0.01",0.26645470702536445,0.7747530013780866,,,,2,1,"Top",,,,,,,5.9446832011324116,-126.31593679253034,-4.54467670083258,-7.598911288077303,26.947383988442844,-31.536457289944245,3.205085302,1.617519685,,,,"86",2161,"5.9",824174,673237,572233,514888,670623,669384,694388,666211,701358,"54.6",,,,,,,,5,4,"Slider",0,2,2,0,2,0,2,0,"Infield shade","Standard",263,"-0.001","0.041",,,,,"-0.041",,-2,2,0.346,0.654,28,27,28,27,1,0,6,1,6,2,"3.05","0.59","0.59","25.8",,,,,
"SL","2026-07-01","86.2","-1.79","5.63","Imai, Tatsuya",668904,837227,,"foul",,,,,8,,"R","R","R","HOU","MIN","S",,,1,1,2026,"-0.56","0.12",-0.04455411038702439,1.7931247652487454,,,,2,1,"Top",,,,,,,5.184819616254377,-125.50631310378769,-2.928815806734945,-6.910135908464546,24.846067484280525,-30.479574059574603,3.205085302,1.617519685,4,"64.7",-25,"85.5",2365,"5.7",824174,673237,572233,514888,670623,669384,694388,666211,701358,"54.78",,,,,,,,5,3,"Slider",0,2,2,0,2,0,2,0,"Standard","Standard",255,"0.002","-0.066","65.5","8.9",,,"0.066","88.0",-2,2,0.344,0.656,28,27,28,27,1,0,6,1,6,2,"2.93","0.56","0.56","28.3",28.05655687531023,-20.399874831133484,29.102932795260894,37.889311545891026,40.126883584810955
"FF","2026-07-01","94.9","-1.88","5.23","Imai, Tatsuya",668904,837227,,"called_strike",,,,,6,,"R","R","R","HOU","MIN","S",,,1,0,2026,"-1.15","0.64",0.729033715505857,2.517158014662453,,,,2,1,"Top",,,,,,,9.285218706716275,-137.8363477943507,-2.630224590349944,-16.766648661128098,31.668691942222775,-23.65386503509154,3.205085302,1.617519685,,,,"94",2022,"5.9",824174,673237,572233,514888,670623,669384,694388,666211,701358,"54.56",,,,,,,,5,2,"4-Seam Fastball",0,2,2,0,2,0,2,0,"Standard","Standard",240,"0.001","-0.052",,,,,"0.052",,-2,2,0.343,0.657,28,27,28,27,1,0,6,1,6,2,"1.91","1.15","1.15","21.9",,,,,
"FF","2026-07-01","94.7","-1.89","5.27","Imai, Tatsuya",668904,837227,,"ball",,,,,11,,"R","R","R","HOU","MIN","B",,,0,0,2026,"-0.95","0.95",-1.0952247818868726,3.8410416527142086,,,,2,1,"Top",,,,,,,4.178022945955744,-137.89616209849737,-0.06372992438406966,-13.0142090955038,32.13579712602479,-20.26220518074562,3.205085302,1.617519685,,,,"93.9",2027,"5.9",824174,673237,572233,514888,670623,669384,694388,666211,701358,"54.59",,,,,,,,5,1,"4-Seam Fastball",0,2,2,0,2,0,2,0,"Infield shade","Standard",240,"-0.001","0.038",,,,,"-0.038",,-2,2,0.344,0.656,28,27,28,27,1,0,6,1,6,2,"1.59","0.95","0.95","21.7",,,,,
"SL","2026-07-01","87.1","-1.84","5.45","Imai, Tatsuya",605137,837227,"home_run","hit_into_play",,,,,5,"Josh Bell homers (11) on a fly ball to center field. Trevor Larnach scores.","R","L","R","HOU","MIN","X",,"fly_ball",2,1,2026,"-0.84","0.35",-0.2371157093706845,2.4697822294137803,,663616,,2,1,"Top",136.84,15.83,,,,,5.512330661902394,-126.58119809105851,-1.4029731671766825,-10.256488187702429,29.99354068180127,-28.321198872902052,3.334973753,1.683070866,452,"112.6",26,"85.7",2274,"5.9",824174,673237,572233,514888,670623,669384,694388,666211,701358,"54.65",1,2,"2",1,0,3,6,4,4,"Slider",0,0,0,0,2,0,2,0,"Infield shade","Standard",263,"-0.171","1.596","77.9","7.7",,4,"-1.596","112.6",0,0,0.515,0.485,28,33,28,34,1,0,6,1,6,2,"2.7","0.84","-0.84","26.4",10.050499034256315,-0.8700633734496277,33.60578742250475,40.18351452243759,29.142883967383185
"FS","2026-07-01","85.9","-1.82","5.32","Imai, Tatsuya",605137,837227,,"ball",,,,,13,,"R","L","R","HOU","MIN","B",,,1,1,2026,"-1.25","0.08",-0.31485296128221485,1.276024151598683,,663616,,2,1,"Top",,,,,,,6.042646149889468,-124.99486711803988,-3.2077026847576757,-14.308749998707402,26.234067077174917,-30.872807188976925,3.334973753,1.683070866,,,,"85.3",1336,"6",824174,673237,572233,514888,670623,669384,694388,666211,701358,"54.51",,,,,,,,4,3,"Split-Finger",0,0,0,0,0,0,0,0,"Infield shade","Standard",259,"-0.003","0.035",,,,,"-0.035",,0,0,0.518,0.482,28,33,28,34,1,0,6,1,6,2,"3.02","1.25","-1.25","23.1",,,,,
"FS","2026-07-01","84.7","-1.9","5.33","Imai, Tatsuya",605137,837227,,"swinging_strike",,,,,7,,"R","L","R","HOU","MIN","S",,,1,0,2026,"-1.27","0.11",-0.40179382005242914,1.6330281760834642,,663616,,2,1,"Top",,,,,,,5.994886841847625,-123.13080350076942,-2.218534911736951,-14.170992279531415,26.040461990649852,-30.837827291475385,3.334973753,1.683070866,,,,"84",1206,"6",824174,673237,572233,514888,670623,669384,694388,666211,701358,"54.49",,,,,,,,4,2,"Split-Finger",0,0,0,0,0,0,0,0,"Infield shade","Standard",264,"0.003","-0.044","75.3","9.2","1.416527304",,"0.044",,0,0,0.515,0.485,28,33,28,34,1,0,6,1,6,2,"3.09","1.27","-1.27","23.4",20.692426311930447,-29.4380332315005,35.169020749592114,42.16423528190455,44.15035985512482
"SL","2026-07-01","86.5","-1.86","5.49","Imai, Tatsuya",605137,837227,,"ball",,,,,11,,"R","L","R","HOU","MIN","B",,,0,0,2026,"-0.23","-0.19",-0.9546319533706391,2.802902299536048,,663616,,2,1,"Top",,,,,,,2.5775120084220684,-125.91649715908692,0.3611171182582129,-3.018680350645557,25.929640414599106,-34.43655651007682,3.334973753,1.683070866,,,,"85.5",2149,"5.7",824174,673237,572233,514888,670623,669384,694388,666211,701358,"54.82",,,,,,,,4,1,"Slider",0,0,0,0,0,0,0,0,"Infield shade","Standard",255,"-0.001","0.025",,,,,"-0.025",,0,0,0.516,0.484,28,33,28,34,1,0,6,1,6,2,"3.23","0.23","-0.23","25.3",,,,,
"SL","2026-07-01","87.8","-1.83","5.43","Imai, Tatsuya",665019,837227,"strikeout","swinging_strike_blocked",,,,,13,"Kody Clemens strikes out swinging.","R","L","R","HOU","MIN","S",2,,3,2,2026,"-0.65","-0.4",-0.10968584475462251,0.13641236207066498,,663616,,1,1,"Top",,,,,,,5.420832590508958,-127.61985751889883,-5.497176042121893,-8.282940632858038,27.95778034342472,-35.50275493794743,3.211228675,1.620620079,,,,"86.8",2263,"5.9",824174,673237,572233,514888,670623,669384,694388,666211,701358,"54.65",,0,"0",1,0,0,,3,6,"Slider",0,0,0,0,0,0,0,0,"Infield shade","Standard",246,"0.038","-0.306","68.6","8.8","4.908219636",,"0.306",,0,0,0.478,0.522,28,30,28,30,1,0,6,1,6,2,"3.38","0.65","-0.65","25.0",25.121312534671006,-25.59089651504397,37.45725225923925,35.68250672427198,47.60064372522092
"SL","2026-07-01","86.1","-2.01","5.41","Imai, Tatsuya",665019,837227,,"foul",,,,,5,,"R","L","R","HOU","MIN","S",,,3,1,2026,"-0.11","-0.2",-0.27350013561354847,2.5738152519386897,,663616,,1,1,"Top",,,,,,,4.245347709556954,-125.31633955305787,0.12651572825051272,-2.0581534617130086,26.414716905950478,-34.488489452766025,3.211228675,1.620620079,117,"73",9,"85.2",2034,"5.8",824174,673237,572233,514888,670623,669384,694388,666211,701358,"54.7",,,,,,,,3,5,"Slider",0,0,0,0,0,0,0,0,"Infield shade","Standard",270,"0.005","-0.076","69.5","6.2",,,"0.076","88.0",0,0,0.473,0.527,28,30,28,30,1,0,6,1,6,2,"3.28","0.11","-0.11","23.8",-0.7973493222072114,25.2504544601371,28.295145808695366,38.842961720319536,19.578269917627427
"SL","2026-07-01","86.2","-1.82","5.43","Imai, Tatsuya",665019,837227,,"ball",,,,,12,,"R","L","R","HOU","MIN","B",,,2,1,2026,"-0.4","0.29",1.4026200108298523,3.2771547029114667,,663616,,1,1,"Top",,,,,,,8.302276058210746,-125.22968093675722,0.7177381768926293,-5.913111705142657,26.738584099299278,-29.48016611100786,3.211228675,1.620620079,,,,"85.3",2201,"5.9",824174,673237,572233,514888,670623,669384,694388,666211,701358,"54.58",,,,,,,,3,4,"Slider",0,0,0,0,0,0,0,0,"Infield shade","Standard",264,"-0.006","0.068",,,,,"-0.068",,0,0,0.479,0.521,28,30,28,30,1,0,6,1,6,2,"2.8","0.4","-0.4","24.1",,,,,
"SL","2026-07-01","86.4","-1.81","5.48","Imai, Tatsuya",665019,837227,,"swinging_strike",,,,,14,,"R","L","R","HOU","MIN","S",,,2,0,2026,"-0.38","-0.19",0.36634517431412206,1.439842156167606,,663616,,1,1,"Top",,,,,,,5.8379432546931875,-125.66417614625685,-2.7606417100362517,-5.205006614585321,25.843120468402347,-33.796647250491375,3.211228675,1.620620079,,,,"85.7",2080,"5.9",824174,673237,572233,514888,670623,669384,694388,666211,701358,"54.63",,,,,,,,3,3,"Slider",0,0,0,0,0,0,0,0,"Infield shade","Standard",258,"0.004","-0.036","74.9","8.6","4.380546204",,"0.036",,0,0,0.475,0.525,28,30,28,30,1,0,6,1,6,2,"3.25","0.38","-0.38","26.7",29.26524133394703,-39.9312876185315,28.804865008703274,31.897936223507628,53.43733389124038
"FF","2026-07-01","93.8","-1.98","5.21","Imai, Tatsuya",665019,837227,,"ball",,,,,12,,"R","L","R","HOU","MIN","B",,,1,0,2026,"-1.04","0.66",0.31561820193689427,3.6147790317171844,,663616,,1,1,"Top",,,,,,,8.161232667591818,-136.46529151136463,0.22822131759192654,-14.752253989410494,27.620825591724532,-24.101869907795574,3.211228675,1.620620079,,,,"93.7",1696,"6.1",824174,673237,572233,514888,670623,669384,694388,666211,701358,"54.42",,,,,,,,3,2,"4-Seam Fastball",0,0,0,0,0,0,0,0,"Standard","Standard",244,"-0.004","0.026",,,,,"-0.026",,0,0,0.479,0.521,28,30,28,30,1,0,6,1,6,2,"1.91","1.04","-1.04","21.5",,,,,
"FF","2026-07-01","93.5","-1.99","5.26","Imai, Tatsuya",665019,837227,,"ball",,,,,11,,"R","L","R","HOU","MIN","B",,,0,0,2026,"-1.03","0.85",-0.6413867385168707,4.14316556370092,,663616,,1,1,"Top",,,,,,,5.702406739997286,-136.18055539229846,1.051686119337317,-14.031324813608748,27.901471094227254,-21.989501005833027,3.211228675,1.620620079,,,,"93.4",1774,"6",824174,673237,572233,514888,670623,669384,694388,666211,701358,"54.5",,,,,,,,3,1,"4-Seam Fastball",0,0,0,0,0,0,0,0,"Standard","Standard",245,"-0.002","0.04",,,,,"-0.04",,0,0,0.481,0.519,28,30,28,30,1,0,6,1,6,2,"1.74","1.03","-1.03","19.9",,,,,
"SL","2026-07-01","85.5","-1.86","5.52","Imai, Tatsuya",686797,837227,"field_out","hit_into_play",,,,,1,"Brooks Lee flies out to left fielder Joey Loperfido.","R","L","R","HOU","MIN","X",7,"fly_ball",0,0,2026,"-0.33","0.46",-0.3456877877507565,2.760637371878537,,663616,,0,1,"Top",59.39,96.46,,,,,4.147641848251448,-124.33223989809866,-0.849150314965303,-4.370308897490432,29.335994887900174,-27.524833243431107,3.208595801,1.619291339,303,"87.9",33,"84",2268,"5.7",824174,673237,572233,514888,670623,669384,694388,666211,701358,"54.75",0.026,0.035,"0",1,0,0,3,2,1,"Slider",0,0,0,0,0,0,0,0,"Standard","Standard",251,"0.04","-0.288","78.6","6.6",,0.058,"0.288","88.0",0,0,0.441,0.5589999999999999,28,25,28,25,1,0,6,1,6,2,"2.71","0.33","-0.33","25.1",5.146733779057915,9.6411656679452,31.68951266983988,42.07000420029898,22.525299655913788
"FF","2026-07-01","94.1","-1.85","5.32","Imai, Tatsuya",663616,837227,"double","hit_into_play",,,,,2,"Trevor Larnach doubles (16) on a sharp fly ball to center fielder Taylor Trammell.","R","L","R","HOU","MIN","X",8,"fly_ball",0,1,2026,"-1.04","0.78",0.14458272693473706,3.0324943036231575,,,,0,1,"Top",154.83,32.59,,,,,7.384355764275552,-136.9674745490021,-1.8211296033417512,-14.723929549318477,29.624203830284742,-22.15525851115954,3.323564633,1.677312992,415,"104.9",23,"93.5",1819,"5.9",824174,673237,572233,514888,670623,669384,694388,666211,701358,"54.63",0.843,1.474,"1.25",1,1,1,6,1,2,"4-Seam Fastball",0,0,0,0,0,0,0,0,"Infield shade","Standard",245,"-0.062","0.758","70.7","6.2",,2.734,"-0.758","104.9",0,0,0.503,0.497,28,29,28,29,1,0,6,1,6,2,"1.79","1.04","-1.04","23.5",11.505457823750401,-2.6074106964385506,28.395210847129416,32.90906700900376,34.76065168305982
"FF","2026-07-01","94.7","-1.87","5.3","Imai, Tatsuya",663616,837227,,"called_strike",,,,,6,,"R","L","R","HOU","MIN","S",,,0,0,2026,"-1.15","0.77",0.5494895821351318,2.6039263159544976,,,,0,1,"Top",,,,,,,8.763107419139592,-137.69088308075067,-2.884467345701073,-16.55780002535624,30.672665387454863,-21.954929675156826,3.323564633,1.677312992,,,,"94",1844,"6",824174,673237,572233,514888,670623,669384,694388,666211,701358,"54.55",,,,,,,,1,1,"4-Seam Fastball",0,0,0,0,0,0,0,0,"Infield shade","Standard",242,"0.003","-0.042",,,,,"0.042",,0,0,0.5,0.5,28,29,28,29,1,0,6,1,6,2,"1.78","1.15","-1.15","22.0",,,,,
"SL","2026-06-25","88.2","-1.73","5.31","Imai, Tatsuya",693307,837227,"strikeout","swinging_strike_blocked",,,,,14,"Dillon Dingler strikes out swinging.","R","R","R","DET","HOU","S",2,,2,2,2026,"-0.49","0.05",0.7632679161970916,-0.004643687984561939,,,805808,2,6,"Bot",,,,,,,6.959298919225864,-128.29025622973782,-6.696051775432251,-6.689423076018853,23.33453120205776,-30.531904768480572,3.271784777,1.651181102,,,,"88.1",2247,"6",824258,543877,572233,514888,670623,665161,694388,666211,701358,"54.54",,0,"0",1,0,0,,41,5,"Slider",0,1,0,1,1,0,0,1,"Infield shade","Standard",267,"-0.035","-0.243","65.7","9.1","7.24130688",,"0.243",,-1,-1,0.343,0.343,28,27,28,28,3,2,6,1,6,1,"2.85","0.49","0.49","27.4",23.932399291812473,-25.033363753481424,46.17496451641969,43.8536064650464,44.08326805724306
"FF","2026-06-25","95.9","-1.78","4.84","Imai, Tatsuya",693307,837227,,"swinging_strike",,,,,12,,"R","R","R","DET","HOU","S",,,2,1,2026,"-0.84","0.93",1.1782051565080625,2.603518261328012,,,805808,2,6,"Bot",,,,,,,9.614318525967006,-139.42195041262315,-2.270207184169887,-13.141286630833553,30.61291467045196,-19.755830600351363,3.271784777,1.651181102,,,,"95.7",1986,"6.2",824258,543877,572233,514888,670623,665161,694388,666211,701358,"54.34",,,,,,,,41,4,"4-Seam Fastball",0,1,0,1,1,0,0,1,"Infield shade","Standard",242,"-0.01","-0.072","69.9","7.7","0.198052776",,"0.072",,-1,-1,0.353,0.353,28,27,28,28,3,2,6,1,6,1,"1.55","0.84","0.84","22.4",11.29860162045535,12.475306910990689,33.391853510197706,50.417370854257555,18.448181738054153
"SL","2026-06-25","86.4","-1.86","5.35","Imai, Tatsuya",693307,837227,,"ball",,,,,13,,"R","R","R","DET","HOU","B",,,1,1,2026,"-0.08","-0.04",-0.740147267319171,1.094421965519956,,,805808,2,6,"Bot",,,,,,,2.7806079725717257,-125.95887069051194,-3.6891598538914936,-1.320176816219629,21.062729036479485,-32.2129852589949,3.271784777,1.651181102,,,,"86.4",2238,"5.8",824258,543877,572233,514888,670623,665161,694388,666211,701358,"54.68",,,,,,,,41,3,"Slider",0,1,0,1,1,0,0,1,"Standard","Standard",279,"0.006","0.053",,,,,"-0.053",,-1,-1,0.347,0.347,28,27,28,28,3,2,6,1,6,1,"3.04","0.08","0.08","26.6",,,,,
"SL","2026-06-25","86.2","-1.8","5.33","Imai, Tatsuya",693307,837227,,"swinging_strike",,,,,5,,"R","R","R","DET","HOU","S",,,1,0,2026,"0.3","-0.23",0.21775346097505896,2.334767554463706,,,805808,2,6,"Bot",,,,,,,4.057435763764091,-125.33638257568619,-0.10066547728532749,2.2195218515401227,28.904582892766435,-34.83586324625043,3.271784777,1.651181102,,,,"84.8",2250,"5.8",824258,543877,572233,514888,670623,665161,694388,666211,701358,"54.73",,,,,,,,41,2,"Slider",0,1,0,1,1,0,0,1,"Infield shade","Standard",271,"-0.006","-0.05","74.6","8.4","1.434306432",,"0.05",,-1,-1,0.353,0.353,28,27,28,28,3,2,6,1,6,1,"3.34","-0.3","-0.3","27.3",25.909853989528,-31.74932986076292,33.80714286477996,38.09454882461292,49.133266912874504
"FF","2026-06-25","92.9","-1.93","4.92","Imai, Tatsuya",693307,837227,,"ball",,,,,11,,"R","R","R","DET","HOU","B",,,0,0,2026,"-1.02","0.51",-0.20499646195803467,3.8339009155348043,,,805808,2,6,"Bot",,,,,,,6.572676381229279,-135.23073014829313,1.9706057251497935,-13.922060134299867,28.98674739688257,-26.582918129976115,3.271784777,1.651181102,,,,"92.3",1711,"5.9",824258,543877,572233,514888,670623,665161,694388,666211,701358,"54.6",,,,,,,,41,1,"4-Seam Fastball",0,1,0,1,1,0,0,1,"Infield shade","Standard",249,"0.004","0.038",,,,,"-0.038",,-1,-1,0.349,0.349,28,27,28,28,3,2,6,1,6,1,"2.13","1.02","1.02","20.6",,,,,
"FF","2026-06-25","95.3","-1.95","4.84","Imai, Tatsuya",681481,837227,"field_out","hit_into_play",,,,,3,"Kerry Carpenter flies out to left fielder Joey Loperfido.","R","L","R","DET","HOU","X",7,"fly_ball",3,2,2026,"-0.84","0.79",0.2962564556435593,2.796527900253431,,,805808,1,6,"Bot",62.89,125.68,,,,,7.731219394253667,-138.68916901728835,-1.4505019286389405,-12.499455443421008,26.990381428957306,-21.732682096020394,3.234046916,1.632135827,242,"76",47,"95.6",1988,"6.2",824258,543877,572233,514888,670623,665161,694388,666211,701358,"54.31",0.103,0.101,"0",1,0,0,3,40,6,"4-Seam Fastball",0,1,0,1,1,0,0,1,"Infield shade","Standard",238,"-0.062","-0.312","73.9","6.3",,0.129,"0.312","88.0",-1,-1,0.411,0.411,28,28,28,29,3,2,6,1,6,1,"1.69","0.84","-0.84","23.0",0.7280569253645728,4.768202197432589,36.66624954247695,37.10421612516586,18.594154655025275
"SL","2026-06-25","86.2","-1.84","5.19","Imai, Tatsuya",681481,837227,,"foul",,,,,8,,"R","L","R","DET","HOU","S",,,3,1,2026,"-0.44","0.14",0.2065436003174494,1.997930470258694,,,805808,1,6,"Bot",,,,,,,5.643696142366632,-125.40273772744516,-1.4380850795598354,-5.7739030558978826,25.12763255160561,-30.620724699338336,3.234046916,1.632135827,190,"70.8",56,"85.5",2118,"5.8",824258,543877,572233,514888,670623,665161,694388,666211,701358,"54.69",,,,,,,,40,5,"Slider",0,1,0,1,1,0,0,1,"Infield shade","Standard",312,"-0.016","-0.094","74.1","7.0",,,"0.094","88.0",-1,-1,0.427,0.427,28,28,28,29,3,2,6,1,6,1,"2.93","0.44","-0.44","28.0",9.519027758638185,6.205034788210119,37.0431414320051,37.05103658016461,22.739966532744482
"FF","2026-06-25","92.7","-1.86","5.09","Imai, Tatsuya",681481,837227,,"called_strike",,,,,1,,"R","L","R","DET","HOU","S",,,3,0,2026,"-1.01","0.8",-0.6574205403456939,2.9540708399990283,,,805808,1,6,"Bot",,,,,,,5.231274401283718,-134.93855149837427,-1.3103875086986836,-13.480476249197308,28.002105883777926,-22.240476216645188,3.234046916,1.632135827,,,,"92.1",1918,"5.8",824258,543877,572233,514888,670623,665161,694388,666211,701358,"54.71",,,,,,,,40,4,"4-Seam Fastball",0,1,0,1,1,0,0,1,"Infield shade","Standard",242,"-0.013","-0.051",,,,,"0.051",,-1,-1,0.44,0.44,28,28,28,29,3,2,6,1,6,1,"1.84","1.01","-1.01","21.4",,,,,
"SL","2026-06-25","86.5","-1.98","5.17","Imai, Tatsuya",681481,837227,,"ball",,,,,11,,"R","L","R","DET","HOU","B",,,2,0,2026,"-0.32","0.14",-1.3810570490329452,4.161283293759048,,,805808,1,6,"Bot",,,,,,,2.0636223147988506,-125.93864494590905,3.6260422062207915,-3.862256143153246,26.039183874988332,-31.70435182003543,3.234046916,1.632135827,,,,"85.6",2200,"5.7",824258,543877,572233,514888,670623,665161,694388,666211,701358,"54.81",,,,,,,,40,3,"Slider",0,1,0,1,1,0,0,1,"Infield shade","Standard",233,"0.02","0.096",,,,,"-0.096",,-1,-1,0.42,0.42,28,28,28,29,3,2,6,1,6,1,"2.91","0.32","-0.32","26.7",,,,,
"FF","2026-06-25","94.9","-1.89","4.94","Imai, Tatsuya",681481,837227,,"ball",,,,,11,,"R","L","R","DET","HOU","B",,,1,0,2026,"-0.94","0.91",-2.148539099630679,3.2987779954018004,,,805808,1,6,"Bot",,,,,,,1.4515870570973726,-138.3155504566342,-0.6201599064520985,-12.391215720072626,27.72627637337912,-20.43630692495314,3.234046916,1.632135827,,,,"94.9",1877,"6",824258,543877,572233,514888,670623,665161,694388,666211,701358,"54.52",,,,,,,,40,2,"4-Seam Fastball",0,1,0,1,1,0,0,1,"Infield shade","Standard",248,"0.012","0.069",,,,,"-0.069",,-1,-1,0.408,0.408,28,28,28,29,3,2,6,1,6,1,"1.59","0.94","-0.94","24.4",,,,,
"SL","2026-06-25","87.1","-1.68","5.21","Imai, Tatsuya",681481,837227,,"blocked_ball",,,,,14,,"R","L","R","DET","HOU","B",,,0,0,2026,"0.1","-0.33",0.6517440578189391,0.2819799724143688,,,805808,1,6,"Bot",,,,,,,5.263807802200731,-126.7633834549566,-4.678842844901802,0.01281248885484016,26.154913387637407,-34.9888989487895,3.234046916,1.632135827,,,,"86.4",2238,"5.9",824258,543877,572233,514888,670623,665161,694388,666211,701358,"54.64",,,,,,,,40,1,"Slider",0,1,0,1,1,0,0,1,"Infield shade","Standard",261,"0.007","0.035",,,,,"-0.035",,-1,-1,0.401,0.401,28,28,28,29,3,2,6,1,6,1,"3.34","-0.1","0.1","27.1",,,,,
"FF","2026-06-25","96.4","-1.82","4.8","Imai, Tatsuya",805808,837227,"single","hit_into_play",,,,,8,"Kevin McGonigle singles on a ground ball to center fielder Taylor Trammell.","R","L","R","DET","HOU","X",8,"ground_ball",0,1,2026,"-0.89","0.84",-0.033101465198540625,1.677152286976549,,,,1,6,"Bot",129.34,102.02,,,,,6.742990241854947,-140.42983133564144,-4.563168056507649,-13.23992870017114,26.907766833351598,-20.2248710044878,3.085728346,1.557283465,153,"102.9",7,"97.1",2000,"6.3",824258,543877,572233,514888,670623,665161,694388,666211,701358,"54.21",0.637,0.591,"0.9",1,1,0,4,39,2,"4-Seam Fastball",0,1,0,1,1,0,0,1,"Infield shade","Standard",235,"0.049","0.454","75.3","6.9",,0.716,"-0.454","102.9",-1,-1,0.352,0.352,28,21,28,22,3,2,6,1,6,1,"1.58","0.89","-0.89","26.1",4.377441822201907,5.868986405404267,42.41266710346387,35.36366806542004,27.357565664809382
"FF","2026-06-25","96.1","-1.78","4.82","Imai, Tatsuya",805808,837227,,"called_strike",,,,,9,,"R","L","R","DET","HOU","S",,,0,0,2026,"-1.03","0.75",0.5637161215751767,1.5672538379347842,,,,1,6,"Bot",,,,,,,8.481200722810238,-139.76149849290516,-4.612095846651668,-15.217745230527665,26.323227361852286,-21.545741999214275,3.085728346,1.557283465,,,,"96.7",1967,"6.3",824258,543877,572233,514888,670623,665161,694388,666211,701358,"54.18",,,,,,,,39,1,"4-Seam Fastball",0,1,0,1,1,0,0,1,"Infield shade","Standard",231,"-0.004","-0.041",,,,,"0.041",,-1,-1,0.356,0.356,28,21,28,22,3,2,6,1,6,1,"1.69","1.03","-1.03","27.7",,,,,
"SL","2026-06-25","87.8","-1.68","5.24","Imai, Tatsuya",701678,837227,"strikeout","swinging_strike_blocked",,,,,14,"Hao-Yu Lee strikes out swinging.","R","R","R","DET","HOU","S",2,,1,2,2026,"-0.2","0.11",0.5384073040032993,0.6674070613857883,,,,0,6,"Bot",,,,,,,5.684571539690876,-127.88402455138382,-4.971354113331323,-3.281440336285659,23.410836204637874,-30.224686792368065,3.087483596,1.558169291,,,,"87.6",2350,"5.9",824258,543877,572233,514888,670623,665161,694388,666211,701358,"54.62",,0,"0",1,0,0,,38,4,"Slider",0,1,0,1,1,0,0,1,"Standard","Standard",270,"-0.028","-0.185","71.4","8.1","4.907264064",,"0.185",,-1,-1,0.384,0.384,28,23,28,23,2,1,6,1,6,2,"2.81","0.2","0.2","26.2",17.416785681720246,-19.844682519460466,34.26275183493646,40.735501974864945,40.43560977630678
"FF","2026-06-25","96.3","-1.66","4.85","Imai, Tatsuya",701678,837227,,"called_strike",,,,,8,,"R","R","R","DET","HOU","S",,,1,1,2026,"-0.95","0.7",0.17658741855346194,1.7329789260267812,,,,0,6,"Bot",,,,,,,7.0089532907006,-140.1914388245504,-4.199149098781748,-13.995826397696147,27.143465906506034,-22.170457408000427,3.087483596,1.558169291,,,,"96.9",1859,"6.3",824258,543877,572233,514888,670623,665161,694388,666211,701358,"54.21",,,,,,,,38,3,"4-Seam Fastball",0,1,0,1,1,0,0,1,"Standard","Standard",235,"-0.01","-0.062",,,,,"0.062",,-1,-1,0.394,0.394,28,23,28,23,2,1,6,1,6,2,"1.73","0.95","0.95","27.4",,,,,
"FF","2026-06-25","94.3","-1.65","5.02","Imai, Tatsuya",701678,837227,,"foul",,,,,1,,"R","R","R","DET","HOU","S",,,1,0,2026,"-1.01","0.73",-0.36561922444007733,2.918308372211374,,,,0,6,"Bot",,,,,,,5.55657874194031,-137.35443390126355,-1.2631730538862413,-13.998987385658104,29.763500396570564,-22.833113775453743,3.087483596,1.558169291,271,"83.6",38,"94",1929,"6",824258,543877,572233,514888,670623,665161,694388,666211,701358,"54.49",,,,,,,,38,2,"4-Seam Fastball",0,1,0,1,1,0,0,1,"Standard","Standard",232,"-0.008","-0.056","53.6","5.4",,,"0.056","88.0",-1,-1,0.402,0.402,28,23,28,23,2,1,6,1,6,2,"1.82","1.01","1.01","23.8",-3.1169723110103646,40.89186904686565,18.7379664581436,30.905360434116133,5.721805992960585
"FF","2026-06-25","94","-1.71","5.14","Imai, Tatsuya",701678,837227,,"ball",,,,,11,,"R","R","R","DET","HOU","B",,,0,0,2026,"-1.04","0.57",-0.9537342528812727,2.4443238337849187,,,,0,6,"Bot",,,,,,,4.228535946300909,-136.9434118369487,-2.4368616861954746,-13.981564615130118,26.85210324848562,-24.6431552085828,3.087483596,1.558169291,,,,"93.9",1917,"5.9",824258,543877,572233,514888,670623,665161,694388,666211,701358,"54.61",,,,,,,,38,1,"4-Seam Fastball",0,1,0,1,1,0,0,1,"Standard","Standard",237,"0.006","0.043",,,,,"-0.043",,-1,-1,0.396,0.396,28,23,28,23,2,1,6,1,6,2,"1.98","1.04","1.04","23.6",,,,,
"SL","2026-06-25","87.4","-1.64","5.25","Imai, Tatsuya",681546,837227,"strikeout","called_strike",,,,,5,"James Outman called out on strikes.","R","L","R","DET","HOU","S",2,,2,2,2026,"-0.25","0.25",-0.23141808222360383,2.5168708420691526,,,,2,5,"Bot",,,,,,,3.8364266523647714,-127.09648282075577,-0.6706056516132295,-3.5480744491476517,29.512120433494314,-29.62519184590421,3.292847769,1.661811024,,,,"86.2",2158,"5.9",824258,543877,572233,514888,670623,665161,694388,666211,701358,"54.65",,0,"0",1,0,0,,32,5,"Slider",0,0,0,0,0,0,0,0,"Infield shade","Standard",297,"-0.013","-0.219",,,,,"0.219",,0,0,0.513,0.513,28,29,28,29,2,1,6,3,6,1,"2.77","0.25","-0.25","25.8",,,,,
"SL","2026-06-25","86.5","-1.66","5.38","Imai, Tatsuya",681546,837227,,"ball",,,,,14,,"R","L","R","DET","HOU","B",,,1,2,2026,"-1.05","0.2",0.055325934824373535,0.18894975121157032,,,,2,5,"Bot",,,,,,,6.131096262637209,-125.67908318881486,-6.191749765376175,-12.431864878600848,26.719876926237877,-28.942306088841473,3.292847769,1.661811024,,,,"85.1",2251,"5.6",824258,543877,572233,514888,670623,665161,694388,666211,701358,"54.91",,,,,,,,32,4,"Slider",0,0,0,0,0,0,0,0,"Infield shade","Standard",284,"0.003","0.041",,,,,"-0.041",,0,0,0.51,0.51,28,29,28,29,2,1,6,3,6,1,"2.87","1.05","-1.05","24.4",,,,,
"SL","2026-06-25","85.5","-1.68","5.4","Imai, Tatsuya",681546,837227,,"swinging_strike",,,,,14,,"R","L","R","DET","HOU","S",,,1,1,2026,"0.01","-0.08",1.3617799407792512,2.0024234600830724,,,,2,5,"Bot",,,,,,,6.97788661687696,-124.44476598400078,-1.3942894444664995,-1.2058168782697543,23.324526763396797,-32.92322213066735,3.292847769,1.661811024,,,,"84.8",2269,"5.7",824258,543877,572233,514888,670623,665161,694388,666211,701358,"54.83",,,,,,,,32,3,"Slider",0,0,0,0,0,0,0,0,"Standard","Standard",331,"-0.004","-0.066","71.8","8.8","4.533187824",,"0.066",,0,0,0.514,0.514,28,29,28,29,2,1,6,3,6,1,"3.18","-0.01","0.01","26.6",30.101460770131645,-52.664592714295836,37.0695846918338,23.12873462040347,54.376153159209
"SL","2026-06-25","84.8","-1.73","5.43","Imai, Tatsuya",681546,837227,,"ball",,,,,14,,"R","L","R","DET","HOU","B",,,0,1,2026,"-0.27","0.03",1.7024558144028887,0.37171555753624697,,,,2,5,"Bot",,,,,,,8.348278550379227,-123.31926542732414,-5.2878730541319,-4.31586983852668,22.139216424491284,-31.074660703478553,3.292847769,1.661811024,,,,"84",2304,"5.6",824258,543877,572233,514888,670623,665161,694388,666211,701358,"54.95",,,,,,,,32,2,"Slider",0,0,0,0,0,0,0,0,"Strategic","Standard",275,"0.001","0.03",,,,,"-0.03",,0,0,0.513,0.513,28,29,28,29,2,1,6,3,6,1,"3.12","0.27","-0.27","27.9",,,,,
"FS","2026-06-25","83.5","-1.7","5.36","Imai, Tatsuya",681546,837227,,"called_strike",,,,,1,,"R","L","R","DET","HOU","S",,,0,0,2026,"-0.94","0.34",-0.7332235426744101,2.8605023519239183,,,,2,5,"Bot",,,,,,,4.033907651393569,-121.68538131892183,0.11207274950976398,-10.08796398206089,22.60407211107807,-29.004645669594083,3.292847769,1.661811024,,,,"82.9",1332,"5.7",824258,543877,572233,514888,670623,665161,694388,666211,701358,"54.83",,,,,,,,32,1,"Split-Finger",0,0,0,0,0,0,0,0,"Strategic","Standard",255,"-0.002","-0.043",,,,,"0.043",,0,0,0.515,0.515,28,29,28,29,2,1,6,3,6,1,"2.91","0.94","-0.94","28.1",,,,,
"SL","2026-06-25","86.2","-1.74","5.33","Imai, Tatsuya",656716,837227,"field_out","hit_into_play",,,,,7,"Zach McKinstry grounds out, first baseman Christian Walker to pitcher Tatsuya Imai.","R","L","R","DET","HOU","X",3,"ground_ball",2,2,2026,"-0.57","-0.15",-0.37049623369635143,1.686238727692245,,,,1,5,"Bot",164.7,162.21,,,,,4.334184771398126,-125.65416683337287,-1.975603684406876,-6.830248947435818,22.64956259457395,-33.61611610357657,3.169980315,1.59980315,9,"82.6",-11,"85.8",2208,"5.7",824258,543877,572233,514888,670623,665161,694388,666211,701358,"54.79",0.088,0.079,"0",1,0,0,2,31,5,"Slider",0,0,0,0,0,0,0,0,"Infield shade","Standard",298,"-0.019","-0.233","62.3","7.3",,0.095,"0.233","88.0",0,0,0.534,0.534,28,31,28,31,2,1,6,1,6,1,"3.18","0.57","-0.57","28.0",18.99331398177111,-1.5431010045727886,39.920408152098155,37.1450755407446,33.30233389229951
"FF","2026-06-25","93","-1.7","5.21","Imai, Tatsuya",656716,837227,,"ball",,,,,11,,"R","L","R","DET","HOU","B",,,1,2,2026,"-0.79","0.69",-1.026517177864525,3.7172812814440075,,,,1,5,"Bot",,,,,,,3.423274634806836,-135.49706891290884,0.44567130985837533,-10.495146640223696,25.869518090105405,-23.81638515242108,3.169980315,1.59980315,,,,"92.6",1827,"5.7",824258,543877,572233,514888,670623,665161,694388,666211,701358,"54.79",,,,,,,,31,4,"4-Seam Fastball",0,0,0,0,0,0,0,0,"Infield shade","Standard",239,"0.004","0.052",,,,,"-0.052",,0,0,0.53,0.53,28,31,28,31,2,1,6,1,6,1,"1.91","0.79","-0.79","23.6",,,,,
"FF","2026-06-25","93.8","-1.68","5.2","Imai, Tatsuya",656716,837227,,"foul",,,,,6,,"R","L","R","DET","HOU","S",,,1,1,2026,"-1.05","0.73",0.30706357142138185,2.216895257017557,,,,1,5,"Bot",,,,,,,7.361202384318177,-136.491151444994,-3.4200279847948165,-14.78343873909318,28.917640168918577,-22.494242227436096,3.169980315,1.59980315,150,"69.2",16,"93.2",1969,"5.8",824258,543877,572233,514888,670623,665161,694388,666211,701358,"54.67",,,,,,,,31,3,"4-Seam Fastball",0,0,0,0,0,0,0,0,"Strategic","Standard",236,"-0.006","-0.072","60.5","5.2",,,"0.072","88.0",0,0,0.536,0.536,28,31,28,31,2,1,6,1,6,1,"1.85","1.05","-1.05","23.4",-20.70414992454823,33.16275090233405,48.033795954922134,28.27614077514545,10.152090204846676
"FF","2026-06-25","92.2","-1.7","5.28","Imai, Tatsuya",656716,837227,,"ball",,,,,11,,"R","L","R","DET","HOU","B",,,0,1,2026,"-1.19","0.94",-1.2302848910349984,3.5149040271392247,,,,1,5,"Bot",,,,,,,3.748539471622476,-134.24626432733552,-0.5777836657154409,-15.181216359656819,29.395658468857466,-20.913510657645453,3.169980315,1.59980315,,,,"91.1",1865,"5.6",824258,543877,572233,514888,670623,665161,694388,666211,701358,"54.9",,,,,,,,31,2,"4-Seam Fastball",0,0,0,0,0,0,0,0,"Strategic","Standard",235,"0.002","0.032",,,,,"-0.032",,0,0,0.534,0.534,28,31,28,31,2,1,6,1,6,1,"1.74","1.19","-1.19","22.2",,,,,
"SL","2026-06-25","86.3","-1.76","5.34","Imai, Tatsuya",656716,837227,,"swinging_strike",,,,,14,,"R","L","R","DET","HOU","S",,,0,0,2026,"-0.48","-0.05",0.39106711663873694,1.1113713567683128,,,,1,5,"Bot",,,,,,,5.968660624044121,-125.43205393575855,-3.395698211720938,-6.340637440187227,27.84003861523701,-32.124604714342986,3.169980315,1.59980315,,,,"85.1",2219,"5.8",824258,543877,572233,514888,670623,665161,694388,666211,701358,"54.72",,,,,,,,31,1,"Slider",0,0,0,0,0,0,0,0,"Strategic","Standard",258,"-0.003","-0.041","64.0","7.9","0.56286114",,"0.041",,0,0,0.537,0.537,28,31,28,31,2,1,6,1,6,1,"3.14","0.48","-0.48","24.9",25.154597917344997,-26.8176471294954,39.590265978543094,28.88784915391135,44.18697823609371
"FF","2026-06-25","93.1","-1.53","5.14","Imai, Tatsuya",679529,837227,"field_out","hit_into_play",,,,,8,"Spencer Torkelson grounds out, shortstop Jeremy Peña to first baseman Christian Walker.","R","R","R","DET","HOU","X",6,"ground_ball",3,1,2026,"-1.19","0.75",0.18369700050550009,2.00645147844271,,,,0,5,"Bot",108.57,146.62,,,,,6.940330587852926,-135.4203926788874,-3.7307902022907067,-16.132997842035042,28.443197410054232,-22.367173073961183,3.232291667,1.63125,130,"93.9",8,"92.6",1834,"5.9",824258,543877,572233,514888,670623,665161,694388,666211,701358,"54.57",0.509,0.46,"0",1,0,0,4,30,5,"4-Seam Fastball",0,0,0,0,0,0,0,0,"Standard","Standard",240,"-0.048","-0.451","74.8","7.8",,0.56,"0.451","93.9",0,0,0.585,0.585,28,26,28,27,2,1,6,1,6,1,"1.88","1.19","1.19","22.2",19.2304233187382,5.55600561965394,36.47925257504046,38.86862754775353,29.810036437969284
"SL","2026-06-25","86.2","-1.65","5.31","Imai, Tatsuya",679529,837227,,"ball",,,,,14,,"R","R","R","DET","HOU","B",,,2,1,2026,"-0.57","-0.35",0.14977633854412342,0.07685855491306492,,,,0,5,"Bot",,,,,,,5.335000930351067,-125.44462760817687,-5.182883162905943,-7.038669638505358,24.589495986637715,-35.10057470805817,3.232291667,1.63125,,,,"85.5",2149,"5.7",824258,543877,572233,514888,670623,665161,694388,666211,701358,"54.76",,,,,,,,30,4,"Slider",0,0,0,0,0,0,0,0,"Standard","Standard",259,"0.013","0.141",,,,,"-0.141",,0,0,0.572,0.572,28,26,28,27,2,1,6,1,6,1,"3.41","0.57","0.57","26.0",,,,,
"SL","2026-06-25","85.1","-1.57","5.46","Imai, Tatsuya",679529,837227,,"ball",,,,,13,,"R","R","R","DET","HOU","B",,,1,1,2026,"-0.71","0.29",-1.11179566507064,2.296705160074682,,,,0,5,"Bot",,,,,,,2.4731955955604565,-124.00743744704386,-1.5627858549839886,-7.812643758705632,22.381404107548775,-29.107932385781577,3.232291667,1.63125,,,,"84.4",2189,"5.6",824258,543877,572233,514888,670623,665161,694388,666211,701358,"54.94",,,,,,,,30,3,"Slider",0,0,0,0,0,0,0,0,"Infield shade","Standard",249,"0.006","0.063",,,,,"-0.063",,0,0,0.566,0.566,28,26,28,27,2,1,6,1,6,1,"2.83","0.71","0.71","26.2",,,,,
"FF","2026-06-25","93.4","-1.68","5.25","Imai, Tatsuya",679529,837227,,"ball",,,,,14,,"R","R","R","DET","HOU","B",,,0,1,2026,"-1.13","0.78",1.2862681929666997,2.1983273516147745,,,,0,5,"Bot",,,,,,,9.975374493922477,-135.85654138830043,-3.7277055023967622,-15.962335687808105,24.2288945589666,-21.821481274406032,3.232291667,1.63125,,,,"93.4",1736,"5.9",824258,543877,572233,514888,670623,665161,694388,666211,701358,"54.6",,,,,,,,30,2,"4-Seam Fastball",0,0,0,0,0,0,0,0,"Standard","Standard",241,"0.004","0.029",,,,,"-0.029",,0,0,0.562,0.562,28,26,28,27,2,1,6,1,6,1,"1.79","1.13","1.13","25.1",,,,,
"FF","2026-06-25","91.8","-1.68","5.22","Imai, Tatsuya",679529,837227,,"called_strike",,,,,5,,"R","R","R","DET","HOU","S",,,0,0,2026,"-1.03","0.68",0.021547127061413596,2.214093142195883,,,,0,5,"Bot",,,,,,,6.446749341091542,-133.70217973961306,-3.1160068059212485,-13.731637098039899,25.278790953332702,-23.5293142065475,3.232291667,1.63125,,,,"91.4",1695,"5.7",824258,543877,572233,514888,670623,665161,694388,666211,701358,"54.8",,,,,,,,30,1,"4-Seam Fastball",0,0,0,0,0,0,0,0,"Standard","Standard",242,"-0.005","-0.042",,,,,"0.042",,0,0,0.567,0.567,28,26,28,27,2,1,6,1,6,1,"1.99","1.03","1.03","23.3",,,,,
"SL","2026-06-25","86.9","-1.73","5.23","Imai, Tatsuya",690993,837227,"field_out","hit_into_play",,,,,11,"Colt Keith lines out to center fielder Taylor Trammell.","R","L","R","DET","HOU","X",8,"line_drive",1,2,2026,"0.02","-0.4",-0.8753297594645811,2.794393902794572,,,682985,2,4,"Bot",102.23,70.18,,,,,1.9576226942296038,-126.55439302602754,1.3160192317445483,-0.12569520127035633,25.326712228853744,-36.98714864573792,3.27792815,1.654281496,325,"96.7",18,"86.2",2157,"5.8",824258,543877,572233,514888,670623,665161,694388,666211,701358,"54.73",0.431,0.477,"0",1,0,0,4,26,4,"Slider",0,0,0,0,0,0,0,0,"Infield shade","Standard",273,"-0.02","-0.195","71.6","6.6",,0.693,"0.195","96.7",0,0,0.52,0.52,28,24,28,25,2,1,6,1,6,1,"3.41","-0.02","0.02","26.9",8.153156586761435,8.608755505018095,26.718155468291126,44.7988971753054,25.713558621095082
"FF","2026-06-25","94.2","-1.82","4.89","Imai, Tatsuya",690993,837227,,"called_strike",,,,,6,,"R","L","R","DET","HOU","S",,,1,1,2026,"-1.01","0.57",0.6312075813076519,2.1682908549047415,,,682985,2,4,"Bot",,,,,,,8.521875059602971,-137.05198007605867,-2.5472231344841143,-14.47855939129307,24.733273827779826,-24.585751318680607,3.27792815,1.654281496,,,,"94.5",1856,"6.1",824258,543877,572233,514888,670623,665161,694388,666211,701358,"54.44",,,,,,,,26,3,"4-Seam Fastball",0,0,0,0,0,0,0,0,"Infield shade","Standard",242,"-0.007","-0.067",,,,,"0.067",,0,0,0.527,0.527,28,24,28,25,2,1,6,1,6,1,"1.96","1.01","-1.01","20.5",,,,,
"SL","2026-06-25","86.8","-1.69","5.28","Imai, Tatsuya",690993,837227,,"blocked_ball",,,,,14,,"R","L","R","DET","HOU","B",,,0,1,2026,"-0.48","0.22",0.7340282612456687,0.4681581717589349,,,682985,2,4,"Bot",,,,,,,6.6502188297664935,-126.15828464623603,-5.458616060158146,-6.51231442280157,25.798442141086763,-28.922206100361688,3.27792815,1.654281496,,,,"85.9",2237,"5.8",824258,543877,572233,514888,670623,665161,694388,666211,701358,"54.7",,,,,,,,26,2,"Slider",0,0,0,0,0,0,0,0,"Infield shade","Standard",283,"0.003","0.028",,,,,"-0.028",,0,0,0.524,0.524,28,24,28,25,2,1,6,1,6,1,"2.82","0.48","-0.48","27.7",,,,,
"FF","2026-06-25","94.5","-1.86","5.03","Imai, Tatsuya",690993,837227,,"called_strike",,,,,5,,"R","L","R","DET","HOU","S",,,0,0,2026,"-1.06","0.66",0.12738571095203688,2.3741730267763987,,,682985,2,4,"Bot",,,,,,,7.461806489826077,-137.60140975238176,-2.5793193197114315,-15.090311312039056,27.573059618951003,-23.414154362438033,3.27792815,1.654281496,,,,"94.2",1933,"5.9",824258,543877,572233,514888,670623,665161,694388,666211,701358,"54.62",,,,,,,,26,1,"4-Seam Fastball",0,0,0,0,0,0,0,0,"Infield shade","Standard",236,"-0.004","-0.041",,,,,"0.041",,0,0,0.528,0.528,28,24,28,25,2,1,6,1,6,1,"1.87","1.06","-1.06","24.3",,,,,
"FF","2026-06-25","94.7","-1.74","5.07","Imai, Tatsuya",682985,837227,"single","hit_into_play",,,,,6,"Riley Greene singles on a ground ball to right fielder Cam Smith.","R","L","R","DET","HOU","X",9,"ground_ball",1,1,2026,"-1.02","0.69",0.2929005399297435,2.499172443308285,,,,2,4,"Bot",180.02,119.76,,,,,7.503310094130452,-137.81925264092587,-2.445284932143534,-14.592997915983105,29.129631798190236,-22.996233501946524,3.303379265,1.667125984,54,"101.3",1,"94.4",1955,"6",824258,543877,572233,514888,670623,665161,694388,666211,701358,"54.48",0.483,0.453,"0.9",1,1,0,4,25,3,"4-Seam Fastball",0,0,0,0,0,0,0,0,"Infield shade","Standard",240,"0.016","0.345","83.9","6.7",,0.55,"-0.345","101.3",0,0,0.512,0.512,28,25,28,26,2,1,6,1,6,1,"1.84","1.02","-1.02","23.0",-2.8412902372546216,-8.140817076689876,51.354825078504085,28.087687375250976,30.34821374375414
"FS","2026-06-25","83","-1.68","5.32","Imai, Tatsuya",682985,837227,,"ball",,,,,13,,"R","L","R","DET","HOU","B",,,0,1,2026,"-0.92","0.26",-1.0624340446163374,0.8632899163726644,,,,2,4,"Bot",,,,,,,3.1775413484218493,-120.7958031288407,-3.9732823390497316,-9.614445274710809,22.952325572480504,-29.113389567241885,3.303379265,1.667125984,,,,"82.2",1158,"5.7",824258,543877,572233,514888,670623,665161,694388,666211,701358,"54.81",,,,,,,,25,2,"Split-Finger",0,0,0,0,0,0,0,0,"Infield shade","Standard",262,"0.001","0.03",,,,,"-0.03",,0,0,0.511,0.511,28,25,28,26,2,1,6,1,6,1,"3.05","0.92","-0.92","25.5",,,,,
"FF","2026-06-25","95.1","-1.77","5.09","Imai, Tatsuya",682985,837227,,"called_strike",,,,,1,,"R","L","R","DET","HOU","S",,,0,0,2026,"-0.92","0.62",-0.43197078922566,3.360718714557266,,,,2,4,"Bot",,,,,,,5.519593450848517,-138.3887525278219,-0.14088926575746974,-13.054460663020143,30.6364738619118,-24.404409187939383,3.303379265,1.667125984,,,,"94.5",1876,"5.9",824258,543877,572233,514888,670623,665161,694388,666211,701358,"54.58",,,,,,,,25,1,"4-Seam Fastball",0,0,0,0,0,0,0,0,"Infield shade","Standard",239,"-0.002","-0.043",,,,,"0.043",,0,0,0.513,0.513,28,25,28,26,2,1,6,1,6,1,"1.9","0.92","-0.92","23.7",,,,,
"SL","2026-06-25","86.2","-1.75","5.12","Imai, Tatsuya",693307,837227,"strikeout","swinging_strike",,,,,4,"Dillon Dingler strikes out swinging.","R","R","R","DET","HOU","S",2,,2,2,2026,"0.04","-0.1",-0.4095860543235875,2.2324505692498127,,,,1,4,"Bot",,,,,,,3.049055246448892,-125.54746804155894,-0.28795544901336256,-0.11923227983508451,23.63792454380631,-33.34219452583573,3.271784777,1.651181102,,,,"86.1",2226,"6",824258,543877,572233,514888,670623,665161,694388,666211,701358,"54.47",,0,"0",1,0,0,,24,10,"Slider",0,0,0,0,0,0,0,0,"Standard","Standard",318,"-0.017","-0.233","74.7","8.2","0.929286528",,"0.233",,0,0,0.53,0.53,28,27,28,28,2,1,6,1,6,1,"3.14","-0.04","-0.04","27.3",23.70905070165366,-32.16380836299803,40.34272231272088,31.7183966876014,44.29208748282791
"FF","2026-06-25","96","-1.6","4.83","Imai, Tatsuya",693307,837227,,"foul",,,,,2,,"R","R","R","DET","HOU","S",,,2,2,2026,"-0.78","0.73",0.23244459538376472,2.8061619344330637,,,,1,4,"Bot",,,,,,,6.608411600239527,-139.87433622076983,-1.3555227556462275,-11.68595828065275,28.001269888390087,-22.42522373893179,3.271784777,1.651181102,285,"91.1",33,"96.8",1815,"6.4",824258,543877,572233,514888,670623,665161,694388,666211,701358,"54.1",,,,,,,,24,9,"4-Seam Fastball",0,0,0,0,0,0,0,0,"Standard","Standard",230,"0","0","60.7","6.2",,,"0","91.1",0,0,0.53,0.53,28,27,28,28,2,1,6,1,6,1,"1.71","0.78","0.78","27.2",-4.164708543639399,15.262489940698952,38.23466564654268,40.0745233081478,19.088998264524072
"FF","2026-06-25","97.4","-1.65","4.9","Imai, Tatsuya",693307,837227,,"foul",,,,,3,,"R","R","R","DET","HOU","S",,,2,2,2026,"-0.89","0.82",0.3655322442684825,2.840041979471833,,,,1,4,"Bot",,,,,,,7.404694041847713,-141.73622224605853,-1.8110574980626537,-13.57211832163673,28.511761627385717,-20.884763030800666,3.271784777,1.651181102,253,"78.5",31,"98",1837,"6.3",824258,543877,572233,514888,670623,665161,694388,666211,701358,"54.17",,,,,,,,24,8,"4-Seam Fastball",0,0,0,0,0,0,0,0,"Standard","Standard",240,"0","0","64.8","6.5",,,"0","88.0",0,0,0.53,0.53,28,27,28,28,2,1,6,1,6,1,"1.56","0.89","0.89","29.0",-3.551202394050224,22.801150420170224,34.803702972484054,41.69453543855124,15.692838395521209
"SL","2026-06-25","86.2","-1.69","5.36","Imai, Tatsuya",693307,837227,,"foul",,,,,13,,"R","R","R","DET","HOU","S",,,2,2,2026,"-0.16","-0.07",-0.9554832696149053,1.9944573730908326,,,,1,4,"Bot",,,,,,,2.026383246409694,-125.5898904376742,-1.4170597196270336,-2.058643398025846,26.002620319859954,-32.850060282703836,3.271784777,1.651181102,5,"102.9",-22,"85.2",2389,"5.6",824258,543877,572233,514888,670623,665161,694388,666211,701358,"54.9",,,,,,,,24,7,"Slider",0,0,0,0,0,0,0,0,"Standard","Standard",271,"0","0","72.0","7.3",,,"0","102.9",0,0,0.53,0.53,28,27,28,28,2,1,6,1,6,1,"3.14","0.16","0.16","29.9",5.7707731525755666,-21.47976746283505,45.56877055883647,25.269537757731907,29.890890120344956
"FF","2026-06-25","93.5","-1.59","5.22","Imai, Tatsuya",693307,837227,,"ball",,,,,12,,"R","R","R","DET","HOU","B",,,1,2,2026,"-0.71","0.92",0.5611016069483279,3.914002734775364,,,,1,4,"Bot",,,,,,,7.039193858916283,-136.15245224024184,0.36681851448522607,-10.209791198193123,25.483347060278767,-20.867477277319434,3.271784777,1.651181102,,,,"93.8",1644,"6.1",824258,543877,572233,514888,670623,665161,694388,666211,701358,"54.39",,,,,,,,24,6,"4-Seam Fastball",0,0,0,0,0,0,0,0,"Infield shade","Standard",242,"0.003","0.052",,,,,"-0.052",,0,0,0.527,0.527,28,27,28,28,2,1,6,1,6,1,"1.65","0.71","0.71","27.0",,,,,
"FF","2026-06-25","94.9","-1.63","5.02","Imai, Tatsuya",693307,837227,,"foul",,,,,3,,"R","R","R","DET","HOU","S",,,1,2,2026,"-1.09","0.8",0.38496143858897724,3.048754958910118,,,,1,4,"Bot",,,,,,,7.645711232093659,-138.07191172546035,-1.1556628712434194,-15.616466608858873,30.189619750643097,-21.8216313175123,3.271784777,1.651181102,134,"65.6",62,"94.7",1818,"6.1",824258,543877,572233,514888,670623,665161,694388,666211,701358,"54.37",,,,,,,,24,5,"4-Seam Fastball",0,0,0,0,0,0,0,0,"Infield shade","Standard",242,"0","0","66.9","7.1",,,"0","88.0",0,0,0.527,0.527,28,27,28,28,2,1,6,1,6,1,"1.72","1.09","1.09","27.9",6.0282522319516225,12.179004452594034,34.5219277221697,40.853738116563875,22.866910338464244
"SL","2026-06-25","87.9","-1.52","5.3","Imai, Tatsuya",693307,837227,,"foul",,,,,14,,"R","R","R","DET","HOU","S",,,1,2,2026,"-0.58","0.51",0.5655396373822179,1.4632411191282215,,,,1,4,"Bot",,,,,,,6.161537322040538,-127.84510904780542,-4.0081393246609265,-7.616027402475673,26.299477424439992,-25.909208633369655,3.271784777,1.651181102,4,"90",-20,"87.3",2177,"5.9",824258,543877,572233,514888,670623,665161,694388,666211,701358,"54.59",,,,,,,,24,4,"Slider",0,0,0,0,0,0,0,0,"Standard","Standard",256,"0","0","69.0","8.1",,,"0","90.0",0,0,0.527,0.527,28,27,28,28,2,1,6,1,6,1,"2.44","0.58","0.58","28.3",15.92346075263754,-0.3487523965584671,42.691052190824436,43.17055428974794,32.820276399943296
"SL","2026-06-25","87","-1.58","5.31","Imai, Tatsuya",693307,837227,,"ball",,,,,14,,"R","R","R","DET","HOU","B",,,0,2,2026,"-0.26","-0.15",0.7829486122333019,0.44042913297961706,,,,1,4,"Bot",,,,,,,6.098264290264828,-126.5249390492297,-4.896570881202464,-4.055114331452796,26.658429365305373,-32.905343086822185,3.271784777,1.651181102,,,,"86.3",2185,"6",824258,543877,572233,514888,670623,665161,694388,666211,701358,"54.55",,,,,,,,24,3,"Slider",0,0,0,0,0,0,0,0,"Standard","Standard",272,"0.002","0.017",,,,,"-0.017",,0,0,0.525,0.525,28,27,28,28,2,1,6,1,6,1,"3.17","0.26","0.26","26.6",,,,,
"FF","2026-06-25","94.9","-1.59","5.13","Imai, Tatsuya",693307,837227,,"called_strike",,,,,14,,"R","R","R","DET","HOU","S",,,0,1,2026,"-1.07","0.69",0.8604304955620006,2.2280762066504334,,,,1,4,"Bot",,,,,,,8.712381497096704,-138.07531521228393,-3.3255868200018623,-15.617995185330004,28.40656346202046,-22.84147871225912,3.271784777,1.651181102,,,,"94.6",1881,"6",824258,543877,572233,514888,670623,665161,694388,666211,701358,"54.54",,,,,,,,24,2,"4-Seam Fastball",0,0,0,0,0,0,0,0,"Infield shade","Standard",242,"-0.005","-0.057",,,,,"0.057",,0,0,0.53,0.53,28,27,28,28,2,1,6,1,6,1,"1.83","1.07","1.07","23.3",,,,,
"SL","2026-06-25","85.4","-1.64","5.42","Imai, Tatsuya",693307,837227,,"called_strike",,,,,7,,"R","R","R","DET","HOU","S",,,0,0,2026,"-0.25","-0.3",-0.3916553905679697,1.7490098379100485,,,,1,4,"Bot",,,,,,,3.3629075057894,-124.3278788580603,-1.4840745291898325,-3.2716741438863295,26.179842244609198,-35.14985201919642,3.271784777,1.651181102,,,,"84.4",2199,"5.7",824258,543877,572233,514888,670623,665161,694388,666211,701358,"54.8",,,,,,,,24,1,"Slider",0,0,0,0,0,0,0,0,"Infield shade","Standard",275,"-0.003","-0.041",,,,,"0.041",,0,0,0.533,0.533,28,27,28,28,2,1,6,1,6,1,"3.43","0.25","0.25","26.8",,,,,
"SL","2026-06-25","85.7","-1.55","5.5","Imai, Tatsuya",681481,837227,"field_out","hit_into_play",,,,,2,"Kerry Carpenter pops out to third baseman Isaac Paredes.","R","L","R","DET","HOU","X",5,"popup",1,2,2026,"-0.67","0.54",0.04919918260964684,2.8249906011554633,,,,0,4,"Bot",101.4,172.18,,,,,5.045037493405358,-124.71627184771208,-0.9518555940422597,-8.030496894943782,25.690028853961618,-26.61295818362774,3.234046916,1.632135827,96,"84.3",76,"84.6",2112,"5.6",824258,543877,572233,514888,670623,665161,694388,666211,701358,"54.89",0.011,0.015,"0",1,0,0,3,23,5,"Slider",0,0,0,0,0,0,0,0,"Infield shade","Standard",287,"-0.019","-0.185","74.6","7.4",,0.019,"0.185","88.0",0,0,0.552,0.552,28,28,28,29,2,1,6,1,6,1,"2.57","0.67","-0.67","28.0",20.050091787707682,-5.154312516771975,34.01093769197566,39.325883948585414,32.26250380959439
"SL","2026-06-25","84.4","-1.49","5.49","Imai, Tatsuya",681481,837227,,"foul",,,,,8,,"R","L","R","DET","HOU","S",,,1,2,2026,"-0.19","0.26",-0.06001909206566697,1.675982939464257,,,,0,4,"Bot",,,,,,,3.637076412644974,-123.02404323850295,-2.836168001208839,-2.654638059415815,22.789565025061503,-29.231593273401234,3.234046916,1.632135827,214,"77.9",52,"83.6",2196,"5.5",824258,543877,572233,514888,670623,665161,694388,666211,701358,"54.99",,,,,,,,23,4,"Slider",0,0,0,0,0,0,0,0,"Infield shade","Standard",276,"0","0","76.0","7.3",,,"0","88.0",0,0,0.552,0.552,28,28,28,29,2,1,6,1,6,1,"2.92","0.19","-0.19","25.3",2.7318827489430935,4.148115696342308,46.994675265557525,38.828135725062666,21.50027275073017
"FF","2026-06-25","93.2","-1.69","5.26","Imai, Tatsuya",681481,837227,,"foul",,,,,2,,"R","L","R","DET","HOU","S",,,1,1,2026,"-1.08","0.74",-0.06762270122811143,2.9130298650656075,,,,0,4,"Bot",,,,,,,6.475427280642317,-135.66810631403118,-1.7464250341281806,-14.775370530480224,29.053714564425324,-22.882008662516608,3.234046916,1.632135827,209,"75.5",53,"92.6",1778,"5.9",824258,543877,572233,514888,670623,665161,694388,666211,701358,"54.65",,,,,,,,23,3,"4-Seam Fastball",0,0,0,0,0,0,0,0,"Infield shade","Standard",239,"-0.007","-0.062","72.3","6.7",,,"0.062","88.0",0,0,0.559,0.559,28,28,28,29,2,1,6,1,6,1,"1.88","1.08","-1.08","23.4",9.119998886970732,7.538685102481883,30.883524436986537,39.67016787430775,22.80513332675794
"FF","2026-06-25","92.8","-1.69","5.31","Imai, Tatsuya",681481,837227,,"ball",,,,,11,,"R","L","R","DET","HOU","B",,,0,1,2026,"-1.18","0.66",-1.7661527828515238,4.0475434084669955,,,,0,4,"Bot",,,,,,,2.3906340562518573,-135.18274849541234,1.1974325864494144,-14.944511779831684,29.753089128131535,-24.583168492898988,3.234046916,1.632135827,,,,"91.6",1804,"5.5",824258,543877,572233,514888,670623,665161,694388,666211,701358,"54.95",,,,,,,,23,2,"4-Seam Fastball",0,0,0,0,0,0,0,0,"Infield shade","Standard",238,"0.003","0.029",,,,,"-0.029",,0,0,0.556,0.556,28,28,28,29,2,1,6,1,6,1,"1.98","1.18","-1.18","22.0",,,,,
"SL","2026-06-25","83.9","-1.54","5.5","Imai, Tatsuya",681481,837227,,"called_strike",,,,,4,,"R","L","R","DET","HOU","S",,,0,0,2026,"-0.53","0.06",-0.7618837989949008,2.4880262026873683,,,,0,4,"Bot",,,,,,,2.7866491005118355,-122.17288185448652,-0.44752002594395945,-5.83442022643513,25.85161724278222,-31.710845924324882,3.234046916,1.632135827,,,,"82.4",2064,"5.4",824258,543877,572233,514888,670623,665161,694388,666211,701358,"55.07",,,,,,,,23,1,"Slider",0,0,0,0,0,0,0,0,"Infield shade","Standard",282,"-0.004","-0.042",,,,,"0.042",,0,0,0.56,0.56,28,28,28,29,2,1,6,1,6,1,"3.19","0.53","-0.53","26.0",,,,,
"SL","2026-06-25","88","-1.48","5.38","Imai, Tatsuya",805808,837227,"strikeout","swinging_strike",,,,,3,"Kevin McGonigle strikes out swinging.","R","L","R","DET","HOU","S",2,,2,2,2026,"-0.64","0.54",0.7992550064488216,2.8938276736010047,,,,2,3,"Bot",,,,,,,6.727669843607384,-127.99349650791449,-0.8896347747888477,-8.380766306425862,26.019391062675048,-26.21251280476433,3.085728346,1.557283465,,,,"87.2",2226,"5.8",824258,543877,572233,514888,670623,665161,694388,666211,701358,"54.7",,0,"0",1,0,0,,19,5,"Slider",0,0,0,0,0,0,0,0,"Infield shade","Standard",266,"-0.01","-0.219","41.3","4.7","0.175393728",,"0.219",,0,0,0.51,0.51,28,21,28,22,2,1,6,1,6,1,"2.4","0.64","-0.64","28.1",-18.594881014938803,30.29560025508263,39.25534862528938,25.80627121335999,13.89039011143041
"FF","2026-06-25","95.4","-1.73","5.12","Imai, Tatsuya",805808,837227,,"foul",,,,,5,,"R","L","R","DET","HOU","S",,,2,1,2026,"-0.98","1.01",-0.2691829700437429,2.0691156556654837,,,,2,3,"Bot",,,,,,,5.9756196092719005,-138.92111150161878,-4.527737229955671,-14.001655069005277,28.22929893481621,-18.27516290064482,3.085728346,1.557283465,236,"81.4",42,"95.1",2042,"5.9",824258,543877,572233,514888,670623,665161,694388,666211,701358,"54.62",,,,,,,,19,4,"4-Seam Fastball",0,0,0,0,0,0,0,0,"Infield shade","Standard",234,"-0.003","-0.079","80.0","6.3",,,"0.079","88.0",0,0,0.513,0.513,28,21,28,22,2,1,6,1,6,1,"1.47","0.98","-0.98","22.6",-4.54708891091854,16.768712691242104,38.44791133583543,39.07061489352313,23.180542248213857
"SL","2026-06-25","85.4","-1.7","5.38","Imai, Tatsuya",805808,837227,,"called_strike",,,,,7,,"R","L","R","DET","HOU","S",,,2,0,2026,"-0.13","-0.35",-0.45748384913772305,1.4668205910673797,,,,2,3,"Bot",,,,,,,3.1318303064117377,-124.43353509269393,-1.979486495512206,-2.0120328861945853,25.534595547427436,-35.61356782554533,3.085728346,1.557283465,,,,"84.5",2073,"5.7",824258,543877,572233,514888,670623,665161,694388,666211,701358,"54.79",,,,,,,,19,3,"Slider",0,0,0,0,0,0,0,0,"Infield shade","Standard",341,"-0.003","-0.061",,,,,"0.061",,0,0,0.516,0.516,28,21,28,22,2,1,6,1,6,1,"3.47","0.13","-0.13","27.3",,,,,
"FS","2026-06-25","83.8","-1.66","5.38","Imai, Tatsuya",805808,837227,,"ball",,,,,11,,"R","L","R","DET","HOU","B",,,1,0,2026,"-0.84","0.13",-1.0715430450023868,2.8363834966615316,,,,2,3,"Bot",,,,,,,2.9916323897536685,-122.1695870375739,0.33686853060966504,-8.960318560062337,20.728681377906167,-31.0986366993649,3.085728346,1.557283465,,,,"83.6",1124,"5.7",824258,543877,572233,514888,670623,665161,694388,666211,701358,"54.78",,,,,,,,19,2,"Split-Finger",0,0,0,0,0,0,0,0,"Infield shade","Standard",260,"0.003","0.064",,,,,"-0.064",,0,0,0.513,0.513,28,21,28,22,2,1,6,1,6,1,"3.07","0.84","-0.84","24.7",,,,,
"FS","2026-06-25","85.1","-1.59","5.27","Imai, Tatsuya",805808,837227,,"ball",,,,,14,,"R","L","R","DET","HOU","B",,,0,0,2026,"-0.97","0.69",0.04842824038945559,-0.35817197247570487,,,,2,3,"Bot",,,,,,,5.7055902129557925,-123.86224030355919,-8.102139324976353,-11.020466798030478,19.503452144772837,-23.769057964516435,3.085728346,1.557283465,,,,"85.1",1429,"5.8",824258,543877,572233,514888,670623,665161,694388,666211,701358,"54.71",,,,,,,,19,1,"Split-Finger",0,0,0,0,0,0,0,0,"Infield shade","Standard",255,"0.001","0.038",,,,,"-0.038",,0,0,0.512,0.512,28,21,28,22,2,1,6,1,6,1,"2.4","0.97","-0.97","26.0",,,,,
"SL","2026-06-25","86.1","-1.54","5.49","Imai, Tatsuya",701678,837227,"strikeout","swinging_strike",,,,,14,"Hao-Yu Lee strikes out swinging.","R","R","R","DET","HOU","S",2,,1,2,2026,"-0.29","0.03",1.1124485200608911,0.7653889126614324,,,,1,3,"Bot",,,,,,,6.734630815305205,-125.15693572127978,-4.692960520189788,-4.474006769405979,27.05788473540537,-31.05296432460569,3.087483596,1.558169291,,,,"84.9",2319,"5.7",824258,543877,572233,514888,670623,665161,694388,666211,701358,"54.8",,0,"0",1,0,0,,18,4,"Slider",0,0,0,0,0,0,0,0,"Standard","Standard",257,"-0.013","-0.181","68.0","8.2","6.831926196",,"0.181",,0,0,0.525,0.525,28,23,28,23,1,0,6,1,6,2,"3.07","0.29","0.29","26.8",22.147983201241686,-22.48985787683349,27.91811771543646,47.12034913953903,38.722175779362615
"SL","2026-06-25","86.2","-1.66","5.48","Imai, Tatsuya",701678,837227,,"swinging_strike",,,,,14,,"R","R","R","DET","HOU","S",,,1,1,2026,"0.07","-0.38",0.2567636526890358,1.1358824994861578,,,,1,3,"Bot",,,,,,,4.312732103445083,-125.6151527660131,-3.1937244358840537,0.01639869529988588,20.09718739320045,-35.90095970397506,3.087483596,1.558169291,,,,"85.9",2347,"5.5",824258,543877,572233,514888,670623,665161,694388,666211,701358,"54.98",,,,,,,,18,3,"Slider",0,0,0,0,0,0,0,0,"Standard","Standard",260,"-0.004","-0.072","67.6","8.1","1.537226844",,"0.072",,0,0,0.529,0.529,28,23,28,23,1,0,6,1,6,2,"3.39","-0.07","-0.07","30.1",21.67953666053768,-20.6592262146032,31.496154276255503,38.366312887763755,38.40580448694266
"FF","2026-06-25","94.4","-1.73","5.17","Imai, Tatsuya",701678,837227,,"called_strike",,,,,8,,"R","R","R","DET","HOU","S",,,1,0,2026,"-0.92","0.65",0.05070897693731857,1.5390097618859269,,,,1,3,"Bot",,,,,,,6.584133630838618,-137.31396497901605,-4.994698661037307,-13.061593925862047,28.623568189763628,-23.023586565565914,3.087483596,1.558169291,,,,"93.6",1850,"5.7",824258,543877,572233,514888,670623,665161,694388,666211,701358,"54.77",,,,,,,,18,2,"4-Seam Fastball",0,0,0,0,0,0,0,0,"Standard","Standard",240,"-0.004","-0.05",,,,,"0.05",,0,0,0.533,0.533,28,23,28,23,1,0,6,1,6,2,"1.9","0.92","0.92","21.0",,,,,
"SL","2026-06-25","85.9","-1.62","5.39","Imai, Tatsuya",701678,837227,,"ball",,,,,13,,"R","R","R","DET","HOU","B",,,0,0,2026,"-0.81","-0.11",-0.5972343205932097,1.021104449429132,,,,1,3,"Bot",,,,,,,4.003382591153298,-125.13488978594992,-3.6328437284191755,-9.276254036086948,24.122762444935834,-32.807358654665165,3.087483596,1.558169291,,,,"85.2",2241,"5.6",824258,543877,572233,514888,670623,665161,694388,666211,701358,"54.85",,,,,,,,18,1,"Slider",0,0,0,0,0,0,0,0,"Standard","Standard",261,"0.003","0.041",,,,,"-0.041",,0,0,0.53,0.53,28,23,28,23,1,0,6,1,6,2,"3.18","0.81","0.81","26.9",,,,,
"FF","2026-06-25","93.7","-1.6","5.26","Imai, Tatsuya",681546,837227,"field_out","hit_into_play",,,,,9,"James Outman lines out sharply to center fielder Taylor Trammell.","R","L","R","DET","HOU","X",8,"line_drive",1,1,2026,"-1.1","0.99",0.34854303132368414,1.7236453066570612,,,,0,3,"Bot",150.26,38.29,,,,,7.347068341391525,-136.3951235007349,-5.445153236528823,-15.243177327372983,25.931024661692177,-18.844869217976697,3.292847769,1.661811024,400,"102.9",22,"93.4",1934,"5.8",824258,543877,572233,514888,670623,665161,694388,666211,701358,"54.71",0.629,0.927,"0",1,0,0,6,17,3,"4-Seam Fastball",0,0,0,0,0,0,0,0,"Standard","Standard",240,"-0.024","-0.248","75.8","7.7",,1.595,"0.248","102.9",0,0,0.554,0.554,28,29,28,29,1,0,6,3,6,1,"1.58","1.1","-1.1","22.6",7.818046175932125,-3.1616192150256923,41.72911430214214,33.65113741280022,30.852788488267294
"SL","2026-06-25","84.5","-1.59","5.56","Imai, Tatsuya",681546,837227,,"ball",,,,,11,,"R","L","R","DET","HOU","B",,,0,1,2026,"-0.51","0.22",-1.3708499286900584,3.2284100235750093,,,,0,3,"Bot",,,,,,,1.499717158926953,-123.19198890679294,0.5358586190610233,-5.506117896729102,21.691806710047857,-30.204510321780663,3.292847769,1.661811024,,,,"83.7",2217,"5.4",824258,543877,572233,514888,670623,665161,694388,666211,701358,"55.11",,,,,,,,17,2,"Slider",0,0,0,0,0,0,0,0,"Standard","Standard",243,"0.003","0.029",,,,,"-0.029",,0,0,0.551,0.551,28,29,28,29,1,0,6,3,6,1,"2.93","0.51","-0.51","28.2",,,,,
"FF","2026-06-25","91.6","-1.7","5.34","Imai, Tatsuya",681546,837227,,"foul",,,,,5,,"R","L","R","DET","HOU","S",,,0,0,2026,"-1.08","0.73",-0.17536944666213383,2.595957678562705,,,,0,3,"Bot",,,,,,,6.073051441675635,-133.3838219233301,-2.506447681851876,-14.13003235176288,25.417030737070423,-23.131548095306382,3.292847769,1.661811024,162,"75.7",70,"90.8",1814,"5.5",824258,543877,572233,514888,670623,665161,694388,666211,701358,"54.99",,,,,,,,17,1,"4-Seam Fastball",0,0,0,0,0,0,0,0,"Strategic","Standard",239,"-0.004","-0.042","72.9","7.4",,,"0.042","88.0",0,0,0.555,0.555,28,29,28,29,1,0,6,3,6,1,"1.96","1.08","-1.08","23.9",10.745417280831386,7.087940003640939,32.47557809408443,38.950568918403945,29.295373453237097
"SL","2026-06-25","88","-1.56","5.36","Imai, Tatsuya",656716,837227,"strikeout","swinging_strike_blocked",,,,,14,"Zach McKinstry strikes out swinging.","R","L","R","DET","HOU","S",2,,1,2,2026,"-0.85","0.09",0.7717145546626732,0.503363358150533,,,,2,2,"Bot",,,,,,,7.275116725388347,-127.97575977702193,-5.635268858018752,-10.713630680253592,22.70795597860905,-30.372291225715387,3.169980315,1.59980315,,,,"87.6",2417,"5.7",824258,543877,572233,514888,670623,665161,694388,666211,701358,"54.77",,0,"0",1,0,0,,13,4,"Slider",0,0,0,0,0,0,0,0,"Infield shade","Standard",266,"-0.008","-0.179","61.9","7.4","2.664032016",,"0.179",,0,0,0.508,0.508,28,31,28,31,1,0,6,1,6,1,"2.83","0.85","-0.85","26.7",15.572260052935954,-6.947882929249664,52.686130561719196,23.50283260882658,31.884798395135192
"FF","2026-06-25","96.1","-1.67","5.19","Imai, Tatsuya",656716,837227,,"foul",,,,,1,,"R","L","R","DET","HOU","S",,,1,1,2026,"-0.98","0.77",-0.36068736196825846,2.768135405566965,,,,2,2,"Bot",,,,,,,5.623223643046947,-139.99140869577067,-2.5189717372831213,-14.083848038596651,25.192217634213286,-21.616293923907346,3.169980315,1.59980315,223,"74.4",27,"96.1",1931,"5.8",824258,543877,572233,514888,670623,665161,694388,666211,701358,"54.72",,,,,,,,13,3,"4-Seam Fastball",0,0,0,0,0,0,0,0,"Standard","Standard",231,"-0.002","-0.066","65.7","6.3",,,"0.066","88.0",0,0,0.51,0.51,28,31,28,31,1,0,6,1,6,1,"1.65","0.98","-0.98","24.9",-0.32726415162333927,14.084107682696322,35.9937456134475,37.17695432740779,18.53517850690421
"FF","2026-06-25","95.2","-1.62","5.29","Imai, Tatsuya",656716,837227,,"ball",,,,,1,,"R","L","R","DET","HOU","B",,,0,1,2026,"-0.9","0.76",-0.8089322110247188,2.8150111899661066,,,,2,2,"Bot",,,,,,,4.113250266278623,-138.72324180832695,-2.4922039939513017,-12.54781739216502,26.390569276836953,-21.925057302225763,3.169980315,1.59980315,,,,"94.8",1917,"5.7",824258,543877,572233,514888,670623,665161,694388,666211,701358,"54.83",,,,,,,,13,2,"4-Seam Fastball",0,0,0,0,0,0,0,0,"Standard","Standard",231,"0.001","0.03",,,,,"-0.03",,0,0,0.509,0.509,28,31,28,31,1,0,6,1,6,1,"1.72","0.9","-0.9","24.8",,,,,
"FF","2026-06-25","94.9","-1.72","5.32","Imai, Tatsuya",656716,837227,,"foul",,,,,9,,"R","L","R","DET","HOU","S",,,0,0,2026,"-0.9","0.9",0.6041870050407961,1.8898651317332615,,,,2,2,"Bot",,,,,,,7.954299437616216,-138.0219585298904,-5.138643206118658,-13.19191409595721,27.902191783840856,-19.73310916979583,3.169980315,1.59980315,188,"72.2",51,"94.2",1962,"5.7",824258,543877,572233,514888,670623,665161,694388,666211,701358,"54.78",,,,,,,,13,1,"4-Seam Fastball",0,0,0,0,0,0,0,0,"Standard","Standard",229,"-0.002","-0.043","66.9","6.4",,,"0.043","88.0",0,0,0.511,0.511,28,31,28,31,1,0,6,1,6,1,"1.62","0.9","-0.9","24.7",0.09647778241077437,-5.7218109833287265,47.47304888589183,25.681185470235636,26.590375294976344
"SL","2026-06-25","86.9","-1.68","5.42","Imai, Tatsuya",679529,837227,"strikeout","swinging_strike",,,,,13,"Spencer Torkelson strikes out swinging.","R","R","R","DET","HOU","S",2,,0,2,2026,"-0.64","0.26",-0.4275655825271344,1.4020269415547078,,,,1,2,"Bot",,,,,,,4.219322826307091,-126.53613491017937,-3.76205431598399,-7.6831830200725655,24.53345034540646,-28.81656480865724,3.232291667,1.63125,,,,"85.9",2301,"5.5",824258,543877,572233,514888,670623,665161,694388,666211,701358,"55",,0,"0",1,0,0,,12,4,"Slider",0,0,0,0,0,0,0,0,"Infield shade","Standard",257,"-0.01","-0.164","66.6","9.1","5.746032276",,"0.164",,0,0,0.521,0.521,28,26,28,27,1,0,6,1,6,1,"2.74","0.64","0.64","26.6",42.95255480699523,-41.67855337468633,49.48002058153805,31.00242623196488,52.62337820391581
"SL","2026-06-25","86.1","-1.6","5.47","Imai, Tatsuya",679529,837227,,"foul",,,,,5,,"R","R","R","DET","HOU","S",,,0,2,2026,"-0.31","0.07",0.14073152041162512,2.2120911500288094,,,,1,2,"Bot",,,,,,,4.641391132400056,-125.3103178725701,-1.3976996946394662,-4.2223103504568025,26.99652485542857,-31.334179578764058,3.232291667,1.63125,8,"41.9",-13,"84.8",2313,"5.6",824258,543877,572233,514888,670623,665161,694388,666211,701358,"54.92",,,,,,,,12,3,"Slider",0,0,0,0,0,0,0,0,"Infield shade","Standard",252,"0","0","67.3","9.0",,,"0","88.0",0,0,0.521,0.521,28,26,28,27,1,0,6,1,6,1,"3.02","0.31","0.31","27.2",30.939526002036935,-42.51959004378864,43.434268799674065,37.665794923784,45.478502778478784
"FF","2026-06-25","94.6","-1.57","5.16","Imai, Tatsuya",679529,837227,,"called_strike",,,,,6,,"R","R","R","DET","HOU","S",,,0,1,2026,"-1.04","0.85",0.6710716220843949,2.6059979932552735,,,,1,2,"Bot",,,,,,,8.040903589403888,-137.59523049099596,-2.75217440916337,-14.87853905920138,27.57912053902843,-20.976530563150096,3.232291667,1.63125,,,,"94.1",1833,"5.8",824258,543877,572233,514888,670623,665161,694388,666211,701358,"54.7",,,,,,,,12,2,"4-Seam Fastball",0,0,0,0,0,0,0,0,"Infield shade","Standard",240,"-0.004","-0.057",,,,,"0.057",,0,0,0.525,0.525,28,26,28,27,1,0,6,1,6,1,"1.68","1.04","1.04","22.9",,,,,
"SL","2026-06-25","85.3","-1.57","5.42","Imai, Tatsuya",679529,837227,,"called_strike",,,,,5,,"R","R","R","DET","HOU","S",,,0,0,2026,"-0.3","-0.23",0.09379338616956662,2.540378824666964,,,,1,2,"Bot",,,,,,,4.421189287940653,-124.15699282950212,0.20431708131203585,-4.048986920653371,26.023452079878783,-34.78632968288603,3.232291667,1.63125,,,,"84",2125,"5.5",824258,543877,572233,514888,670623,665161,694388,666211,701358,"55",,,,,,,,12,1,"Slider",0,0,0,0,0,0,0,0,"Infield shade","Standard",250,"-0.003","-0.041",,,,,"0.041",,0,0,0.528,0.528,28,26,28,27,1,0,6,1,6,1,"3.37","0.3","0.3","30.3",,,,,
"FF","2026-06-25","94.4","-1.75","5.17","Imai, Tatsuya",690993,837227,"field_out","hit_into_play",,,,,1,"Colt Keith grounds out, pitcher Tatsuya Imai to first baseman Christian Walker.","R","L","R","DET","HOU","X",1,"ground_ball",1,0,2026,"-1.22","0.88",-0.6281034551542195,3.1509397511923174,,,,0,2,"Bot",126.3,181.07,,,,,5.559419840380628,-137.46144587931408,-1.404831536172746,-16.671678313549073,29.20222706524039,-20.94626202644579,3.27792815,1.654281496,22,"99.4",-7,"93.5",1859,"5.7",824258,543877,572233,514888,670623,665161,694388,666211,701358,"54.85",0.264,0.238,"0",1,0,0,2,11,2,"4-Seam Fastball",0,0,0,0,0,0,0,0,"Infield shade","Standard",238,"-0.027","-0.304","68.6","6.0",,0.277,"0.304","99.4",0,0,0.555,0.555,28,24,28,25,1,0,6,1,6,1,"1.67","1.22","-1.22","23.4",2.926714502032739,16.034187217804682,25.240892314276508,43.45269726213069,18.065669202331584
"FF","2026-06-25","93.1","-1.73","5.34","Imai, Tatsuya",690993,837227,,"ball",,,,,11,,"R","L","R","DET","HOU","B",,,0,0,2026,"-1.14","0.89",-0.9690481274934075,2.672342986671791,,,,0,2,"Bot",,,,,,,4.387240500080707,-135.64772076897026,-2.88864755811284,-14.987943943767585,28.50753831487941,-20.726203339663105,3.27792815,1.654281496,,,,"92.1",1817,"5.5",824258,543877,572233,514888,670623,665161,694388,666211,701358,"54.96",,,,,,,,11,1,"4-Seam Fastball",0,0,0,0,0,0,0,0,"Infield shade","Standard",235,"0.004","0.043",,,,,"-0.043",,0,0,0.551,0.551,28,24,28,25,1,0,6,1,6,1,"1.72","1.14","-1.14","24.5",,,,,
"FF","2026-06-25","95.3","-1.93","4.8","Imai, Tatsuya",682985,837227,"strikeout","swinging_strike",,,,,11,"Riley Greene strikes out swinging.","R","L","R","DET","HOU","S",2,,2,2,2026,"-1.23","0.84",-0.08015684423423597,3.70477730825314,,,693307,2,1,"Bot",,,,,,,7.600245456947294,-138.74767372695578,0.8969057408241055,-17.477596746479943,27.384177559954203,-21.574004056241407,3.303379265,1.667125984,,,,"95.8",1874,"6.3",824258,543877,572233,514888,670623,665161,694388,666211,701358,"54.22",,0,"0",1,0,0,,7,7,"4-Seam Fastball",0,0,0,0,0,0,0,0,"Infield shade","Standard",239,"-0.019","-0.243","35.1","4.1","2.22013944",,"0.243",,0,0,0.519,0.519,28,25,28,26,1,0,6,1,6,1,"1.64","1.23","-1.23","25.3",-30.897271534624945,42.610956470807174,46.754485465662,32.89604542573908,1.4838419326964543
"FF","2026-06-25","96.3","-1.76","4.86","Imai, Tatsuya",682985,837227,,"foul",,,,,5,,"R","L","R","DET","HOU","S",,,2,2,2026,"-1.32","0.69",-0.12573038793275604,2.571460318926291,,,693307,2,1,"Bot",,,,,,,7.30714871271966,-140.18770081018235,-1.9873204293118523,-19.022928942492555,27.672328556035527,-22.76483528242711,3.303379265,1.667125984,194,"69.6",49,"96.7",1885,"6.2",824258,543877,572233,514888,670623,665161,694388,666211,701358,"54.32",,,,,,,,7,6,"4-Seam Fastball",0,0,0,0,0,0,0,0,"Infield shade","Standard",241,"0","0","72.3","6.6",,,"0","88.0",0,0,0.519,0.519,28,25,28,26,1,0,6,1,6,1,"1.74","1.32","-1.32","31.2",-0.6001174139276667,6.9242639737649405,44.65526068323864,34.524509234638955,26.29421495671549
"SL","2026-06-25","89","-1.55","5.18","Imai, Tatsuya",682985,837227,,"blocked_ball",,,,,14,,"R","L","R","DET","HOU","B",,,1,2,2026,"-0.87","0.25",0.3495693667794444,-0.20208287930856805,,,693307,2,1,"Bot",,,,,,,6.410257170470621,-129.31939923378482,-7.339046200627942,-11.140887915259189,27.812844098564906,-27.97465059015232,3.303379265,1.667125984,,,,"88.2",2236,"5.9",824258,543877,572233,514888,670623,665161,694388,666211,701358,"54.55",,,,,,,,7,5,"Slider",0,0,0,0,0,0,0,0,"Infield shade","Standard",258,"0.004","0.048",,,,,"-0.048",,0,0,0.515,0.515,28,25,28,26,1,0,6,1,6,1,"2.64","0.87","-0.87","29.4",,,,,
"FF","2026-06-25","96.9","-1.68","4.94","Imai, Tatsuya",682985,837227,,"ball",,,,,11,,"R","L","R","DET","HOU","B",,,0,2,2026,"-0.86","0.95",-0.33289263191433516,3.5643167250570142,,,693307,2,1,"Bot",,,,,,,5.5528008876999415,-141.1496557156921,-0.280879521386699,-12.704846053605355,28.080277091812935,-19.489100788253744,3.303379265,1.667125984,,,,"97.3",1996,"6.2",824258,543877,572233,514888,670623,665161,694388,666211,701358,"54.3",,,,,,,,7,4,"4-Seam Fastball",0,0,0,0,0,0,0,0,"Infield shade","Standard",232,"0.002","0.021",,,,,"-0.021",,0,0,0.513,0.513,28,25,28,26,1,0,6,1,6,1,"1.45","0.86","-0.86","25.1",,,,,
"FF","2026-06-25","95.7","-1.63","5.03","Imai, Tatsuya",682985,837227,,"foul",,,,,2,,"R","L","R","DET","HOU","S",,,0,2,2026,"-0.99","0.86",0.03711064486515381,3.1828467003946495,,,693307,2,1,"Bot",,,,,,,6.57870865738291,-139.3355484315989,-1.148755316789952,-14.294763787042408,27.831596073972438,-20.812683130999847,3.303379265,1.667125984,202,"67.6",30,"95.7",1975,"6",824258,543877,572233,514888,670623,665161,694388,666211,701358,"54.48",,,,,,,,7,3,"4-Seam Fastball",0,0,0,0,0,0,0,0,"Infield shade","Standard",238,"0","0","69.0","5.6",,,"0","88.0",0,0,0.513,0.513,28,25,28,26,1,0,6,1,6,1,"1.6","0.99","-0.99","26.6",-6.757785407205464,16.172447703122973,44.718080671811926,31.146116304675843,19.582653869650755
"FF","2026-06-25","95.3","-1.76","5.12","Imai, Tatsuya",682985,837227,,"foul",,,,,2,,"R","L","R","DET","HOU","S",,,0,1,2026,"-0.98","0.84",-0.007536328107936918,2.832656770230771,,,693307,2,1,"Bot",,,,,,,6.708917708931389,-138.82636952943128,-2.224621460102391,-14.009398982599247,24.15942269514752,-20.873135784259876,3.303379265,1.667125984,196,"73.2",30,"95.4",2025,"5.8",824258,543877,572233,514888,670623,665161,694388,666211,701358,"54.71",,,,,,,,7,2,"4-Seam Fastball",0,0,0,0,0,0,0,0,"Infield shade","Standard",236,"-0.006","-0.061","67.8","5.8",,,"0.061","88.0",0,0,0.519,0.519,28,25,28,26,1,0,6,1,6,1,"1.62","0.98","-0.98","25.1",-10.48606647411634,20.63597833211566,43.814648103665675,32.17892897729159,17.735114262574335
"FF","2026-06-25","94.4","-1.72","5.13","Imai, Tatsuya",682985,837227,,"foul",,,,,5,,"R","L","R","DET","HOU","S",,,0,0,2026,"-1.04","0.76",0.21360353290136436,2.376331208449918,,,693307,2,1,"Bot",,,,,,,7.261991936993846,-137.44253541778062,-3.033108311355063,-14.797131287686245,28.231705276809027,-22.05996080920517,3.303379265,1.667125984,7,"98.9",-20,"93.9",1985,"5.8",824258,543877,572233,514888,670623,665161,694388,666211,701358,"54.7",,,,,,,,7,1,"4-Seam Fastball",0,0,0,0,0,0,0,0,"Infield shade","Standard",236,"-0.003","-0.041","77.9","7.1",,,"0.041","98.9",0,0,0.522,0.522,28,25,28,26,1,0,6,1,6,1,"1.78","1.04","-1.04","23.9",13.60379564213155,-4.428199663893937,45.4773552045228,29.913703901462945,35.127645756321954
"SL","2026-06-25","85.2","-1.81","5.47","Imai, Tatsuya",693307,837227,"walk","ball",,,,,11,"Dillon Dingler walks.","R","R","R","DET","HOU","B",,,3,0,2026,"-0.13","-0.07",-0.9409705555844987,3.3696916957756913,,,,2,1,"Bot",,,,,,,2.2328961326779586,-123.96395240062121,1.6968288625966266,-1.7867298003671488,26.959842911637427,-33.453684172028524,3.271784777,1.651181102,,,,"83.8",2369,"5.6",824258,543877,572233,514888,670623,665161,694388,666211,701358,"54.93",,0.697886,"0.7",1,0,0,,6,4,"Slider",0,0,0,0,0,0,0,0,"Standard","Standard",296,"0.005","0.132",,,,,"-0.132",,0,0,0.517,0.517,28,27,28,28,1,0,6,1,6,1,"3.23","0.13","0.13","29.0",,,,,
"SL","2026-06-25","85.7","-1.6","5.47","Imai, Tatsuya",693307,837227,,"ball",,,,,11,,"R","R","R","DET","HOU","B",,,2,0,2026,"-0.34","-0.12",-1.3141544143742876,2.6943715563478063,,,,2,1,"Bot",,,,,,,1.3618656264844085,-124.97103381322968,0.028410649793787934,-3.85536981701313,21.599311950184617,-33.591582191108365,3.271784777,1.651181102,,,,"85.5",2501,"5.7",824258,543877,572233,514888,670623,665161,694388,666211,701358,"54.77",,,,,,,,6,3,"Slider",0,0,0,0,0,0,0,0,"Standard","Standard",276,"0.003","0.103",,,,,"-0.103",,0,0,0.514,0.514,28,27,28,28,1,0,6,1,6,1,"3.17","0.34","0.34","31.0",,,,,
"SL","2026-06-25","86.5","-1.68","5.37","Imai, Tatsuya",693307,837227,,"ball",,,,,11,,"R","R","R","DET","HOU","B",,,1,0,2026,"-0.54","0.23",-1.0734048462719472,2.4892366599696008,,,,2,1,"Bot",,,,,,,2.5139824399061403,-126.00729048832827,-0.945317301559531,-6.241129811224102,25.157926658196427,-29.78918227393602,3.271784777,1.651181102,,,,"85.9",2400,"5.8",824258,543877,572233,514888,670623,665161,694388,666211,701358,"54.72",,,,,,,,6,2,"Slider",0,0,0,0,0,0,0,0,"Infield shade","Standard",272,"0.003","0.064",,,,,"-0.064",,0,0,0.511,0.511,28,27,28,28,1,0,6,1,6,1,"2.81","0.54","0.54","27.1",,,,,
"SL","2026-06-25","87.2","-1.58","5.45","Imai, Tatsuya",693307,837227,,"ball",,,,,14,,"R","R","R","DET","HOU","B",,,0,0,2026,"-0.42","-0.04",1.6145407459401586,0.500322297213184,,,,2,1,"Bot",,,,,,,8.332382608050729,-126.65915131482377,-5.27176253215301,-6.299485905277255,27.953381306509357,-31.60028736465006,3.271784777,1.651181102,,,,"85.9",2342,"5.7",824258,543877,572233,514888,670623,665161,694388,666211,701358,"54.78",,,,,,,,6,1,"Slider",0,0,0,0,0,0,0,0,"Infield shade","Standard",274,"0.001","0.038",,,,,"-0.038",,0,0,0.51,0.51,28,27,28,28,1,0,6,1,6,1,"3.07","0.42","0.42","28.7",,,,,
"SL","2026-06-25","86.4","-1.52","5.45","Imai, Tatsuya",681481,837227,"field_out","hit_into_play",,,,,13,"Kerry Carpenter grounds out, third baseman Isaac Paredes to first baseman Christian Walker.","R","L","R","DET","HOU","X",5,"ground_ball",2,2,2026,"-0.41","-0.02",-0.6665001105346626,1.264480896624518,,,,1,1,"Bot",120.99,159.06,,,,,2.8241625007615294,-125.92040650477364,-3.484985274092195,-4.950027237922274,24.628266203941276,-31.87159695747111,3.234046916,1.632135827,3,"50.5",-24,"85.7",2164,"5.6",824258,543877,572233,514888,670623,665161,694388,666211,701358,"54.86",0.133,0.122,"0",1,0,0,1,5,5,"Slider",0,0,0,0,0,0,0,0,"Infield shade","Standard",305,"-0.014","-0.233","40.4","7.1",,0.137,"0.233","88.0",0,0,0.524,0.524,28,28,28,29,1,0,6,1,6,1,"3.05","0.41","-0.41","28.2",6.353674543793969,23.525168742796765,38.78266466381164,46.85841804884999,16.3158981517762
"SL","2026-06-25","86.3","-1.67","5.43","Imai, Tatsuya",681481,837227,,"swinging_strike",,,,,11,,"R","L","R","DET","HOU","S",,,2,1,2026,"-0.35","0.27",-0.618441671155951,3.4403923639095577,,,,1,1,"Bot",,,,,,,3.1613655053292256,-125.72744442640567,0.9988696794109063,-4.34041017966208,22.385361071360293,-29.680382736216426,3.234046916,1.632135827,,,,"85.8",2328,"5.6",824258,543877,572233,514888,670623,665161,694388,666211,701358,"54.85",,,,,,,,5,4,"Slider",0,0,0,0,0,0,0,0,"Infield shade","Standard",306,"-0.005","-0.077","74.1","6.4","3.972864756",,"0.077",,0,0,0.529,0.529,28,28,28,29,1,0,6,1,6,1,"2.76","0.35","-0.35","27.0",10.324921117759285,23.249247633446643,30.711274789749766,45.869809930791874,13.020984556626264
"FF","2026-06-25","95.1","-1.64","5.24","Imai, Tatsuya",681481,837227,,"ball",,,,,11,,"R","L","R","DET","HOU","B",,,1,1,2026,"-0.93","0.91",-0.8605282604105307,3.3130266632177214,,,,1,1,"Bot",,,,,,,4.076052698721978,-138.60462730213567,-1.3754264711539357,-12.847669024560412,28.29212962638327,-20.223943133571513,3.234046916,1.632135827,,,,"94.5",1814,"5.6",824258,543877,572233,514888,670623,665161,694388,666211,701358,"54.85",,,,,,,,5,3,"4-Seam Fastball",0,0,0,0,0,0,0,0,"Infield shade","Standard",232,"0.004","0.058",,,,,"-0.058",,0,0,0.525,0.525,28,28,28,29,1,0,6,1,6,1,"1.58","0.93","-0.93","26.7",,,,,
"FF","2026-06-25","94.9","-1.64","5.18","Imai, Tatsuya",681481,837227,,"foul",,,,,13,,"R","L","R","DET","HOU","S",,,1,0,2026,"-1.23","0.83",-0.07828923777303176,1.5048529612217785,,,,1,1,"Bot",,,,,,,6.775069112058268,-138.12637354669204,-5.630126290681575,-17.28060242422049,27.7461838516451,-20.488557628445058,3.234046916,1.632135827,242,"79.7",38,"94.5",2019,"5.8",824258,543877,572233,514888,670623,665161,694388,666211,701358,"54.69",,,,,,,,5,2,"4-Seam Fastball",0,0,0,0,0,0,0,0,"Infield shade","Standard",240,"-0.004","-0.05","70.5","6.9",,,"0.05","88.0",0,0,0.529,0.529,28,28,28,29,1,0,6,1,6,1,"1.68","1.23","-1.23","24.1",-3.8130763121455997,22.3786775656282,41.84992852691058,40.02104344758223,14.91383796586074
"FF","2026-06-25","95","-1.75","5.23","Imai, Tatsuya",681481,837227,,"ball",,,,,14,,"R","L","R","DET","HOU","B",,,0,0,2026,"-1.05","0.97",1.187218291342777,1.6301437762025643,,,,1,1,"Bot",,,,,,,9.8562589300909,-138.00202729903498,-5.754416295537847,-15.545100212613525,27.47659060026736,-18.610060897512245,3.234046916,1.632135827,,,,"94.2",1983,"5.7",824258,543877,572233,514888,670623,665161,694388,666211,701358,"54.79",,,,,,,,5,1,"4-Seam Fastball",0,0,0,0,0,0,0,0,"Infield shade","Standard",241,"0.003","0.041",,,,,"-0.041",,0,0,0.526,0.526,28,28,28,29,1,0,6,1,6,1,"1.54","1.05","-1.05","23.0",,,,,
"SL","2026-06-25","86.7","-1.62","5.46","Imai, Tatsuya",805808,837227,"strikeout","swinging_strike",,,,,13,"Kevin McGonigle strikes out swinging.","R","L","R","DET","HOU","S",2,,1,2,2026,"-0.94","0.25",-0.13110202640650293,0.92016047851771,,,,0,1,"Bot",,,,,,,5.38803704750937,-126.17485021611012,-4.939425347970035,-11.119500720551596,22.977365291127175,-28.725548630637608,3.085728346,1.557283465,,,,"86",2266,"5.6",824258,543877,572233,514888,670623,665161,694388,666211,701358,"54.89",,0,"0",1,0,0,,4,4,"Slider",0,0,0,0,0,0,0,0,"Infield shade","Standard",291,"-0.015","-0.185","76.7","8.0","0.676464828",,"0.185",,0,0,0.541,0.541,28,21,28,22,1,0,6,1,6,1,"2.75","0.94","-0.94","26.9",27.00290337680845,-17.922416776376192,42.467749782123285,38.38334681552466,50.86937147035717
"SL","2026-06-25","86","-1.53","5.55","Imai, Tatsuya",805808,837227,,"ball",,,,,14,,"R","L","R","DET","HOU","B",,,0,2,2026,"-0.7","0.14",1.2479585916901814,0.9138320605887253,,,,0,1,"Bot",,,,,,,7.811202729190641,-125.15123356242209,-4.810785207145504,-8.767265835910997,21.815712250549616,-29.991279114473002,3.085728346,1.557283465,,,,"85.3",2299,"5.6",824258,543877,572233,514888,670623,665161,694388,666211,701358,"54.94",,,,,,,,4,3,"Slider",0,0,0,0,0,0,0,0,"Infield shade","Standard",278,"0.002","0.021",,,,,"-0.021",,0,0,0.539,0.539,28,21,28,22,1,0,6,1,6,1,"2.91","0.7","-0.7","29.1",,,,,
"SL","2026-06-25","85","-1.46","5.6","Imai, Tatsuya",805808,837227,,"foul_tip",,,,,8,,"R","L","R","DET","HOU","S",,,0,1,2026,"-0.99","0.28",-0.09438466408208956,1.5449826482913367,,,,0,1,"Bot",,,,,,,5.0845841413732265,-123.7333517913239,-3.5399247725482383,-11.138169728149434,21.951842200396296,-28.859459584568008,3.085728346,1.557283465,,,,"84",2137,"5.4",824258,543877,572233,514888,670623,665161,694388,666211,701358,"55.12",,,,,,,,4,2,"Slider",0,0,0,0,0,0,0,0,"Infield shade","Standard",300,"-0.006","-0.054","69.0","8.7",,,"0.054",,0,0,0.545,0.545,28,21,28,22,1,0,6,1,6,1,"2.85","0.99","-0.99","28.3",36.81604181342193,-30.805948896817412,39.19983378744659,38.59733514618544,51.20910125848261
"SL","2026-06-25","83.9","-1.62","5.56","Imai, Tatsuya",805808,837227,,"called_strike",,,,,4,,"R","L","R","DET","HOU","S",,,0,0,2026,"-0.7","0.27",-0.5218478008326539,2.1036233990773496,,,,0,1,"Bot",,,,,,,3.850257592130269,-122.24438301252081,-2.0066098010618276,-7.748599632342629,20.59901055321732,-29.30797746538385,3.085728346,1.557283465,,,,"83.4",2124,"5.5",824258,543877,572233,514888,670623,665161,694388,666211,701358,"54.96",,,,,,,,4,1,"Slider",0,0,0,0,0,0,0,0,"Infield shade","Standard",261,"-0.003","-0.042",,,,,"0.042",,0,0,0.548,0.548,28,21,28,22,1,0,6,1,6,1,"2.92","0.7","-0.7","30.0",,,,,
"FF","2026-06-19","97.4","-2.02","5.1","Imai, Tatsuya",672356,837227,"strikeout","called_strike",,,,,5,"Gabriel Arias called out on strikes.","R","R","R","HOU","CLE","S",2,,1,2,2026,"-0.9","1.34",-0.24537175136612677,2.282261216415242,,,,2,6,"Top",,,,,,,6.822058737195716,-141.69400126369243,-4.984953876427125,-13.758008489097937,32.686819130845855,-13.175386235189416,3.241945538,1.636122047,,,,"97.3",2161,"6.3",824179,673237,572233,514888,670623,665161,694388,676694,701358,"54.22",,0,"0",1,0,0,,43,4,"4-Seam Fastball",2,3,3,2,3,2,3,2,"Infield shade","Standard",230,"0.008","-0.179",,,,,"0.179",,-1,1,0.388,0.612,28,26,28,26,3,2,7,1,6,2,"1.07","0.9","0.9","28.2",,,,,
"SL","2026-06-19","87.6","-2.13","5.37","Imai, Tatsuya",672356,837227,,"swinging_strike",,,,,14,,"R","R","R","HOU","CLE","S",,,1,1,2026,"-0.13","0.19",0.469790315088989,1.4724407526504124,,,,2,6,"Top",,,,,,,6.415128157216637,-127.2789790255066,-3.3541024443021312,-2.8396386633177393,29.226350298581927,-29.56831616184892,3.241945538,1.636122047,,,,"86.6",2341,"6",824179,673237,572233,514888,670623,665161,694388,676694,701358,"54.49",,,,,,,,43,3,"Slider",2,3,3,2,3,2,3,2,"Infield shade","Standard",275,"0.003","-0.066","76.0","8.5","13.416394764",,"0.066",,-1,1,0.385,0.615,28,26,28,26,3,2,7,1,6,2,"2.82","0.13","0.13","30.6",27.376607174685933,-32.095149652826414,32.04430237383475,45.956328802966084,54.43890053354558
"FF","2026-06-19","96.5","-2.14","5.08","Imai, Tatsuya",672356,837227,,"ball",,,,,12,,"R","R","R","HOU","CLE","B",,,0,1,2026,"-0.74","1.54",0.14613490652759475,4.065105425695723,,,,2,6,"Top",,,,,,,7.719923300072815,-140.33155573891955,-0.5325436054518541,-11.51037195021576,32.979265481226236,-12.023274264591773,3.241945538,1.636122047,,,,"96.4",2161,"6.4",824179,673237,572233,514888,670623,665161,694388,676694,701358,"54.14",,,,,,,,43,2,"4-Seam Fastball",2,3,3,2,3,2,3,2,"Infield shade","Standard",230,"-0.001","0.03",,,,,"-0.03",,-1,1,0.386,0.614,28,26,28,26,3,2,7,1,6,2,"0.92","0.74","0.74","29.8",,,,,
"SL","2026-06-19","89.1","-2.26","5.34","Imai, Tatsuya",672356,837227,,"called_strike",,,,,1,,"R","R","R","HOU","CLE","S",,,0,0,2026,"-0.2","0.15",-0.3141783032010435,2.8164377898005557,,,,2,6,"Top",,,,,,,5.1365451748771775,-129.61322612817764,-0.2461097811820716,-3.4522726047429817,29.86124647570209,-30.6967471818414,3.241945538,1.636122047,,,,"88.4",2358,"6.1",824179,673237,572233,514888,670623,665161,694388,676694,701358,"54.42",,,,,,,,43,1,"Slider",2,3,3,2,3,2,3,2,"Infield shade","Standard",253,"0.002","-0.043",,,,,"0.043",,-1,1,0.384,0.616,28,26,28,26,3,2,7,1,6,2,"2.75","0.2","0.2","28.7",,,,,
"SL","2026-06-19","87.6","-2.26","5.23","Imai, Tatsuya",682177,837227,"strikeout","swinging_strike",,,,,2,"Daniel Schneemann strikes out swinging.","R","L","R","HOU","CLE","S",2,,3,2,2026,"-0.09","0.28",-0.19319733990935745,3.0021065256400408,,,,1,6,"Top",,,,,,,5.093018248770788,-127.464435314899,0.39928190979180556,-2.1850837478973015,29.03572469213224,-29.47646538688277,3.19718668,1.613533465,,,,"86.8",2341,"6",824179,673237,572233,514888,670623,665161,694388,676694,701358,"54.48",,0,"0",1,0,0,,42,7,"Slider",2,3,3,2,3,2,3,2,"Infield shade","Standard",271,"0.023","-0.344","74.2","6.5","0.342819228",,"0.344",,-1,1,0.361,0.639,28,29,28,29,3,2,7,1,6,1,"2.72","0.09","-0.09","31.3",14.346114213738424,11.40976326625494,32.19846018470787,34.059176286196895,28.525997452407932
"FS","2026-06-19","85.4","-2.23","5.3","Imai, Tatsuya",682177,837227,,"ball",,,,,14,,"R","L","R","HOU","CLE","B",,,2,2,2026,"-1.26","0.19",0.1864118761757183,0.9544582918117697,,,,1,6,"Top",,,,,,,8.125273519828857,-124.11231444997144,-4.088243383837013,-14.59259180001075,23.37728457935046,-29.555254447644558,3.19718668,1.613533465,,,,"85.1",1287,"6",824179,673237,572233,514888,670623,665161,694388,676694,701358,"54.46",,,,,,,,42,6,"Split-Finger",2,3,3,2,3,2,3,2,"Infield shade","Standard",260,"-0.007","0.111",,,,,"-0.111",,-1,1,0.368,0.632,28,29,28,29,3,2,7,1,6,1,"2.92","1.26","-1.26","28.7",,,,,
"SL","2026-06-19","88.5","-2.21","5.27","Imai, Tatsuya",682177,837227,,"foul",,,,,8,,"R","L","R","HOU","CLE","S",,,2,2,2026,"-0.96","0.06",0.13612203170491988,1.8782197677621668,,,,1,6,"Top",,,,,,,7.652284626225948,-128.774969995357,-2.1641859411665707,-12.182863260407713,24.602289830060418,-31.255228293718265,3.19718668,1.613533465,6,"88.7",-18,"88.4",2287,"6.1",824179,673237,572233,514888,670623,665161,694388,676694,701358,"54.43",,,,,,,,42,5,"Slider",2,3,3,2,3,2,3,2,"Infield shade","Standard",238,"0","0","70.8","7.3",,,"0","88.7",-1,1,0.368,0.632,28,29,28,29,3,2,7,1,6,1,"2.83","0.96","-0.96","27.9",19.526062108634648,-5.498149716231237,39.92967193362901,29.17202326703682,37.51621921405645
"FS","2026-06-19","85.5","-2.01","5.35","Imai, Tatsuya",682177,837227,,"ball",,,,,14,,"R","L","R","HOU","CLE","B",,,1,2,2026,"-1.14","0.2",0.09726536475722569,-0.2315033152089998,,,,1,6,"Top",,,,,,,7.196594934706721,-124.29038661689383,-6.983723847735261,-13.216628145284094,24.20523714830129,-28.935667942105198,3.19718668,1.613533465,,,,"85.2",1301,"6.1",824179,673237,572233,514888,670623,665161,694388,676694,701358,"54.41",,,,,,,,42,4,"Split-Finger",2,3,3,2,3,2,3,2,"Infield shade","Standard",254,"-0.003","0.052",,,,,"-0.052",,-1,1,0.371,0.629,28,29,28,29,3,2,7,1,6,1,"2.92","1.14","-1.14","32.3",,,,,
"SL","2026-06-19","88.1","-2.26","5.28","Imai, Tatsuya",682177,837227,,"swinging_strike",,,,,14,,"R","L","R","HOU","CLE","S",,,1,1,2026,"-0.78","0.33",0.12280650024088724,0.9875951605568734,,,,1,6,"Top",,,,,,,7.313317436030933,-128.10788039395754,-4.781217864164848,-10.05181711339625,25.698971473993318,-27.720242029495296,3.19718668,1.613533465,,,,"87.8",2301,"6.1",824179,673237,572233,514888,670623,665161,694388,676694,701358,"54.44",,,,,,,,42,3,"Slider",2,3,3,2,3,2,3,2,"Standard","Standard",264,"0.005","-0.072","70.8","8.1","5.40051534",,"0.072",,-1,1,0.366,0.634,28,29,28,29,3,2,7,1,6,1,"2.6","0.78","-0.78","25.8",31.372213518009332,-29.712572529801175,38.14080919374238,30.40276080460123,54.269851925912896
"FS","2026-06-19","84","-2.11","5.4","Imai, Tatsuya",682177,837227,,"ball",,,,,11,,"R","L","R","HOU","CLE","B",,,0,1,2026,"-1.02","0.35",-1.391458722270809,2.7015136268625684,,,,1,6,"Top",,,,,,,3.674158378162698,-122.2907706860827,-0.35363766901442495,-10.968958391936056,24.33012293447156,-28.837039853109587,3.19718668,1.613533465,,,,"83.5",1168,"5.9",824179,673237,572233,514888,670623,665161,694388,676694,701358,"54.58",,,,,,,,42,2,"Split-Finger",2,3,3,2,3,2,3,2,"Standard","Standard",260,"-0.002","0.032",,,,,"-0.032",,-1,1,0.368,0.632,28,29,28,29,3,2,7,1,6,1,"2.88","1.02","-1.02","32.2",,,,,
"FF","2026-06-19","95.5","-2.23","5.13","Imai, Tatsuya",682177,837227,,"called_strike",,,,,1,,"R","L","R","HOU","CLE","S",,,0,0,2026,"-0.93","1.1",-0.698703793884791,3.2299373050709814,,,,1,6,"Top",,,,,,,6.103117143397173,-138.97653784538548,-1.7396975707060198,-13.340563495347565,30.004671024069324,-17.715853311993676,3.19718668,1.613533465,,,,"95.6",1924,"6.3",824179,673237,572233,514888,670623,665161,694388,676694,701358,"54.24",,,,,,,,42,1,"4-Seam Fastball",2,3,3,2,3,2,3,2,"Infield shade","Standard",234,"0.003","-0.041",,,,,"0.041",,-1,1,0.365,0.635,28,29,28,29,3,2,7,1,6,1,"1.39","0.93","-0.93","28.2",,,,,
"FF","2026-06-19","94.8","-2.12","5.17","Imai, Tatsuya",656555,837227,"field_out","hit_into_play",,,,,5,"Rhys Hoskins lines out to center fielder Jake Meyers.","R","R","R","HOU","CLE","X",8,"line_drive",0,0,2026,"-1.21","1.09",0.10668664461048794,2.5314015010462683,,,,0,6,"Top",102.07,53.73,,,,,8.478551948603306,-137.8181998440272,-3.5345480816206503,-17.24946401535425,29.454355401703296,-17.608823782620107,3.334096129,1.682627953,364,"97.3",24,"94.8",2086,"6.2",824179,673237,572233,514888,670623,665161,694388,676694,701358,"54.25",0.249,0.351,"0",1,0,0,5,41,1,"4-Seam Fastball",2,3,3,2,3,2,3,2,"Standard","Standard",237,"0.025","-0.261","64.8","8.2",,0.598,"0.261","97.3",-1,1,0.34,0.6599999999999999,28,33,28,33,3,2,7,1,6,1,"1.44","1.21","1.21","27.9",16.671424235342837,-6.282355867168356,29.859146535694517,36.370750039264124,26.97393848051211
"SL","2026-06-19","89","-2.17","5.19","Imai, Tatsuya",677587,837227,"field_out","hit_into_play",,,,,13,"Brayan Rocchio lines out to third baseman Isaac Paredes.","R","L","R","HOU","CLE","X",5,"line_drive",2,2,2026,"-0.27","-0.13",-0.8904097412432359,1.6458740470017736,,,,2,5,"Top",110.44,162.23,,,,,3.6433964886039356,-129.57631962253376,-2.168791076496415,-3.794579903360449,27.644381117536387,-33.35082204376393,3.068175853,1.548425197,164,"94.6",8,"88.5",2188,"6",824179,673237,572233,514888,670623,665161,694388,676694,701358,"54.48",0.617,0.576,"0",1,0,0,4,37,5,"Slider",2,3,3,2,3,2,3,2,"Infield shade","Standard",262,"0.009","-0.219","66.4","6.7",,0.695,"0.219","94.6",-1,1,0.406,0.594,28,25,28,25,3,2,7,1,6,1,"3.01","0.27","-0.27","27.7",-4.887506478080958,16.88821102914728,30.512602473111688,42.44635936238532,24.100942735158085
"SL","2026-06-19","88.8","-2.15","5.22","Imai, Tatsuya",677587,837227,,"called_strike",,,,,2,,"R","L","R","HOU","CLE","S",,,2,1,2026,"-0.41","0.4",-0.04754485553130805,3.0152441244924146,,,,2,5,"Top",,,,,,,5.9086469572579,-129.1733898237253,-0.0157683332709202,-5.815325750088857,27.47274291611513,-27.911038067249972,3.068175853,1.548425197,,,,"88.1",2335,"5.9",824179,673237,572233,514888,670623,665161,694388,676694,701358,"54.59",,,,,,,,37,4,"Slider",2,3,3,2,3,2,3,2,"Standard","Standard",262,"0.003","-0.079",,,,,"0.079",,-1,1,0.403,0.597,28,25,28,25,3,2,7,1,6,1,"2.5","0.41","-0.41","28.3",,,,,
"FF","2026-06-19","96.7","-2.19","5","Imai, Tatsuya",677587,837227,,"ball",,,,,11,,"R","L","R","HOU","CLE","B",,,1,1,2026,"-0.81","1.05",-0.9655181284429961,2.7225242587481064,,,,2,5,"Top",,,,,,,5.114383485791812,-140.7086707171933,-2.7692299087343875,-11.992879898745752,32.426119511219774,-17.765611342376285,3.068175853,1.548425197,,,,"96.9",2013,"6.4",824179,673237,572233,514888,670623,665161,694388,676694,701358,"54.08",,,,,,,,37,3,"4-Seam Fastball",2,3,3,2,3,2,3,2,"Standard","Standard",236,"-0.002","0.054",,,,,"-0.054",,-1,1,0.405,0.595,28,25,28,25,3,2,7,1,6,1,"1.39","0.81","-0.81","25.5",,,,,
"FF","2026-06-19","96","-2.31","4.98","Imai, Tatsuya",677587,837227,,"foul",,,,,5,,"R","L","R","HOU","CLE","S",,,1,0,2026,"-0.81","0.89",-0.24185451604142838,2.5580057577891946,,,,2,5,"Top",,,,,,,7.257301382206779,-139.5506543903607,-2.5971974300178067,-12.297978902540411,35.646717093908904,-20.255975132984172,3.068175853,1.548425197,224,"74.9",29,"95.4",1951,"6.3",824179,673237,572233,514888,670623,665161,694388,676694,701358,"54.19",,,,,,,,37,2,"4-Seam Fastball",2,3,3,2,3,2,3,2,"Standard","Standard",239,"0.002","-0.052","74.2","7.0",,,"0.052","88.0",-1,1,0.403,0.597,28,25,28,25,3,2,7,1,6,1,"1.62","0.81","-0.81","22.3",6.700588977594271,-3.1300707572057576,27.99225196741284,35.59522911831102,30.150414072507548
"FS","2026-06-19","87","-2.28","5.28","Imai, Tatsuya",677587,837227,,"ball",,,,,13,,"R","L","R","HOU","CLE","B",,,0,0,2026,"-1.03","0.16",-1.586144629158183,1.7296205727412355,,,,2,5,"Top",,,,,,,3.7629672464664994,-126.52633732057788,-2.3810851523679,-11.847329253364327,28.58331998096353,-30.119949804692332,3.068175853,1.548425197,,,,"86.1",1343,"6",824179,673237,572233,514888,670623,665161,694388,676694,701358,"54.49",,,,,,,,37,1,"Split-Finger",2,3,3,2,3,2,3,2,"Standard","Standard",262,"-0.001","0.038",,,,,"-0.038",,-1,1,0.404,0.596,28,25,28,25,3,2,7,1,6,1,"2.88","1.03","-1.03","26.8",,,,,
"SL","2026-06-19","87","-2.01","5.44","Imai, Tatsuya",700932,837227,"field_out","hit_into_play",,,,,6,"Kyle Manzardo pops out to third baseman Isaac Paredes.","R","L","R","HOU","CLE","X",5,"popup",1,2,2026,"-0.04","-0.13",0.29691601639801124,2.18026673474894,,,,1,5,"Top",115,187.57,,,,,5.502472608869931,-126.62271843898665,-1.1160754047173131,-1.6133616302234324,27.693969793070583,-33.562507090570264,3.187532808,1.608661417,47,"89",79,"86.1",2187,"5.8",824179,673237,572233,514888,670623,665161,694388,676694,701358,"54.66",0.014,0.018,"0",1,0,0,3,36,4,"Slider",2,3,3,2,3,2,3,2,"Infield shade","Standard",265,"0.013","-0.181","71.0","7.7",,0.023,"0.181","89.0",-1,1,0.391,0.609,28,25,28,26,3,2,7,1,6,1,"3.16","0.04","-0.04","29.8",24.731827667205817,-8.927917613148509,38.0279558141535,37.12573813113252,43.565669058058724
"FS","2026-06-19","84.9","-2.2","5.31","Imai, Tatsuya",700932,837227,,"foul",,,,,13,,"R","L","R","HOU","CLE","S",,,1,1,2026,"-1.19","0.49",-0.8104380897047567,1.3981513879929106,,,,1,5,"Top",,,,,,,5.602693436202462,-123.48060869716917,-3.5381344350634967,-13.354157501876351,26.03414207569195,-26.668178550503345,3.187532808,1.608661417,,,,"84.2",1315,"6",824179,673237,572233,514888,670623,665161,694388,676694,701358,"54.5",,,,,,,,36,3,"Split-Finger",2,3,3,2,3,2,3,2,"Standard","Standard",260,"0.004","-0.072","41.7","6.9",,,"0.072",,-1,1,0.387,0.613,28,25,28,26,3,2,7,1,6,1,"2.69","1.19","-1.19","27.5",10.440735926377071,29.623633572206842,37.71162655042791,51.17633886788845,27.858501654553763
"SL","2026-06-19","88","-2.18","5.38","Imai, Tatsuya",700932,837227,,"called_strike",,,,,7,,"R","L","R","HOU","CLE","S",,,1,0,2026,"-0.83","0.04",-0.7094225285663619,2.016070772335147,,,,1,5,"Top",,,,,,,5.219407999653961,-127.98512581715732,-1.8969241862078752,-10.176477437564815,27.585723073323464,-31.503006276507772,3.187532808,1.608661417,,,,"87.1",2342,"5.8",824179,673237,572233,514888,670623,665161,694388,676694,701358,"54.68",,,,,,,,36,2,"Slider",2,3,3,2,3,2,3,2,"Standard","Standard",261,"0.004","-0.05",,,,,"0.05",,-1,1,0.383,0.617,28,25,28,26,3,2,7,1,6,1,"2.91","0.83","-0.83","24.2",,,,,
"SL","2026-06-19","88","-2.22","5.42","Imai, Tatsuya",700932,837227,,"ball",,,,,11,,"R","L","R","HOU","CLE","B",,,0,0,2026,"-1.16","0.32",-1.5765541053868717,2.8681101131737723,,,,1,5,"Top",,,,,,,3.9614465872777305,-128.07528666026673,-0.5410919021111502,-13.58454749240177,28.33178435908519,-28.726553831086783,3.187532808,1.608661417,,,,"87.2",2253,"5.9",824179,673237,572233,514888,670623,665161,694388,676694,701358,"54.6",,,,,,,,36,1,"Slider",2,3,3,2,3,2,3,2,"Standard","Standard",253,"-0.003","0.041",,,,,"-0.041",,-1,1,0.386,0.614,28,25,28,26,3,2,7,1,6,1,"2.63","1.16","-1.16","27.8",,,,,
"FF","2026-06-19","94.8","-2.17","5.02","Imai, Tatsuya",683953,837227,"field_out","hit_into_play",,,,,9,"Travis Bazzana lines out to right fielder Cam Smith.","R","L","R","HOU","CLE","X",9,"line_drive",2,0,2026,"-1.19","1.07",0.45228936387187724,1.6571219384255431,,,,0,5,"Top",199.99,85.96,,,,,9.445705861896343,-137.6106605050482,-5.31617535916796,-17.17882718420962,31.19418421210947,-17.49756076830968,3.178756562,1.604232283,333,"93.2",22,"94.5",2154,"6.3",824179,673237,572233,514888,670623,665161,694388,676694,701358,"54.2",0.171,0.205,"0",1,0,0,3,35,3,"4-Seam Fastball",2,3,3,2,3,2,3,2,"Standard","Standard",237,"0.035","-0.387",,,,0.315,"0.387","93.2",-1,1,0.351,0.649,28,23,28,24,3,2,7,1,6,1,"1.48","1.19","-1.19","22.1",,,,,
"FS","2026-06-19","84.4","-2.08","5.44","Imai, Tatsuya",683953,837227,,"ball",,,,,14,,"R","L","R","HOU","CLE","B",,,1,0,2026,"-1.12","0.36",0.38320488351605353,0.6751068052250826,,,,0,5,"Top",,,,,,,7.842452797219677,-122.56708548893971,-5.107193159346387,-12.87818102849169,24.532520874075267,-27.740101703032185,3.178756562,1.604232283,,,,"83.5",1473,"5.8",824179,673237,572233,514888,670623,665161,694388,676694,701358,"54.66",,,,,,,,35,2,"Split-Finger",2,3,3,2,3,2,3,2,"Standard","Standard",248,"-0.007","0.083",,,,,"-0.083",,-1,1,0.358,0.642,28,23,28,24,3,2,7,1,6,1,"2.86","1.12","-1.12","29.4",,,,,
"FS","2026-06-19","83.3","-2.09","5.51","Imai, Tatsuya",683953,837227,,"ball",,,,,11,,"R","L","R","HOU","CLE","B",,,0,0,2026,"-1.01","0.19",-1.6195133518172042,3.11753491018961,,,,0,5,"Top",,,,,,,3.057574759321541,-121.33198241042604,0.7372242254599222,-10.589384782265988,24.13557215579331,-30.662828152632525,3.178756562,1.604232283,,,,"82.6",1282,"5.8",824179,673237,572233,514888,670623,665161,694388,676694,701358,"54.69",,,,,,,,35,1,"Split-Finger",2,3,3,2,3,2,3,2,"Standard","Standard",258,"-0.004","0.043",,,,,"-0.043",,-1,1,0.362,0.638,28,23,28,24,3,2,7,1,6,1,"3.09","1.01","-1.01","30.0",,,,,
"FF","2026-06-19","95.1","-2.35","4.94","Imai, Tatsuya",680757,837227,"field_out","hit_into_play",,,,,6,"Steven Kwan lines out to right fielder Cam Smith.","R","L","R","HOU","CLE","X",9,"line_drive",2,0,2026,"-0.96","0.97",0.3006293208371916,2.1430906836739148,,,,2,4,"Top",182.65,72.15,,,,,9.021465048141932,-138.22300847857167,-3.6975938061158513,-14.28084186323672,30.703843453264867,-19.084145030667884,3.02253937,1.525393701,343,"96.7",21,"94.9",1869,"6.2",824179,673237,572233,514888,670623,665161,694388,676694,701358,"54.29",0.243,0.303,"0",1,0,0,4,30,3,"4-Seam Fastball",2,3,3,2,3,2,3,2,"Standard","Standard",244,"0.015","-0.36","68.2","6.4",,0.482,"0.36","96.7",-1,1,0.413,0.587,28,28,28,29,2,1,7,1,6,1,"1.55","0.96","-0.96","22.1",4.279886639954949,-7.974582350626136,38.08246811488872,28.27752260274824,31.673600759910265
"FS","2026-06-19","85.4","-2.24","5.31","Imai, Tatsuya",680757,837227,,"ball",,,,,11,,"R","L","R","HOU","CLE","B",,,1,0,2026,"-1.09","-0.01",-0.9857995873415135,3.123387148352844,,,,2,4,"Top",,,,,,,5.0987366759303985,-124.23249766770293,1.3619004973272386,-12.272370942936043,26.320738191151744,-32.82556253630579,3.02253937,1.525393701,,,,"84.6",1161,"5.9",824179,673237,572233,514888,670623,665161,694388,676694,701358,"54.61",,,,,,,,30,2,"Split-Finger",2,3,3,2,3,2,3,2,"Standard","Standard",264,"-0.003","0.064",,,,,"-0.064",,-1,1,0.416,0.5840000000000001,28,28,28,29,2,1,7,1,6,1,"3.15","1.09","-1.09","27.2",,,,,
"FF","2026-06-19","95.7","-2.33","5.12","Imai, Tatsuya",680757,837227,,"ball",,,,,11,,"R","L","R","HOU","CLE","B",,,0,0,2026,"-0.94","0.92",-1.1421668820915574,2.606527521728263,,,,2,4,"Top",,,,,,,5.250239651614563,-139.29491773928362,-2.939347262844272,-13.482264889229366,31.338348249368202,-19.744143962046763,3.02253937,1.525393701,,,,"95.3",1966,"6.1",824179,673237,572233,514888,670623,665161,694388,676694,701358,"54.43",,,,,,,,30,1,"4-Seam Fastball",2,3,3,2,3,2,3,2,"Standard","Standard",238,"-0.001","0.038",,,,,"-0.038",,-1,1,0.417,0.583,28,28,28,29,2,1,7,1,6,1,"1.57","0.94","-0.94","24.4",,,,,
"SL","2026-06-19","88.4","-2.13","5.34","Imai, Tatsuya",672275,837227,"strikeout","swinging_strike_blocked",,,,,14,"Patrick Bailey strikes out swinging.","R","L","R","HOU","CLE","S",2,,2,2,2026,"-0.59","-0.26",0.5649091291877647,0.6330677139940475,,,,1,4,"Top",,,,,,,7.6682358300464335,-128.55903882828432,-4.53931995641383,-8.120765646656476,27.237270880948873,-34.31242201480974,3.22351542,1.626820866,,,,"87.6",2302,"5.9",824179,673237,572233,514888,670623,665161,694388,676694,701358,"54.62",,0,"0",1,0,0,,29,5,"Slider",2,3,3,2,3,2,3,2,"Infield shade","Standard",251,"0.014","-0.233","72.6","8.6","3.902065104",,"0.233",,-1,1,0.403,0.597,28,27,28,27,2,1,7,2,6,1,"3.19","0.59","-0.59","28.6",25.852402051181674,-31.111446986637496,44.6647200961137,29.88578340587603,52.73606901662854
"FS","2026-06-19","86.7","-2.13","5.26","Imai, Tatsuya",672275,837227,,"ball",,,,,13,,"R","L","R","HOU","CLE","B",,,1,2,2026,"-1.2","0.02",-1.4231182006906191,2.1897039882672065,,,,1,4,"Top",,,,,,,4.15629547455123,-126.21460072743572,-0.998290334845519,-13.713859885784226,25.451717443947125,-31.96257641500668,3.22351542,1.626820866,,,,"86.3",1180,"6",824179,673237,572233,514888,670623,665161,694388,676694,701358,"54.5",,,,,,,,29,4,"Split-Finger",2,3,3,2,3,2,3,2,"Infield shade","Standard",255,"-0.002","0.052",,,,,"-0.052",,-1,1,0.405,0.595,28,27,28,27,2,1,7,2,6,1,"3.01","1.2","-1.2","29.4",,,,,
"SL","2026-06-19","87.5","-2.14","5.32","Imai, Tatsuya",672275,837227,,"swinging_strike",,,,,14,,"R","L","R","HOU","CLE","S",,,1,1,2026,"-0.32","0",0.5876170380942076,1.2986798846625103,,,,1,4,"Top",,,,,,,7.104624907842893,-127.17644484062518,-3.231600071062405,-5.072041671899989,29.349553535607022,-31.616432704985552,3.22351542,1.626820866,,,,"86.4",2352,"5.9",824179,673237,572233,514888,670623,665161,694388,676694,701358,"54.56",,,,,,,,29,3,"Slider",2,3,3,2,3,2,3,2,"Standard","Standard",273,"0.004","-0.072","75.5","8.6","0.1",,"0.072",,-1,1,0.401,0.599,28,27,28,27,2,1,7,2,6,1,"3.01","0.32","-0.32","28.4",25.686660368383624,-28.849140388115167,40.74759239779738,29.560156146729557,47.15643317294939
"FF","2026-06-19","96.6","-2.26","5.05","Imai, Tatsuya",672275,837227,,"called_strike",,,,,4,,"R","L","R","HOU","CLE","S",,,1,0,2026,"-1.23","0.93",-0.321518021319505,2.158024307905645,,,,1,4,"Top",,,,,,,7.927614761136052,-140.48402268625728,-4.0912264516093275,-18.065779373813584,31.100974185057076,-19.06666805169722,3.22351542,1.626820866,,,,"96.5",2113,"6.2",824179,673237,572233,514888,670623,665161,694388,676694,701358,"54.31",,,,,,,,29,2,"4-Seam Fastball",2,3,3,2,3,2,3,2,"Standard","Standard",239,"0.003","-0.05",,,,,"0.05",,-1,1,0.398,0.602,28,27,28,27,2,1,7,2,6,1,"1.51","1.23","-1.23","26.9",,,,,
"FS","2026-06-19","85.7","-2.2","5.26","Imai, Tatsuya",672275,837227,,"ball",,,,,13,,"R","L","R","HOU","CLE","B",,,0,0,2026,"-1.35","0.14",-0.20499698990363635,0.635895551099495,,,,1,4,"Top",,,,,,,7.370961349730132,-124.50515143819779,-4.635134050925606,-15.52552106702204,25.086762539265116,-30.005034135038446,3.22351542,1.626820866,,,,"85.2",1506,"6.1",824179,673237,572233,514888,670623,665161,694388,676694,701358,"54.42",,,,,,,,29,1,"Split-Finger",2,3,3,2,3,2,3,2,"Strategic","Standard",255,"-0.002","0.041",,,,,"-0.041",,-1,1,0.4,0.6,28,27,28,27,2,1,7,2,6,1,"2.98","1.35","-1.35","26.5",,,,,
"FS","2026-06-19","85.7","-1.99","5.35","Imai, Tatsuya",696135,837227,"strikeout","swinging_strike",,,,,14,"Kahlil Watson strikes out swinging.","R","L","R","HOU","CLE","S",2,,1,2,2026,"-1.2","0.42",0.13728414484037743,1.3612473887499128,,,,0,4,"Top",,,,,,,7.35492243817597,-124.62077358782537,-3.794108469167484,-13.914742248747313,23.562798845808576,-27.21560649308082,3.096259843,1.562598425,,,,"85.3",1328,"5.9",824179,673237,572233,514888,670623,665161,694388,676694,701358,"54.6",,0,"0",1,0,0,,28,4,"Split-Finger",2,3,3,2,3,2,3,2,"Infield shade","Standard",255,"0.016","-0.185","74.6","8.3","2.169948264",,"0.185",,-1,1,0.384,0.616,28,23,28,23,2,1,7,1,6,1,"2.67","1.2","-1.2","25.2",27.12065936784373,-15.801958075711317,42.77993770505201,34.03694148020013,37.24767290673803
"FS","2026-06-19","85.5","-2.18","5.36","Imai, Tatsuya",696135,837227,,"swinging_strike",,,,,13,,"R","L","R","HOU","CLE","S",,,1,1,2026,"-1.23","0.49",-0.2947099577723422,0.9980146379015271,,,,0,4,"Top",,,,,,,6.847897632292333,-124.38635021366402,-4.753164831561157,-14.138677943673125,24.27716970271446,-26.307576999390374,3.096259843,1.562598425,,,,"85",1414,"5.9",824179,673237,572233,514888,670623,665161,694388,676694,701358,"54.58",,,,,,,,28,3,"Split-Finger",2,3,3,2,3,2,3,2,"Standard","Standard",250,"0.006","-0.062","72.5","9.5","8.59634946",,"0.062",,-1,1,0.378,0.622,28,23,28,23,2,1,7,1,6,1,"2.62","1.23","-1.23","24.4",36.72748053962367,-38.175753690941704,43.84538912530271,39.25504290494616,49.0407133025729
"SL","2026-06-19","86.9","-2.31","5.2","Imai, Tatsuya",696135,837227,,"foul",,,,,5,,"R","L","R","HOU","CLE","S",,,1,0,2026,"-0.63","0.26",-0.25902262824864564,2.3867992688698716,,,,0,4,"Top",,,,,,,6.12476876955453,-126.46197902004106,-0.8762466059078741,-8.050572548020273,26.427000604702926,-29.466975406921847,3.096259843,1.562598425,4,"68.9",-30,"86.3",2330,"5.9",824179,673237,572233,514888,670623,665161,694388,676694,701358,"54.57",,,,,,,,28,2,"Slider",2,3,3,2,3,2,3,2,"Strategic","Standard",259,"0.005","-0.056","72.9","8.7",,,"0.056","88.0",-1,1,0.373,0.627,28,23,28,23,2,1,7,1,6,1,"2.77","0.63","-0.63","25.5",28.06282240183594,-12.973886188411681,33.48758230738051,39.46213512952549,33.5782017061627
"FS","2026-06-19","84.6","-2.2","5.33","Imai, Tatsuya",696135,837227,,"ball",,,,,11,,"R","L","R","HOU","CLE","B",,,0,0,2026,"-1.04","0.21",-1.1046899076738865,3.7207287494390404,,,,0,4,"Top",,,,,,,4.600090841062345,-123.0386346886115,2.321285297821629,-11.47397781235175,24.77980922340768,-30.689553711824296,3.096259843,1.562598425,,,,"84.1",1097,"6",824179,673237,572233,514888,670623,665161,694388,676694,701358,"54.5",,,,,,,,28,1,"Split-Finger",2,3,3,2,3,2,3,2,"Standard","Standard",259,"-0.004","0.043",,,,,"-0.043",,-1,1,0.377,0.623,28,23,28,23,2,1,7,1,6,1,"2.98","1.04","-1.04","26.2",,,,,
"FF","2026-06-19","96.6","-2.11","5","Imai, Tatsuya",672356,837227,"field_out","hit_into_play",,,,,11,"Gabriel Arias grounds out softly, catcher Yainer Diaz to first baseman Christian Walker.","R","R","R","HOU","CLE","X",2,"ground_ball",2,2,2026,"-1.02","0.85",-1.1339085429038396,2.6562474680645556,,,,2,3,"Top",125.36,204.56,,,,,4.9495660913881805,-140.67964434074509,-2.506936659630366,-14.619893689042154,30.930169838286375,-20.504724354457945,3.241945538,1.636122047,1,"39.3",-75,"97.1",1945,"6.5",824179,673237,572233,514888,670623,665161,694388,676694,701358,"54.03",0.195,0.176,"0",1,0,0,1,23,5,"4-Seam Fastball",1,3,3,1,3,1,3,1,"Infield shade","Standard",234,"0.008","-0.219","66.6","5.7",,0.199,"0.219","88.0",-2,2,0.32,0.6799999999999999,28,26,28,26,2,1,7,1,6,2,"1.58","1.02","1.02","30.6",-15.789395895468482,30.57898624520226,39.619042017449885,26.83384881052319,15.54173407874515
"SL","2026-06-19","88.1","-2.1","5.41","Imai, Tatsuya",672356,837227,,"foul",,,,,3,,"R","R","R","HOU","CLE","S",,,2,1,2026,"-0.37","0.32",0.4382412141421141,2.839626172842765,,,,2,3,"Top",,,,,,,6.791315411498632,-128.05436173061287,-0.5357167481048744,-5.59753182059953,30.30092384991263,-28.815619354453702,3.241945538,1.636122047,3,"54.4",-46,"86.8",2327,"5.9",824179,673237,572233,514888,670623,665161,694388,676694,701358,"54.61",,,,,,,,23,4,"Slider",1,3,3,1,3,1,3,1,"Infield shade","Standard",273,"0.002","-0.079","74.8","7.6",,,"0.079","88.0",-2,2,0.318,0.6819999999999999,28,26,28,26,2,1,7,1,6,2,"2.66","0.37","0.37","27.1",21.37203853699266,2.578724592285903,27.23821053046121,45.227420572392845,36.34559621370147
"SL","2026-06-19","89.4","-2.27","5.21","Imai, Tatsuya",672356,837227,,"swinging_strike",,,,,14,,"R","R","R","HOU","CLE","S",,,2,0,2026,"-0.5","-0.03",0.45007698197388557,0.6275489159251983,,,,2,3,"Top",,,,,,,7.633681583749001,-129.94612691077603,-4.977695526023548,-7.1793069436763615,25.755468418083034,-31.66282597184347,3.241945538,1.636122047,,,,"89",2241,"6",824179,673237,572233,514888,670623,665161,694388,676694,701358,"54.5",,,,,,,,23,3,"Slider",1,3,3,1,3,1,3,1,"Infield shade","Standard",263,"0.002","-0.061","77.0","8.1","5.734203288",,"0.061",,-2,2,0.316,0.6839999999999999,28,26,28,26,2,1,7,1,6,2,"2.87","0.5","0.5","27.5",11.663452495179218,1.6120944931380712,38.00070804249428,45.93467192110647,32.33590483337552
"FF","2026-06-19","96.7","-2.19","4.99","Imai, Tatsuya",672356,837227,,"ball",,,,,13,,"R","R","R","HOU","CLE","B",,,1,0,2026,"-1.01","0.71",-0.12539166455493334,1.3020189037210321,,,,2,3,"Top",,,,,,,7.747284206234733,-140.55590591289334,-5.678687946506601,-15.080013701687514,31.549444365725613,-21.672334344833207,3.241945538,1.636122047,,,,"96.5",1996,"6.2",824179,673237,572233,514888,670623,665161,694388,676694,701358,"54.29",,,,,,,,23,2,"4-Seam Fastball",1,3,3,1,3,1,3,1,"Infield shade","Standard",239,"-0.002","0.064",,,,,"-0.064",,-2,2,0.318,0.6819999999999999,28,26,28,26,2,1,7,1,6,2,"1.73","1.01","1.01","23.1",,,,,
"FF","2026-06-19","96.1","-2.24","5.06","Imai, Tatsuya",672356,837227,,"ball",,,,,8,,"R","R","R","HOU","CLE","B",,,0,0,2026,"-0.77","0.76",-0.08170592937463173,1.6012962239734445,,,,2,3,"Top",,,,,,,7.3952578841285375,-139.7524025770571,-5.0524809699452575,-11.821621200208941,32.29669161327604,-21.25751481709987,3.241945538,1.636122047,,,,"95.5",1830,"6",824179,673237,572233,514888,670623,665161,694388,676694,701358,"54.46",,,,,,,,23,1,"4-Seam Fastball",1,3,3,1,3,1,3,1,"Standard","Standard",241,"-0.001","0.038",,,,,"-0.038",,-2,2,0.319,0.681,28,26,28,26,2,1,7,1,6,2,"1.72","0.77","0.77","21.7",,,,,
"FF","2026-06-19","96.9","-2.14","5.03","Imai, Tatsuya",682177,837227,"strikeout","swinging_strike",,,,,1,"Daniel Schneemann strikes out swinging.","R","L","R","HOU","CLE","S",2,,1,2,2026,"-1.01","0.88",-0.3380058450483392,2.8905541926657485,,,,1,3,"Top",,,,,,,7.087957375588141,-140.91133339814715,-2.0082030064415415,-15.033545066205683,33.44479367435431,-20.26947062466822,3.19718668,1.613533465,,,,"96.6",1851,"6.3",824179,673237,572233,514888,670623,665161,694388,676694,701358,"54.23",,0,"0",1,0,0,,22,4,"4-Seam Fastball",1,3,3,1,3,1,3,1,"Infield shade","Standard",239,"0.009","-0.181","67.6","5.8","1.805463372",,"0.181",,-2,2,0.31,0.69,28,29,28,29,2,1,7,1,6,1,"1.56","1.01","-1.01","25.4",-2.899337533369992,30.078821093127196,34.05938716463498,35.72266629965418,14.999903412898014
"FS","2026-06-19","86.3","-2.23","5.18","Imai, Tatsuya",682177,837227,,"swinging_strike",,,,,13,,"R","L","R","HOU","CLE","S",,,1,1,2026,"-1.34","0.17",-0.6018014495263426,0.8097342773717178,,,,1,3,"Top",,,,,,,6.568411443129832,-125.50300502186384,-4.233328768089877,-15.498371657273285,25.845962017971182,-29.750911954537003,3.19718668,1.613533465,,,,"85.9",1287,"6.1",824179,673237,572233,514888,670623,665161,694388,676694,701358,"54.39",,,,,,,,22,3,"Split-Finger",1,3,3,1,3,1,3,1,"Standard","Standard",258,"0.003","-0.072","65.2","8.5","10.738361556",,"0.072",,-2,2,0.307,0.6930000000000001,28,29,28,29,2,1,7,1,6,1,"2.9","1.34","-1.34","24.7",34.080096787990456,-40.7560974973363,35.12154000128722,38.37336966630923,58.62786225875811
"SL","2026-06-19","87.8","-2.24","5.33","Imai, Tatsuya",682177,837227,,"ball",,,,,11,,"R","L","R","HOU","CLE","B",,,0,1,2026,"-0.11","-0.01",-1.5641475725815748,2.442169783199815,,,,1,3,"Top",,,,,,,1.8191203132736071,-127.97201249650249,-0.7130284006924164,-1.5180301807808323,24.673160184589218,-32.31343371351078,3.19718668,1.613533465,,,,"87.2",2346,"5.7",824179,673237,572233,514888,670623,665161,694388,676694,701358,"54.8",,,,,,,,22,2,"Slider",1,3,3,1,3,1,3,1,"Standard","Standard",259,"-0.001","0.032",,,,,"-0.032",,-2,2,0.308,0.692,28,29,28,29,2,1,7,1,6,1,"2.94","0.11","-0.11","26.6",,,,,
"FS","2026-06-19","86.9","-2.1","5.24","Imai, Tatsuya",682177,837227,,"swinging_strike",,,,,14,,"R","L","R","HOU","CLE","S",,,0,0,2026,"-1.17","0.66",0.48861920031790973,1.4227817065657433,,,,1,3,"Top",,,,,,,8.52596595653748,-126.31885120694665,-4.082068862055393,-14.288427961852234,25.862904732244786,-24.497889468708884,3.19718668,1.613533465,,,,"86.6",1441,"6.2",824179,673237,572233,514888,670623,665161,694388,676694,701358,"54.33",,,,,,,,22,1,"Split-Finger",1,3,3,1,3,1,3,1,"Standard","Standard",253,"0.002","-0.041","66.5","8.5","4.999969896",,"0.041",,-2,2,0.306,0.694,28,29,28,29,2,1,7,1,6,1,"2.37","1.17","-1.17","29.1",37.52692562614529,-44.79102590374959,41.05135693326638,27.15399334962852,55.90084432175314
"SL","2026-06-19","88.3","-2.34","5.22","Imai, Tatsuya",656555,837227,"home_run","hit_into_play",,,,,13,"Rhys Hoskins homers (7) on a fly ball to left field. Brayan Rocchio scores.","R","R","R","HOU","CLE","X",,"fly_ball",1,1,2026,"-0.29","0.18",-0.37302485523271117,1.5131605657910345,,677587,,1,3,"Top",25.46,83.71,,,,,5.297800746295742,-128.51801091968574,-3.0906491334094186,-4.25300623804039,26.44483121747047,-29.75856427868611,3.334096129,1.682627953,376,"100.8",30,"87.9",2225,"6",824179,673237,572233,514888,670623,665161,694388,676694,701358,"54.5",0.557,1.09,"2",1,0,3,6,21,3,"Slider",1,1,1,1,3,1,3,1,"Infield shade","Standard",259,"-0.174","1.304","70.8","8.8",,2.091,"-1.304","100.8",0,0,0.48,0.52,28,33,28,33,2,1,7,1,6,1,"2.74","0.29","0.29","26.0",23.935864330712576,-19.91317361435349,37.819932701690995,31.22085865501125,35.975205153458575
"FF","2026-06-19","95.5","-2.23","4.92","Imai, Tatsuya",656555,837227,,"called_strike",,,,,3,,"R","R","R","HOU","CLE","S",,,1,0,2026,"-0.92","0.68",0.523656589251495,3.0696339425672816,,677587,,1,3,"Top",,,,,,,9.248133788878365,-138.75662039922247,-0.6364585676215803,-13.928955938879236,30.469691993383233,-23.401217035858842,3.334096129,1.682627953,,,,"95.4",1807,"6.3",824179,673237,572233,514888,670623,665161,694388,676694,701358,"54.2",,,,,,,,21,2,"4-Seam Fastball",1,1,1,1,1,1,1,1,"Infield shade","Standard",245,"0.004","-0.047",,,,,"0.047",,0,0,0.476,0.524,28,33,28,33,2,1,7,1,6,1,"1.82","0.92","0.92","23.1",,,,,
"FF","2026-06-19","96.5","-2.25","4.91","Imai, Tatsuya",656555,837227,,"ball",,,,,14,,"R","R","R","HOU","CLE","B",,,0,0,2026,"-1.02","0.98",1.1601168880501869,2.229415534072716,,677587,,1,3,"Top",,,,,,,11.300617051178934,-140.16367179920823,-3.6425184327829605,-15.90089146514517,30.250728181406902,-18.608773788540542,3.334096129,1.682627953,,,,"96.6",1862,"6.3",824179,673237,572233,514888,670623,665161,694388,676694,701358,"54.16",,,,,,,,21,1,"4-Seam Fastball",1,1,1,1,1,1,1,1,"Infield shade","Standard",242,"-0.002","0.04",,,,,"-0.04",,0,0,0.478,0.522,28,33,28,33,2,1,7,1,6,1,"1.47","1.02","1.02","24.6",,,,,
"SL","2026-06-19","88.3","-2.37","5.12","Imai, Tatsuya",677587,837227,"double","hit_into_play",,,,,7,"Brayan Rocchio doubles (11) on a line drive to right fielder Cam Smith. Travis Bazzana scores.","R","L","R","HOU","CLE","X",9,"line_drive",2,0,2026,"-0.32","0.57",-0.3764426349809012,1.8666369534481477,,683953,,1,3,"Top",218.41,114.93,,,,,5.4175959973391,-128.3675604671837,-2.7044587258533848,-4.834124162597202,31.092961150783985,-25.577789242864785,3.068175853,1.548425197,230,"94.1",16,"87",2311,"5.9",824179,673237,572233,514888,670623,665161,694388,676694,701358,"54.6",0.78,0.746,"1.25",1,1,1,4,20,3,"Slider",1,0,0,1,1,1,1,1,"Standard","Standard",269,"-0.104","0.734","76.5","7.9",,0.952,"-0.734","94.1",1,-1,0.582,0.41800000000000004,28,25,28,25,2,1,7,1,6,1,"2.4","0.32","-0.32","23.5",13.17867042822689,-14.820776422120666,30.584767084144037,36.376879468358936,42.20008303885967
"FF","2026-06-19","96.6","-2.42","4.93","Imai, Tatsuya",677587,837227,,"ball",,,,,13,,"R","L","R","HOU","CLE","B",,,1,0,2026,"-0.94","0.86",-1.0195850105493518,1.107153466462565,,683953,,1,3,"Top",,,,,,,5.851656870654213,-140.43684939970697,-6.341781942816803,-13.804689703087798,32.29900479986787,-19.544634947891932,3.068175853,1.548425197,,,,"96.3",1843,"6.2",824179,673237,572233,514888,670623,665161,694388,676694,701358,"54.31",,,,,,,,20,2,"4-Seam Fastball",1,0,0,1,0,1,0,1,"Standard","Standard",240,"-0.005","0.026",,,,,"-0.026",,1,-1,0.587,0.41300000000000003,28,25,28,25,2,1,7,1,6,1,"1.59","0.94","-0.94","25.2",,,,,
"SL","2026-06-19","88.3","-2.21","5.35","Imai, Tatsuya",677587,837227,,"ball",,,,,13,,"R","L","R","HOU","CLE","B",,,0,0,2026,"-0.4","0.57",-1.0400611672430462,1.935748463855072,,683953,,1,3,"Top",,,,,,,3.631785777085042,-128.48625701081423,-3.1308387207504964,-5.205234705915044,29.765787483917375,-25.372584578159536,3.068175853,1.548425197,,,,"87.2",2234,"5.9",824179,673237,572233,514888,670623,665161,694388,676694,701358,"54.64",,,,,,,,20,1,"Slider",1,0,0,1,0,1,0,1,"Standard","Standard",264,"-0.003","0.04",,,,,"-0.04",,1,-1,0.59,0.41000000000000003,28,25,28,25,2,1,7,1,6,1,"2.38","0.4","-0.4","27.4",,,,,
"SL","2026-06-19","87.6","-2.28","5.23","Imai, Tatsuya",700932,837227,"field_out","hit_into_play",,,,,5,"Kyle Manzardo flies out to center fielder Jake Meyers.","R","L","R","HOU","CLE","X",8,"fly_ball",0,2,2026,"-0.3","0.1",-0.23489905782776754,2.1359634228877438,,683953,,0,3,"Top",122.28,86.36,,,,,5.445628492758342,-127.40740610467144,-1.2036328100127882,-4.5012234220691285,31.046769601069993,-31.101352201228774,3.187532808,1.608661417,280,"80.4",44,"86.3",2168,"5.9",824179,673237,572233,514888,670623,665161,694388,676694,701358,"54.57",0.014,0.013,"0",1,0,0,3,19,3,"Slider",1,0,0,1,0,1,0,1,"Standard","Standard",281,"0.029","-0.19","70.1","7.6",,0.014,"0.19","88.0",1,-1,0.561,0.43899999999999995,28,25,28,26,2,1,7,1,6,1,"2.92","0.3","-0.3","24.1",20.823305019736363,-7.9623014620926895,36.498888813569124,43.46846038222223,41.020313113221064
"FF","2026-06-19","96.7","-2.27","5.03","Imai, Tatsuya",700932,837227,,"foul",,,,,12,,"R","L","R","HOU","CLE","S",,,0,1,2026,"-1.02","0.87",0.884443002437461,2.6788364475947386,,683953,,0,3,"Top",,,,,,,10.618416089505732,-140.44337134772744,-2.5627023963037003,-15.824506437272602,30.49631987341464,-20.20047859345844,3.187532808,1.608661417,167,"70.4",25,"96.6",1971,"6.2",824179,673237,572233,514888,670623,665161,694388,676694,701358,"54.27",,,,,,,,19,2,"4-Seam Fastball",1,0,0,1,0,1,0,1,"Standard","Standard",241,"0.012","-0.062","56.7","5.4",,,"0.062","88.0",1,-1,0.549,0.45099999999999996,28,25,28,26,2,1,7,1,6,1,"1.57","1.02","-1.02","23.5",-11.585136782671338,25.560132269625342,43.023280516479744,29.409451006838353,17.11862001626352
"SL","2026-06-19","88.5","-2.29","5.23","Imai, Tatsuya",700932,837227,,"swinging_strike",,,,,9,,"R","L","R","HOU","CLE","S",,,0,0,2026,"-0.3","0.14",0.36613918510594984,2.0657449223785336,,683953,,0,3,"Top",,,,,,,6.969215145708803,-128.60190748841478,-1.6033026528728889,-5.012594303188158,31.353169961392695,-30.50760667245913,3.187532808,1.608661417,,,,"87.2",2302,"5.9",824179,673237,572233,514888,670623,665161,694388,676694,701358,"54.56",,,,,,,,19,1,"Slider",1,0,0,1,0,1,0,1,"Standard","Standard",288,"0.007","-0.035","76.1","8.0","0.766125408",,"0.035",,1,-1,0.542,0.45799999999999996,28,25,28,26,2,1,7,1,6,1,"2.82","0.3","-0.3","26.4",28.630791007208593,-29.921427201369617,38.39754113714323,36.93691285280942,50.90508613191828
"FF","2026-06-19","95.9","-2.24","5.07","Imai, Tatsuya",683953,837227,"double","hit_into_play",,,,,5,"Travis Bazzana doubles (11) on a fly ball to left fielder Joey Loperfido.","R","L","R","HOU","CLE","X",7,"fly_ball",2,0,2026,"-0.8","1.03",-0.08189397558593059,2.437896644916705,,,,0,3,"Top",29.62,108.85,,,,,7.459835930887602,-139.5596142332307,-3.5311024325275437,-12.183190640314848,30.959057973282917,-18.060145187960917,3.178756562,1.604232283,324,"93.2",38,"95.6",1919,"6.1",824179,673237,572233,514888,670623,665161,694388,676694,701358,"54.41",0.049,0.074,"1.25",1,1,1,3,18,3,"4-Seam Fastball",1,0,0,1,0,1,0,1,"Standard","Standard",244,"-0.057","0.59","75.0","6.7",,0.135,"-0.59","93.2",1,-1,0.599,0.401,28,23,28,24,2,1,7,1,6,1,"1.44","0.8","-0.8","23.3",4.754534697900546,6.859019289464425,31.585468000329055,38.053944774012095,28.17433690090285
"SL","2026-06-19","87.1","-2.2","5.35","Imai, Tatsuya",683953,837227,,"ball",,,,,14,,"R","L","R","HOU","CLE","B",,,1,0,2026,"-0.28","-0.07",0.260791485671486,1.2934038886466936,,,,0,3,"Top",,,,,,,6.360033466635567,-126.71040209813813,-3.113414802741093,-4.381566262814133,28.441673733938057,-32.48730980019604,3.178756562,1.604232283,,,,"86.1",2319,"5.9",824179,673237,572233,514888,670623,665161,694388,676694,701358,"54.62",,,,,,,,18,2,"Slider",1,0,0,1,0,1,0,1,"Standard","Standard",278,"-0.009","0.083",,,,,"-0.083",,1,-1,0.608,0.392,28,23,28,24,2,1,7,1,6,1,"3.1","0.28","-0.28","26.2",,,,,
"SL","2026-06-19","87","-2.19","5.35","Imai, Tatsuya",683953,837227,,"ball",,,,,13,,"R","L","R","HOU","CLE","B",,,0,0,2026,"-0.44","0.18",-0.8631598958912152,1.8751014675124207,,,,0,3,"Top",,,,,,,4.017040206075557,-126.68861456402261,-2.2993417462768826,-5.600115732510664,26.443655103529277,-29.934469560278863,3.178756562,1.604232283,,,,"86.2",2257,"5.8",824179,673237,572233,514888,670623,665161,694388,676694,701358,"54.73",,,,,,,,18,1,"Slider",1,0,0,1,0,1,0,1,"Standard","Standard",265,"-0.004","0.043",,,,,"-0.043",,1,-1,0.612,0.388,28,23,28,24,2,1,7,1,6,1,"2.83","0.44","-0.44","29.4",,,,,
"SL","2026-06-19","89.9","-2.24","5.13","Imai, Tatsuya",680757,837227,"strikeout","foul_tip",,,,,7,"Steven Kwan strikes out on a foul tip.","R","L","R","HOU","CLE","S",2,,2,2,2026,"-0.11","0.21",-0.47499625596004663,1.5806621355555475,,,672275,2,2,"Top",,,,,,,4.525053826098313,-130.76130401534687,-2.9784006990624334,-2.2632114652516298,30.490188621867855,-29.342023825644482,3.02253937,1.525393701,,,,"89.1",2195,"6",824179,673237,572233,514888,670623,665161,694388,676694,701358,"54.47",,0,"0",1,0,0,,14,5,"Slider",1,0,0,1,0,1,0,1,"Standard","Standard",265,"0.02","-0.243","63.6","7.3",,,"0.243",,1,-1,0.636,0.364,28,28,28,29,1,0,7,1,6,1,"2.64","0.11","-0.11","24.5",13.533795752632837,-9.495927149118314,39.11006483616045,37.15637593848753,28.82328339241989
"FF","2026-06-19","96.3","-2.24","4.93","Imai, Tatsuya",680757,837227,,"called_strike",,,,,1,,"R","L","R","HOU","CLE","S",,,2,1,2026,"-0.99","0.9",-0.6014148685501078,2.9363167078489125,,,672275,2,2,"Top",,,,,,,6.554465050188312,-140.1346796398184,-1.5799520411411683,-14.522249583764944,33.23835489120421,-20.243414862477955,3.02253937,1.525393701,,,,"95.8",1783,"6.1",824179,673237,572233,514888,670623,665161,694388,676694,701358,"54.39",,,,,,,,14,4,"4-Seam Fastball",1,0,0,1,0,1,0,1,"Standard","Standard",234,"0.006","-0.072",,,,,"0.072",,1,-1,0.63,0.37,28,28,28,29,1,0,7,1,6,1,"1.57","0.99","-0.99","24.0",,,,,
"SL","2026-06-19","87.5","-2.2","5.18","Imai, Tatsuya",680757,837227,,"ball",,,,,13,,"R","L","R","HOU","CLE","B",,,1,1,2026,"-0.21","0.14",-1.024736341187322,1.8301046377116168,,,672275,2,2,"Top",,,,,,,3.221062689681073,-127.3422811079878,-1.9699434299986978,-3.027821167208865,27.680503015803676,-30.45522125226785,3.02253937,1.525393701,,,,"86.8",2259,"5.9",824179,673237,572233,514888,670623,665161,694388,676694,701358,"54.56",,,,,,,,14,3,"Slider",1,0,0,1,0,1,0,1,"Standard","Standard",294,"-0.003","0.053",,,,,"-0.053",,1,-1,0.633,0.367,28,28,28,29,1,0,7,1,6,1,"2.85","0.21","-0.21","25.2",,,,,
"SL","2026-06-19","88.9","-2.18","5.28","Imai, Tatsuya",680757,837227,,"ball",,,,,11,,"R","L","R","HOU","CLE","B",,,0,1,2026,"-0.26","-0.03",-1.0580808771462962,2.795212550274003,,,672275,2,2,"Top",,,,,,,3.236623821876928,-129.3135581062801,0.2691166724980898,-3.64363214584132,30.511251134252074,-32.76338886971142,3.02253937,1.525393701,,,,"87.8",2306,"5.9",824179,673237,572233,514888,670623,665161,694388,676694,701358,"54.6",,,,,,,,14,2,"Slider",1,0,0,1,0,1,0,1,"Standard","Standard",255,"-0.003","0.028",,,,,"-0.028",,1,-1,0.636,0.364,28,28,28,29,1,0,7,1,6,1,"2.94","0.26","-0.26","25.6",,,,,
"FF","2026-06-19","97.4","-2.19","5.06","Imai, Tatsuya",680757,837227,,"called_strike",,,,,3,,"R","L","R","HOU","CLE","S",,,0,0,2026,"-0.96","0.81",0.33907895897922924,3.0869212220471494,,,672275,2,2,"Top",,,,,,,8.927293385685063,-141.68394099479016,-1.528032175774444,-14.968469238106842,31.98148496285158,-21.064400639272893,3.02253937,1.525393701,,,,"97.2",1883,"6.2",824179,673237,572233,514888,670623,665161,694388,676694,701358,"54.35",,,,,,,,14,1,"4-Seam Fastball",1,0,0,1,0,1,0,1,"Standard","Standard",238,"0.004","-0.041",,,,,"0.041",,1,-1,0.632,0.368,28,28,28,29,1,0,7,1,6,1,"1.59","0.96","-0.96","23.8",,,,,
"FF","2026-06-19","97.1","-2.22","5.1","Imai, Tatsuya",672275,837227,"single","hit_into_play",,,,,5,"Patrick Bailey singles on a line drive to center fielder Jake Meyers.","R","L","R","HOU","CLE","X",8,"line_drive",0,0,2026,"-0.96","1.07",0.1877659937861138,2.5380408368688157,,,,2,2,"Top",96.51,80.31,,,,,8.555034801930983,-141.15699948678906,-3.625548299998116,-14.76825901432281,30.345220458637357,-17.21297734039675,3.22351542,1.626820866,227,"91.9",14,"97",1972,"6.1",824179,673237,572233,514888,670623,665161,694388,676694,701358,"54.36",0.96,0.889,"0.9",1,1,0,4,13,1,"4-Seam Fastball",1,0,0,1,0,1,0,1,"Standard","Standard",236,"-0.013","0.332","70.8","6.8",,1.08,"-0.332","91.9",1,-1,0.645,0.355,28,27,28,27,1,0,7,2,6,1,"1.34","0.96","-0.96","24.5",-0.19797503914943831,8.298616868256797,39.6509577655404,32.47959344207307,25.113926900193796
"SL","2026-06-19","88","-2.11","5.34","Imai, Tatsuya",696135,837227,"strikeout","swinging_strike",,,,,13,"Kahlil Watson strikes out swinging.","R","L","R","HOU","CLE","S",2,,1,2,2026,"-0.52","0.15",-0.7652687974922746,1.2745481210701737,,,,1,2,"Top",,,,,,,4.294763793277973,-128.04961528094003,-3.8046255096819297,-6.647531631023538,27.31747408368445,-29.936480977659993,3.096259843,1.562598425,,,,"87.2",2355,"5.9",824179,673237,572233,514888,670623,665161,694388,676694,701358,"54.63",,0,"0",1,0,0,,12,4,"Slider",1,0,0,1,0,1,0,1,"Standard","Standard",255,"0.013","-0.181","68.0","9.1","1.878292716",,"0.181",,1,-1,0.632,0.368,28,23,28,23,1,0,7,1,6,1,"2.8","0.52","-0.52","26.8",23.092274016420756,-18.73580091617606,36.58945634188944,46.21223930606804,36.86979197388571
"FF","2026-06-19","96.8","-2.25","5.09","Imai, Tatsuya",696135,837227,,"ball",,,,,11,,"R","L","R","HOU","CLE","B",,,0,2,2026,"-1.16","0.99",-1.8767359996450654,2.8232090649372052,,,,1,2,"Top",,,,,,,3.664524026833043,-141.0435514335717,-2.6424858991587192,-16.257847913155807,31.52717057910005,-18.60126983235859,3.096259843,1.562598425,,,,"96.8",1992,"6.2",824179,673237,572233,514888,670623,665161,694388,676694,701358,"54.33",,,,,,,,12,3,"4-Seam Fastball",1,0,0,1,0,1,0,1,"Standard","Standard",232,"-0.002","0.017",,,,,"-0.017",,1,-1,0.634,0.366,28,23,28,23,1,0,7,1,6,1,"1.44","1.16","-1.16","25.9",,,,,
"FF","2026-06-19","97","-2.09","5.09","Imai, Tatsuya",696135,837227,,"called_strike",,,,,3,,"R","L","R","HOU","CLE","S",,,0,1,2026,"-0.95","0.94",0.6595890708041587,2.934833279003212,,,,1,2,"Top",,,,,,,9.417401004045656,-141.00170210615647,-2.2339844857742093,-14.72182147242426,30.753153313701027,-19.322223187597622,3.096259843,1.562598425,,,,"96.8",2006,"6.1",824179,673237,572233,514888,670623,665161,694388,676694,701358,"54.38",,,,,,,,12,2,"4-Seam Fastball",1,0,0,1,0,1,0,1,"Standard","Standard",233,"0.004","-0.057",,,,,"0.057",,1,-1,0.63,0.37,28,23,28,23,1,0,7,1,6,1,"1.48","0.95","-0.95","26.9",,,,,
"SL","2026-06-19","88.3","-2","5.42","Imai, Tatsuya",696135,837227,,"swinging_strike",,,,,14,,"R","L","R","HOU","CLE","S",,,0,0,2026,"-0.44","-0.22",0.26663085723509045,0.7109955925326927,,,,1,2,"Top",,,,,,,6.344581001197009,-128.56158152020402,-4.715210634722865,-6.119074182188835,23.452912855601944,-33.922288160786096,3.096259843,1.562598425,,,,"88.1",2264,"5.9",824179,673237,572233,514888,670623,665161,694388,676694,701358,"54.61",,,,,,,,12,1,"Slider",1,0,0,1,0,1,0,1,"Standard","Standard",259,"0.003","-0.041","75.9","8.8","1.043492232",,"0.041",,1,-1,0.627,0.373,28,23,28,23,1,0,7,1,6,1,"3.11","0.44","-0.44","31.6",23.408384703938,-13.24689911819281,45.938894827066676,33.18665757286915,32.83856555993267
"SL","2026-06-19","87.4","-2.08","5.42","Imai, Tatsuya",672356,837227,"strikeout","foul_tip",,,,,13,"Gabriel Arias strikes out on a foul tip.","R","R","R","HOU","CLE","S",2,,0,2,2026,"-0.67","0.29",-0.3075673406149583,1.465519779174433,,,,0,2,"Top",,,,,,,5.564235796509181,-127.04819784879342,-3.664382770375745,-8.47492802621006,27.932927243810255,-28.483823963340697,3.241945538,1.636122047,,,,"86.4",2316,"5.9",824179,673237,572233,514888,670623,665161,694388,676694,701358,"54.65",,0,"0",1,0,0,,11,3,"Slider",1,0,0,1,0,1,0,1,"Infield shade","Standard",275,"0.014","-0.164","71.8","7.9",,,"0.164",,1,-1,0.613,0.387,28,26,28,26,1,0,7,1,6,2,"2.72","0.67","0.67","27.0",17.257132958132576,-11.390715110980544,37.85565899599603,37.027231634366764,40.651185317372374
"SL","2026-06-19","87.4","-2.03","5.44","Imai, Tatsuya",672356,837227,,"swinging_strike",,,,,14,,"R","R","R","HOU","CLE","S",,,0,1,2026,"-0.27","-0.2",0.39817665815240916,1.0879212272134233,,,,0,2,"Top",,,,,,,6.2864933099379545,-127.24005950065934,-3.7298088919422057,-4.104911210914222,23.01412209527667,-33.90739091589758,3.241945538,1.636122047,,,,"87.3",2275,"5.9",824179,673237,572233,514888,670623,665161,694388,676694,701358,"54.59",,,,,,,,11,2,"Slider",1,0,0,1,0,1,0,1,"Infield shade","Standard",263,"0.006","-0.054","74.3","8.2","1.841353608",,"0.054",,1,-1,0.607,0.393,28,26,28,26,1,0,7,1,6,2,"3.16","0.27","0.27","27.4",15.871724653436827,-3.808706786088001,37.845771946818566,44.8399541206032,33.868915501513726
"FF","2026-06-19","95.5","-2.16","5.21","Imai, Tatsuya",672356,837227,,"called_strike",,,,,4,,"R","R","R","HOU","CLE","S",,,0,0,2026,"-1","0.98",-0.4374878916547865,2.445878361693297,,,,0,2,"Top",,,,,,,6.7212942897660355,-139.01717764393067,-3.728656871374684,-14.446452742560801,30.041720686825485,-18.747788882723437,3.241945538,1.636122047,,,,"95",1888,"5.9",824179,673237,572233,514888,670623,665161,694388,676694,701358,"54.6",,,,,,,,11,1,"4-Seam Fastball",1,0,0,1,0,1,0,1,"Infield shade","Standard",238,"0.004","-0.042",,,,,"0.042",,1,-1,0.603,0.397,28,26,28,26,1,0,7,1,6,2,"1.51","1","1","24.9",,,,,
"SL","2026-06-19","88.3","-2.22","5.29","Imai, Tatsuya",682177,837227,"strikeout","swinging_strike",,,,,13,"Daniel Schneemann strikes out swinging.","R","L","R","HOU","CLE","S",2,,2,2,2026,"-0.21","0.16",-0.3484090084048819,1.387255839423573,,683953,677587,2,1,"Top",,,,,,,4.900119831111985,-128.374802134836,-3.4074294877474376,-3.458878034646133,30.182921766292917,-29.844871004595426,3.19718668,1.613533465,,,,"87.2",2498,"5.9",824179,673237,572233,514888,670623,665161,694388,676694,701358,"54.55",,0,"0",1,0,0,,5,5,"Slider",0,0,0,0,0,0,0,0,"Standard","Standard",292,"0.037","-0.219","72.3","8.3","5.265647832",,"0.219",,0,0,0.511,0.489,28,29,28,29,1,0,7,1,6,1,"2.8","0.21","-0.21","25.4",31.310320591675982,-35.17250637221973,34.82702740149615,36.23632702836681,56.91962316029881
"SL","2026-06-19","89.9","-2.22","5.28","Imai, Tatsuya",682177,837227,,"ball",,,,,13,,"R","L","R","HOU","CLE","B",,,1,2,2026,"-0.51","0.28",-0.5500570938183262,0.9092871002025715,,683953,677587,2,1,"Top",,,,,,,5.150293721275127,-130.7909744453068,-5.16171152770221,-6.938883513542508,28.44185143960433,-28.104979423437644,3.19718668,1.613533465,,,,"89.1",2396,"5.9",824179,673237,572233,514888,670623,665161,694388,676694,701358,"54.6",,,,,,,,5,4,"Slider",0,0,0,0,0,0,0,0,"Standard","Standard",270,"-0.007","0.016",,,,,"-0.016",,0,0,0.518,0.482,28,29,28,29,1,0,7,1,6,1,"2.55","0.51","-0.51","27.8",,,,,
"FF","2026-06-19","97.5","-2.18","4.99","Imai, Tatsuya",682177,837227,,"foul",,,,,5,,"R","L","R","HOU","CLE","S",,,1,1,2026,"-1.07","1.09",0.1540611081034573,2.4799505588161805,,683953,677587,2,1,"Top",,,,,,,8.662876142292912,-141.7257922594775,-3.570197249756831,-16.41785568074449,33.05345826544264,-16.920365176144028,3.19718668,1.613533465,258,"79.5",32,"97.2",2061,"6.2",824179,673237,572233,514888,670623,665161,694388,676694,701358,"54.29",,,,,,,,5,3,"4-Seam Fastball",0,0,0,0,0,0,0,0,"Standard","Standard",235,"0.011","-0.058","75.1","7.2",,,"0.058","88.0",0,0,0.507,0.493,28,29,28,29,1,0,7,1,6,1,"1.32","1.07","-1.07","25.7",17.964040687035705,-11.20020987134409,34.74613721603041,30.111820881854193,36.03116068400377
"SL","2026-06-19","88.9","-2.25","5.22","Imai, Tatsuya",682177,837227,,"foul",,,,,8,,"R","L","R","HOU","CLE","S",,,1,0,2026,"-0.53","-0.06",-0.10253191480384571,2.0248669952257847,,683953,677587,2,1,"Top",,,,,,,6.294402475259812,-129.46607118148074,-1.507370194816555,-7.1963472043971315,24.94439487927565,-32.70895397478672,3.19718668,1.613533465,6,"75.4",-23,"88.9",2316,"6.1",824179,673237,572233,514888,670623,665161,694388,676694,701358,"54.44",,,,,,,,5,2,"Slider",0,0,0,0,0,0,0,0,"Standard","Standard",261,"0.005","-0.045","71.2","8.0",,,"0.045","88.0",0,0,0.502,0.498,28,29,28,29,1,0,7,1,6,1,"2.92","0.53","-0.53","24.3",30.578157575915405,-21.163777752518296,30.086695305038543,34.95396974256365,49.921537044269996
"SL","2026-06-19","89.2","-2.25","5.19","Imai, Tatsuya",682177,837227,,"ball",,,,,11,,"R","L","R","HOU","CLE","B",,,0,0,2026,"-0.51","0.17",-1.0124324997466998,2.546999964052532,,683953,677587,2,1,"Top",,,,,,,4.088255502363741,-129.96367084615213,-0.6809582081058632,-6.680487225461763,27.002773289096535,-30.27323493047791,3.19718668,1.613533465,,,,"88.9",2322,"6",824179,673237,572233,514888,670623,665161,694388,676694,701358,"54.51",,,,,,,,5,1,"Slider",0,0,0,0,0,0,0,0,"Infield shade","Standard",267,"-0.003","0.025",,,,,"-0.025",,0,0,0.505,0.495,28,29,28,29,1,0,7,1,6,1,"2.68","0.51","-0.51","25.4",,,,,
"SL","2026-06-19","88.8","-2.14","5.27","Imai, Tatsuya",656555,837227,"strikeout","swinging_strike",,,,,6,"Rhys Hoskins strikes out swinging.","R","R","R","HOU","CLE","S",2,,2,2,2026,"-0.18","0.18",0.45149397916302497,2.2781737383065574,,683953,677587,1,1,"Top",,,,,,,6.607324032246088,-129.10484011207984,-1.3811661879712092,-3.5631513414765776,29.61128659619109,-30.049743664271876,3.334096129,1.682627953,,,,"87.9",2417,"6",824179,673237,572233,514888,670623,665161,694388,676694,701358,"54.48",,0,"0",1,0,0,,4,5,"Slider",0,0,0,0,0,0,0,0,"Standard","Standard",269,"0.038","-0.231","69.9","9.3","2.12405568",,"0.231",,0,0,0.467,0.5329999999999999,28,33,28,33,1,0,7,1,6,1,"2.74","0.18","0.18","27.1",23.842481397019103,-42.02148388286291,27.747125735526616,41.01473497643592,49.836088552143764
"SL","2026-06-19","88.9","-2.36","5.31","Imai, Tatsuya",656555,837227,,"blocked_ball",,,,,13,,"R","R","R","HOU","CLE","B",,,1,2,2026,"-0.48","0.03",-0.0976021612115735,-0.043532010198743976,,683953,677587,1,1,"Top",,,,,,,6.453594394780146,-129.18489242862157,-6.825356309059994,-6.664165165095978,25.941856796159403,-30.664171804554222,3.334096129,1.682627953,,,,"88.5",2242,"6",824179,673237,572233,514888,670623,665161,694388,676694,701358,"54.47",,,,,,,,4,4,"Slider",0,0,0,0,0,0,0,0,"Infield shade","Standard",267,"-0.007","0.061",,,,,"-0.061",,0,0,0.474,0.526,28,33,28,33,1,0,7,1,6,1,"2.86","0.48","0.48","27.7",,,,,
"FF","2026-06-19","96.6","-2.37","5.01","Imai, Tatsuya",656555,837227,,"foul",,,,,8,,"R","R","R","HOU","CLE","S",,,1,1,2026,"-0.9","0.85",0.11731639552454376,2.078981941567413,,683953,677587,1,1,"Top",,,,,,,8.607051568990302,-140.39308585354692,-4.0356398829974625,-13.821609658783283,30.323382081689022,-20.169780241998904,3.334096129,1.682627953,237,"79.3",32,"96.7",1983,"6.3",824179,673237,572233,514888,670623,665161,694388,676694,701358,"54.2",,,,,,,,4,3,"4-Seam Fastball",0,0,0,0,0,0,0,0,"Infield shade","Standard",236,"0.012","-0.059","59.9","7.0",,,"0.059","88.0",0,0,0.462,0.538,28,33,28,33,1,0,7,1,6,1,"1.59","0.9","0.9","24.2",-12.971337404797342,16.877417302574564,35.42482868734254,38.34497921585627,14.538999904883575
"SL","2026-06-19","88.8","-2.17","5.33","Imai, Tatsuya",656555,837227,,"ball",,,,,14,,"R","R","R","HOU","CLE","B",,,0,1,2026,"-0.3","0.04",0.14117461124303582,0.9969545598587763,,683953,677587,1,1,"Top",,,,,,,6.201139794667027,-129.132688759435,-4.306311424966142,-4.806015879412774,29.61716683234334,-30.91280469605494,3.334096129,1.682627953,,,,"87.9",2323,"6",824179,673237,572233,514888,670623,665161,694388,676694,701358,"54.52",,,,,,,,4,2,"Slider",0,0,0,0,0,0,0,0,"Standard","Standard",263,"-0.005","0.024",,,,,"-0.024",,0,0,0.467,0.5329999999999999,28,33,28,33,1,0,7,1,6,1,"2.87","0.3","0.3","29.1",,,,,
"SL","2026-06-19","88.4","-2.19","5.27","Imai, Tatsuya",656555,837227,,"called_strike",,,,,7,,"R","R","R","HOU","CLE","S",,,0,0,2026,"-0.29","0.1",-0.49613755475972593,1.8435608774838856,,683953,677587,1,1,"Top",,,,,,,4.6548159017080515,-128.57912200999195,-2.1960924329836953,-4.297970621702402,29.593863965540997,-30.80883228967517,3.334096129,1.682627953,,,,"87.4",2286,"5.9",824179,673237,572233,514888,670623,665161,694388,676694,701358,"54.56",,,,,,,,4,1,"Slider",0,0,0,0,0,0,0,0,"Infield shade","Standard",276,"0.007","-0.039",,,,,"0.039",,0,0,0.46,0.54,28,33,28,33,1,0,7,1,6,1,"2.85","0.29","0.29","26.5",,,,,
"SL","2026-06-19","87.8","-2.13","5.27","Imai, Tatsuya",677587,837227,"single","hit_into_play",,,,,8,"Brayan Rocchio singles on a sharp ground ball to right fielder Cam Smith. Travis Bazzana to 2nd.","R","L","R","HOU","CLE","X",9,"ground_ball",1,0,2026,"-0.35","0.42",-0.14360841483867048,1.9081004830087687,,,683953,1,1,"Top",181.41,120.66,,,,,5.459286001438323,-127.69531016276869,-2.6267798068452763,-5.092769306179986,29.03618933023567,-27.21619892108003,3.068175853,1.548425197,25,"100.4",-4,"87",2363,"6",824179,673237,572233,514888,670623,665161,694388,676694,701358,"54.45",0.294,0.265,"0.9",1,1,0,2,3,2,"Slider",0,0,0,0,0,0,0,0,"Infield shade","Standard",266,"-0.034","0.373","75.5","7.5",,0.317,"-0.373","100.4",0,0,0.494,0.506,28,25,28,25,1,0,7,1,6,1,"2.56","0.35","-0.35","27.5",14.598154206025773,-6.174101548745915,32.54219628136348,34.02489467658033,32.946336683196975
"SL","2026-06-19","87.1","-2.24","5.32","Imai, Tatsuya",677587,837227,,"ball",,,,,13,,"R","L","R","HOU","CLE","B",,,0,0,2026,"-0.25","-0.02",-1.115357520709607,1.8442057145625412,,,683953,1,1,"Top",,,,,,,3.1698486036684614,-126.7949255830778,-1.856502814114104,-3.439130246518327,28.471449037399903,-32.23809512888711,3.068175853,1.548425197,,,,"86.2",2260,"5.9",824179,673237,572233,514888,670623,665161,694388,676694,701358,"54.56",,,,,,,,3,1,"Slider",0,0,0,0,0,0,0,0,"Infield shade","Standard",261,"-0.004","0.035",,,,,"-0.035",,0,0,0.498,0.502,28,25,28,25,1,0,7,1,6,1,"3.05","0.25","-0.25","25.5",,,,,
"FF","2026-06-19","97.3","-2.05","5.18","Imai, Tatsuya",700932,837227,"strikeout","swinging_strike",,,,,12,"Kyle Manzardo strikes out swinging.","R","L","R","HOU","CLE","S",2,,2,2,2026,"-0.97","1.09",0.8815767844492979,3.344911297198802,,,683953,0,1,"Top",,,,,,,10.006444741866098,-141.4025566343791,-1.7265881980417013,-15.372129335267584,33.94652466911647,-17.42447411840736,3.187532808,1.608661417,,,,"96.8",2051,"6.2",824179,673237,572233,514888,670623,665161,694388,676694,701358,"54.29",,0,"0",1,0,0,,2,6,"4-Seam Fastball",0,0,0,0,0,0,0,0,"Infield shade","Standard",235,"0.029","-0.217",,,,,"0.217",,0,0,0.469,0.531,28,25,28,26,1,0,7,1,6,1,"1.34","0.97","-0.97","24.6",,,,,
"FF","2026-06-19","96.8","-2.17","5.19","Imai, Tatsuya",700932,837227,,"ball",,,,,11,,"R","L","R","HOU","CLE","B",,,1,2,2026,"-1.05","0.85",-0.5416254419435467,4.011893805258671,,,683953,0,1,"Top",,,,,,,6.686329886990922,-140.87821927459797,0.5738505063234514,-15.513647316730976,32.929273811164144,-21.216634868385956,3.187532808,1.608661417,,,,"96.1",1867,"6",824179,673237,572233,514888,670623,665161,694388,676694,701358,"54.54",,,,,,,,2,5,"4-Seam Fastball",0,0,0,0,0,0,0,0,"Infield shade","Standard",239,"-0.005","0.04",,,,,"-0.04",,0,0,0.474,0.526,28,25,28,26,1,0,7,1,6,1,"1.59","1.05","-1.05","27.3",,,,,
"FF","2026-06-19","97.1","-2.05","5.32","Imai, Tatsuya",700932,837227,,"foul",,,,,9,,"R","L","R","HOU","CLE","S",,,1,2,2026,"-1.33","1.23",0.3224005823988869,1.8981575227103222,,,683953,0,1,"Top",,,,,,,9.280462366675389,-141.03007268350245,-6.210228879357577,-19.850325313052736,32.779630857124964,-14.425537819127292,3.187532808,1.608661417,,,,"96.3",2227,"6",824179,673237,572233,514888,670623,665161,694388,676694,701358,"54.5",,,,,,,,2,4,"4-Seam Fastball",0,0,0,0,0,0,0,0,"Infield shade","Standard",231,"0","0","72.3","7.0",,,"0",,0,0,0.474,0.526,28,25,28,26,1,0,7,1,6,1,"1.2","1.33","-1.33","30.2",11.708832659565871,3.8846679038486456,46.58076173663294,34.811547707715064,34.077519379132404
"SL","2026-06-19","86.6","-2.18","5.51","Imai, Tatsuya",700932,837227,,"foul",,,,,5,,"R","L","R","HOU","CLE","S",,,1,1,2026,"-0.51","0.34",0.06577340186230252,2.175532202454862,,,683953,0,1,"Top",,,,,,,6.257021933883744,-126.02276948219377,-2.215392902066241,-6.7256544597184265,26.82611648309235,-28.324956827691416,3.187532808,1.608661417,18,"80.3",-6,"85.4",2350,"5.6",824179,673237,572233,514888,670623,665161,694388,676694,701358,"54.88",,,,,,,,2,3,"Slider",0,0,0,0,0,0,0,0,"Standard","Standard",273,"0.008","-0.055","72.8","7.8",,,"0.055","88.0",0,0,0.466,0.534,28,25,28,26,1,0,7,1,6,1,"2.71","0.51","-0.51","25.6",26.61658597172907,-14.89671788726649,39.363411948424854,39.15561781455448,47.12195213809189
"FF","2026-06-19","94.6","-2.11","5.29","Imai, Tatsuya",700932,837227,,"foul",,,,,5,,"R","L","R","HOU","CLE","S",,,1,0,2026,"-0.97","0.74",-0.013791758043903979,2.58795223232923,,,683953,0,1,"Top",,,,,,,7.52503308668865,-137.6460342187081,-2.8714197190350625,-13.932444747765732,29.258206027000156,-22.27024841417462,3.187532808,1.608661417,280,"92.9",49,"94.2",1771,"6",824179,673237,572233,514888,670623,665161,694388,676694,701358,"54.53",,,,,,,,2,2,"4-Seam Fastball",0,0,0,0,0,0,0,0,"Infield shade","Standard",239,"0.007","-0.055","64.9","6.6",,,"0.055","92.9",0,0,0.459,0.5409999999999999,28,25,28,26,1,0,7,1,6,1,"1.8","0.97","-0.97","22.6",14.07894490042787,15.27989714573252,40.5034408524781,39.78443554954296,28.176274740766388
"FF","2026-06-19","93.2","-2.11","5.36","Imai, Tatsuya",700932,837227,,"ball",,,,,14,,"R","L","R","HOU","CLE","B",,,0,0,2026,"-1.03","0.64",0.44185541155674324,1.2844982121230049,,,683953,0,1,"Top",,,,,,,8.673353764687,-135.40293518567202,-5.8575388563716375,-14.528409854477223,28.486846888344907,-23.163794747058166,3.187532808,1.608661417,,,,"92.5",1740,"5.9",824179,673237,572233,514888,670623,665161,694388,676694,701358,"54.63",,,,,,,,2,1,"4-Seam Fastball",0,0,0,0,0,0,0,0,"Standard","Standard",241,"-0.005","0.038",,,,,"-0.038",,0,0,0.464,0.536,28,25,28,26,1,0,7,1,6,1,"1.98","1.03","-1.03","22.8",,,,,
"FF","2026-06-19","93.3","-1.91","5.49","Imai, Tatsuya",683953,837227,"single","hit_into_play",,,,,2,"Travis Bazzana singles on a sharp line drive to right fielder Cam Smith.","R","L","R","HOU","CLE","X",9,"line_drive",0,0,2026,"-1.16","0.68",0.02611327206798042,3.019209887238521,,,,0,1,"Top",165.12,87.57,,,,,7.395893231534481,-135.66556957995547,-1.8892488941909704,-15.98778251383216,30.857148945363306,-23.52450757004059,3.178756562,1.604232283,214,"102.4",13,"91.9",1846,"5.6",824179,673237,572233,514888,670623,665161,694388,676694,701358,"54.91",0.903,0.892,"0.9",1,1,0,4,1,1,"4-Seam Fastball",0,0,0,0,0,0,0,0,"Standard","Standard",239,"-0.036","0.448","73.4","6.7",,1.169,"-0.448","102.4",0,0,0.5,0.5,28,23,28,24,1,0,7,1,6,1,"1.95","1.16","-1.16","23.1",15.731554839021202,-0.38629648784982973,23.278247207057444,36.597552001622475,34.87644540309508
"SL","2026-06-12","87.5","-1.85","5.21","Imai, Tatsuya",686681,837227,"double","hit_into_play",,,,,14,"Michael Massey doubles (11) on a line drive to right fielder Cam Smith. Maikel Garcia scores. Salvador Perez to 3rd.","R","L","R","KC","HOU","X",9,"line_drive",0,2,2026,"-0.21","-0.16",0.196349284110172,1.0601271736413382,672580,,521692,2,1,"Bot",168.29,156.29,,,,,5.283527553784324,-127.31521059906132,-3.2999187923741764,-3.405549542815828,25.91898983655809,-33.41897911413847,3.199819554,1.614862205,151,"75.1",15,"86.9",2270,"5.9",824102,543877,572233,514888,670623,665161,694388,666211,701358,"54.59",0.649,0.596,"1.25",1,1,1,4,19,3,"Slider",2,9,2,9,9,3,3,9,"Standard","Standard",294,"0.043","0.947","74.0","8.2",,0.697,"-0.947","88.0",-7,-7,0.058,0.058,28,28,28,28,1,0,6,1,7,1,"3.13","0.21","-0.21","26.0",24.940796747333923,-22.27748005425618,41.02690336551665,34.64001008141753,44.11455945305237
"FF","2026-06-12","95.5","-1.94","4.98","Imai, Tatsuya",686681,837227,,"foul",,,,,1,,"R","L","R","KC","HOU","S",,,0,1,2026,"-1.11","0.9",-0.4246777028065274,2.7703168598366332,672580,,521692,2,1,"Bot",,,,,,,6.450965481379072,-138.9430486567852,-2.034389537402798,-15.897091237913015,34.30744317908151,-20.293282567186164,3.199819554,1.614862205,282,"89.7",48,"94.7",2168,"6",824102,543877,572233,514888,670623,665161,694388,666211,701358,"54.45",,,,,,,,19,2,"4-Seam Fastball",2,9,2,9,9,2,2,9,"Standard","Standard",232,"-0.004","-0.049","68.9","6.3",,,"0.049","89.7",-7,-7,0.062,0.062,28,28,28,28,1,0,6,1,7,1,"1.62","1.11","-1.11","26.7",10.010175268391821,16.515955552376887,30.01679119138709,42.64867857580532,18.469497365413496
"FF","2026-06-12","96","-1.86","4.94","Imai, Tatsuya",686681,837227,,"called_strike",,,,,6,,"R","L","R","KC","HOU","S",,,0,0,2026,"-0.79","0.94",0.6317908230601115,2.4665369206456624,672580,,521692,2,1,"Bot",,,,,,,8.270663804913635,-139.46755748036907,-2.8421259002436625,-12.275134270690486,34.192733756534935,-19.54665000092179,3.199819554,1.614862205,,,,"95.1",2044,"6.1",824102,543877,572233,514888,670623,665161,694388,666211,701358,"54.44",,,,,,,,19,1,"4-Seam Fastball",2,9,2,9,9,2,2,9,"Standard","Standard",236,"-0.003","-0.03",,,,,"0.03",,-7,-7,0.065,0.065,28,28,28,28,1,0,6,1,7,1,"1.56","0.79","-0.79","22.3",,,,,
"SL","2026-06-12","87.7","-1.9","5.18","Imai, Tatsuya",521692,837227,"single","hit_into_play",,,,,14,"Salvador Perez singles on a line drive to left fielder Joey Loperfido. Maikel Garcia to 3rd.","R","R","R","KC","HOU","X",7,"line_drive",3,2,2026,"-0.39","0.19",0.33819539179411057,1.0364711113600569,,,672580,2,1,"Bot",103.85,97.34,,,,,6.127117163487037,-127.6699481966641,-4.081637877806432,-5.483402722158183,24.160944764318206,-29.513535047335793,3.312155512,1.671555118,282,"95.3",15,"87.5",2288,"6",824102,543877,572233,514888,670623,665161,694388,666211,701358,"54.52",0.874,0.838,"0.9",1,1,0,4,18,8,"Slider",2,9,2,9,9,2,2,9,"Infield shade","Standard",265,"0.009","0.286","66.3","8.1",,1.072,"-0.286","95.3",-7,-7,0.056,0.056,28,36,28,36,1,0,6,2,7,1,"2.75","0.39","0.39","28.5",9.198782069064746,-5.881995001909617,39.315165550784705,40.374139418656114,33.030546969921005
"FF","2026-06-12","95.7","-1.84","4.89","Imai, Tatsuya",521692,837227,,"ball",,,,,12,,"R","R","R","KC","HOU","B",,,2,2,2026,"-1.02","0.69",1.9745794067959435,3.3092701746320587,,,672580,2,1,"Bot",,,,,,,12.232712038319477,-138.8242592088471,0.027563022672587145,-15.87392718587645,29.878835930233137,-23.43602036732235,3.312155512,1.671555118,,,,"95.6",2010,"6.3",824102,543877,572233,514888,670623,665161,694388,666211,701358,"54.18",,,,,,,,18,7,"4-Seam Fastball",2,9,2,9,9,2,2,9,"Infield shade","Standard",237,"0.002","0.088",,,,,"-0.088",,-7,-7,0.054,0.054,28,36,28,36,1,0,6,2,7,1,"1.81","1.02","1.02","28.4",,,,,
"SL","2026-06-12","86.3","-1.81","5.23","Imai, Tatsuya",521692,837227,,"foul",,,,,13,,"R","R","R","KC","HOU","S",,,2,2,2026,"-0.32","0.16",-0.10978156619161705,1.4698359060306654,,,672580,2,1,"Bot",,,,,,,4.626073644207132,-125.66361136790958,-2.835715741864384,-4.300294714838517,25.199852992264006,-30.072075599496596,3.312155512,1.671555118,6,"92.3",-16,"85.8",2258,"5.9",824102,543877,572233,514888,670623,665161,694388,666211,701358,"54.62",,,,,,,,18,6,"Slider",2,9,2,9,9,2,2,9,"Infield shade","Standard",270,"0","0","71.8","8.1",,,"0","92.3",-7,-7,0.054,0.054,28,36,28,36,1,0,6,2,7,1,"2.89","0.32","0.32","27.7",2.1783290290656243,-24.18399502433534,43.4101334389552,34.63540211407434,35.647415892466555
"SL","2026-06-12","88.7","-1.9","5.19","Imai, Tatsuya",521692,837227,,"foul",,,,,9,,"R","R","R","KC","HOU","S",,,2,2,2026,"-0.38","0.48",0.6608299509005309,1.6441068336859148,,,672580,2,1,"Bot",,,,,,,6.934381030555582,-128.87700869000406,-3.3302168675433887,-5.775444147670425,30.061617075893558,-26.264769990808542,3.312155512,1.671555118,,,,"87.7",2246,"6",824102,543877,572233,514888,670623,665161,694388,666211,701358,"54.5",,,,,,,,18,5,"Slider",2,9,2,9,9,2,2,9,"Infield shade","Standard",274,"0","0","77.9","8.4",,,"0",,-7,-7,0.054,0.054,28,36,28,36,1,0,6,2,7,1,"2.45","0.38","0.38","25.0",20.36359035219269,-14.694064284586837,30.81842680331119,45.13544406401196,37.3022124361368
"FF","2026-06-12","94.9","-1.83","5.06","Imai, Tatsuya",521692,837227,,"ball",,,,,11,,"R","R","R","KC","HOU","B",,,1,2,2026,"-0.79","1.04",-0.4448185324379548,4.394804914007464,,,672580,2,1,"Bot",,,,,,,5.369958943911076,-138.14291066997242,1.6503716185343786,-11.330761165100899,31.039176476176053,-19.39914748475773,3.312155512,1.671555118,,,,"94.6",2066,"6.1",824102,543877,572233,514888,670623,665161,694388,666211,701358,"54.36",,,,,,,,18,4,"4-Seam Fastball",2,9,2,9,9,2,2,9,"Infield shade","Standard",233,"0.001","0.048",,,,,"-0.048",,-7,-7,0.053,0.053,28,36,28,36,1,0,6,2,7,1,"1.49","0.79","0.79","25.0",,,,,
"FF","2026-06-12","95.3","-1.9","5.04","Imai, Tatsuya",521692,837227,,"foul",,,,,5,,"R","R","R","KC","HOU","S",,,1,1,2026,"-1.17","0.87",-0.0972390166428001,2.62340860419891,,,672580,2,1,"Bot",,,,,,,7.320980029544422,-138.5533043876024,-2.451743878366534,-16.73801869896038,33.96683198237223,-20.611536667670965,3.312155512,1.671555118,199,"77.3",56,"94.7",1998,"6.2",824102,543877,572233,514888,670623,665161,694388,666211,701358,"54.29",,,,,,,,18,3,"4-Seam Fastball",2,9,2,9,9,2,2,9,"Infield shade","Standard",236,"-0.002","-0.067","68.4","7.0",,,"0.067","88.0",-7,-7,0.055,0.055,28,36,28,36,1,0,6,2,7,1,"1.66","1.17","1.17","24.0",0.7718267944247486,3.281008594170678,34.68502817960478,35.89604296490356,20.10662651919798
"FF","2026-06-12","95.3","-1.9","4.92","Imai, Tatsuya",521692,837227,,"called_strike",,,,,3,,"R","R","R","KC","HOU","S",,,1,0,2026,"-1.12","1",0.3924662019627252,2.945989963875866,,,672580,2,1,"Bot",,,,,,,8.469036589553602,-138.54491899183884,-1.6319941863027898,-16.34023157132069,33.01275444678148,-19.16745959763375,3.312155512,1.671555118,,,,"94.8",2095,"6.2",824102,543877,572233,514888,670623,665161,694388,666211,701358,"54.33",,,,,,,,18,2,"4-Seam Fastball",2,9,2,9,9,2,2,9,"Standard","Standard",237,"-0.001","-0.05",,,,,"0.05",,-7,-7,0.056,0.056,28,36,28,36,1,0,6,2,7,1,"1.53","1.12","1.12","22.2",,,,,
"FF","2026-06-12","96.4","-1.98","4.7","Imai, Tatsuya",521692,837227,,"ball",,,,,12,,"R","R","R","KC","HOU","B",,,0,0,2026,"-1.33","0.79",1.049738489687986,2.621570341693425,,,672580,2,1,"Bot",,,,,,,11.000638425454426,-139.9734785245742,-1.5373701060920517,-20.002654971078428,33.078108741771366,-21.72805171285156,3.312155512,1.671555118,,,,"96.2",1936,"6.4",824102,543877,572233,514888,670623,665161,694388,666211,701358,"54.13",,,,,,,,18,1,"4-Seam Fastball",2,9,2,9,9,2,2,9,"Standard","Standard",236,"0.001","0.038",,,,,"-0.038",,-7,-7,0.055,0.055,28,36,28,36,1,0,6,2,7,1,"1.69","1.33","1.33","23.6",,,,,
"SL","2026-06-12","88.2","-1.95","5.1","Imai, Tatsuya",695506,837227,"strikeout","swinging_strike",,,,,14,"Jac Caglianone strikes out swinging.","R","L","R","KC","HOU","S",2,,2,2,2026,"-0.17","-0.05",0.4835319112380012,0.9203865361065517,,,672580,1,1,"Bot",,,,,,,6.173495176778251,-128.19097707954234,-3.6255639807773496,-3.2917612663485256,29.13472711708282,-32.16688815992919,3.401673228,1.716732283,,,,"87.6",2362,"6.2",824102,543877,572233,514888,670623,665161,694388,666211,701358,"54.33",,0,"0",1,0,0,,17,5,"Slider",2,9,2,9,9,2,2,9,"Infield shade","Standard",281,"-0.009","-0.23","75.6","9.4","3.764970096",,"0.23",,-7,-7,0.064,0.064,28,23,28,23,1,0,6,1,7,1,"3.02","0.17","-0.17","27.1",30.807341505940986,-35.728420274646126,36.96920109760607,34.797831513073376,47.96484945461335
"SL","2026-06-12","88.2","-1.92","5.04","Imai, Tatsuya",695506,837227,,"swinging_strike",,,,,9,,"R","L","R","KC","HOU","S",,,2,1,2026,"-0.36","0.43",0.7919983682294995,1.9125562478169593,,,672580,1,1,"Bot",,,,,,,7.254016239806656,-128.11830491972822,-2.0854462340980353,-5.675113842715504,30.718952592673208,-27.284273294362123,3.401673228,1.716732283,,,,"87.3",2371,"6.2",824102,543877,572233,514888,670623,665161,694388,666211,701358,"54.33",,,,,,,,17,4,"Slider",2,9,2,9,9,2,2,9,"Infield shade","Standard",263,"-0.004","-0.077","78.1","9.3","4.263323388",,"0.077",,-7,-7,0.068,0.068,28,23,28,23,1,0,6,1,7,1,"2.55","0.36","-0.36","26.1",29.674320353079004,-43.27179542186369,34.40840070114458,31.41341836918482,53.64421850137611
"SL","2026-06-12","88.2","-1.94","5.04","Imai, Tatsuya",695506,837227,,"blocked_ball",,,,,14,,"R","L","R","KC","HOU","B",,,1,1,2026,"-0.61","-0.06",0.9406686028313318,-0.806167552437508,,,672580,1,1,"Bot",,,,,,,8.15137417797988,-128.0721044856566,-7.650586749069527,-8.415616818253913,26.618691034272082,-31.382567966675257,3.401673228,1.716732283,,,,"87.8",2402,"6.1",824102,543877,572233,514888,670623,665161,694388,666211,701358,"54.36",,,,,,,,17,3,"Slider",2,9,2,9,9,2,2,9,"Infield shade","Standard",266,"0.003","0.064",,,,,"-0.064",,-7,-7,0.065,0.065,28,23,28,23,1,0,6,1,7,1,"3","0.61","-0.61","24.0",,,,,
"SL","2026-06-12","87.3","-1.83","5.09","Imai, Tatsuya",695506,837227,,"swinging_strike",,,,,8,,"R","L","R","KC","HOU","S",,,1,0,2026,"-0.46","0.47",0.04838579697764478,1.7990487350956776,,,672580,1,1,"Bot",,,,,,,5.402524581893721,-127.06530331021662,-2.5275112779580704,-6.136644609595502,25.91599843073791,-26.778679428891362,3.401673228,1.716732283,,,,"87",2317,"6",824102,543877,572233,514888,670623,665161,694388,666211,701358,"54.45",,,,,,,,17,2,"Slider",2,9,2,9,9,2,2,9,"Infield shade","Standard",255,"-0.003","-0.047","79.1","9.5","5.482237476",,"0.047",,-7,-7,0.068,0.068,28,23,28,23,1,0,6,1,7,1,"2.52","0.46","-0.46","26.4",32.73045487512212,-31.987444253195253,33.6140119212377,40.28076458035144,50.05022231350412
"SL","2026-06-12","87.6","-1.92","5.06","Imai, Tatsuya",695506,837227,,"ball",,,,,11,,"R","L","R","KC","HOU","B",,,0,0,2026,"-0.2","0.16",-1.0355162226394794,3.183314708787737,,,672580,1,1,"Bot",,,,,,,2.52900240647955,-127.56752321622128,1.3887737895472823,-2.744078033576467,25.839044720660723,-30.865903056622926,3.401673228,1.716732283,,,,"87.4",2398,"6.1",824102,543877,572233,514888,670623,665161,694388,666211,701358,"54.42",,,,,,,,17,1,"Slider",2,9,2,9,9,2,2,9,"Infield shade","Standard",300,"0.002","0.035",,,,,"-0.035",,-7,-7,0.066,0.066,28,23,28,23,1,0,6,1,7,1,"2.8","0.2","-0.2","27.8",,,,,
"FF","2026-06-12","97.7","-2.03","4.74","Imai, Tatsuya",672580,837227,"force_out","hit_into_play",,,,,1,"Maikel Garcia grounds into a force out, shortstop Jeremy Peña to second baseman Jose Altuve. Bobby Witt Jr. scores. Vinnie Pasquantino out at 2nd. Maikel Garcia to 1st.","R","R","R","KC","HOU","X",6,"ground_ball",3,2,2026,"-0.96","0.72",-0.4829805375251537,3.0671724240800384,677951,,686469,0,1,"Bot",108.41,153.61,,,,,6.3565624049652,-142.30418328141246,-0.5965717725798036,-14.413061545407833,30.190415404780097,-22.416186703179367,3.262130906,1.646309055,8,"82.8",-20,"98.1",2021,"6.3",824102,543877,572233,514888,670623,665161,694388,666211,701358,"54.18",0.073,0.067,"0",1,0,0,2,16,6,"4-Seam Fastball",1,9,1,9,9,2,2,9,"Standard","Standard",237,"-0.018","-0.361","69.7","6.1",,0.088,"0.361","88.0",-8,-8,0.084,0.084,28,26,28,26,1,0,6,2,7,1,"1.65","0.96","0.96","24.8",-0.06281161624587146,5.822328634572253,26.11465287113713,26.096384842171744,27.277787656120744
"FF","2026-06-12","96.6","-2.01","4.88","Imai, Tatsuya",672580,837227,,"swinging_strike",,,,,2,,"R","R","R","KC","HOU","S",,,3,1,2026,"-1.12","0.98",-0.06485290177164349,3.2181426984971635,677951,,686469,0,1,"Bot",,,,,,,7.691238787023559,-140.46216075156707,-0.984412442312247,-16.565991029450977,31.495992577648913,-19.11492326174587,3.262130906,1.646309055,,,,"96.6",2151,"6.3",824102,543877,572233,514888,670623,665161,694388,666211,701358,"54.22",,,,,,,,16,5,"4-Seam Fastball",1,9,1,9,9,1,1,9,"Standard","Standard",235,"-0.006","0.003","71.0","5.6","0.1236882",,"-0.003",,-8,-8,0.09,0.09,28,26,28,26,1,0,6,2,7,1,"1.46","1.12","1.12","28.7",-8.267290259366664,27.269712505589748,30.218631139712958,31.05354494681278,20.24557540057556
"FF","2026-06-12","95.6","-1.85","4.89","Imai, Tatsuya",672580,837227,,"ball",,,,,14,,"R","R","R","KC","HOU","B",,,2,1,2026,"-0.92","0.82",1.1985897359146507,1.8216019771597147,677951,,686469,0,1,"Bot",,,,,,,9.979808485009181,-138.8599376453465,-4.120755905568985,-14.130080925987833,30.45627137928547,-20.753476580169323,3.262130906,1.646309055,,,,"95.2",1980,"6.1",824102,543877,572233,514888,670623,665161,694388,666211,701358,"54.4",,,,,,,,16,4,"4-Seam Fastball",1,9,1,9,9,1,1,9,"Standard","Standard",235,"0.007","0.053",,,,,"-0.053",,-8,-8,0.083,0.083,28,26,28,26,1,0,6,2,7,1,"1.67","0.92","0.92","21.5",,,,,
"SL","2026-06-12","88","-1.82","5.18","Imai, Tatsuya",672580,837227,,"ball",,,,,13,,"R","R","R","KC","HOU","B",,,1,1,2026,"-0.4","0.33",-0.2696573212282365,0.8991219880335142,677951,,686469,0,1,"Bot",,,,,,,4.519718113450785,-128.10430894213266,-4.751840538973173,-5.329993084537302,25.21626679015589,-27.767137987957938,3.262130906,1.646309055,,,,"87.5",2291,"5.8",824102,543877,572233,514888,670623,665161,694388,666211,701358,"54.67",,,,,,,,16,3,"Slider",1,9,1,9,9,1,1,9,"Standard","Standard",283,"0.004","0.065",,,,,"-0.065",,-8,-8,0.079,0.079,28,26,28,26,1,0,6,2,7,1,"2.6","0.4","0.4","29.4",,,,,
"SL","2026-06-12","87.4","-1.92","5.16","Imai, Tatsuya",672580,837227,,"called_strike",,,,,8,,"R","R","R","KC","HOU","S",,,1,0,2026,"-0.29","0.14",0.0005261389199875954,1.5564412650485355,677951,,686469,0,1,"Bot",,,,,,,5.150959710156579,-127.13343716275216,-2.523539140621176,-4.301432296943836,29.539757867634304,-30.30642513858374,3.262130906,1.646309055,,,,"86.5",2275,"6",824102,543877,572233,514888,670623,665161,694388,666211,701358,"54.47",,,,,,,,16,2,"Slider",1,9,1,9,9,1,1,9,"Standard","Standard",258,"-0.004","-0.041",,,,,"0.041",,-8,-8,0.083,0.083,28,26,28,26,1,0,6,2,7,1,"2.88","0.29","0.29","27.4",,,,,
"FF","2026-06-12","95.5","-1.83","4.84","Imai, Tatsuya",672580,837227,,"ball",,,,,14,,"R","R","R","KC","HOU","B",,,0,0,2026,"-0.99","1.17",2.7601246325801654,1.1780974322019138,677951,,686469,0,1,"Bot",,,,,,,14.106817629685962,-138.20758240985865,-6.396895668681365,-15.829325289325743,30.560124693283072,-15.770773389842596,3.262130906,1.646309055,,,,"95",2195,"6.3",824102,543877,572233,514888,670623,665161,694388,666211,701358,"54.23",,,,,,,,16,1,"4-Seam Fastball",1,9,1,9,9,1,1,9,"Standard","Standard",242,"0.003","0.014",,,,,"-0.014",,-8,-8,0.08,0.08,28,26,28,26,1,0,6,2,7,1,"1.35","0.99","0.99","24.1",,,,,
"FF","2026-06-12","96.8","-2.04","4.82","Imai, Tatsuya",686469,837227,"single","hit_into_play",,,,,6,"Vinnie Pasquantino singles on a line drive to center fielder Taylor Trammell. Carter Jensen scores. Bobby Witt Jr. to 3rd.","R","L","R","KC","HOU","X",8,"line_drive",2,1,2026,"-1.06","0.8",0.6230624762670962,2.644057197991832,,695600,677951,0,1,"Bot",143.17,107.66,,,,,9.445854132293652,-140.61899818161524,-1.8974724755809915,-16.224198834134146,32.118550956816975,-21.395733576371644,3.363057743,1.697244095,163,"74.4",13,"96.6",2100,"6.3",824102,543877,572233,514888,670623,665161,694388,666211,701358,"54.21",0.374,0.337,"0.9",1,1,0,4,15,4,"4-Seam Fastball",0,9,0,9,9,1,1,9,"Standard","Standard",235,"0.027","0.429","68.9","6.4",,0.387,"-0.429","88.0",-9,-9,0.053,0.053,28,28,28,29,1,0,6,1,7,1,"1.65","1.06","-1.06","23.5",-0.6568301961434095,10.706903169799347,34.43949875289688,34.293504927996146,22.31846092753675
"FF","2026-06-12","96.7","-1.98","4.9","Imai, Tatsuya",686469,837227,,"called_strike",,,,,2,,"R","L","R","KC","HOU","S",,,2,0,2026,"-0.86","0.93",0.04832730684032427,3.147258803325812,,695600,677951,0,1,"Bot",,,,,,,7.280253599963428,-140.57530757142118,-1.0779772784080262,-13.072319607192762,33.47250028757976,-19.801194711220283,3.363057743,1.697244095,,,,"96",1943,"6.1",824102,543877,572233,514888,670623,665161,694388,666211,701358,"54.44",,,,,,,,15,3,"4-Seam Fastball",0,9,0,9,9,0,0,9,"Standard","Standard",236,"-0.005","-0.073",,,,,"0.073",,-9,-9,0.058,0.058,28,28,28,29,1,0,6,1,7,1,"1.52","0.86","-0.86","22.7",,,,,
"SL","2026-06-12","87.1","-1.89","5.17","Imai, Tatsuya",686469,837227,,"ball",,,,,14,,"R","L","R","KC","HOU","B",,,1,0,2026,"-0.04","-0.04",0.9045145731467733,1.3089196970571453,,695600,677951,0,1,"Bot",,,,,,,6.660636801373041,-126.65949232076164,-2.708789797008078,-1.9399296210492196,28.644597801594422,-32.22787462199947,3.363057743,1.697244095,,,,"86.1",2350,"5.9",824102,543877,572233,514888,670623,665161,694388,666211,701358,"54.56",,,,,,,,15,2,"Slider",0,9,0,9,9,0,0,9,"Standard","Standard",291,"0.005","0.077",,,,,"-0.077",,-9,-9,0.053,0.053,28,28,28,29,1,0,6,1,7,1,"3.08","0.04","-0.04","27.0",,,,,
"FF","2026-06-12","97.2","-1.86","4.97","Imai, Tatsuya",686469,837227,,"ball",,,,,14,,"R","L","R","KC","HOU","B",,,0,0,2026,"-0.94","0.84",1.1344978542405924,2.3802645109068563,,695600,677951,0,1,"Bot",,,,,,,10.051328192798653,-141.15757902473698,-3.138569620408658,-14.92790008665789,32.91295145999326,-20.37620722205753,3.363057743,1.697244095,,,,"96.5",2105,"6.1",824102,543877,572233,514888,670623,665161,694388,666211,701358,"54.42",,,,,,,,15,1,"4-Seam Fastball",0,9,0,9,9,0,0,9,"Standard","Standard",234,"0.002","0.052",,,,,"-0.052",,-9,-9,0.051,0.051,28,28,28,29,1,0,6,1,7,1,"1.58","0.94","-0.94","23.4",,,,,
"FF","2026-06-12","94.3","-1.87","4.94","Imai, Tatsuya",677951,837227,"walk","ball",,,,,14,"Christian Vázquez challenged (pitch result), call on the field was confirmed: Bobby Witt Jr. walks. Carter Jensen to 2nd.","R","R","R","KC","HOU","B",,,3,1,2026,"-1","0.81",0.4872738839767956,1.4851283821460197,,,695600,0,1,"Bot",,,,,,,8.260969649866277,-136.98174208165145,-4.823359388883865,-14.45263193774299,31.144898737089715,-21.138290983692208,3.238435039,1.634350394,,,,"93.7",2045,"6.1",824102,543877,572233,514888,670623,665161,694388,666211,701358,"54.39",,0.697886,"0.7",1,0,0,,14,5,"4-Seam Fastball",0,9,0,9,9,0,0,9,"Standard","Standard",242,"0.009","0.249",,,,,"-0.249",,-9,-9,0.042,0.042,28,26,28,26,1,0,6,1,7,1,"1.77","1","1","21.2",,,,,
"FF","2026-06-12","93.9","-2.05","4.98","Imai, Tatsuya",677951,837227,,"called_strike",,,,,5,,"R","R","R","KC","HOU","S",,,3,0,2026,"-0.96","0.52",-0.05652976482720218,2.204127405864127,,,695600,0,1,"Bot",,,,,,,7.201143333878464,-136.59259559603902,-2.4250059742282453,-13.598525727317332,29.342498382813265,-25.386329227927977,3.238435039,1.634350394,,,,"93.4",1978,"6",824102,543877,572233,514888,670623,665161,694388,666211,701358,"54.54",,,,,,,,14,4,"4-Seam Fastball",0,9,0,9,9,0,0,9,"Standard","Standard",240,"-0.003","-0.1",,,,,"0.1",,-9,-9,0.045,0.045,28,26,28,26,1,0,6,1,7,1,"2.07","0.96","0.96","20.4",,,,,
"FF","2026-06-12","95","-1.96","4.94","Imai, Tatsuya",677951,837227,,"ball",,,,,14,,"R","R","R","KC","HOU","B",,,2,0,2026,"-0.93","0.95",1.5215205620217689,2.3660524710803292,,,695600,0,1,"Bot",,,,,,,11.029886898076432,-137.84989026039952,-3.000989113681676,-14.33451746620332,30.792946352596534,-19.611711299216005,3.238435039,1.634350394,,,,"94.3",2104,"6.1",824102,543877,572233,514888,670623,665161,694388,666211,701358,"54.42",,,,,,,,14,3,"4-Seam Fastball",0,9,0,9,9,0,0,9,"Standard","Standard",236,"0.005","0.148",,,,,"-0.148",,-9,-9,0.04,0.04,28,26,28,26,1,0,6,1,7,1,"1.59","0.93","0.93","22.8",,,,,
"FF","2026-06-12","94.7","-1.79","4.93","Imai, Tatsuya",677951,837227,,"ball",,,,,14,,"R","R","R","KC","HOU","B",,,1,0,2026,"-1.02","0.97",1.8214348618940503,1.3720710903670776,,,695600,0,1,"Bot",,,,,,,11.556558208458236,-137.338833774042,-5.553529623959389,-15.384407337271693,29.58118532137142,-18.755895694682604,3.238435039,1.634350394,,,,"94.3",2159,"6.2",824102,543877,572233,514888,670623,665161,694388,666211,701358,"54.32",,,,,,,,14,2,"4-Seam Fastball",0,9,0,9,9,0,0,9,"Infield shade","Standard",238,"0.003","0.075",,,,,"-0.075",,-9,-9,0.037,0.037,28,26,28,26,1,0,6,1,7,1,"1.58","1.02","1.02","19.5",,,,,
"FF","2026-06-12","94.2","-1.79","5","Imai, Tatsuya",677951,837227,,"ball",,,,,12,,"R","R","R","KC","HOU","B",,,0,0,2026,"-1","0.79",1.789430869822978,2.9777885110920024,,,695600,0,1,"Bot",,,,,,,11.357917313618096,-136.86140787906984,-1.1969942407091991,-14.952268535959929,28.129907591237135,-22.078584355728676,3.238435039,1.634350394,,,,"93.9",1869,"6",824102,543877,572233,514888,670623,665161,694388,666211,701358,"54.47",,,,,,,,14,1,"4-Seam Fastball",0,9,0,9,9,0,0,9,"Infield shade","Standard",241,"0.001","0.038",,,,,"-0.038",,-9,-9,0.036,0.036,28,26,28,26,1,0,6,1,7,1,"1.77","1","1","20.4",,,,,
"FF","2026-06-12","97.6","-1.98","5","Imai, Tatsuya",695600,837227,"single","hit_into_play",,,,,6,"Carter Jensen singles on a ground ball to center fielder Taylor Trammell.","R","L","R","KC","HOU","X",8,"ground_ball",3,2,2026,"-0.78","0.96",0.34831813232444864,2.182647791653464,,,,0,1,"Bot",135.6,106.75,,,,,7.994929485754116,-142.02190365335045,-4.18241692101954,-12.355727861210978,29.65832449394986,-18.317345136698044,3.191043307,1.610433071,87,"84.5",5,"97.6",1936,"6.1",824102,543877,572233,514888,670623,665161,694388,666211,701358,"54.41",0.366,0.346,"0.9",1,1,0,2,13,7,"4-Seam Fastball",0,9,0,9,9,0,0,9,"Infield shade","Standard",238,"0.007","0.364","73.8","6.4",,0.426,"-0.364","88.0",-9,-9,0.029,0.029,28,22,28,23,1,0,6,1,7,1,"1.41","0.78","-0.78","29.0",-8.138109032524058,7.65269757567814,29.78281487126183,29.77255711866172,28.738015386965316
"FF","2026-06-12","95.8","-1.81","5.24","Imai, Tatsuya",695600,837227,,"foul",,,,,11,,"R","L","R","KC","HOU","S",,,3,2,2026,"-1.08","0.91",-0.4579685406745373,3.5733476509172157,,,,0,1,"Bot",,,,,,,5.940480191552004,-139.5392840512962,-0.7575970640015214,-15.410404556279415,29.235787676389045,-20.286498450470397,3.191043307,1.610433071,57,"79.2",36,"95.1",1920,"5.7",824102,543877,572233,514888,670623,665161,694388,666211,701358,"54.8",,,,,,,,13,6,"4-Seam Fastball",0,9,0,9,9,0,0,9,"Infield shade","Standard",230,"0","0","44.9","5.1",,,"0","88.0",-9,-9,0.029,0.029,28,22,28,23,1,0,6,1,7,1,"1.56","1.08","-1.08","23.7",11.150763762852481,44.115025769585515,11.174653089911882,38.24318314559406,8.836582659640028
"FF","2026-06-12","94.4","-1.9","5.23","Imai, Tatsuya",695600,837227,,"foul",,,,,2,,"R","L","R","KC","HOU","S",,,3,1,2026,"-1.06","0.91",-0.06846428191030096,3.084762503642523,,,,0,1,"Bot",,,,,,,7.0421578360613815,-137.33761146215267,-1.7847457063066794,-14.983992023338073,28.82823497123964,-20.4660318450311,3.191043307,1.610433071,89,"80.4",12,"93.7",1948,"5.8",824102,543877,572233,514888,670623,665161,694388,666211,701358,"54.74",,,,,,,,13,5,"4-Seam Fastball",0,9,0,9,9,0,0,9,"Infield shade","Standard",240,"-0.002","-0.106","72.3","6.0",,,"0.106","88.0",-9,-9,0.031,0.031,28,22,28,23,1,0,6,1,7,1,"1.64","1.06","-1.06","22.1",-8.604289170441142,15.375227896228813,21.276898899256114,34.634125141611975,20.43897634100055
"FF","2026-06-12","94.1","-1.72","5.26","Imai, Tatsuya",695600,837227,,"ball",,,,,13,,"R","L","R","KC","HOU","B",,,2,1,2026,"-1.11","1",-0.09656973457153684,1.274805051846781,,,,0,1,"Bot",,,,,,,6.581156579111611,-136.88400565623525,-6.614858996403958,-15.400856240198594,29.219817790606946,-18.26835342927156,3.191043307,1.610433071,,,,"93.2",1967,"5.7",824102,543877,572233,514888,670623,665161,694388,666211,701358,"54.82",,,,,,,,13,4,"4-Seam Fastball",0,9,0,9,9,0,0,9,"Infield shade","Standard",239,"0.002","0.141",,,,,"-0.141",,-9,-9,0.029,0.029,28,22,28,23,1,0,6,1,7,1,"1.56","1.11","-1.11","22.5",,,,,
"SL","2026-06-12","84.8","-1.73","5.57","Imai, Tatsuya",695600,837227,,"ball",,,,,13,,"R","L","R","KC","HOU","B",,,1,1,2026,"-0.5","-0.03",-0.6781609530324911,1.487423995331993,,,,0,1,"Bot",,,,,,,3.4044787127676166,-123.44463527871662,-2.8365868047237726,-5.847868218891484,26.48623124902707,-32.09161877630004,3.191043307,1.610433071,,,,"83.3",2277,"5.5",824102,543877,572233,514888,670623,665161,694388,666211,701358,"55.04",,,,,,,,13,3,"Slider",0,9,0,9,9,0,0,9,"Infield shade","Standard",282,"0.001","0.063",,,,,"-0.063",,-9,-9,0.028,0.028,28,22,28,23,1,0,6,1,7,1,"3.22","0.5","-0.5","26.1",,,,,
"SL","2026-06-12","83.7","-1.67","5.56","Imai, Tatsuya",695600,837227,,"ball",,,,,13,,"R","L","R","KC","HOU","B",,,0,1,2026,"-0.26","-0.03",-1.1044675911084993,1.8439070015710226,,,,0,1,"Bot",,,,,,,1.7735689202422042,-121.90020682382684,-1.8040355661839227,-2.942496894970479,26.9586324570836,-32.29114364678186,3.191043307,1.610433071,,,,"82.1",2187,"5.5",824102,543877,572233,514888,670623,665161,694388,666211,701358,"55.04",,,,,,,,13,2,"Slider",0,9,0,9,9,0,0,9,"Infield shade","Standard",272,"0.001","0.029",,,,,"-0.029",,-9,-9,0.027,0.027,28,22,28,23,1,0,6,1,7,1,"3.31","0.26","-0.26","27.4",,,,,
"FF","2026-06-12","91.7","-1.9","5.32","Imai, Tatsuya",695600,837227,,"called_strike",,,,,5,,"R","L","R","KC","HOU","S",,,0,0,2026,"-1.13","0.85",0.07093104851737486,2.5235932223252,,,,0,1,"Bot",,,,,,,7.3170342639651915,-133.42510096760458,-2.8743912931412026,-15.06581205701976,27.767121400484832,-21.567377704765644,3.191043307,1.610433071,,,,"90.8",1989,"5.7",824102,543877,572233,514888,670623,665161,694388,666211,701358,"54.85",,,,,,,,13,1,"4-Seam Fastball",0,9,0,9,9,0,0,9,"Standard","Standard",236,"-0.001","-0.042",,,,,"0.042",,-9,-9,0.028,0.028,28,22,28,23,1,0,6,1,7,1,"1.85","1.13","-1.13","22.4",,,,,
"FF","2026-06-06","94.8","-1.82","5.39","Imai, Tatsuya",703607,837227,"strikeout","called_strike",,,,,9,"Henry Bolte called out on strikes.","R","R","R","HOU","ATH","S",2,,0,2,2026,"-1.17","0.73",0.7786435913851022,2.0559184834222157,,,,2,5,"Top",,,,,,,9.277332798355058,-137.59612466713614,-4.3668772299891545,-17.023531662445713,34.27774785606447,-22.123766706868807,3.332340879,1.681742126,,,,"93.4",1884,"5.9",824184,543877,572233,514888,670623,665161,664774,676694,666211,"54.61",,0,"0",1,0,0,,44,3,"4-Seam Fastball",7,2,2,7,2,7,2,7,"Standard","Standard",237,"0.002","-0.153",,,,,"0.153",,5,-5,0.958,0.04200000000000004,28,22,28,23,3,2,6,1,6,1,"1.85","1.17","1.17","22.7",,,,,
"SL","2026-06-06","86.5","-1.87","5.57","Imai, Tatsuya",703607,837227,,"swinging_strike",,,,,7,,"R","R","R","HOU","ATH","S",,,0,1,2026,"-0.18","0.49",-0.6802374697513436,1.946109857809093,,,,2,5,"Top",,,,,,,3.1448244274701738,-125.76435097620826,-3.011859287952025,-2.7065995167594394,32.8373729088925,-26.582199362984582,3.332340879,1.681742126,,,,"84.6",2313,"5.7",824184,543877,572233,514888,670623,665161,664774,676694,666211,"54.77",,,,,,,,44,2,"Slider",7,2,2,7,2,7,2,7,"Standard","Standard",253,"0.001","-0.061","83.8","8.7","0.764820576",,"0.061",,5,-5,0.957,0.04300000000000004,28,22,28,23,3,2,6,1,6,1,"2.64","0.18","0.18","27.3",18.503335540729292,-19.43016774787497,40.660988340119324,26.154772662432087,44.1394853037088
"SL","2026-06-06","86.7","-1.94","5.52","Imai, Tatsuya",703607,837227,,"swinging_strike",,,,,8,,"R","R","R","HOU","ATH","S",,,0,0,2026,"-0.02","0.12",0.1899267654961855,1.7417088182889264,,,,2,5,"Top",,,,,,,5.006380038724629,-126.04876922757177,-2.688494801138217,-1.4511873196558154,31.477331349138485,-30.47296747059617,3.332340879,1.681742126,,,,"85",2266,"5.8",824184,543877,572233,514888,670623,665161,664774,676694,666211,"54.74",,,,,,,,44,1,"Slider",7,2,2,7,2,7,2,7,"Standard","Standard",297,"0.001","-0.043","79.4","9.1","0.887884464",,"0.043",,5,-5,0.956,0.04400000000000004,28,22,28,23,3,2,6,1,6,1,"2.97","0.02","0.02","28.2",22.473667278503576,-17.654694667685398,34.36874248019891,35.833178606705715,36.3545097525452
"SL","2026-06-06","85.3","-1.81","5.55","Imai, Tatsuya",691016,837227,"field_out","hit_into_play",,,,,8,"Tyler Soderstrom pops out to pitcher Tatsuya Imai.","R","L","R","HOU","ATH","X",1,"popup",1,1,2026,"0.03","0",0.21687820101643257,1.9286890249522939,,,,1,5,"Top",131.73,182.5,,,,,4.579380661456153,-123.9500272505979,-1.759870216430106,-0.9030027267629969,32.80493246420651,-32.023419880495815,3.285826772,1.658267717,46,"68.6",77,"83.1",2308,"5.7",824184,543877,572233,514888,670623,665161,664774,676694,666211,"54.83",0.011,0.014,"0",1,0,0,3,43,3,"Slider",7,2,2,7,2,7,2,7,"Infield shade","Standard",293,"0.007","-0.253","77.7","8.6",,0.016,"0.253","88.0",5,-5,0.949,0.051000000000000045,28,24,28,25,3,2,6,1,6,1,"3.23","-0.03","0.03","26.4",20.04235119222947,-25.417779576284893,30.740659027388798,38.46462660186263,44.41405941436174
"FS","2026-06-06","83.3","-1.96","5.44","Imai, Tatsuya",691016,837227,,"ball",,,,,13,,"R","L","R","HOU","ATH","B",,,0,1,2026,"-1.27","0.41",-0.7812734361992439,1.2719588343434793,,,,1,5,"Top",,,,,,,5.141754598408323,-121.199822721386,-3.6227099782821273,-13.502781577146292,25.89688550994765,-27.565110356446223,3.285826772,1.658267717,,,,"82.1",1147,"5.7",824184,543877,572233,514888,670623,665161,664774,676694,666211,"54.79",,,,,,,,43,2,"Split-Finger",7,2,2,7,2,7,2,7,"Standard","Standard",258,"-0.001","0.032",,,,,"-0.032",,5,-5,0.95,0.050000000000000044,28,24,28,25,3,2,6,1,6,1,"2.9","1.27","-1.27","24.4",,,,,
"SL","2026-06-06","84.6","-1.87","5.51","Imai, Tatsuya",691016,837227,,"foul",,,,,5,,"R","L","R","HOU","ATH","S",,,0,0,2026,"-0.31","0.41",0.179289313428507,2.4631777523609015,,,,1,5,"Top",,,,,,,5.2752462349613625,-122.92256005430984,-1.2163342945125475,-4.404536954516987,29.542963279051513,-28.075608306382463,3.285826772,1.658267717,157,"70.6",18,"82.8",2262,"5.7",824184,543877,572233,514888,670623,665161,664774,676694,666211,"54.82",,,,,,,,43,1,"Slider",7,2,2,7,2,7,2,7,"Standard","Standard",291,"0.001","-0.041","75.9","8.7",,,"0.041","88.0",5,-5,0.949,0.051000000000000045,28,24,28,25,3,2,6,1,6,1,"2.84","0.31","-0.31","26.0",21.72750452372681,-27.32386116983733,30.24433738803616,38.44561221740993,41.58814012902461
"SL","2026-06-06","86.2","-1.82","5.52","Imai, Tatsuya",667670,837227,"strikeout","swinging_strike",,,,,13,"Brent Rooker strikes out swinging.","R","R","R","HOU","ATH","S",2,,1,2,2026,"-0.08","-0.08",-0.8379545718051482,1.705573836849621,,,,0,5,"Top",,,,,,,2.4316652702028048,-125.4555690698584,-2.3665719903701583,-1.3806466724023674,27.791470465253628,-32.76919458519544,3.363935368,1.697687008,,,,"84.9",2347,"5.7",824184,543877,572233,514888,670623,665161,664774,676694,666211,"54.83",,0,"0",1,0,0,,42,4,"Slider",7,2,2,7,2,7,2,7,"Infield shade","Standard",240,"0.009","-0.185","79.8","7.1","1.11464604",,"0.185",,5,-5,0.94,0.06000000000000005,28,31,28,32,3,2,6,1,6,1,"3.17","0.08","0.08","29.0",12.512608468567405,-7.485352484515598,49.174527365375255,23.790705018742834,34.92449330005803
"FF","2026-06-06","95.1","-1.75","5.28","Imai, Tatsuya",667670,837227,,"ball",,,,,2,,"R","R","R","HOU","ATH","B",,,0,2,2026,"-0.9","0.97",0.25050315148176017,3.457056153598584,,,,0,5,"Top",,,,,,,7.1989513017968765,-138.2102378339664,-1.114639923389153,-13.214453379774204,33.4685655366901,-19.748055434778625,3.363935368,1.697687008,,,,"94.3",1917,"6.1",824184,543877,572233,514888,670623,665161,664774,676694,666211,"54.43",,,,,,,,42,3,"4-Seam Fastball",7,2,2,7,2,7,2,7,"Infield shade","Standard",236,"-0.001","0.021",,,,,"-0.021",,5,-5,0.941,0.05900000000000005,28,31,28,32,3,2,6,1,6,1,"1.57","0.9","0.9","29.0",,,,,
"FF","2026-06-06","93.5","-1.91","5.41","Imai, Tatsuya",667670,837227,,"called_strike",,,,,12,,"R","R","R","HOU","ATH","S",,,0,1,2026,"-1","0.92",0.903551880520989,2.890750696020066,,,,0,5,"Top",,,,,,,9.296455501542592,-135.73267746793394,-2.5279233181226104,-14.47416207437985,32.54676380365009,-20.47348670587285,3.363935368,1.697687008,,,,"92.2",1968,"5.8",824184,543877,572233,514888,670623,665161,664774,676694,666211,"54.67",,,,,,,,42,2,"4-Seam Fastball",7,2,2,7,2,7,2,7,"Infield shade","Standard",237,"0.003","-0.054",,,,,"0.054",,5,-5,0.938,0.062000000000000055,28,31,28,32,3,2,6,1,6,1,"1.72","1","1","22.4",,,,,
"SL","2026-06-06","83.5","-1.96","5.64","Imai, Tatsuya",667670,837227,,"swinging_strike",,,,,7,,"R","R","R","HOU","ATH","S",,,0,0,2026,"0.03","-0.02",-0.7190930096989567,1.6382924968895023,,,,0,5,"Top",,,,,,,2.726647565998423,-121.51072920057297,-2.3930900908528376,-0.2725469356666222,26.993058928886075,-32.10658431564017,3.363935368,1.697687008,,,,"82.1",2275,"5.7",824184,543877,572233,514888,670623,665161,664774,676694,666211,"54.85",,,,,,,,42,1,"Slider",7,2,2,7,2,7,2,7,"Infield shade","Standard",288,"0.002","-0.042","74.4","8.0","1.3129596",,"0.042",,5,-5,0.936,0.06399999999999995,28,31,28,32,3,2,6,1,6,1,"3.33","-0.03","-0.03","29.6",29.870089672354215,-35.63254527204144,39.64913882546932,26.23467623471826,51.75215444132772
"FF","2026-06-06","94","-1.93","5.3","Imai, Tatsuya",701762,837227,"field_out","hit_into_play",,,,,3,"Nick Kurtz flies out sharply to center fielder Jake Meyers.","R","L","R","HOU","ATH","X",8,"fly_ball",0,0,2026,"-0.99","0.91",0.7210719733406667,3.076581297919471,,,666126,2,4,"Top",124.2,44.16,,,,,8.927030984095534,-136.54435720083242,-1.8422345810900125,-14.391817403042818,32.40302780500706,-20.66092333473949,3.413082349,1.722490158,382,"102",32,"92.9",1961,"5.9",824184,543877,572233,514888,670623,665161,664774,676694,666211,"54.62",0.554,1.083,"0",1,0,0,6,38,1,"4-Seam Fastball",7,2,2,7,2,7,2,7,"Standard","Standard",236,"0.01","-0.275","77.2","6.8",,2.11,"0.275","102.0",5,-5,0.936,0.06399999999999995,28,23,28,23,3,2,6,1,6,1,"1.7","0.99","-0.99","23.4",8.895573431386083,5.061455897452048,36.26413470681149,29.50616259741293,25.86867777640453
"SL","2026-06-06","85","-1.93","5.54","Imai, Tatsuya",669127,837227,"field_out","hit_into_play",,,,,11,"Shea Langeliers flies out to center fielder Jake Meyers.","R","R","R","HOU","ATH","X",8,"fly_ball",0,0,2026,"-0.23","0.31",-0.9719595927515426,2.706164440612958,,,666126,1,4,"Top",128.56,76.43,,,,,2.662324849282754,-123.63727673787679,-0.5803704058496658,-2.9750962730082753,30.564504084944094,-29.220941369060412,3.18226706,1.606003937,305,"86.5",35,"83.2",2225,"5.6",824184,543877,572233,514888,670623,665161,664774,676694,666211,"54.86",0.023,0.032,"0",1,0,0,3,37,1,"Slider",7,2,2,7,2,7,2,7,"Infield shade","Standard",251,"0.017","-0.258","71.4","6.1",,0.052,"0.258","88.0",5,-5,0.919,0.08099999999999996,28,28,28,29,3,2,6,1,6,1,"2.92","0.23","0.23","27.6",4.41488829463637,2.5965903313671053,29.298156055554006,29.496487073693714,32.124836916087865
"FF","2026-06-06","94.7","-1.88","5.27","Imai, Tatsuya",666126,837227,"single","hit_into_play",,,,,5,"Carlos Cortes singles on a ground ball to left fielder LaMonte Wade Jr.","R","L","R","HOU","ATH","X",7,"ground_ball",2,2,2026,"-1.02","0.9",-0.2652119852051298,2.370960779922786,,,,1,4,"Top",64.3,121.67,,,,,6.422522343533913,-137.66697404068327,-3.6717078488737687,-14.473061888927427,33.03031355335615,-20.11397947039136,2.990067257,1.509005906,44,"101.5",-1,"93.5",1959,"5.8",824184,543877,572233,514888,670623,665161,664774,676694,666211,"54.67",0.406,0.373,"0.9",1,1,0,4,36,5,"4-Seam Fastball",7,2,2,7,2,7,2,7,"Infield shade","Standard",238,"-0.016","0.442","67.2","6.2",,0.44,"-0.442","101.5",5,-5,0.935,0.06499999999999995,28,29,28,29,3,2,6,1,6,1,"1.66","1.02","-1.02","24.5",-8.217783968225973,18.920902874005602,25.166657227483835,43.087741228407666,12.28536732118352
"SL","2026-06-06","87.5","-1.94","5.51","Imai, Tatsuya",666126,837227,,"ball",,,,,14,,"R","L","R","HOU","ATH","B",,,1,2,2026,"-0.26","0.08",0.7361577819859003,0.6092492026710468,,,,1,4,"Top",,,,,,,6.834639282761541,-127.07883961353244,-5.371783194431552,-4.466898522615176,31.742980579791098,-30.26072797542239,2.990067257,1.509005906,,,,"85.7",2144,"5.7",824184,543877,572233,514888,670623,665161,664774,676694,666211,"54.77",,,,,,,,36,4,"Slider",7,2,2,7,2,7,2,7,"Infield shade","Standard",269,"-0.001","0.052",,,,,"-0.052",,5,-5,0.936,0.06399999999999995,28,29,28,29,3,2,6,1,6,1,"2.97","0.26","-0.26","28.6",,,,,
"SL","2026-06-06","85.1","-1.98","5.56","Imai, Tatsuya",666126,837227,,"called_strike",,,,,1,,"R","L","R","HOU","ATH","S",,,1,1,2026,"0.01","0",-0.5740202227800496,2.573273873421365,,,,1,4,"Top",,,,,,,3.1888735978459075,-123.75872491619319,-0.34112731186784817,-0.7126841815724748,30.46129192229797,-32.33853170544703,2.990067257,1.509005906,,,,"83.2",2194,"5.6",824184,543877,572233,514888,670623,665161,664774,676694,666211,"54.93",,,,,,,,36,3,"Slider",7,2,2,7,2,7,2,7,"Standard","Standard",290,"0.002","-0.072",,,,,"0.072",,5,-5,0.934,0.06599999999999995,28,29,28,29,3,2,6,1,6,1,"3.21","-0.01","0.01","27.9",,,,,
"SL","2026-06-06","84.3","-2.01","5.59","Imai, Tatsuya",666126,837227,,"ball",,,,,11,,"R","L","R","HOU","ATH","B",,,0,1,2026,"-0.04","0.29",-1.7989566543429416,3.8188567396351365,,,,1,4,"Top",,,,,,,0.5632081105598978,-122.57082692947056,1.9574299565004198,-0.5636622330463275,30.06549756825041,-30.094054758801704,2.990067257,1.509005906,,,,"82.2",2319,"5.5",824184,543877,572233,514888,670623,665161,664774,676694,666211,"55.02",,,,,,,,36,2,"Slider",7,2,2,7,2,7,2,7,"Standard","Standard",294,"-0.001","0.032",,,,,"-0.032",,5,-5,0.935,0.06499999999999995,28,29,28,29,3,2,6,1,6,1,"2.99","0.04","-0.04","26.5",,,,,
"FF","2026-06-06","93.6","-2.04","5.36","Imai, Tatsuya",666126,837227,,"swinging_strike",,,,,2,,"R","L","R","HOU","ATH","S",,,0,0,2026,"-0.88","0.91",0.043193019224109896,3.0758956864366844,,,,1,4,"Top",,,,,,,7.1968341185808224,-136.06370287949173,-1.954330876770946,-12.572929479267698,32.253143109783,-20.670840521457606,2.990067257,1.509005906,,,,"92.3",1926,"5.7",824184,543877,572233,514888,670623,665161,664774,676694,666211,"54.76",,,,,,,,36,1,"4-Seam Fastball",7,2,2,7,2,7,2,7,"Standard","Standard",235,"0.001","-0.041","71.5","6.3","1.208844888",,"0.041",,5,-5,0.934,0.06599999999999995,28,29,28,29,3,2,6,1,6,1,"1.71","0.88","-0.88","22.4",1.2299128463673967,19.969680003652492,23.806364598397128,38.26537489888702,18.554698158060074
"SL","2026-06-06","84.7","-1.88","5.67","Imai, Tatsuya",687231,837227,"field_out","hit_into_play",,,,,8,"Darell Hernaiz grounds out, second baseman Jose Altuve to first baseman Christian Walker.","R","R","R","HOU","ATH","X",4,"ground_ball",1,1,2026,"-0.38","0.25",-0.16554470378229852,1.503491708655313,,,,0,4,"Top",140.35,152.59,,,,,4.654981640392162,-123.11091745360413,-3.4971783734647985,-4.916379720709524,28.686710386041174,-29.123526419865048,3.185777559,1.607775591,10,"70.8",-8,"82.9",2296,"5.6",824184,543877,572233,514888,670623,665161,664774,676694,666211,"54.94",0.07,0.063,"0",1,0,0,2,35,3,"Slider",7,2,2,7,2,7,2,7,"Standard","Standard",258,"0.012","-0.248","71.4","8.0",,0.077,"0.248","88.0",5,-5,0.922,0.07799999999999996,28,24,28,25,2,1,6,1,6,,"2.98","0.38","0.38","26.8",18.13426053628128,-16.40998373069309,41.258215301148724,33.24547593510398,38.757476050181836
"FF","2026-06-06","92.4","-1.84","5.47","Imai, Tatsuya",687231,837227,,"ball",,,,,14,,"R","R","R","HOU","ATH","B",,,0,1,2026,"-1.19","0.78",0.33127955925913066,1.198997805191604,,,,0,4,"Top",,,,,,,7.9822166859038495,-134.12466187823443,-6.429199305802478,-16.104224063728147,31.289982959370974,-21.443873087528655,3.185777559,1.607775591,,,,"91",1899,"5.8",824184,543877,572233,514888,670623,665161,664774,676694,666211,"54.73",,,,,,,,35,2,"4-Seam Fastball",7,2,2,7,2,7,2,7,"Standard","Standard",237,"-0.001","0.029",,,,,"-0.029",,5,-5,0.923,0.07699999999999996,28,24,28,25,2,1,6,1,6,,"1.92","1.19","1.19","25.6",,,,,
"SL","2026-06-06","83.1","-1.88","5.67","Imai, Tatsuya",687231,837227,,"called_strike",,,,,7,,"R","R","R","HOU","ATH","S",,,0,0,2026,"-0.03","0",-0.696346306928861,1.7179454925492088,,,,0,4,"Top",,,,,,,2.6938783896372938,-120.77186342512933,-2.134885157294363,-0.9495695196880205,30.529090843421372,-31.893431957495196,3.185777559,1.607775591,,,,"80.8",2221,"5.5",824184,543877,572233,514888,670623,665161,664774,676694,666211,"54.99",,,,,,,,35,1,"Slider",7,2,2,7,2,7,2,7,"Standard","Standard",269,"0.002","-0.042",,,,,"0.042",,5,-5,0.921,0.07899999999999996,28,24,28,25,2,1,6,1,6,,"3.39","0.03","0.03","29.4",,,,,
"SL","2026-06-06","86.9","-1.77","5.44","Imai, Tatsuya",643446,837227,"strikeout","swinging_strike",,,,,14,"Jeff McNeil strikes out swinging.","R","L","R","HOU","ATH","S",2,,1,2,2026,"-0.09","-0.04",0.09687674657254283,1.3854812845839288,691016,703607,680869,2,3,"Top",,,,,,,4.551551902056751,-126.44263419295456,-3.132942927907459,-1.9774682597789646,28.285054254681707,-32.09584887759782,3.213861549,1.621948819,,,,"85.8",2318,"5.8",824184,543877,572233,514888,670623,665161,664774,676694,666211,"54.68",,0,"0",1,0,0,,30,4,"Slider",6,2,2,6,2,6,2,6,"Standard","Standard",276,"0.041","-0.161","68.1","8.8","2.201095188",,"0.161",,4,-4,0.853,0.14700000000000002,28,34,28,34,2,1,6,1,6,1,"3.08","0.09","-0.09","27.5",28.793596156497426,-39.66314972997242,36.26399451657685,31.485770471780757,50.41209613096195
"FF","2026-06-06","95.4","-1.95","5.19","Imai, Tatsuya",643446,837227,,"called_strike",,,,,8,,"R","L","R","HOU","ATH","S",,,1,1,2026,"-1.14","1",-0.18462867342190004,1.5133221329984712,691016,703607,680869,2,3,"Top",,,,,,,7.124014865307586,-138.66772448730177,-6.004611904045168,-16.35206774307005,33.927486001714065,-18.04745007388478,3.213861549,1.621948819,,,,"94.4",2121,"6",824184,543877,572233,514888,670623,665161,664774,676694,666211,"54.54",,,,,,,,30,3,"4-Seam Fastball",6,2,2,6,2,6,2,6,"Standard","Standard",235,"0.015","-0.063",,,,,"0.063",,4,-4,0.838,0.16200000000000003,28,34,28,34,2,1,6,1,6,1,"1.53","1.14","-1.14","22.3",,,,,
"FF","2026-06-06","95.9","-1.97","5.02","Imai, Tatsuya",643446,837227,,"ball",,,,,14,,"R","L","R","HOU","ATH","B",,,0,1,2026,"-1.26","0.78",0.9721765197745031,1.433368601820649,691016,703607,680869,2,3,"Top",,,,,,,10.50766725133393,-139.12493769322592,-5.347032557216897,-18.834755807504717,34.0501394704972,-21.010381913334108,3.213861549,1.621948819,,,,"95",1997,"6.2",824184,543877,572233,514888,670623,665161,664774,676694,666211,"54.35",,,,,,,,30,2,"4-Seam Fastball",6,2,2,6,2,6,2,6,"Standard","Standard",242,"-0.006","0.021",,,,,"-0.021",,4,-4,0.844,0.15600000000000003,28,34,28,34,2,1,6,1,6,1,"1.74","1.26","-1.26","22.1",,,,,
"SL","2026-06-06","86.9","-1.94","5.34","Imai, Tatsuya",643446,837227,,"foul",,,,,4,,"R","L","R","HOU","ATH","S",,,0,0,2026,"0","0.03",-0.6609801719742018,2.2726249974407238,691016,703607,680869,2,3,"Top",,,,,,,2.993416244263114,-126.37998671229545,-0.9295320511640732,-0.7391781622767581,30.068641293433622,-31.849384078912617,3.213861549,1.621948819,241,"83",46,"85.5",2409,"5.8",824184,543877,572233,514888,670623,665161,664774,676694,666211,"54.69",,,,,,,,30,1,"Slider",6,2,2,6,2,6,2,6,"Standard","Standard",257,"0.009","-0.04","71.5","7.3",,,"0.04","88.0",4,-4,0.835,0.16500000000000004,28,34,28,34,2,1,6,1,6,1,"3.03","0","0","26.4",2.1408081514338795,5.670616242613488,36.75661912808581,40.63380273728537,23.336018675303386
"FF","2026-06-06","97","-1.88","4.94","Imai, Tatsuya",680869,837227,"walk","blocked_ball",,,,,13,"Zack Gelof walks. Brent Rooker scores. Tyler Soderstrom to 3rd. Henry Bolte to 2nd.","R","R","R","HOU","ATH","B",,,3,1,2026,"-1.1","0.89",-0.5421209142699104,0.3132941289071782,667670,691016,703607,2,3,"Top",,,,,,,6.080280973063531,-140.89524404551412,-8.576980404243518,-16.067100505229977,33.46931461702548,-18.53790192176119,3.291970144,1.66136811,,,,"96.6",2003,"6.2",824184,543877,572233,514888,670623,665161,664774,676694,666211,"54.26",,0.697886,"0.7",1,0,0,,29,5,"4-Seam Fastball",6,1,1,6,2,6,2,6,"Infield shade","Standard",242,"-0.031","0.186",,,,,"-0.186",,5,-5,0.866,0.134,28,26,28,27,2,1,6,1,6,1,"1.55","1.1","1.1","24.3",,,,,
"FF","2026-06-06","96.3","-1.95","4.99","Imai, Tatsuya",680869,837227,,"ball",,,,,14,,"R","R","R","HOU","ATH","B",,,2,1,2026,"-0.91","0.85",0.8458054508957855,1.7129123348870565,667670,691016,703607,2,3,"Top",,,,,,,9.39263259084387,-139.90088441498094,-4.824595273905549,-14.10052982740572,32.46061448078928,-20.145080923305542,3.291970144,1.66136811,,,,"95.9",1914,"6.2",824184,543877,572233,514888,670623,665161,664774,676694,666211,"54.3",,,,,,,,29,4,"4-Seam Fastball",6,1,1,6,1,6,1,6,"Infield shade","Standard",236,"-0.016","0.11",,,,,"-0.11",,5,-5,0.882,0.118,28,26,28,27,2,1,6,1,6,1,"1.63","0.91","0.91","21.7",,,,,
"SL","2026-06-06","87.6","-1.95","5.41","Imai, Tatsuya",680869,837227,,"ball",,,,,13,,"R","R","R","HOU","ATH","B",,,1,1,2026,"-0.1","0.02",-0.7190132483450762,1.1237067102664389,667670,691016,703607,2,3,"Top",,,,,,,3.1170323517883043,-127.44499462084383,-3.911839506517896,-1.770509287186004,29.368326931606283,-31.272895758325056,3.291970144,1.66136811,,,,"86.4",2298,"5.8",824184,543877,572233,514888,670623,665161,664774,676694,666211,"54.71",,,,,,,,29,3,"Slider",6,1,1,6,1,6,1,6,"Infield shade","Standard",254,"-0.007","0.07",,,,,"-0.07",,5,-5,0.889,0.11099999999999999,28,26,28,27,2,1,6,1,6,1,"2.98","0.1","0.1","30.6",,,,,
"SL","2026-06-06","87.4","-1.7","5.42","Imai, Tatsuya",680869,837227,,"called_strike",,,,,8,,"R","R","R","HOU","ATH","S",,,1,0,2026,"-0.13","0.02",0.16669279514259083,1.92114938366502,667670,691016,703607,2,3,"Top",,,,,,,4.660903671986198,-127.147718477061,-1.9770636294588133,-2.4935686502746126,31.32236618161367,-31.74467960597994,3.291970144,1.66136811,,,,"85.9",2322,"5.8",824184,543877,572233,514888,670623,665161,664774,676694,666211,"54.69",,,,,,,,29,2,"Slider",6,1,1,6,1,6,1,6,"Infield shade","Standard",276,"0.007","-0.044",,,,,"0.044",,5,-5,0.882,0.118,28,26,28,27,2,1,6,1,6,1,"3.02","0.13","0.13","25.8",,,,,
"SL","2026-06-06","87.1","-1.82","5.41","Imai, Tatsuya",680869,837227,,"ball",,,,,14,,"R","R","R","HOU","ATH","B",,,0,0,2026,"-0.03","-0.15",0.8261126884701797,1.2044980988385499,667670,691016,703607,2,3,"Top",,,,,,,6.27611828692394,-126.53215194792926,-3.125477409021679,-2.048924132735953,34.02096151759784,-33.17591793363818,3.291970144,1.66136811,,,,"85.2",2241,"5.9",824184,543877,572233,514888,670623,665161,664774,676694,666211,"54.61",,,,,,,,29,1,"Slider",6,1,1,6,1,6,1,6,"Infield shade","Standard",308,"-0.005","0.025",,,,,"-0.025",,5,-5,0.887,0.11299999999999999,28,26,28,27,2,1,6,1,6,1,"3.25","0.03","0.03","24.6",,,,,
"SI","2026-06-06","94.1","-1.99","5.1","Imai, Tatsuya",703607,837227,"hit_by_pitch","hit_by_pitch",,,,,13,"Henry Bolte hit by pitch. Tyler Soderstrom to 2nd.","R","R","R","HOU","ATH","B",,,0,1,2026,"-1.61","0.37",-1.9798226106721595,1.6189929699334085,667670,,691016,2,3,"Top",,,,,,,3.645286617219619,-136.9617616004368,-3.8888450080852053,-21.03385293031893,33.20957701197154,-26.774211321967464,3.332340879,1.681742126,,,,"93.1",1984,"5.9",824184,543877,572233,514888,670623,665161,664774,676694,666211,"54.58",,0.7288,"0.7",1,0,0,,28,2,"Sinker",6,1,1,6,1,6,1,6,"Standard","Standard",239,"-0.023","0.159",,,,,"-0.159",,5,-5,0.91,0.08999999999999997,28,22,28,23,2,1,6,1,6,1,"2.22","1.61","1.61","21.0",,,,,
"SL","2026-06-06","86.5","-1.82","5.42","Imai, Tatsuya",703607,837227,,"foul",,,,,5,,"R","R","R","HOU","ATH","S",,,0,0,2026,"-0.15","0.14",-0.16867070937842477,2.4290231410938192,667670,,691016,2,3,"Top",,,,,,,4.1394814340583,-125.68517129974374,-0.7867087294418879,-2.6077639508003507,33.114532080566825,-30.834487492353876,3.332340879,1.681742126,6,"94.9",-23,"84.6",2320,"5.8",824184,543877,572233,514888,670623,665161,664774,676694,666211,"54.65",,,,,,,,28,1,"Slider",6,1,1,6,1,6,1,6,"Standard","Standard",263,"0.004","-0.03","88.0","9.0",,,"0.03","94.9",5,-5,0.906,0.09399999999999997,28,22,28,23,2,1,6,1,6,1,"3","0.15","0.15","27.9",20.843645161618287,-20.562574952568745,28.744742892892955,32.738726912046666,41.108141769337664
"FF","2026-06-06","97","-1.83","5.15","Imai, Tatsuya",691016,837227,"single","hit_into_play",,,,,2,"Tyler Soderstrom singles on a ground ball to center fielder Jake Meyers. Nick Kurtz scores. Brent Rooker to 3rd.","R","L","R","HOU","ATH","X",8,"ground_ball",2,2,2026,"-1.24","0.74",0.24029494300766707,3.0930810746365234,,701762,667670,2,3,"Top",134.26,95.31,,,,,8.312892343060495,-140.9838744693561,-1.4654015109259835,-18.46226273933097,33.20258006735697,-22.246993745879625,3.285826772,1.658267717,44,"98.6",-1,"96.5",2046,"6.1",824184,543877,572233,514888,670623,665161,664774,676694,666211,"54.36",0.421,0.379,"0.9",1,1,0,2,27,8,"4-Seam Fastball",6,0,0,6,1,6,1,6,"Infield shade","Standard",237,"-0.038","0.618","72.1","6.3",,0.467,"-0.618","98.6",6,-6,0.944,0.05600000000000005,28,24,28,25,2,1,6,1,6,1,"1.7","1.24","-1.24","23.8",3.6490154757921727,10.831559486842407,25.259332777633073,35.95041872889577,22.739995802419674
"SL","2026-06-06","87.8","-1.99","5.18","Imai, Tatsuya",691016,837227,,"foul",,,,,14,,"R","L","R","HOU","ATH","S",,,2,2,2026,"0.02","-0.11",0.007516969077006913,1.049990958203595,,701762,667670,2,3,"Top",,,,,,,4.7024878214819115,-127.68341572951013,-3.268589174785931,-0.9081571021685941,31.781635373342684,-32.76885830899807,3.285826772,1.658267717,2,"100.5",-36,"86.6",2212,"6",824184,543877,572233,514888,670623,665161,664774,676694,666211,"54.47",,,,,,,,27,7,"Slider",6,0,0,6,0,6,0,6,"Standard","Standard",294,"0","0","82.1","8.8",,,"0","100.5",6,-6,0.944,0.05600000000000005,28,24,28,25,2,1,6,1,6,1,"3.12","-0.02","0.02","28.4",19.58917241715614,-18.4546610489707,35.35950532383664,39.392530815282484,40.36098654349499
"SL","2026-06-06","86.8","-1.88","5.32","Imai, Tatsuya",691016,837227,,"ball",,,,,13,,"R","L","R","HOU","ATH","B",,,1,2,2026,"0.03","-0.01",-0.1875426737079859,0.8775555595679276,,701762,667670,2,3,"Top",,,,,,,3.898783871125422,-126.22165187338814,-4.042672783203872,-0.5844052480017552,29.48333045653385,-31.58047957554496,3.285826772,1.658267717,,,,"85.7",2226,"5.9",824184,543877,572233,514888,670623,665161,664774,676694,666211,"54.58",,,,,,,,27,6,"Slider",6,0,0,6,0,6,0,6,"Standard","Standard",281,"-0.002","0.016",,,,,"-0.016",,6,-6,0.946,0.05400000000000005,28,24,28,25,2,1,6,1,6,1,"3.08","-0.03","0.03","27.8",,,,,
"FF","2026-06-06","96.6","-1.83","5.18","Imai, Tatsuya",691016,837227,,"foul",,,,,14,,"R","L","R","HOU","ATH","S",,,1,2,2026,"-0.99","0.87",0.9268216317530231,2.3989977566669793,,701762,667670,2,3,"Top",,,,,,,9.46898813115512,-140.29949967656228,-3.607482331204901,-15.171327622784988,32.018335808510656,-20.095086919339384,3.285826772,1.658267717,,,,"95.9",2010,"6",824184,543877,572233,514888,670623,665161,664774,676694,666211,"54.46",,,,,,,,27,5,"4-Seam Fastball",6,0,0,6,0,6,0,6,"Standard","Standard",238,"0","0","70.4","6.3",,,"0",,6,-6,0.946,0.05400000000000005,28,24,28,25,2,1,6,1,6,1,"1.59","0.99","-0.99","24.5",-1.762641481515969,15.473469338651006,37.818422730162595,27.1219138771512,18.068257687022907
"FF","2026-06-06","96.6","-1.84","5.14","Imai, Tatsuya",691016,837227,,"foul",,,,,5,,"R","L","R","HOU","ATH","S",,,1,2,2026,"-1.28","0.86",0.26062113457380187,2.7756148043523803,,701762,667670,2,3,"Top",,,,,,,8.442333971693104,-140.26191809022072,-2.42850690215756,-18.963844298593067,37.08497246155478,-20.519720275483426,3.285826772,1.658267717,229,"76.3",42,"95.4",2256,"6.1",824184,543877,572233,514888,670623,665161,664774,676694,666211,"54.42",,,,,,,,27,4,"4-Seam Fastball",6,0,0,6,0,6,0,6,"Infield shade","Standard",234,"0","0","74.2","6.4",,,"0","88.0",6,-6,0.946,0.05400000000000005,28,24,28,25,2,1,6,1,6,1,"1.63","1.28","-1.28","23.8",-0.8389129310762006,12.778124929481645,31.466111253410464,34.92127742683629,21.322616670169232
"SL","2026-06-06","86","-1.82","5.44","Imai, Tatsuya",691016,837227,,"foul",,,,,8,,"R","L","R","HOU","ATH","S",,,1,1,2026,"-0.15","0.08",0.09537912136590665,1.5916508194829526,,701762,667670,2,3,"Top",,,,,,,4.72175481215741,-125.08845198374698,-2.650346962781837,-2.6627133524567195,30.851906658289302,-30.933883725660095,3.285826772,1.658267717,142,"88.8",10,"84.3",2277,"5.7",824184,543877,572233,514888,670623,665161,664774,676694,666211,"54.77",,,,,,,,27,3,"Slider",6,0,0,6,0,6,0,6,"Standard","Standard",283,"0.004","-0.058","79.4","8.4",,,"0.058","88.8",6,-6,0.942,0.05800000000000005,28,24,28,25,2,1,6,1,6,1,"3.06","0.15","-0.15","25.4",16.56963032418329,-15.333019253711946,33.38458308863985,37.94710863917218,41.006068656935824
"FS","2026-06-06","84.8","-1.8","5.43","Imai, Tatsuya",691016,837227,,"ball",,,,,11,,"R","L","R","HOU","ATH","B",,,0,1,2026,"-1.04","0.42",-2.482260656297763,2.9392273710208117,,701762,667670,2,3,"Top",,,,,,,0.5405076793055203,-123.37819649392259,-0.06701800258501744,-10.616042900626402,28.13959178249629,-28.19970877070726,3.285826772,1.658267717,,,,"83.5",1123,"5.7",824184,543877,572233,514888,670623,665161,664774,676694,666211,"54.75",,,,,,,,27,2,"Split-Finger",6,0,0,6,0,6,0,6,"Standard","Standard",256,"-0.002","0.016",,,,,"-0.016",,6,-6,0.944,0.05600000000000005,28,24,28,25,2,1,6,1,6,1,"2.79","1.04","-1.04","27.8",,,,,
"SI","2026-06-06","94.7","-2","5.22","Imai, Tatsuya",691016,837227,,"called_strike",,,,,8,,"R","L","R","HOU","ATH","S",,,0,0,2026,"-1.48","0.54",0.21151198851452047,2.079851028248794,,701762,667670,2,3,"Top",,,,,,,9.018618707881238,-137.62729099279892,-3.4608505567107293,-20.915832229883296,32.61989221621185,-24.75521323291001,3.285826772,1.658267717,,,,"93.9",1952,"6",824184,543877,572233,514888,670623,665161,664774,676694,666211,"54.47",,,,,,,,27,1,"Sinker",6,0,0,6,0,6,0,6,"Standard","Standard",238,"0.003","-0.036",,,,,"0.036",,6,-6,0.941,0.05900000000000005,28,24,28,25,2,1,6,1,6,1,"2.03","1.48","-1.48","21.7",,,,,
"SL","2026-06-06","86.5","-1.69","5.64","Imai, Tatsuya",667670,837227,"single","hit_into_play",,,,,5,"Brent Rooker singles on a ground ball to left fielder LaMonte Wade Jr. Nick Kurtz to 2nd.","R","R","R","HOU","ATH","X",7,"ground_ball",0,2,2026,"-0.16","-0.15",0.021608449548621983,2.305742764440141,,,701762,2,3,"Top",56.1,113.95,,,,,4.315721724824345,-125.8677248928725,-1.1592114884818234,-2.6282767686457156,27.499416968204464,-33.7343499726781,3.363935368,1.697687008,110,"106.1",6,"85.3",2334,"5.7",824184,543877,572233,514888,670623,665161,664774,676694,666211,"54.84",0.594,0.553,"0.9",1,1,0,4,26,3,"Slider",6,0,0,6,0,6,0,6,"Infield shade","Standard",281,"-0.012","0.444","76.4","7.4",,0.677,"-0.444","106.1",6,-6,0.953,0.04700000000000004,28,31,28,32,2,1,6,1,6,1,"3.22","0.16","0.16","30.4",15.494056292526967,-12.07664615132839,34.67393882942528,34.316428490734225,37.27029910257258
"SL","2026-06-06","85.6","-1.79","5.61","Imai, Tatsuya",667670,837227,,"foul",,,,,11,,"R","R","R","HOU","ATH","S",,,0,1,2026,"-0.03","-0.04",-0.9770537952162022,2.8019859963879714,,,701762,2,3,"Top",,,,,,,1.9272569001634905,-124.59170409588602,0.030923133792516877,-0.7091897016050813,29.20302663288573,-32.8915072889741,3.363935368,1.697687008,71,"50.8",45,"84.1",2222,"5.7",824184,543877,572233,514888,670623,665161,664774,676694,666211,"54.8",,,,,,,,26,2,"Slider",6,0,0,6,0,6,0,6,"Infield shade","Standard",247,"0.002","-0.061","68.4","6.2",,,"0.061","88.0",6,-6,0.951,0.049000000000000044,28,31,28,32,2,1,6,1,6,1,"3.2","0.03","0.03","28.0",-3.0476018933949414,7.127587950323071,43.394872064577534,22.574600889543035,24.431410251912116
"SL","2026-06-06","86.2","-1.85","5.53","Imai, Tatsuya",667670,837227,,"called_strike",,,,,5,,"R","R","R","HOU","ATH","S",,,0,0,2026,"0.07","0.12",0.08145826486619062,2.727262589051498,,,701762,2,3,"Top",,,,,,,4.336625720247623,-125.36413199231976,-0.3803676958232205,-0.299453826618207,29.588727706481073,-31.10249992505045,3.363935368,1.697687008,,,,"84.9",2248,"5.9",824184,543877,572233,514888,670623,665161,664774,676694,666211,"54.63",,,,,,,,26,1,"Slider",6,0,0,6,0,6,0,6,"Infield shade","Standard",306,"0.001","-0.041",,,,,"0.041",,6,-6,0.95,0.050000000000000044,28,31,28,32,2,1,6,1,6,1,"3","-0.07","-0.07","31.5",,,,,
"FF","2026-06-06","96.7","-1.8","5.14","Imai, Tatsuya",701762,837227,"walk","ball",,,,,14,"Nick Kurtz walks.","R","L","R","HOU","ATH","B",,,3,2,2026,"-1.11","0.77",0.9520425351613717,1.9437917767909454,,,,2,3,"Top",,,,,,,9.784398371097431,-140.38629081412753,-4.453504409837555,-17.073302288595166,35.00952177969517,-21.110516953479678,3.413082349,1.722490158,,,,"95.9",2022,"6.2",824184,543877,572233,514888,670623,665161,664774,676694,666211,"54.33",,0.697886,"0.7",1,0,0,,25,6,"4-Seam Fastball",6,0,0,6,0,6,0,6,"Infield shade","Standard",238,"-0.004","0.292",,,,,"-0.292",,6,-6,0.954,0.04600000000000004,28,23,28,23,2,1,6,1,6,1,"1.7","1.11","-1.11","24.6",,,,,
"SL","2026-06-06","88.1","-1.82","5.5","Imai, Tatsuya",701762,837227,,"ball",,,,,13,,"R","L","R","HOU","ATH","B",,,2,2,2026,"-0.47","0.33",-0.9605185173539458,1.406765936828279,,,,2,3,"Top",,,,,,,3.0269263272643774,-128.18730275007877,-4.1672981976438335,-5.859109786086572,31.271744920846174,-27.76143732934274,3.413082349,1.722490158,,,,"86.7",2178,"5.8",824184,543877,572233,514888,670623,665161,664774,676694,666211,"54.68",,,,,,,,25,5,"Slider",6,0,0,6,0,6,0,6,"Infield shade","Standard",257,"-0.001","0.083",,,,,"-0.083",,6,-6,0.955,0.04500000000000004,28,23,28,23,2,1,6,1,6,1,"2.65","0.47","-0.47","26.2",,,,,
"FF","2026-06-06","96.8","-1.67","5.38","Imai, Tatsuya",701762,837227,,"ball",,,,,12,,"R","L","R","HOU","ATH","B",,,1,2,2026,"-0.8","1.14",1.0045462322634613,4.02214142879699,,,,2,3,"Top",,,,,,,8.807962807496505,-140.69977190602023,-0.5189896897098292,-12.683240740219228,35.14988631065663,-17.249316197335368,3.413082349,1.722490158,,,,"95.6",2070,"5.9",824184,543877,572233,514888,670623,665161,664774,676694,666211,"54.59",,,,,,,,25,4,"4-Seam Fastball",6,0,0,6,0,6,0,6,"Infield shade","Standard",230,"-0.001","0.041",,,,,"-0.041",,6,-6,0.956,0.04400000000000004,28,23,28,23,2,1,6,1,6,1,"1.32","0.8","-0.8","25.7",,,,,
"FF","2026-06-06","95.5","-1.82","5.43","Imai, Tatsuya",701762,837227,,"called_strike",,,,,12,,"R","L","R","HOU","ATH","S",,,1,1,2026,"-0.96","0.96",0.4936936261920363,3.601904632684308,,,,2,3,"Top",,,,,,,8.144286043613679,-138.78391433525388,-1.1385416938008537,-14.383601194239137,34.42220422421918,-19.82871351852371,3.413082349,1.722490158,,,,"94.2",2000,"5.9",824184,543877,572233,514888,670623,665161,664774,676694,666211,"54.64",,,,,,,,25,3,"4-Seam Fastball",6,0,0,6,0,6,0,6,"Infield shade","Standard",240,"0.001","-0.066",,,,,"0.066",,6,-6,0.955,0.04500000000000004,28,23,28,23,2,1,6,1,6,1,"1.57","0.96","-0.96","24.1",,,,,
"FS","2026-06-06","85.6","-1.72","5.61","Imai, Tatsuya",701762,837227,,"ball",,,,,13,,"R","L","R","HOU","ATH","B",,,0,1,2026,"-1.36","0.46",-0.22865602386277195,0.6500112177244359,,,,2,3,"Top",,,,,,,6.1863030779999955,-124.45420068948845,-6.034407202801566,-15.359546210466558,25.264531775643256,-26.310423340259646,3.413082349,1.722490158,,,,"84.6",1307,"5.7",824184,543877,572233,514888,670623,665161,664774,676694,666211,"54.79",,,,,,,,25,2,"Split-Finger",6,0,0,6,0,6,0,6,"Infield shade","Standard",258,"0","0.03",,,,,"-0.03",,6,-6,0.955,0.04500000000000004,28,23,28,23,2,1,6,1,6,1,"2.65","1.36","-1.36","26.7",,,,,
"FS","2026-06-06","84.9","-1.82","5.5","Imai, Tatsuya",701762,837227,,"swinging_strike",,,,,13,,"R","L","R","HOU","ATH","S",,,0,0,2026,"-1.29","0.29",-0.27348104125302375,1.53088544143773,,,,2,3,"Top",,,,,,,6.137789115177757,-123.4592920466775,-3.2936796561509034,-14.459997005782817,24.301822893565117,-28.792486081806512,3.413082349,1.722490158,,,,"84.2",1214,"5.9",824184,543877,572233,514888,670623,665161,664774,676694,666211,"54.64",,,,,,,,25,1,"Split-Finger",6,0,0,6,0,6,0,6,"Infield shade","Standard",256,"0","-0.043","79.4","9.2","11.498363496",,"0.043",,6,-6,0.955,0.04500000000000004,28,23,28,23,2,1,6,1,6,1,"2.88","1.29","-1.29","29.0",33.7940510512662,-36.14408043196867,40.39393172229217,40.29180288359281,50.936395630807695
"SL","2026-06-06","86.6","-1.79","5.65","Imai, Tatsuya",669127,837227,"strikeout","swinging_strike",,,,,13,"Shea Langeliers strikes out swinging.","R","R","R","HOU","ATH","S",2,,1,2,2026,"-0.24","-0.14",-0.44762860457036413,1.1810527896892054,,,,1,3,"Top",,,,,,,3.6035658330182874,-126.05034598823423,-3.8679160470355027,-3.2636214606850813,26.56059032361292,-33.059819173978205,3.18226706,1.606003937,,,,"85.5",2259,"5.7",824184,543877,572233,514888,670623,665161,664774,676694,666211,"54.84",,0,"0",1,0,0,,24,4,"Slider",6,0,0,6,0,6,0,6,"Standard","Standard",275,"0.005","-0.181","78.5","8.3","1.36837158",,"0.181",,6,-6,0.95,0.050000000000000044,28,28,28,29,2,1,6,1,6,1,"3.19","0.24","0.24","29.0",23.986404785732795,-32.092281507741355,38.43599531262992,34.632731399235894,49.052506362026335
"FF","2026-06-06","95.6","-1.82","5.4","Imai, Tatsuya",669127,837227,,"ball",,,,,14,,"R","R","R","HOU","ATH","B",,,0,2,2026,"-0.99","0.8",1.2614502741336031,2.1757544138729035,,,,1,3,"Top",,,,,,,10.183782302615338,-138.84160232293485,-4.48850313482783,-15.054252875948015,29.348649280458506,-21.00599940615738,3.18226706,1.606003937,,,,"95",1830,"5.9",824184,543877,572233,514888,670623,665161,664774,676694,666211,"54.57",,,,,,,,24,3,"4-Seam Fastball",6,0,0,6,0,6,0,6,"Standard","Standard",237,"-0.001","0.017",,,,,"-0.017",,6,-6,0.951,0.049000000000000044,28,28,28,29,2,1,6,1,6,1,"1.69","0.99","0.99","24.1",,,,,
"FF","2026-06-06","94.9","-1.82","5.41","Imai, Tatsuya",669127,837227,,"swinging_strike",,,,,5,,"R","R","R","HOU","ATH","S",,,0,1,2026,"-0.99","0.88",-0.27440264839678585,2.6002671019750205,,,,1,3,"Top",,,,,,,6.182290092244355,-138.15528235985832,-3.484300814626187,-14.054904358742046,30.12803331554821,-20.349869467731487,3.18226706,1.606003937,,,,"94.1",1906,"5.8",824184,543877,572233,514888,670623,665161,664774,676694,666211,"54.74",,,,,,,,24,2,"4-Seam Fastball",6,0,0,6,0,6,0,6,"Standard","Standard",237,"0.002","-0.057","61.8","4.8","0.309955284",,"0.057",,6,-6,0.949,0.051000000000000045,28,28,28,29,2,1,6,1,6,1,"1.65","0.99","0.99","26.6",-27.755201476835914,56.81671372398249,42.07264397830695,37.27125281935018,-2.574535877865878
"FF","2026-06-06","94.2","-1.72","5.49","Imai, Tatsuya",669127,837227,,"called_strike",,,,,9,,"R","R","R","HOU","ATH","S",,,0,0,2026,"-0.89","0.95",0.5082582786728446,2.056416612873278,,,,1,3,"Top",,,,,,,7.628912353826892,-136.9814174408628,-5.1049848422705875,-12.861411749192033,29.63393902171796,-19.270970817291996,3.18226706,1.606003937,,,,"93.4",1828,"5.8",824184,543877,572233,514888,670623,665161,664774,676694,666211,"54.7",,,,,,,,24,1,"4-Seam Fastball",6,0,0,6,0,6,0,6,"Standard","Standard",238,"0.001","-0.041",,,,,"0.041",,6,-6,0.948,0.052000000000000046,28,28,28,29,2,1,6,1,6,1,"1.62","0.89","0.89","26.4",,,,,
"SL","2026-06-06","83.9","-1.77","5.66","Imai, Tatsuya",666126,837227,"field_out","hit_into_play",,,,,5,"Carlos Cortes grounds out to first baseman Christian Walker.","R","L","R","HOU","ATH","X",3,"ground_ball",1,0,2026,"-0.11","0.19",-0.23373281314141578,2.237815648392831,,,,0,3,"Top",160.16,164.63,,,,,3.6733892394138032,-121.99855787820019,-1.452807661532201,-2.0088344785626764,31.49087879202757,-30.25409403017763,2.990067257,1.509005906,14,"82.2",-10,"81.6",2338,"5.5",824184,543877,572233,514888,670623,665161,664774,676694,666211,"54.98",0.062,0.058,"0",1,0,0,2,23,2,"Slider",6,0,0,6,0,6,0,6,"Standard","Standard",315,"0.011","-0.304","71.8","8.1",,0.062,"0.304","88.0",6,-6,0.937,0.06299999999999994,28,29,28,29,2,1,6,1,6,1,"3.14","0.11","-0.11","27.0",26.67600655364941,-11.79121156287086,19.299619373898654,41.541248040030474,40.655065645071005
"FF","2026-06-06","93.1","-1.91","5.5","Imai, Tatsuya",666126,837227,,"ball",,,,,14,,"R","L","R","HOU","ATH","B",,,0,0,2026,"-1.03","0.66",0.0075659968516252896,1.1625402151490485,,,,0,3,"Top",,,,,,,7.0698425871931105,-135.297851161615,-6.4393997724319165,-14.287850128875151,31.98683019571957,-22.824398768575566,2.990067257,1.509005906,,,,"91.6",1946,"5.6",824184,543877,572233,514888,670623,665161,664774,676694,666211,"54.87",,,,,,,,23,1,"4-Seam Fastball",6,0,0,6,0,6,0,6,"Standard","Standard",235,"-0.002","0.043",,,,,"-0.043",,6,-6,0.939,0.061000000000000054,28,29,28,29,2,1,6,1,6,1,"2","1.03","-1.03","24.3",,,,,
"SL","2026-06-06","87.4","-1.9","5.33","Imai, Tatsuya",687231,837227,"strikeout","swinging_strike",,,,,7,"Darell Hernaiz strikes out swinging.","R","R","R","HOU","ATH","S",2,,3,2,2026,"-0.26","0.08",-0.6529649210254865,1.8594721400052618,,691016,680869,2,2,"Top",,,,,,,3.487362422424348,-127.17464319972524,-2.0528431753337255,-3.647061442608698,30.842288734764136,-31.066277059922772,3.185777559,1.607775591,,,,"86.2",2342,"5.9",824184,543877,572233,514888,670623,665161,664774,676694,666211,"54.58",,0,"0",1,0,0,,14,6,"Slider",1,0,0,1,0,1,0,1,"Standard","Standard",273,"0.052","-0.279","73.0","7.2","0.590501088",,"0.279",,1,-1,0.604,0.396,28,24,28,25,1,0,6,1,6,,"2.95","0.26","0.26","26.3",13.966428870140675,-18.121561346082075,39.18542227032817,26.23337810577483,33.990000302512414
"SL","2026-06-06","86.5","-1.87","5.38","Imai, Tatsuya",687231,837227,,"called_strike",,,,,2,,"R","R","R","HOU","ATH","S",,,3,1,2026,"0.07","0.04",0.04519195743542612,3.2982563398518514,,691016,680869,2,2,"Top",,,,,,,4.325914067935218,-125.92484775032638,1.3261461212761247,-0.11165871199613912,25.99271205358798,-32.22108636315609,3.185777559,1.607775591,,,,"85.9",2318,"5.9",824184,543877,572233,514888,670623,665161,664774,676694,666211,"54.59",,,,,,,,14,5,"Slider",1,0,0,1,0,1,0,1,"Standard","Standard",312,"0.009","-0.075",,,,,"0.075",,1,-1,0.595,0.405,28,24,28,25,1,0,6,1,6,,"3.01","-0.07","-0.07","28.7",,,,,
"SL","2026-06-06","87.1","-1.89","5.46","Imai, Tatsuya",687231,837227,,"ball",,,,,11,,"R","R","R","HOU","ATH","B",,,2,1,2026,"-0.05","-0.01",-1.3172641751827763,2.4855761090662076,,691016,680869,2,2,"Top",,,,,,,1.459838728485873,-126.76342879818901,-0.7085584053210157,-0.8894530185779949,28.301024578374776,-32.32802344822864,3.185777559,1.607775591,,,,"86.1",2278,"5.9",824184,543877,572233,514888,670623,665161,664774,676694,666211,"54.63",,,,,,,,14,4,"Slider",1,0,0,1,0,1,0,1,"Standard","Standard",278,"-0.011","0.057",,,,,"-0.057",,1,-1,0.606,0.394,28,24,28,25,1,0,6,1,6,,"3.03","0.05","0.05","28.9",,,,,
"FF","2026-06-06","95.7","-1.9","5.13","Imai, Tatsuya",687231,837227,,"ball",,,,,12,,"R","R","R","HOU","ATH","B",,,1,1,2026,"-1.05","0.96",0.8691006641130608,2.9372842513707758,,691016,680869,2,2,"Top",,,,,,,9.59188387629876,-139.06698756511557,-2.1523528074900495,-15.86026672877943,32.008729231460386,-19.467105911655867,3.185777559,1.607775591,,,,"95.3",2014,"6.2",824184,543877,572233,514888,670623,665161,664774,676694,666211,"54.3",,,,,,,,14,3,"4-Seam Fastball",1,0,0,1,0,1,0,1,"Standard","Standard",239,"-0.005","0.036",,,,,"-0.036",,1,-1,0.611,0.389,28,24,28,25,1,0,6,1,6,,"1.54","1.05","1.05","22.9",,,,,
"SL","2026-06-06","85.9","-2.02","5.48","Imai, Tatsuya",687231,837227,,"called_strike",,,,,4,,"R","R","R","HOU","ATH","S",,,1,0,2026,"-0.23","0.19",-0.5419803433228678,2.1575061055605067,,691016,680869,2,2,"Top",,,,,,,3.890763935247147,-124.96083235652424,-1.7204875637365928,-3.2075714544800418,27.905158521549346,-30.007565382585973,3.185777559,1.607775591,,,,"84.7",2321,"5.8",824184,543877,572233,514888,670623,665161,664774,676694,666211,"54.71",,,,,,,,14,2,"Slider",1,0,0,1,0,1,0,1,"Standard","Standard",271,"0.005","-0.045",,,,,"0.045",,1,-1,0.606,0.394,28,24,28,25,1,0,6,1,6,,"2.92","0.23","0.23","32.1",,,,,
"SL","2026-06-06","86.5","-1.82","5.45","Imai, Tatsuya",687231,837227,,"blocked_ball",,,,,14,,"R","R","R","HOU","ATH","B",,,0,0,2026,"-0.33","-0.01",0.42275631081676623,0.1386565562621649,,691016,680869,2,2,"Top",,,,,,,5.890789906531887,-125.69404537610632,-5.96766559902634,-4.8283038431851555,29.906661642404796,-31.103472850386986,3.185777559,1.607775591,,,,"85",2349,"5.8",824184,543877,572233,514888,670623,665161,664774,676694,666211,"54.74",,,,,,,,14,1,"Slider",1,0,0,1,0,1,0,1,"Standard","Standard",254,"-0.003","0.025",,,,,"-0.025",,1,-1,0.609,0.391,28,24,28,25,1,0,6,1,6,,"3.11","0.33","0.33","26.1",,,,,
"SL","2026-06-06","85.8","-1.88","5.53","Imai, Tatsuya",643446,837227,"field_out","hit_into_play",,,,,5,"Jeff McNeil flies out to right fielder Taylor Trammell.","R","L","R","HOU","ATH","X",9,"fly_ball",1,1,2026,"-0.11","-0.11",0.27287674620152663,2.644499395537864,,691016,680869,1,2,"Top",191.9,95.13,,,,,5.208097385580384,-124.86174313814783,-0.06621270901988119,-2.2973608229128075,27.903007048704534,-33.56375951794825,3.213861549,1.621948819,304,"91.1",42,"84.6",2268,"5.8",824184,543877,572233,514888,670623,665161,664774,676694,666211,"54.72",0.011,0.018,"0",1,0,0,3,13,3,"Slider",1,0,0,1,0,1,0,1,"Standard","Standard",245,"0.048","-0.225","75.5","7.5",,0.03,"0.225","91.1",1,-1,0.561,0.43899999999999995,28,34,28,34,1,0,6,1,6,1,"3.24","0.11","-0.11","27.7",15.745039350648902,-15.034422323921685,32.33786689555449,29.053049516741005,32.89464068350209
"FF","2026-06-06","94.6","-1.89","5.34","Imai, Tatsuya",643446,837227,,"ball",,,,,11,,"R","L","R","HOU","ATH","B",,,0,1,2026,"-1","0.77",-1.0675255702747877,3.7550054140123046,,691016,680869,1,2,"Top",,,,,,,4.3490380449325485,-137.65864365427217,0.008441300922763517,-13.651824290035206,35.18652332960832,-22.684341362086386,3.213861549,1.621948819,,,,"93.2",1952,"5.8",824184,543877,572233,514888,670623,665161,664774,676694,666211,"54.72",,,,,,,,13,2,"4-Seam Fastball",1,0,0,1,0,1,0,1,"Standard","Standard",235,"-0.005","0.024",,,,,"-0.024",,1,-1,0.566,0.43400000000000005,28,34,28,34,1,0,6,1,6,1,"1.8","1","-1","24.0",,,,,
"FF","2026-06-06","93.8","-1.99","5.32","Imai, Tatsuya",643446,837227,,"foul",,,,,1,,"R","L","R","HOU","ATH","S",,,0,0,2026,"-0.88","0.8",-0.5720028774976169,3.26415375853603,,691016,680869,1,2,"Top",,,,,,,5.553468007834586,-136.49707364031505,-1.2130872893049625,-12.18001136405633,29.895789548774413,-22.09075623781061,3.213861549,1.621948819,198,"73.7",23,"93.2",1770,"5.9",824184,543877,572233,514888,670623,665161,664774,676694,666211,"54.61",,,,,,,,13,1,"4-Seam Fastball",1,0,0,1,0,1,0,1,"Standard","Standard",235,"0.008","-0.039","67.3","6.3",,,"0.039","88.0",1,-1,0.558,0.44199999999999995,28,34,28,34,1,0,6,1,6,1,"1.79","0.88","-0.88","21.0",-7.807074120645082,23.327237860812573,29.70250916752239,37.99824473621645,13.890537887080233
"SI","2026-06-06","92.8","-2.02","5.37","Imai, Tatsuya",680869,837227,"single","hit_into_play",,,,,11,"Zack Gelof singles on a bunt ground ball to third baseman Isaac Paredes. Tyler Soderstrom to 2nd.","R","R","R","HOU","ATH","X",5,"ground_ball",0,0,2026,"-1.43","0.76",-1.5410776251459959,2.7577862456551494,,,691016,1,2,"Top",116.25,185.77,,,,,4.372742656623075,-135.04397284065394,-2.326966504570163,-18.460882343068686,32.40311443975253,-22.630054127275006,3.291970144,1.66136811,41,"25.5",32,"91.7",1959,"5.9",824184,543877,572233,514888,670623,665161,664774,676694,666211,"54.63",0.301,0.271,"0.9",1,1,0,1,12,1,"Sinker",1,0,0,1,0,1,0,1,"Standard","Standard",241,"-0.042","0.06","5.2","1.0",,0.304,"-0.06","88.0",1,-1,0.6,0.4,28,26,28,27,1,0,6,1,6,1,"1.91","1.43","1.43","25.1",-74.71687407926171,-127.81159351423678,34.9948489468966,22.925271094395853,28.38556079528689
"FF","2026-06-06","94.3","-1.91","5.2","Imai, Tatsuya",703607,837227,"strikeout","swinging_strike",,,,,2,"Henry Bolte strikes out swinging.","R","R","R","HOU","ATH","S",2,,2,2,2026,"-1.04","0.94",0.15517282773726682,2.8315639609172956,,,691016,0,2,"Top",,,,,,,7.60367996880459,-136.9958641704235,-2.3117320446385503,-14.815564303209065,33.842529653558984,-20.082174854783055,3.332340879,1.681742126,,,,"93.3",2079,"6.1",824184,543877,572233,514888,670623,665161,664774,676694,666211,"54.44",,0,"0",1,0,0,,11,5,"4-Seam Fastball",1,0,0,1,0,1,0,1,"Standard","Standard",237,"0.031","-0.217","73.3","6.4","0.553636932",,"0.217",,1,-1,0.569,0.43100000000000005,28,22,28,23,1,0,6,1,6,1,"1.66","1.04","1.04","23.3",-16.331655590605493,43.62317366735763,32.97921464640323,36.43042256179365,2.591111300570344
"SL","2026-06-06","86.1","-1.95","5.56","Imai, Tatsuya",703607,837227,,"foul",,,,,11,,"R","R","R","HOU","ATH","S",,,2,1,2026,"-0.31","0.18",-1.1749260054029451,2.987347529672883,,,691016,0,2,"Top",,,,,,,2.4079910396571074,-125.29939792450283,-0.00597977707992059,-3.7438779269015554,28.270923904275698,-30.49492920195657,3.332340879,1.681742126,96,"63.5",12,"84.7",2160,"5.6",824184,543877,572233,514888,670623,665161,664774,676694,666211,"54.87",,,,,,,,11,4,"Slider",1,0,0,1,0,1,0,1,"Standard","Standard",243,"0.012","-0.069","69.5","6.3",,,"0.069","88.0",1,-1,0.557,0.44299999999999995,28,22,28,23,1,0,6,1,6,1,"2.92","0.31","0.31","25.2",-12.237593960716861,34.57460838492686,34.78992094509754,22.11306019630649,13.68418029210489
"SI","2026-06-06","93.4","-1.81","5.32","Imai, Tatsuya",703607,837227,,"swinging_strike",,,,,13,,"R","R","R","HOU","ATH","S",,,2,0,2026,"-1.47","0.45",-0.9164970130616155,1.6168339786335062,,,691016,0,2,"Top",,,,,,,5.514297810016768,-135.88229193974783,-4.527584544505626,-19.420332631872355,30.269724678960564,-25.763951835355567,3.332340879,1.681742126,,,,"92.6",1889,"5.9",824184,543877,572233,514888,670623,665161,664774,676694,666211,"54.62",,,,,,,,11,3,"Sinker",1,0,0,1,0,1,0,1,"Standard","Standard",243,"0.012","-0.076","77.6","7.9","1.880454552",,"0.076",,1,-1,0.545,0.45499999999999996,28,22,28,23,1,0,6,1,6,1,"2.16","1.47","1.47","25.4",1.032206330097951,7.938655430163153,41.420317277483775,24.12190217907242,21.18230978020674
"SL","2026-06-06","84.8","-1.88","5.64","Imai, Tatsuya",703607,837227,,"ball",,,,,11,,"R","R","R","HOU","ATH","B",,,1,0,2026,"0.12","-0.07",-0.5056195117164101,3.5347229703465453,,,691016,0,2,"Top",,,,,,,2.8886853773282968,-123.46443637573138,1.6604977239332646,0.7180255375996126,23.5636034665574,-33.42182445299117,3.332340879,1.681742126,,,,"83.9",2217,"5.6",824184,543877,572233,514888,670623,665161,664774,676694,666211,"54.91",,,,,,,,11,2,"Slider",1,0,0,1,0,1,0,1,"Standard","Standard",306,"-0.012","0.075",,,,,"-0.075",,1,-1,0.557,0.44299999999999995,28,22,28,23,1,0,6,1,6,1,"3.23","-0.12","-0.12","28.1",,,,,
"SI","2026-06-06","92.9","-1.99","5.33","Imai, Tatsuya",703607,837227,,"ball",,,,,11,,"R","R","R","HOU","ATH","B",,,0,0,2026,"-1.43","0.3",-1.9614501780269673,2.9938418012411643,,,691016,0,2,"Top",,,,,,,3.222215389530731,-135.27200647021226,-0.6953181176292103,-18.235184406808795,29.460593182806203,-28.5795899986884,3.332340879,1.681742126,,,,"92.3",1623,"5.9",824184,543877,572233,514888,670623,665161,664774,676694,666211,"54.63",,,,,,,,11,1,"Sinker",1,0,0,1,0,1,0,1,"Standard","Standard",240,"-0.006","0.038",,,,,"-0.038",,1,-1,0.563,0.43700000000000006,28,22,28,23,1,0,6,1,6,1,"2.34","1.43","1.43","23.5",,,,,
"SL","2026-06-06","87","-1.95","5.46","Imai, Tatsuya",691016,837227,"walk","blocked_ball",,,,,14,"Tyler Soderstrom walks.","R","L","R","HOU","ATH","B",,,3,2,2026,"0.08","-0.25",1.8110647201639205,-0.41301254226839834,,,,0,2,"Top",,,,,,,8.652781163864258,-126.14352506873873,-6.870397188911319,-1.2652510098131489,30.444498790868803,-33.34711618892304,3.285826772,1.658267717,,,,"85.5",2285,"5.9",824184,543877,572233,514888,670623,665161,664774,676694,666211,"54.58",,0.697886,"0.7",1,0,0,,10,6,"Slider",1,0,0,1,0,1,0,1,"Infield shade","Standard",284,"-0.034","0.367",,,,,"-0.367",,1,-1,0.597,0.403,28,24,28,25,1,0,6,1,6,1,"3.33","-0.08","0.08","27.6",,,,,
"SL","2026-06-06","88.1","-1.75","5.45","Imai, Tatsuya",691016,837227,,"ball",,,,,14,,"R","L","R","HOU","ATH","B",,,2,2,2026,"-0.41","0.24",1.96009897617838,0.5545569916861561,,,,0,2,"Top",,,,,,,9.662598857657624,-127.76835155677128,-5.897362544344183,-6.681164156894084,28.907798629224104,-28.414367804852354,3.285826772,1.658267717,,,,"86.9",2348,"5.9",824184,543877,572233,514888,670623,665161,664774,676694,666211,"54.57",,,,,,,,10,5,"Slider",1,0,0,1,0,1,0,1,"Infield shade","Standard",277,"-0.01","0.112",,,,,"-0.112",,1,-1,0.607,0.393,28,24,28,25,1,0,6,1,6,1,"2.74","0.41","-0.41","29.2",,,,,
"CH","2026-06-06","84.9","-1.68","5.72","Imai, Tatsuya",691016,837227,,"ball",,,,,14,,"R","L","R","HOU","ATH","B",,,1,2,2026,"0","-0.24",0.5261426355020447,1.303517673177795,,,,0,2,"Top",,,,,,,5.006308247169685,-123.56173124992581,-3.1944896023717404,-1.0464488502506188,27.048210958094284,-34.10470466058084,3.285826772,1.658267717,,,,"83.3",1970,"5.5",824184,543877,572233,514888,670623,665161,664774,676694,666211,"55.03",,,,,,,,10,4,"Changeup",1,0,0,1,0,1,0,1,"Infield shade","Standard",280,"-0.003","0.047",,,,,"-0.047",,1,-1,0.61,0.39,28,24,28,25,1,0,6,1,6,1,"3.42","0","0","28.4",,,,,
"SL","2026-06-06","84.2","-1.81","5.7","Imai, Tatsuya",691016,837227,,"called_strike",,,,,8,,"R","L","R","HOU","ATH","S",,,1,1,2026,"0.05","-0.04",-0.057090914394592525,1.697549359755326,,,,0,2,"Top",,,,,,,3.8597848175812235,-122.38787508570307,-2.4289362049760026,-0.4614148242645249,29.042423294448195,-32.28753296429647,3.285826772,1.658267717,,,,"82.3",2049,"5.6",824184,543877,572233,514888,670623,665161,664774,676694,666211,"54.94",,,,,,,,10,3,"Slider",1,0,0,1,0,1,0,1,"Infield shade","Standard",299,"0.006","-0.062",,,,,"0.062",,1,-1,0.604,0.396,28,24,28,25,1,0,6,1,6,1,"3.32","-0.05","0.05","27.5",,,,,
"FS","2026-06-06","83.7","-1.78","5.58","Imai, Tatsuya",691016,837227,,"ball",,,,,14,,"R","L","R","HOU","ATH","B",,,0,1,2026,"-1.09","0.02",0.027038792271688372,0.28123159602766457,,,,0,2,"Top",,,,,,,6.236551923357553,-121.70749845712517,-5.511779651325224,-12.031640684520614,24.875300809485143,-31.027743915624768,3.285826772,1.658267717,,,,"82.8",1245,"5.8",824184,543877,572233,514888,670623,665161,664774,676694,666211,"54.7",,,,,,,,10,2,"Split-Finger",1,0,0,1,0,1,0,1,"Infield shade","Standard",261,"-0.003","0.029",,,,,"-0.029",,1,-1,0.607,0.393,28,24,28,25,1,0,6,1,6,1,"3.25","1.09","-1.09","26.7",,,,,
"SI","2026-06-06","91.9","-1.86","5.55","Imai, Tatsuya",691016,837227,,"called_strike",,,,,8,,"R","L","R","HOU","ATH","S",,,0,0,2026,"-1.37","0.84",-0.21013489744849578,2.0415346094846614,,,,0,2,"Top",,,,,,,7.0315126091457225,-133.59143209553193,-4.592247848951633,-17.883472296255462,29.934433315065572,-21.267572727524726,3.285826772,1.658267717,,,,"90.6",1771,"5.7",824184,543877,572233,514888,670623,665161,664774,676694,666211,"54.83",,,,,,,,10,1,"Sinker",1,0,0,1,0,1,0,1,"Standard","Standard",246,"0.004","-0.042",,,,,"0.042",,1,-1,0.603,0.397,28,24,28,25,1,0,6,1,6,1,"1.87","1.37","-1.37","24.0",,,,,
"SL","2026-06-06","87.7","-1.73","5.5","Imai, Tatsuya",667670,837227,"strikeout","swinging_strike",,,,,7,"Brent Rooker strikes out swinging.","R","R","R","HOU","ATH","S",2,,1,2,2026,"-0.29","0.28",-0.4803309019724287,1.6434499174338484,,,666126,2,1,"Top",,,,,,,3.5724014019457107,-127.5500905015703,-3.429922253115617,-3.9921316283473707,30.697815909154265,-28.621615017057476,3.363935368,1.697687008,,,,"86.4",2230,"5.9",824184,543877,572233,514888,670623,665161,664774,676694,666211,"54.6",,0,"0",1,0,0,,4,4,"Slider",0,0,0,0,0,0,0,0,"Infield shade","Standard",285,"0.015","-0.195","74.8","8.1","6.245400036",,"0.195",,0,0,0.533,0.46699999999999997,28,31,28,32,1,0,6,1,6,1,"2.73","0.29","0.29","26.7",32.71429807706246,-39.4604857349805,41.030101017128175,28.076111369586965,54.64369271112233
"SL","2026-06-06","86.6","-1.82","5.52","Imai, Tatsuya",667670,837227,,"blocked_ball",,,,,14,,"R","R","R","HOU","ATH","B",,,0,2,2026,"0.01","0.36",0.689351333329883,0.3300062125245886,,,666126,2,1,"Top",,,,,,,5.818602682446106,-125.63126023537345,-6.393368329207177,-1.4408309307100897,32.8129577138027,-27.01543577572714,3.363935368,1.697687008,,,,"84.6",2263,"5.9",824184,543877,572233,514888,670623,665161,664774,676694,666211,"54.65",,,,,,,,4,3,"Slider",0,0,0,0,0,0,0,0,"Infield shade","Standard",271,"-0.002","0.021",,,,,"-0.021",,0,0,0.535,0.46499999999999997,28,31,28,32,1,0,6,1,6,1,"2.77","-0.01","-0.01","26.8",,,,,
"SL","2026-06-06","86.3","-1.84","5.62","Imai, Tatsuya",667670,837227,,"swinging_strike",,,,,14,,"R","R","R","HOU","ATH","S",,,0,1,2026,"-0.04","0.35",0.14904791163680087,1.3141712506485073,,,666126,2,1,"Top",,,,,,,4.691783295945922,-125.31759882730442,-4.23493777987118,-1.6525056633034483,33.49029816214932,-27.677345654875555,3.363935368,1.697687008,,,,"84.2",2280,"5.8",824184,543877,572233,514888,670623,665161,664774,676694,666211,"54.74",,,,,,,,4,2,"Slider",0,0,0,0,0,0,0,0,"Infield shade","Standard",294,"0.006","-0.061","76.5","7.7","1.629753024",,"0.061",,0,0,0.529,0.471,28,31,28,32,1,0,6,1,6,1,"2.8","0.04","0.04","28.4",22.621512511592993,-16.072272085147908,42.31334021096361,35.940595772250525,42.71449317976746
"SL","2026-06-06","86.6","-1.76","5.62","Imai, Tatsuya",667670,837227,,"swinging_strike",,,,,14,,"R","R","R","HOU","ATH","S",,,0,0,2026,"0.2","0.2",0.8326658301222024,2.421905182479865,,,666126,2,1,"Top",,,,,,,5.627567631866374,-125.8401389472816,-1.4076634114207462,0.586952161271173,33.34683442359378,-30.03294845195157,3.363935368,1.697687008,,,,"84.6",2293,"5.7",824184,543877,572233,514888,670623,665161,664774,676694,666211,"54.76",,,,,,,,4,1,"Slider",0,0,0,0,0,0,0,0,"Infield shade","Standard",290,"0.003","-0.041","74.2","8.0","8.02329684",,"0.041",,0,0,0.526,0.474,28,31,28,32,1,0,6,1,6,1,"2.93","-0.2","-0.2","28.9",25.998449082128737,-34.82813927385838,28.38754220663604,43.49940222488824,52.144870905154406
"SL","2026-06-06","87.1","-1.84","5.45","Imai, Tatsuya",701762,837227,"strikeout","swinging_strike",,,,,14,"Nick Kurtz strikes out swinging.","R","L","R","HOU","ATH","S",2,,3,2,2026,"-0.06","0.2",0.5506652357222841,1.4708493182269078,,,666126,1,1,"Top",,,,,,,5.744080890388991,-126.53968835279365,-3.3402466742747,-2.1708782522479644,33.400685014160835,-29.494445542796555,3.413082349,1.722490158,,,,"85.4",2307,"6",824184,543877,572233,514888,670623,665161,664774,676694,666211,"54.54",,0,"0",1,0,0,,3,6,"Slider",0,0,0,0,0,0,0,0,"Infield shade","Standard",261,"0.034","-0.309","29.8","6.7","10.965316188",,"0.309",,0,0,0.492,0.508,28,23,28,23,1,0,6,1,6,1,"2.89","0.06","-0.06","27.2",8.247864857607569,22.742162754389664,32.137821031015115,29.311915415777257,17.040894678237045
"FF","2026-06-06","95","-1.78","5.37","Imai, Tatsuya",701762,837227,,"ball",,,,,12,,"R","L","R","HOU","ATH","B",,,2,2,2026,"-1.18","1.02",0.521110152931674,4.133406987595825,,,666126,1,1,"Top",,,,,,,8.556981564088966,-137.93304717387926,0.3261545338320625,-17.01518370954118,34.811191099768216,-19.570798483326584,3.413082349,1.722490158,,,,"93.7",2052,"6",824184,543877,572233,514888,670623,665161,664774,676694,666211,"54.52",,,,,,,,3,5,"4-Seam Fastball",0,0,0,0,0,0,0,0,"Infield shade","Standard",239,"-0.01","0.08",,,,,"-0.08",,0,0,0.502,0.498,28,23,28,23,1,0,6,1,6,1,"1.54","1.18","-1.18","25.2",,,,,
"FF","2026-06-06","94.2","-1.87","5.34","Imai, Tatsuya",701762,837227,,"foul",,,,,5,,"R","L","R","HOU","ATH","S",,,2,1,2026,"-1.12","0.93",-0.1738739901868851,2.352228312342371,,,666126,1,1,"Top",,,,,,,6.8250979060394465,-137.0461446313102,-3.9528048838583034,-15.613709469583295,28.757011262756482,-19.78890150722087,3.413082349,1.722490158,338,"101.2",39,"93.7",2021,"5.9",824184,543877,572233,514888,670623,665161,664774,676694,666211,"54.63",,,,,,,,3,4,"4-Seam Fastball",0,0,0,0,0,0,0,0,"Infield shade","Standard",235,"0.008","-0.077",,,,,"0.077","101.2",0,0,0.494,0.506,28,23,28,23,1,0,6,1,6,1,"1.63","1.12","-1.12","24.1",,,,,
"FS","2026-06-06","83.8","-1.91","5.55","Imai, Tatsuya",701762,837227,,"ball",,,,,11,,"R","L","R","HOU","ATH","B",,,1,1,2026,"-1.07","0.07",-1.5317324916124089,2.6863181951348385,,,666126,1,1,"Top",,,,,,,2.972387460327676,-122.04666994948784,-0.17262319651242108,-11.254353545793068,24.2358858164752,-31.630279583440128,3.413082349,1.722490158,,,,"83.2",1160,"5.8",824184,543877,572233,514888,670623,665161,664774,676694,666211,"54.66",,,,,,,,3,3,"Split-Finger",0,0,0,0,0,0,0,0,"Infield shade","Standard",261,"-0.005","0.064",,,,,"-0.064",,0,0,0.499,0.501,28,23,28,23,1,0,6,1,6,1,"3.17","1.07","-1.07","26.8",,,,,
"FF","2026-06-06","94.7","-1.8","5.51","Imai, Tatsuya",701762,837227,,"ball",,,,,11,,"R","L","R","HOU","ATH","B",,,0,1,2026,"-1.1","0.99",-0.8095407111172988,4.443762799934692,,,666126,1,1,"Top",,,,,,,5.024630276430489,-137.84180348290508,0.7675710630319375,-15.204364485393867,30.012462689141966,-19.95238978505175,3.413082349,1.722490158,,,,"94.1",2021,"5.9",824184,543877,572233,514888,670623,665161,664774,676694,666211,"54.63",,,,,,,,3,2,"4-Seam Fastball",0,0,0,0,0,0,0,0,"Infield shade","Standard",232,"-0.003","0.028",,,,,"-0.028",,0,0,0.502,0.498,28,23,28,23,1,0,6,1,6,1,"1.55","1.1","-1.1","25.2",,,,,
"FF","2026-06-06","94.1","-1.83","5.59","Imai, Tatsuya",701762,837227,,"swinging_strike",,,,,12,,"R","L","R","HOU","ATH","S",,,0,0,2026,"-1.11","1.09",0.3160058869820159,3.5416623278152395,,,666126,1,1,"Top",,,,,,,7.90366548292383,-136.83727947925468,-1.9202475262039553,-15.59205052159201,28.0574469926214,-18.154157251303563,3.413082349,1.722490158,,,,"93.4",1964,"5.8",824184,543877,572233,514888,670623,665161,664774,676694,666211,"54.73",,,,,,,,3,1,"4-Seam Fastball",0,0,0,0,0,0,0,0,"Infield shade","Standard",236,"0.004","-0.04","80.1","6.8","0.675752568",,"0.04",,0,0,0.498,0.502,28,23,28,23,1,0,6,1,6,1,"1.47","1.11","-1.11","25.3",4.85140228990499,14.770076506724418,34.311238010520796,32.45851544364249,18.236286527223285
"SL","2026-06-06","85.6","-1.81","5.7","Imai, Tatsuya",669127,837227,"field_out","hit_into_play",,,,,11,"Shea Langeliers flies out to center fielder Jake Meyers.","R","R","R","HOU","ATH","X",8,"fly_ball",1,0,2026,"-0.34","0.16",-0.8975360914196722,2.5733199214936557,,,666126,0,1,"Top",149.36,74.25,,,,,2.794334895317854,-124.57717462770285,-1.1490398613167527,-4.171742571689421,27.390966861533414,-30.551074812939905,3.18226706,1.606003937,315,"91",39,"84.4",2317,"5.7",824184,543877,572233,514888,670623,665161,664774,676694,666211,"54.79",0.023,0.028,"0",1,0,0,3,2,2,"Slider",0,0,0,0,0,0,0,0,"Infield shade","Standard",270,"0.039","-0.291","71.3","6.5",,0.045,"0.291","91.0",0,0,0.459,0.5409999999999999,28,28,28,29,1,0,6,1,6,1,"2.98","0.34","0.34","28.5",12.211748439693155,-2.714245635312536,32.23874940408018,28.565099403565,30.089645404562894
"SL","2026-06-06","86.2","-1.75","5.71","Imai, Tatsuya",669127,837227,,"ball",,,,,13,,"R","R","R","HOU","ATH","B",,,0,0,2026,"-0.81","0.1",-1.7793494028152184,2.0205643120639274,,,666126,0,1,"Top",,,,,,,1.587941169730889,-125.64731552015148,-2.5478332817970015,-8.87722052758607,24.583240601797524,-30.86226230177585,3.18226706,1.606003937,,,,"85.6",2326,"5.7",824184,543877,572233,514888,670623,665161,664774,676694,666211,"54.78",,,,,,,,2,1,"Slider",0,0,0,0,0,0,0,0,"Infield shade","Standard",251,"-0.005","0.038",,,,,"-0.038",,0,0,0.464,0.536,28,28,28,29,1,0,6,1,6,1,"2.95","0.81","0.81","29.0",,,,,
"FF","2026-06-06","94.3","-1.8","5.48","Imai, Tatsuya",666126,837227,"single","hit_into_play",,,,,5,"Carlos Cortes singles on a sharp line drive to center fielder Jake Meyers.","R","L","R","HOU","ATH","X",8,"line_drive",2,2,2026,"-1.02","1.07",0.017520796494915336,2.1981210030757046,,,,0,1,"Top",125.14,97.84,,,,,6.864119035097839,-137.00348065451422,-4.926185292972482,-14.38002617484436,33.36445625500676,-17.778999525993818,2.990067257,1.509005906,172,"108.9",7,"92.8",1892,"5.7",824184,543877,572233,514888,670623,665161,664774,676694,666211,"54.79",0.683,0.643,"0.9",1,1,0,4,1,5,"4-Seam Fastball",0,0,0,0,0,0,0,0,"Infield shade","Standard",236,"-0.039","0.476","71.9","6.7",,0.788,"-0.476","108.9",0,0,0.503,0.497,28,29,28,29,1,0,6,1,6,1,"1.52","1.02","-1.02","23.2",0.2658191844412636,3.3169215709313047,28.51216074349931,38.80340171483407,27.22049253810983
"SL","2026-06-06","86.6","-1.77","5.71","Imai, Tatsuya",666126,837227,,"ball",,,,,14,,"R","L","R","HOU","ATH","B",,,1,2,2026,"-0.19","0.04",0.274827111140671,0.41041947803415546,,,,0,1,"Top",,,,,,,5.146567483153738,-125.90951669398065,-6.102941191104103,-3.1473625184621965,27.792559202835502,-30.666714991301443,2.990067257,1.509005906,,,,"85.1",2376,"5.6",824184,543877,572233,514888,670623,665161,664774,676694,666211,"54.92",,,,,,,,1,4,"Slider",0,0,0,0,0,0,0,0,"Infield shade","Standard",275,"-0.004","0.047",,,,,"-0.047",,0,0,0.507,0.493,28,29,28,29,1,0,6,1,6,1,"3.03","0.19","-0.19","27.4",,,,,
"SL","2026-06-06","85.6","-1.76","5.72","Imai, Tatsuya",666126,837227,,"ball",,,,,7,,"R","L","R","HOU","ATH","B",,,0,2,2026,"-0.35","-0.05",-0.5612079342131511,1.4127884414501066,,,,0,1,"Top",,,,,,,3.4450322582225446,-124.57085392167888,-3.4289492959078407,-4.341208408365466,28.033599310910414,-32.148279899614494,2.990067257,1.509005906,,,,"84",2190,"5.5",824184,543877,572233,514888,670623,665161,664774,676694,666211,"54.98",,,,,,,,1,3,"Slider",0,0,0,0,0,0,0,0,"Infield shade","Standard",262,"-0.002","0.021",,,,,"-0.021",,0,0,0.509,0.491,28,29,28,29,1,0,6,1,6,1,"3.19","0.35","-0.35","30.4",,,,,
"FF","2026-06-06","93.1","-1.63","5.64","Imai, Tatsuya",666126,837227,,"called_strike",,,,,3,,"R","L","R","HOU","ATH","S",,,0,1,2026,"-1.16","0.86",0.7756489974115035,2.7636229956563505,,,,0,1,"Top",,,,,,,8.557961219240237,-135.3219486121283,-3.2776410858048863,-16.15066257252846,30.039482965533676,-21.122036935400292,2.990067257,1.509005906,,,,"91.8",1992,"5.6",824184,543877,572233,514888,670623,665161,664774,676694,666211,"54.89",,,,,,,,1,2,"4-Seam Fastball",0,0,0,0,0,0,0,0,"Infield shade","Standard",239,"0.006","-0.054",,,,,"0.054",,0,0,0.503,0.497,28,29,28,29,1,0,6,1,6,1,"1.78","1.16","-1.16","23.5",,,,,
"FF","2026-06-06","92.5","-1.65","5.56","Imai, Tatsuya",666126,837227,,"called_strike",,,,,6,,"R","L","R","HOU","ATH","S",,,0,0,2026,"-1.03","0.88",0.5606642534318698,2.0574897504652934,,,,0,1,"Top",,,,,,,7.724956400297482,-134.5079034318266,-4.787412376487646,-14.222640832294196,29.149121715739273,-20.618140342115957,2.990067257,1.509005906,,,,"91.2",1793,"5.5",824184,543877,572233,514888,670623,665161,664774,676694,666211,"54.95",,,,,,,,1,1,"4-Seam Fastball",0,0,0,0,0,0,0,0,"Standard","Standard",239,"0.003","-0.042",,,,,"0.042",,0,0,0.5,0.5,28,29,28,29,1,0,6,1,6,1,"1.79","1.03","-1.03","22.5",,,,,
"FF","2026-05-31","97.1","-2.09","4.8","Imai, Tatsuya",641343,837227,"field_out","hit_into_play",,,,,8,"Jake Bauers lines out sharply to left fielder Taylor Trammell.","R","L","R","HOU","MIL","X",7,"line_drive",3,2,2026,"-1.06","0.97",-0.25882441858301997,2.0929787837705387,,,,2,6,"Top",79.32,80.93,,,,,7.321847950227812,-141.21762132793586,-3.744223134609623,-15.858728195140237,34.7915797537351,-18.50752686175484,3.217372047,1.623720472,316,"109.3",15,"97",2222,"6.4",824187,543877,572233,669397,670623,665161,666211,676694,701358,"54.07",0.671,0.737,"0",1,0,0,6,42,9,"4-Seam Fastball",0,2,2,0,2,0,2,0,"Infield shade","Standard",231,"0.01","-0.302","78.2","7.5",,1.095,"0.302","109.3",-2,2,0.25,0.75,28,30,28,31,3,2,6,1,6,1,"1.46","1.06","-1.06","29.2",-0.6405064291755479,12.014281849081343,36.71275816377341,39.12209637173919,21.466081748316693
"FF","2026-05-31","96.3","-2","4.91","Imai, Tatsuya",641343,837227,,"foul",,,,,1,,"R","L","R","HOU","MIL","S",,,3,2,2026,"-1.04","0.89",-0.2941422642560292,3.2672035643380903,,,,2,6,"Top",,,,,,,6.904818753932334,-140.07130355884638,-0.612539651038409,-15.257499522785134,35.24186779652343,-20.669667233412575,3.217372047,1.623720472,207,"77.8",54,"96.4",2184,"6.6",824187,543877,572233,669397,670623,665161,666211,676694,701358,"53.87",,,,,,,,42,8,"4-Seam Fastball",0,2,2,0,2,0,2,0,"Infield shade","Standard",231,"0","0","75.6","6.8",,,"0","88.0",-2,2,0.25,0.75,28,30,28,31,3,2,6,1,6,1,"1.6","1.04","-1.04","27.8",2.568039578692841,11.677405870632198,27.51718471847333,39.53474900613896,21.985054896813946
"SL","2026-05-31","88.3","-2.11","5.06","Imai, Tatsuya",641343,837227,,"foul",,,,,8,,"R","L","R","HOU","MIL","S",,,3,2,2026,"0.03","0.21",-0.24928452803150983,1.9607604864987178,,,,2,6,"Top",,,,,,,4.387539969229306,-128.36447221853982,-1.4810328389177747,-0.8642142339896394,35.32322845324888,-29.757834463311376,3.217372047,1.623720472,191,"68.9",26,"86.9",2605,"6.2",824187,543877,572233,669397,670623,665161,666211,676694,701358,"54.31",,,,,,,,42,7,"Slider",0,2,2,0,2,0,2,0,"Infield shade","Standard",303,"0","0","79.3","8.4",,,"0","88.0",-2,2,0.25,0.75,28,30,28,31,3,2,6,1,6,1,"2.8","-0.03","0.03","28.3",14.358301733118187,-14.257476428376169,35.80339423282736,39.54000971855924,38.137362171213724
"FF","2026-05-31","97","-2.01","5","Imai, Tatsuya",641343,837227,,"ball",,,,,11,,"R","L","R","HOU","MIL","B",,,2,2,2026,"-1.05","1.24",-0.9788643432291908,3.9846839903900575,,,,2,6,"Top",,,,,,,5.156341213680286,-141.09313764576024,0.10725059014207283,-15.153543944871771,34.848074693828025,-15.911500475119144,3.217372047,1.623720472,,,,"96.8",2367,"6.4",824187,543877,572233,669397,670623,665161,666211,676694,701358,"54.09",,,,,,,,42,6,"4-Seam Fastball",0,2,2,0,2,0,2,0,"Infield shade","Standard",232,"-0.002","0.083",,,,,"-0.083",,-2,2,0.252,0.748,28,30,28,31,3,2,6,1,6,1,"1.2","1.05","-1.05","27.8",,,,,
"FF","2026-05-31","97.6","-1.81","4.96","Imai, Tatsuya",641343,837227,,"foul",,,,,5,,"R","L","R","HOU","MIL","S",,,2,2,2026,"-1.11","1.32",0.1765357587724059,2.4272468920438404,,,,2,6,"Top",,,,,,,7.917598669969577,-141.85243210915615,-4.151616666170096,-16.90195554204263,35.726523256859075,-13.694635911358302,3.217372047,1.623720472,51,"74",36,"97.6",2469,"6.6",824187,543877,572233,669397,670623,665161,666211,676694,701358,"53.93",,,,,,,,42,5,"4-Seam Fastball",0,2,2,0,2,0,2,0,"Infield shade","Standard",232,"0","0","73.0","6.9",,,"0","88.0",-2,2,0.252,0.748,28,30,28,31,3,2,6,1,6,1,"1.1","1.11","-1.11","28.9",-4.5668339090481975,15.76318623016608,41.24257520420276,33.685729997696846,17.06068053165319
"SL","2026-05-31","87.9","-1.96","5.1","Imai, Tatsuya",641343,837227,,"foul",,,,,9,,"R","L","R","HOU","MIL","S",,,2,1,2026,"0.02","0.14",0.3842384615489845,1.5357339150499625,,,,2,6,"Top",,,,,,,5.559214571629866,-127.71013388034582,-2.414603541400271,-1.2455202595210144,33.474706446015304,-30.310407622495084,3.217372047,1.623720472,3,"72.8",-26,"86.8",2563,"6.3",824187,543877,572233,669397,670623,665161,666211,676694,701358,"54.18",,,,,,,,42,4,"Slider",0,2,2,0,2,0,2,0,"Standard","Standard",281,"0.002","-0.079","81.2","9.0",,,"0.079","88.0",-2,2,0.25,0.75,28,30,28,31,3,2,6,1,6,1,"2.89","-0.02","0.02","25.6",25.626340996491095,-24.701810758995517,39.2926755845472,32.70385083275648,42.61514748607517
"SL","2026-05-31","87.7","-2.01","5.12","Imai, Tatsuya",641343,837227,,"foul",,,,,13,,"R","L","R","HOU","MIL","S",,,2,0,2026,"-0.16","0.26",-0.13873103063942174,1.4122919078368437,,,,2,6,"Top",,,,,,,4.780198219055173,-127.43137227983227,-2.984245431117821,-2.9165615238273195,32.91137408267779,-28.855402843632913,3.217372047,1.623720472,4,"67.4",-20,"86.4",2399,"6.1",824187,543877,572233,669397,670623,665161,666211,676694,701358,"54.36",,,,,,,,42,3,"Slider",0,2,2,0,2,0,2,0,"Standard","Standard",250,"0.002","-0.061","77.5","9.0",,,"0.061","88.0",-2,2,0.248,0.752,28,30,28,31,3,2,6,1,6,1,"2.77","0.16","-0.16","25.1",25.65729393662075,-23.39171233969422,38.82271042006931,38.56995638103474,41.460277943494305
"SL","2026-05-31","87.1","-2","5.15","Imai, Tatsuya",641343,837227,,"ball",,,,,14,,"R","L","R","HOU","MIL","B",,,1,0,2026,"-0.16","0.25",1.0950323008507303,0.2836123464378497,,,,2,6,"Top",,,,,,,7.638911073825375,-126.3583957870134,-5.555406873113477,-3.6883033899530537,32.410272586951166,-28.37366650364014,3.217372047,1.623720472,,,,"85.7",2556,"6.2",824187,543877,572233,669397,670623,665161,666211,676694,701358,"54.33",,,,,,,,42,2,"Slider",0,2,2,0,2,0,2,0,"Standard","Standard",272,"-0.002","0.064",,,,,"-0.064",,-2,2,0.25,0.75,28,30,28,31,3,2,6,1,6,1,"2.84","0.16","-0.16","25.5",,,,,
"FF","2026-05-31","97.3","-2","4.96","Imai, Tatsuya",641343,837227,,"ball",,,,,13,,"R","L","R","HOU","MIL","B",,,0,0,2026,"-0.98","1.12",-1.3587399171939367,2.2113774523988896,,,,2,6,"Top",,,,,,,4.020348952803402,-141.48881201111473,-4.204504476476143,-14.093322072587446,37.984947506541076,-16.379461330857286,3.217372047,1.623720472,,,,"96.9",2342,"6.5",824187,543877,572233,669397,670623,665161,666211,676694,701358,"53.98",,,,,,,,42,1,"4-Seam Fastball",0,2,2,0,2,0,2,0,"Standard","Standard",227,"-0.001","0.038",,,,,"-0.038",,-2,2,0.251,0.749,28,30,28,31,3,2,6,1,6,1,"1.32","0.98","-0.98","28.3",,,,,
"FF","2026-05-31","97.1","-1.94","4.85","Imai, Tatsuya",683734,837227,"strikeout","called_strike",,,,,6,"Andrew Vaughn called out on strikes.","R","R","R","HOU","MIL","S",2,,3,2,2026,"-1.08","1.07",0.3156045258229214,2.2906099005259515,,,,1,6,"Top",,,,,,,8.512878570497701,-140.96835712321638,-3.5091844653678352,-16.517339454927395,37.94280569477927,-17.366161982929324,3.127854331,1.578543307,,,,"96.7",2292,"6.6",824187,543877,572233,669397,670623,665161,666211,676694,701358,"53.86",,0,"0",1,0,0,,41,7,"4-Seam Fastball",0,2,2,0,2,0,2,0,"Standard","Standard",236,"0.016","-0.344",,,,,"0.344",,-2,2,0.235,0.765,28,28,28,28,3,2,6,1,6,1,"1.39","1.08","1.08","25.4",,,,,
"FF","2026-05-31","97.1","-1.89","4.87","Imai, Tatsuya",683734,837227,,"foul",,,,,3,,"R","R","R","HOU","MIL","S",,,3,2,2026,"-0.96","1.21",0.47317671582238674,2.7309001815586704,,,,1,6,"Top",,,,,,,8.516441867631217,-141.01260899305075,-2.7605295442303213,-14.919736820404642,37.836986871181374,-15.673904030183474,3.127854331,1.578543307,198,"82.5",56,"96.8",2303,"6.7",824187,543877,572233,669397,670623,665161,666211,676694,701358,"53.83",,,,,,,,41,6,"4-Seam Fastball",0,2,2,0,2,0,2,0,"Standard","Standard",224,"0","0","69.8","7.0",,,"0","88.0",-2,2,0.235,0.765,28,28,28,28,3,2,6,1,6,1,"1.25","0.96","0.96","27.6",2.8567720998851445,7.486767460980376,20.77635135646053,43.640855208529636,24.410657824902728
"SL","2026-05-31","88.1","-1.95","5.17","Imai, Tatsuya",683734,837227,,"ball",,,,,14,,"R","R","R","HOU","MIL","B",,,2,2,2026,"-0.05","0.08",1.1818860495844374,0.612641909399593,,,,1,6,"Top",,,,,,,7.576364009980387,-127.94479554691982,-4.796943086542045,-2.1987601062803845,28.472028155508983,-30.43490084438034,3.127854331,1.578543307,,,,"87.6",2450,"6.3",824187,543877,572233,669397,670623,665161,666211,676694,701358,"54.25",,,,,,,,41,5,"Slider",0,2,2,0,2,0,2,0,"Standard","Standard",269,"-0.005","0.111",,,,,"-0.111",,-2,2,0.24,0.76,28,28,28,28,3,2,6,1,6,1,"2.89","0.05","0.05","31.2",,,,,
"FF","2026-05-31","96.9","-1.81","5.08","Imai, Tatsuya",683734,837227,,"ball",,,,,11,,"R","R","R","HOU","MIL","B",,,1,2,2026,"-0.61","1.34",-0.044532497420443184,3.9206639608612175,,,,1,6,"Top",,,,,,,6.102940298230691,-141.04881206741456,-0.4991818689501533,-9.576401890430514,34.08676169350661,-14.451596386267267,3.127854331,1.578543307,,,,"97",2173,"6.5",824187,543877,572233,669397,670623,665161,666211,676694,701358,"54.03",,,,,,,,41,4,"4-Seam Fastball",0,2,2,0,2,0,2,0,"Standard","Standard",228,"-0.002","0.052",,,,,"-0.052",,-2,2,0.242,0.758,28,28,28,28,3,2,6,1,6,1,"1.1","0.61","0.61","33.3",,,,,
"FF","2026-05-31","96.2","-1.95","4.89","Imai, Tatsuya",683734,837227,,"foul",,,,,5,,"R","R","R","HOU","MIL","S",,,1,1,2026,"-1.16","1.1",-0.09043340813406964,2.2122869245593644,,,,1,6,"Top",,,,,,,7.59261350527285,-139.77449854177178,-3.8334260152036475,-16.95794856132051,33.06167970611109,-17.058709102455158,3.127854331,1.578543307,280,"94.8",20,"96.4",2217,"6.6",824187,543877,572233,669397,670623,665161,666211,676694,701358,"53.9",,,,,,,,41,3,"4-Seam Fastball",0,2,2,0,2,0,2,0,"Standard","Standard",233,"0.003","-0.072","69.8","6.5",,,"0.072","94.8",-2,2,0.239,0.761,28,28,28,28,3,2,6,1,6,1,"1.38","1.16","1.16","26.5",-7.3465548006084145,16.999486161711815,33.42676105983057,35.78281656731433,17.850443512052447
"SL","2026-05-31","88.3","-1.82","5.14","Imai, Tatsuya",683734,837227,,"ball",,,,,14,,"R","R","R","HOU","MIL","B",,,0,1,2026,"-0.33","0.27",1.045122910624959,-0.4439785719931759,,,,1,6,"Top",,,,,,,7.566763673758138,-128.0740104498269,-7.6125444282675465,-5.511314760509979,32.448356547030905,-27.532043014870986,3.127854331,1.578543307,,,,"87.3",2553,"6.3",824187,543877,572233,669397,670623,665161,666211,676694,701358,"54.16",,,,,,,,41,2,"Slider",0,2,2,0,2,0,2,0,"Standard","Standard",261,"-0.001","0.032",,,,,"-0.032",,-2,2,0.24,0.76,28,28,28,28,3,2,6,1,6,1,"2.73","0.33","0.33","27.9",,,,,
"FF","2026-05-31","96.6","-2.01","4.99","Imai, Tatsuya",683734,837227,,"called_strike",,,,,6,,"R","R","R","HOU","MIL","S",,,0,0,2026,"-1.12","1.02",0.8132094608508746,2.391775588865485,,,,1,6,"Top",,,,,,,10.050861547071356,-140.32568147483263,-3.499274371370185,-17.183998197550228,33.46954372694078,-18.085635133505924,3.127854331,1.578543307,,,,"96.7",2223,"6.6",824187,543877,572233,669397,670623,665161,666211,676694,701358,"53.91",,,,,,,,41,1,"4-Seam Fastball",0,2,2,0,2,0,2,0,"Standard","Standard",229,"0.002","-0.041",,,,,"0.041",,-2,2,0.238,0.762,28,28,28,28,3,2,6,1,6,1,"1.44","1.12","1.12","28.4",,,,,
"FF","2026-05-31","97.2","-2","4.94","Imai, Tatsuya",668930,837227,"field_out","hit_into_play",,,,,4,"Brice Turang grounds out sharply, third baseman Isaac Paredes to first baseman Christian Walker.","R","L","R","HOU","MIL","X",5,"ground_ball",3,2,2026,"-1.24","0.94",-0.3266561493393152,2.39375511775423,,,,0,6,"Top",102,160,,,,,7.354108544520154,-141.29578044533108,-3.263081839400695,-18.375536118204813,34.897121405795154,-19.012727570722063,3.21035105,1.620177165,50,"104.1",0,"97.3",2241,"6.6",824187,543877,572233,669397,670623,665161,666211,676694,701358,"53.91",0.466,0.429,"0",1,0,0,4,40,8,"4-Seam Fastball",0,2,2,0,2,0,2,0,"Standard","Standard",228,"0.021","-0.344","67.5","6.0",,0.52,"0.344","104.1",-2,2,0.217,0.783,28,26,28,27,3,2,6,1,6,1,"1.49","1.24","-1.24","25.0",-3.58081739944051,23.060393334545456,39.00931201890928,36.08479608193734,20.833145835152838
"FF","2026-05-31","96.9","-1.99","4.92","Imai, Tatsuya",668930,837227,,"foul",,,,,9,,"R","L","R","HOU","MIL","S",,,3,2,2026,"-1.13","1.17",0.403749977290629,2.081176707841787,,,,0,6,"Top",,,,,,,8.97007579897802,-140.80400723225983,-4.532529626945285,-17.090077257552164,34.341845198240655,-15.800461106201254,3.21035105,1.620177165,184,"69.8",33,"96.9",2256,"6.5",824187,543877,572233,669397,670623,665161,666211,676694,701358,"53.96",,,,,,,,40,7,"4-Seam Fastball",0,2,2,0,2,0,2,0,"Standard","Standard",230,"0","0","67.8","6.5",,,"0","88.0",-2,2,0.217,0.783,28,26,28,27,3,2,6,1,6,1,"1.28","1.13","-1.13","26.4",-0.437143763125118,13.923732045606137,46.89609448213495,28.049690269323197,26.668003381623567
"SL","2026-05-31","88.1","-1.95","5.25","Imai, Tatsuya",668930,837227,,"ball",,,,,13,,"R","L","R","HOU","MIL","B",,,2,2,2026,"-0.52","-0.22",-0.4906889558118759,0.5562174767175443,,,,0,6,"Top",,,,,,,4.589304867031032,-128.27488372365488,-4.646530762990513,-6.608057802746536,24.443369354089473,-33.89058337597733,3.21035105,1.620177165,,,,"88.3",2680,"6.2",824187,543877,572233,669397,670623,665161,666211,676694,701358,"54.3",,,,,,,,40,6,"Slider",0,2,2,0,2,0,2,0,"Standard","Standard",247,"-0.007","0.112",,,,,"-0.112",,-2,2,0.224,0.776,28,26,28,27,3,2,6,1,6,1,"3.13","0.52","-0.52","27.0",,,,,
"FF","2026-05-31","95.8","-1.91","5.05","Imai, Tatsuya",668930,837227,,"foul",,,,,2,,"R","L","R","HOU","MIL","S",,,2,2,2026,"-0.97","1.06",0.1363362380199541,2.9026773137888107,,,,0,6,"Top",,,,,,,7.578194456701717,-139.31240275692437,-2.2699224750957008,-14.371760405814356,34.60175904902911,-18.138755056379814,3.21035105,1.620177165,316,"91.7",37,"95.5",2177,"6.4",824187,543877,572233,669397,670623,665161,666211,676694,701358,"54.08",,,,,,,,40,5,"4-Seam Fastball",0,2,2,0,2,0,2,0,"Standard","Standard",232,"0","0","65.0","5.8",,,"0","91.7",-2,2,0.224,0.776,28,26,28,27,3,2,6,1,6,1,"1.45","0.97","-0.97","23.6",2.1058106405421793,17.673679468693564,34.78683754330456,31.417009394579082,26.942283513395996
"FF","2026-05-31","94.1","-2.1","5.16","Imai, Tatsuya",668930,837227,,"foul",,,,,1,,"R","L","R","HOU","MIL","S",,,2,1,2026,"-1.15","0.8",-0.5175392210493306,2.9208877027291544,,,,0,6,"Top",,,,,,,6.6078426640590315,-136.77440239747958,-1.6638973233424101,-15.933104918192635,33.81107309121799,-21.99198436509923,3.21035105,1.620177165,261,"85.6",43,"93.2",2069,"6.1",824187,543877,572233,669397,670623,665161,666211,676694,701358,"54.39",,,,,,,,40,4,"4-Seam Fastball",0,2,2,0,2,0,2,0,"Standard","Standard",236,"0.006","-0.078","69.2","6.3",,,"0.078","88.0",-2,2,0.218,0.782,28,26,28,27,3,2,6,1,6,1,"1.8","1.15","-1.15","21.9",-0.2470166929390076,19.244234757925597,31.48119480966427,40.46633919293602,22.708240847727133
"FF","2026-05-31","92.9","-2.01","5.3","Imai, Tatsuya",668930,837227,,"foul",,,,,5,,"R","L","R","HOU","MIL","S",,,2,0,2026,"-1.07","1.1",-0.17517256909531476,2.2030292803109788,,,,0,6,"Top",,,,,,,6.978326822646372,-134.94580945648104,-4.2769258574184175,-14.654938475476767,32.59312218847694,-18.080098445111005,3.21035105,1.620177165,199,"73.2",43,"91.8",2170,"6",824187,543877,572233,669397,670623,665161,666211,676694,701358,"54.54",,,,,,,,40,3,"4-Seam Fastball",0,2,2,0,2,0,2,0,"Standard","Standard",234,"0.005","-0.077","72.9","7.0",,,"0.077","88.0",-2,2,0.213,0.787,28,26,28,27,3,2,6,1,6,1,"1.58","1.07","-1.07","21.8",6.309693332739762,3.0257312014553643,39.918455819068974,35.44757798034587,32.39258742966257
"SL","2026-05-31","84.1","-1.95","5.58","Imai, Tatsuya",668930,837227,,"ball",,,,,13,,"R","L","R","HOU","MIL","B",,,1,0,2026,"-0.25","-0.17",-0.39817691718528725,0.2321889860786852,,,,0,6,"Top",,,,,,,3.9944350385348066,-122.3123551870737,-5.230118717435381,-3.359311811110009,27.674945463303196,-32.92818398673692,3.21035105,1.620177165,,,,"82.6",2424,"5.7",824187,543877,572233,669397,670623,665161,666211,676694,701358,"54.83",,,,,,,,40,2,"Slider",0,2,2,0,2,0,2,0,"Standard","Standard",270,"-0.005","0.083",,,,,"-0.083",,-2,2,0.218,0.782,28,26,28,27,3,2,6,1,6,1,"3.44","0.25","-0.25","26.1",,,,,
"CH","2026-05-31","84.6","-1.85","5.61","Imai, Tatsuya",668930,837227,,"ball",,,,,13,,"R","L","R","HOU","MIL","B",,,0,0,2026,"-1.25","0.93",-0.2850147103312881,0.7884340544255062,,,,0,6,"Top",,,,,,,6.073069189047825,-122.90262773834633,-6.425443253123937,-13.895825751171495,24.616268683018326,-21.68352044206215,3.21035105,1.620177165,,,,"83.7",2253,"5.8",824187,543877,572233,669397,670623,665161,666211,676694,701358,"54.72",,,,,,,,40,1,"Changeup",0,2,2,0,2,0,2,0,"Standard","Standard",254,"-0.003","0.043",,,,,"-0.043",,-2,2,0.221,0.779,28,26,28,27,3,2,6,1,6,1,"2.27","1.25","-1.25","27.2",,,,,
"FF","2026-05-31","96.9","-2.13","4.9","Imai, Tatsuya",669003,837227,"field_out","hit_into_play",,,,,4,"Garrett Mitchell flies out to left fielder Taylor Trammell.","R","L","R","HOU","MIL","X",7,"fly_ball",2,0,2026,"-1.04","0.99",-0.7996732810572791,2.266385721155328,666152,,,2,5,"Top",37.54,108.57,,,,,5.954604503759925,-140.92159925502602,-3.570947013285546,-15.24520457064049,34.18375068267435,-18.38328049856387,3.292847769,1.661811024,311,"92.2",36,"97",2095,"6.5",824187,543877,572233,669397,670623,665161,666211,676694,701358,"53.98",0.029,0.051,"0",1,0,0,3,36,3,"4-Seam Fastball",0,2,2,0,2,0,2,0,"Standard","Standard",236,"0.035","-0.339","78.3","7.2",,0.096,"0.339","92.2",-2,2,0.254,0.746,28,27,28,28,3,2,6,1,6,2,"1.45","1.04","-1.04","26.0",9.067823050592454,16.04680077373449,30.088220324668857,44.34787684708918,27.141555333876187
"FF","2026-05-31","97.1","-2.02","4.95","Imai, Tatsuya",669003,837227,,"ball",,,,,14,,"R","L","R","HOU","MIL","B",,,1,0,2026,"-1.25","1.05",0.48351513871929086,1.4176548054507736,666152,,,2,5,"Top",,,,,,,9.532368176298215,-140.91971576615703,-6.112552309087236,-18.90055555737163,33.38591249989323,-16.9088302183342,3.292847769,1.661811024,,,,"97",2255,"6.5",824187,543877,572233,669397,670623,665161,666211,676694,701358,"54.02",,,,,,,,36,2,"4-Seam Fastball",0,2,2,0,2,0,2,0,"Standard","Standard",234,"-0.001","0.013",,,,,"-0.013",,-2,2,0.255,0.745,28,27,28,28,3,2,6,1,6,2,"1.39","1.25","-1.25","26.5",,,,,
"SL","2026-05-31","87.8","-2.12","5.09","Imai, Tatsuya",669003,837227,,"blocked_ball",,,,,14,,"R","L","R","HOU","MIL","B",,,0,0,2026,"0.01","-0.11",0.29283171192519364,0.6202712695429087,666152,,,2,5,"Top",,,,,,,5.730266801700545,-127.58095929806751,-4.082057418326504,-1.32777949211271,31.164857390161636,-32.606805372536684,3.292847769,1.661811024,,,,"86.8",2279,"6.2",824187,543877,572233,669397,670623,665161,666211,676694,701358,"54.31",,,,,,,,36,1,"Slider",0,2,2,0,2,0,2,0,"Standard","Standard",310,"-0.001","0.033",,,,,"-0.033",,-2,2,0.256,0.744,28,27,28,28,3,2,6,1,6,2,"3.12","-0.01","0.01","28.4",,,,,
"FF","2026-05-31","97.5","-1.95","4.99","Imai, Tatsuya",592885,837227,"strikeout","swinging_strike",,,,,11,"Christian Yelich strikes out swinging.","R","L","R","HOU","MIL","S",2,,2,2,2026,"-1.06","1.07",-0.8644805935816557,3.356364175215553,666152,,,1,5,"Top",,,,,,,5.380711212474226,-141.8185627958746,-1.1901831294403427,-15.604417231422321,34.926469638967106,-17.730165143639294,3.368323491,1.699901575,,,,"97.5",2227,"6.5",824187,543877,572233,669397,670623,665161,666211,676694,701358,"54.02",,0,"0",1,0,0,,35,5,"4-Seam Fastball",0,2,2,0,2,0,2,0,"Strategic","Standard",229,"0.043","-0.314","63.7","6.2","2.738940876",,"0.314",,-2,2,0.213,0.787,28,34,28,35,3,2,6,1,6,1,"1.34","1.06","-1.06","30.3",-3.322450970528903,43.16972030069636,30.101596622570543,48.9352474202301,-0.40654143381644303
"FF","2026-05-31","96.8","-1.84","5.05","Imai, Tatsuya",592885,837227,,"ball",,,,,11,,"R","L","R","HOU","MIL","B",,,1,2,2026,"-1.05","1.1",-1.6529631406846272,3.707196987294955,666152,,,1,5,"Top",,,,,,,2.9428724952217555,-140.84512620873187,-0.38237840757443264,-14.655063141122357,35.0006123682545,-17.772261975304996,3.368323491,1.699901575,,,,"96.6",2091,"6.4",824187,543877,572233,669397,670623,665161,666211,676694,701358,"54.12",,,,,,,,35,4,"4-Seam Fastball",0,2,2,0,2,0,2,0,"Strategic","Standard",226,"-0.008","0.004",,,,,"-0.004",,-2,2,0.221,0.779,28,34,28,35,3,2,6,1,6,1,"1.35","1.05","-1.05","29.6",,,,,
"FF","2026-05-31","97.2","-1.91","5.02","Imai, Tatsuya",592885,837227,,"foul",,,,,5,,"R","L","R","HOU","MIL","S",,,1,1,2026,"-0.89","1.23",-0.12084427280551147,2.6513027960255604,666152,,,1,5,"Top",,,,,,,6.797686423753667,-141.33311744791735,-3.459263018172983,-13.471295447035402,34.90862044136982,-15.127741119789391,3.368323491,1.699901575,,,,"97.1",2231,"6.4",824187,543877,572233,669397,670623,665161,666211,676694,701358,"54.06",,,,,,,,35,3,"4-Seam Fastball",0,2,2,0,2,0,2,0,"Strategic","Standard",225,"0.013","-0.1","73.6","7.1",,,"0.1",,-2,2,0.208,0.792,28,34,28,35,3,2,6,1,6,1,"1.2","0.89","-0.89","27.6",3.8111494528302003,19.604288389012602,34.45809483824592,39.435458553298396,18.92810884817259
"FF","2026-05-31","97.4","-1.81","5.02","Imai, Tatsuya",592885,837227,,"swinging_strike",,,,,13,,"R","L","R","HOU","MIL","S",,,1,0,2026,"-0.96","0.97",-0.7767659575117635,1.4142505836920942,666152,,,1,5,"Top",,,,,,,4.997673799022328,-141.5728840394777,-6.155351828848013,-14.104074040795641,34.972552407517945,-17.947055647902015,3.368323491,1.699901575,,,,"97.2",2101,"6.4",824187,543877,572233,669397,670623,665161,666211,676694,701358,"54.07",,,,,,,,35,2,"4-Seam Fastball",0,2,2,0,2,0,2,0,"Strategic","Standard",231,"0.003","-0.044","51.3","7.1","1.332922212",,"0.044",,-2,2,0.205,0.795,28,34,28,35,3,2,6,1,6,1,"1.46","0.96","-0.96","29.8",-9.56536584871664,34.18025350926656,43.39011817171202,46.450321942878226,4.332272303742021
"SL","2026-05-31","88.1","-1.99","5.19","Imai, Tatsuya",592885,837227,,"ball",,,,,13,,"R","L","R","HOU","MIL","B",,,0,0,2026,"-0.35","-0.3",-0.6744735890856857,0.7269275799665946,666152,,,1,5,"Top",,,,,,,3.875021646115071,-128.10201988794725,-3.7563412748259832,-4.679173236842531,29.845016937478377,-34.84861708367643,3.368323491,1.699901575,,,,"87.3",2369,"6.1",824187,543877,572233,669397,670623,665161,666211,676694,701358,"54.38",,,,,,,,35,1,"Slider",0,2,2,0,2,0,2,0,"Strategic","Standard",254,"-0.001","0.022",,,,,"-0.022",,-2,2,0.206,0.794,28,34,28,35,3,2,6,1,6,1,"3.28","0.35","-0.35","25.4",,,,,
"FF","2026-05-31","94","-2.09","4.97","Imai, Tatsuya",687401,837227,"sac_bunt","hit_into_play",,,,,13,"Astros challenged (play at 1st), call on the field was overturned: Joey Ortiz out on a sacrifice bunt, second baseman Nick Allen to first baseman Christian Walker. David Hamilton to 3rd.","R","R","R","HOU","MIL","X",4,"ground_ball",2,0,2026,"-1.22","0.89",-1.2336408821359701,2.2936581984154363,,666152,,0,5,"Top",135.93,180.27,,,,,4.952132792435437,-136.70998307374055,-2.9405672869658375,-16.422054787652304,34.25870391910524,-20.67134688192571,3.136630577,1.582972441,57,"29.6",40,"93.3",2150,"6.2",824187,543877,572233,669397,670623,665161,666211,676694,701358,"54.27",,,"0.2",0,0,0,1,34,3,"4-Seam Fastball",0,2,2,0,2,0,2,0,"Strategic","Standard",239,"0.011","-0.067",,,,,"0.067","88.0",-2,2,0.195,0.8049999999999999,28,27,28,28,2,1,6,1,6,1,"1.73","1.22","1.22","19.3",,,,,
"FF","2026-05-31","94.2","-2.02","4.91","Imai, Tatsuya",687401,837227,,"ball",,,,,12,,"R","R","R","HOU","MIL","B",,,1,0,2026,"-1.05","1.03",1.0556339869567735,2.764684163050429,,,666152,0,5,"Top",,,,,,,10.23528052376214,-136.76329814245068,-1.9410385077159074,-15.5517968124619,33.553744847327565,-19.08206212223883,3.136630577,1.582972441,,,,"93.7",2139,"6.4",824187,543877,572233,669397,670623,665161,666211,676694,701358,"54.11",,,,,,,,34,2,"4-Seam Fastball",0,2,2,0,2,0,2,0,"Standard","Standard",236,"-0.023","0.075",,,,,"-0.075",,-2,2,0.218,0.782,28,27,28,28,2,1,6,1,6,1,"1.57","1.05","1.05","19.3",,,,,
"FF","2026-05-31","94.2","-1.88","5.04","Imai, Tatsuya",687401,837227,,"ball",,,,,14,,"R","R","R","HOU","MIL","B",,,0,0,2026,"-1.11","0.91",1.1513649409793367,2.053133406352459,,,666152,0,5,"Top",,,,,,,10.221360843887712,-136.6368974649828,-3.806071796692245,-16.2329585090595,33.08294668153921,-20.130901889041276,3.136630577,1.582972441,,,,"93.4",2104,"6.2",824187,543877,572233,669397,670623,665161,666211,676694,701358,"54.27",,,,,,,,34,1,"4-Seam Fastball",0,2,2,0,2,0,2,0,"Strategic","Standard",238,"-0.004","0.038",,,,,"-0.038",,-2,2,0.222,0.778,28,27,28,28,2,1,6,1,6,1,"1.7","1.11","1.11","18.8",,,,,
"FF","2026-05-31","94.3","-1.9","5.09","Imai, Tatsuya",666152,837227,"walk","ball",,,,,14,"David Hamilton walks.","R","L","R","HOU","MIL","B",,,3,1,2026,"-1.15","0.86",1.613436427190921,1.238109735030989,,,,0,5,"Top",,,,,,,11.553840092240462,-136.69964829831943,-5.965835134897576,-17.04244141018987,30.412093728341144,-20.15730206899019,3.134875328,1.582086614,,,,"93.7",2050,"6.1",824187,543877,572233,669397,670623,665161,666211,676694,701358,"54.36",,0.697886,"0.7",1,0,0,,33,5,"4-Seam Fastball",0,2,2,0,2,0,2,0,"Standard","Standard",241,"-0.016","0.26",,,,,"-0.26",,-2,2,0.238,0.762,28,28,28,29,2,1,6,1,6,1,"1.72","1.15","-1.15","19.5",,,,,
"SL","2026-05-31","85.5","-1.99","5.52","Imai, Tatsuya",666152,837227,,"ball",,,,,13,,"R","L","R","HOU","MIL","B",,,2,1,2026,"-0.23","0.48",-0.9430387060588605,1.9478162381447688,,,,0,5,"Top",,,,,,,2.8720319292501317,-124.39142842373212,-2.8126727207404922,-2.9966355439797865,27.022374671958303,-26.86099318852984,3.134875328,1.582086614,,,,"84.2",2387,"5.7",824187,543877,572233,669397,670623,665161,666211,676694,701358,"54.83",,,,,,,,33,4,"Slider",0,2,2,0,2,0,2,0,"Standard","Standard",264,"-0.008","0.141",,,,,"-0.141",,-2,2,0.246,0.754,28,28,28,29,2,1,6,1,6,1,"2.66","0.23","-0.23","25.3",,,,,
"SL","2026-05-31","83.7","-1.94","5.65","Imai, Tatsuya",666152,837227,,"ball",,,,,14,,"R","L","R","HOU","MIL","B",,,1,1,2026,"-0.03","-0.21",0.32546288374756316,1.0750881312791045,,,,0,5,"Top",,,,,,,5.131854769429005,-121.61521870058783,-3.24473806844688,-1.5410712104176738,29.898852343467514,-33.70770226997575,3.134875328,1.582086614,,,,"81.6",2392,"5.5",824187,543877,572233,669397,670623,665161,666211,676694,701358,"54.98",,,,,,,,33,3,"Slider",0,2,2,0,2,0,2,0,"Strategic","Standard",286,"-0.004","0.063",,,,,"-0.063",,-2,2,0.25,0.75,28,28,28,29,2,1,6,1,6,1,"3.55","0.03","-0.03","25.1",,,,,
"SL","2026-05-31","82.5","-1.91","5.69","Imai, Tatsuya",666152,837227,,"called_strike",,,,,7,,"R","L","R","HOU","MIL","S",,,1,0,2026,"-0.12","0.16",-0.5092620195819904,1.9609635322721766,,,,0,5,"Top",,,,,,,3.3369768719486093,-120.00688515977974,-1.9573286909071177,-1.8585660837823106,26.190689109142383,-30.434958525903646,3.134875328,1.582086614,,,,"80.9",2337,"5.5",824187,543877,572233,669397,670623,665161,666211,676694,701358,"54.99",,,,,,,,33,2,"Slider",0,2,2,0,2,0,2,0,"Strategic","Standard",265,"0.004","-0.056",,,,,"0.056",,-2,2,0.246,0.754,28,28,28,29,2,1,6,1,6,1,"3.22","0.12","-0.12","28.0",,,,,
"SL","2026-05-31","81.1","-1.99","5.67","Imai, Tatsuya",666152,837227,,"ball",,,,,11,,"R","L","R","HOU","MIL","B",,,0,0,2026,"0.02","0.11",-1.6061623647808447,3.77767467061988,,,,0,5,"Top",,,,,,,0.7945190711066707,-117.9860007018017,2.4047628857185055,-0.029590349755051027,26.224877973632946,-31.919983792574502,3.134875328,1.582086614,,,,"79.4",2311,"5.5",824187,543877,572233,669397,670623,665161,666211,676694,701358,"54.99",,,,,,,,33,1,"Slider",0,2,2,0,2,0,2,0,"Strategic","Standard",344,"-0.003","0.043",,,,,"-0.043",,-2,2,0.249,0.751,28,28,28,29,2,1,6,1,6,1,"3.4","-0.02","0.02","26.1",,,,,
"FF","2026-05-31","95.3","-1.91","5.25","Imai, Tatsuya",686217,837227,"field_out","hit_into_play",,,,,12,"Sal Frelick grounds out, second baseman Nick Allen to first baseman Christian Walker.","R","L","R","HOU","MIL","X",4,"ground_ball",1,1,2026,"-1","0.94",0.9146148160946712,2.9515609693510365,,,,2,4,"Top",144.91,160.71,,,,,9.561056716442412,-138.49579853039478,-2.3242688331366472,-15.122998508973339,32.870700819798685,-19.806517060404875,3.062910105,1.545767717,7,"75.4",-22,"94.5",2153,"6",824187,543877,572233,669397,670623,665161,666211,676694,701358,"54.47",0.051,0.046,"0",1,0,0,2,28,3,"4-Seam Fastball",0,2,2,0,2,0,2,0,"Standard","Standard",231,"0.009","-0.244","60.1","5.8",,0.063,"0.244","88.0",-2,2,0.302,0.698,28,26,28,26,2,1,6,2,6,1,"1.59","1","-1","20.9",0.11167306840507961,5.612965511953204,27.67785006916,26.059123898705707,19.38845476549281
"FF","2026-05-31","94.4","-1.78","5.31","Imai, Tatsuya",686217,837227,,"ball",,,,,8,,"R","L","R","HOU","MIL","B",,,0,1,2026,"-1.17","0.9",0.1873022880600661,1.5478441722508611,,,,2,4,"Top",,,,,,,7.639008710529908,-137.1810714408012,-5.814188831489828,-16.539578314277783,32.886337183402,-19.67814610525515,3.062910105,1.545767717,,,,"93.4",2145,"6",824187,543877,572233,669397,670623,665161,666211,676694,701358,"54.54",,,,,,,,28,2,"4-Seam Fastball",0,2,2,0,2,0,2,0,"Standard","Standard",238,"-0.001","0.03",,,,,"-0.03",,-2,2,0.303,0.6970000000000001,28,26,28,26,2,1,6,2,6,1,"1.68","1.17","-1.17","19.6",,,,,
"FF","2026-05-31","94.8","-2","5.24","Imai, Tatsuya",686217,837227,,"called_strike",,,,,5,,"R","L","R","HOU","MIL","S",,,0,0,2026,"-1.14","0.83",0.14905633936600005,2.1544022938836904,,,,2,4,"Top",,,,,,,8.066107279862335,-137.6932454281092,-4.021465146280275,-16.291833271927988,32.8130294840582,-20.857459445931205,3.062910105,1.545767717,,,,"93.9",2094,"6",824187,543877,572233,669397,670623,665161,666211,676694,701358,"54.45",,,,,,,,28,1,"4-Seam Fastball",0,2,2,0,2,0,2,0,"Standard","Standard",237,"0.001","-0.043",,,,,"0.043",,-2,2,0.302,0.698,28,26,28,26,2,1,6,2,6,1,"1.73","1.14","-1.14","21.9",,,,,
"SL","2026-05-31","87.4","-1.91","5.26","Imai, Tatsuya",596142,837227,"field_out","hit_into_play",,,,,7,"Gary Sánchez grounds out, third baseman Isaac Paredes to first baseman Christian Walker.","R","R","R","HOU","MIL","X",5,"ground_ball",2,1,2026,"-0.05","0.22",-0.733133727196385,2.1398040220747796,,,,1,4,"Top",104.35,170.34,,,,,2.9078352080126293,-127.04411381768628,-1.423772681503298,-1.3430571193672685,33.66143733668497,-29.790128506520002,3.311277887,1.671112205,26,"88.6",-3,"86.1",2381,"6.2",824187,543877,572233,669397,670623,665161,666211,676694,701358,"54.33",0.192,0.182,"0",1,0,0,2,27,4,"Slider",0,2,2,0,2,0,2,0,"Infield shade","Standard",294,"0.015","-0.311","75.5","7.0",,0.225,"0.311","88.6",-2,2,0.287,0.7130000000000001,28,33,28,34,2,1,6,1,6,3,"2.85","0.05","0.05","26.7",9.926402988915873,-6.626956149220002,32.61083956212141,26.453672209831193,35.22530487747163
"FF","2026-05-31","96.9","-1.96","4.97","Imai, Tatsuya",596142,837227,,"ball",,,,,12,,"R","R","R","HOU","MIL","B",,,1,1,2026,"-0.8","1.08",0.8400025296938168,2.9515218742293703,,,,1,4,"Top",,,,,,,9.251647453339666,-140.70470402367187,-2.0962992417420883,-12.87711543063413,36.3451832263808,-17.631097089177278,3.311277887,1.671112205,,,,"96.5",2098,"6.5",824187,543877,572233,669397,670623,665161,666211,676694,701358,"53.99",,,,,,,,27,3,"4-Seam Fastball",0,2,2,0,2,0,2,0,"Infield shade","Standard",233,"-0.003","0.058",,,,,"-0.058",,-2,2,0.29,0.71,28,33,28,34,2,1,6,1,6,3,"1.38","0.8","0.8","28.7",,,,,
"FF","2026-05-31","96.3","-1.98","4.96","Imai, Tatsuya",596142,837227,,"foul",,,,,5,,"R","R","R","HOU","MIL","S",,,1,0,2026,"-1.02","0.87",-0.05101877707127067,2.6742251018861873,,,,1,4,"Top",,,,,,,7.427694792519546,-140.0204733053577,-2.263686955192127,-15.145606702954876,35.118393422234035,-20.44462544942907,3.311277887,1.671112205,157,"64.6",52,"96.1",2007,"6.5",824187,543877,572233,669397,670623,665161,666211,676694,701358,"54.04",,,,,,,,27,2,"4-Seam Fastball",0,2,2,0,2,0,2,0,"Infield shade","Standard",237,"0.003","-0.05","70.2","6.4",,,"0.05","88.0",-2,2,0.287,0.7130000000000001,28,33,28,34,2,1,6,1,6,3,"1.61","1.02","1.02","23.9",1.5065160683439645,26.092623868361695,25.73696492219385,34.83450420137516,24.385291203612795
"SL","2026-05-31","87.9","-2.01","5.33","Imai, Tatsuya",596142,837227,,"ball",,,,,14,,"R","R","R","HOU","MIL","B",,,0,0,2026,"-0.02","0.12",0.6426141853965838,1.1730820652813327,,,,1,4,"Top",,,,,,,6.353534414407416,-127.75678036651227,-3.8810593888167286,-1.6445771499195538,29.701904841135445,-30.202273091417627,3.311277887,1.671112205,,,,"87.1",2294,"6.1",824187,543877,572233,669397,670623,665161,666211,676694,701358,"54.36",,,,,,,,27,1,"Slider",0,2,2,0,2,0,2,0,"Infield shade","Standard",281,"-0.002","0.041",,,,,"-0.041",,-2,2,0.289,0.7110000000000001,28,33,28,34,2,1,6,1,6,3,"2.87","0.02","0.02","27.0",,,,,
"SL","2026-05-31","87.8","-1.95","5.27","Imai, Tatsuya",641343,837227,"home_run","hit_into_play",,,,,1,"Jake Bauers homers (9) on a fly ball to left field. Andrew Vaughn scores.","R","L","R","HOU","MIL","X",,"fly_ball",1,2,2026,"-0.02","0.07",-0.6670760786664145,2.9032482582114563,,,683734,1,4,"Top",37.09,89.88,,,,,3.096802564756435,-127.78723017874907,0.44070804057838653,-0.9306181829327215,27.6891123695298,-31.75431961676116,3.217372047,1.623720472,347,"100.4",35,"87.1",2348,"6",824187,543877,572233,669397,670623,665161,666211,676694,701358,"54.52",0.351,0.688,"2",1,0,3,5,26,7,"Slider",0,0,0,0,2,0,2,0,"Infield shade","Standard",262,"-0.218","1.533","76.3","7.3",,1.329,"-1.533","100.4",0,0,0.507,0.493,28,30,28,31,2,1,6,1,6,1,"2.9","0.02","-0.02","29.3",6.5014515831812645,15.31451192562797,25.15980612453445,43.896205311540065,24.096096961992398
"FF","2026-05-31","96.8","-1.91","5.14","Imai, Tatsuya",641343,837227,,"foul",,,,,11,,"R","L","R","HOU","MIL","S",,,1,2,2026,"-1.12","0.93",-0.7983364716190098,3.466788252838327,,,683734,1,4,"Top",,,,,,,5.534737003913736,-140.85918832576004,-0.8714211200456088,-16.22042553182395,34.550198074783914,-19.884219327583317,3.217372047,1.623720472,229,"81.2",22,"96.6",2139,"6.3",824187,543877,572233,669397,670623,665161,666211,676694,701358,"54.16",,,,,,,,26,6,"4-Seam Fastball",0,0,0,0,0,0,0,0,"Infield shade","Standard",232,"0","0","67.5","6.0",,,"0","88.0",0,0,0.507,0.493,28,30,28,31,2,1,6,1,6,1,"1.52","1.12","-1.12","27.4",-8.783030776296046,38.866534470257044,25.169775287602512,45.32282598387854,4.521647410189705
"FF","2026-05-31","95.1","-1.93","5.2","Imai, Tatsuya",641343,837227,,"foul",,,,,12,,"R","L","R","HOU","MIL","S",,,1,2,2026,"-1.3","0.86",0.1857425509733044,3.5203596638242027,,,683734,1,4,"Top",,,,,,,8.404822236488304,-138.17160695655622,-0.4570089554441925,-18.634721094929308,34.486224521984525,-21.436973865936064,3.217372047,1.623720472,181,"70.5",57,"94.3",2224,"6.2",824187,543877,572233,669397,670623,665161,666211,676694,701358,"54.32",,,,,,,,26,5,"4-Seam Fastball",0,0,0,0,0,0,0,0,"Infield shade","Standard",238,"0","0","68.6","6.1",,,"0","88.0",0,0,0.507,0.493,28,30,28,31,2,1,6,1,6,1,"1.7","1.3","-1.3","23.0",-2.97745589259159,19.049142214419643,30.43945475867154,33.497197333603296,17.758736515403786
"SL","2026-05-31","86.9","-1.95","5.4","Imai, Tatsuya",641343,837227,,"foul",,,,,13,,"R","L","R","HOU","MIL","S",,,1,2,2026,"-0.14","0.08",-0.11932272737980967,1.4641522797470152,,,683734,1,4,"Top",,,,,,,4.576222198265123,-126.3391825304134,-3.0529216874811267,-2.5370734897734186,29.25052527158424,-30.902953696149563,3.217372047,1.623720472,3,"74.6",-27,"85.7",2365,"5.9",824187,543877,572233,669397,670623,665161,666211,676694,701358,"54.63",,,,,,,,26,4,"Slider",0,0,0,0,0,0,0,0,"Infield shade","Standard",267,"0","0","77.4","8.6",,,"0","88.0",0,0,0.507,0.493,28,30,28,31,2,1,6,1,6,1,"2.98","0.14","-0.14","26.4",18.530873901722153,-12.591552259019732,38.575788878646655,37.59321698715739,39.90902917922657
"SL","2026-05-31","87.2","-1.86","5.4","Imai, Tatsuya",641343,837227,,"called_strike",,,,,7,,"R","L","R","HOU","MIL","S",,,1,1,2026,"-0.84","0.18",-0.5790119326840708,1.9925846901566509,,,683734,1,4,"Top",,,,,,,4.765069512696681,-126.85308733807078,-2.1150594806051366,-10.105759553236961,28.242658829892218,-30.050418927635327,3.217372047,1.623720472,,,,"86.2",2304,"5.9",824187,543877,572233,669397,670623,665161,666211,676694,701358,"54.62",,,,,,,,26,3,"Slider",0,0,0,0,0,0,0,0,"Standard","Standard",254,"0.008","-0.067",,,,,"0.067",,0,0,0.499,0.501,28,30,28,31,2,1,6,1,6,1,"2.85","0.84","-0.84","28.0",,,,,
"SL","2026-05-31","85.5","-1.91","5.41","Imai, Tatsuya",641343,837227,,"foul",,,,,9,,"R","L","R","HOU","MIL","S",,,1,0,2026,"0.07","0.27",0.3232694401045569,2.1087818314070343,,,683734,1,4,"Top",,,,,,,5.013552781922808,-124.30506186184303,-1.6847500597239677,-0.5648705717898408,30.63637685199569,-29.235299840899714,3.217372047,1.623720472,360,"105.7",38,"84.1",2466,"6",824187,543877,572233,669397,670623,665161,666211,676694,701358,"54.53",,,,,,,,26,2,"Slider",0,0,0,0,0,0,0,0,"Standard","Standard",278,"0.006","-0.047","80.1","8.7",,,"0.047","105.7",0,0,0.493,0.507,28,30,28,31,2,1,6,1,6,1,"2.91","-0.07","0.07","26.6",22.794732493587357,-22.7651476521731,35.237737113431606,32.74437645963364,42.8344471381191
"SL","2026-05-31","86.5","-1.95","5.39","Imai, Tatsuya",641343,837227,,"ball",,,,,11,,"R","L","R","HOU","MIL","B",,,0,0,2026,"-0.07","0.25",-1.1930754823925724,3.35887517181343,,,683734,1,4,"Top",,,,,,,1.9140508663455684,-125.93658251332141,1.0566041578737344,-1.1937600931375558,28.616932353767677,-29.989250087295215,3.217372047,1.623720472,,,,"85.4",2434,"5.8",824187,543877,572233,669397,670623,665161,666211,676694,701358,"54.68",,,,,,,,26,1,"Slider",0,0,0,0,0,0,0,0,"Standard","Standard",270,"-0.004","0.035",,,,,"-0.035",,0,0,0.497,0.503,28,30,28,31,2,1,6,1,6,1,"2.82","0.07","-0.07","26.0",,,,,
"FF","2026-05-31","96.8","-1.84","4.95","Imai, Tatsuya",683734,837227,"single","hit_into_play",,,,,5,"Andrew Vaughn singles on a ground ball to right fielder Cam Smith.","R","R","R","HOU","MIL","X",9,"ground_ball",3,2,2026,"-1.05","0.73",0.07361617224237671,2.5361703467826313,,,,1,4,"Top",192,122,,,,,7.490396807766729,-140.70917038678303,-2.3740362669196373,-15.743542741944202,33.82013760194049,-22.12015744440076,3.127854331,1.578543307,52,"98.7",0,"96.6",2002,"6.4",824187,543877,572233,669397,670623,665161,666211,676694,701358,"54.14",0.449,0.428,"0.9",1,1,0,4,25,8,"4-Seam Fastball",0,0,0,0,0,0,0,0,"Standard","Standard",233,"-0.025","0.331","65.3","6.0",,0.525,"-0.331","98.7",0,0,0.522,0.478,28,28,28,28,2,1,6,1,6,1,"1.72","1.05","1.05","26.2",-7.533423258997473,27.726917141902305,26.781726676627066,39.99661673023718,14.193518681322896
"FF","2026-05-31","96.8","-1.66","5.1","Imai, Tatsuya",683734,837227,,"ball",,,,,14,,"R","R","R","HOU","MIL","B",,,2,2,2026,"-0.96","1.14",2.3293312584817074,2.270907986507755,,,,1,4,"Top",,,,,,,12.752052471226056,-140.36907136583582,-4.406060945285354,-15.599858912963011,31.83129939081828,-16.29218563382292,3.127854331,1.578543307,,,,"96.8",2203,"6.5",824187,543877,572233,669397,670623,665161,666211,676694,701358,"53.99",,,,,,,,25,7,"4-Seam Fastball",0,0,0,0,0,0,0,0,"Standard","Standard",231,"-0.008","0.111",,,,,"-0.111",,0,0,0.53,0.47,28,28,28,28,2,1,6,1,6,1,"1.31","0.96","0.96","31.6",,,,,
"SL","2026-05-31","87.6","-1.98","5.36","Imai, Tatsuya",683734,837227,,"foul",,,,,8,,"R","R","R","HOU","MIL","S",,,2,2,2026,"-0.22","-0.03",-0.14230492086710955,1.9036012854432247,,,,1,4,"Top",,,,,,,4.836258656809766,-127.54359552078644,-1.9222917745634547,-3.451057439789318,26.48883540501557,-32.353936648535246,3.127854331,1.578543307,281,"92.3",23,"87.3",2387,"6.1",824187,543877,572233,669397,670623,665161,666211,676694,701358,"54.43",,,,,,,,25,6,"Slider",0,0,0,0,0,0,0,0,"Standard","Standard",259,"0","0","74.3","7.9",,,"0","92.3",0,0,0.53,0.47,28,28,28,28,2,1,6,1,6,1,"3","0.22","0.22","28.3",14.503558914647462,-20.26271982752761,28.63077866387634,36.35599728306973,42.65925308779772
"SL","2026-05-31","87.2","-1.78","5.41","Imai, Tatsuya",683734,837227,,"ball",,,,,14,,"R","R","R","HOU","MIL","B",,,1,2,2026,"-0.27","0.33",1.8781276663014987,0.07982679240154633,,,,1,4,"Top",,,,,,,9.187110428563528,-126.56243189585258,-6.951265900139675,-4.943168484817099,27.93763114846192,-27.234301358268752,3.127854331,1.578543307,,,,"86.3",2562,"6",824187,543877,572233,669397,670623,665161,666211,676694,701358,"54.47",,,,,,,,25,5,"Slider",0,0,0,0,0,0,0,0,"Standard","Standard",292,"-0.003","0.052",,,,,"-0.052",,0,0,0.533,0.46699999999999997,28,28,28,28,2,1,6,1,6,1,"2.7","0.27","0.27","27.5",,,,,
"SL","2026-05-31","87.7","-1.76","5.5","Imai, Tatsuya",683734,837227,,"foul",,,,,8,,"R","R","R","HOU","MIL","S",,,1,2,2026,"-0.19","-0.06",-0.19332315855623494,2.021869739979897,,,,1,4,"Top",,,,,,,4.104982077534012,-127.63560734639816,-1.8555521988941654,-3.0539178541749075,30.021046185093784,-32.5945984303536,3.127854331,1.578543307,16,"91.6",-7,"86.5",2397,"5.8",824187,543877,572233,669397,670623,665161,666211,676694,701358,"54.68",,,,,,,,25,4,"Slider",0,0,0,0,0,0,0,0,"Standard","Standard",251,"0","0","64.8","8.0",,,"0","91.6",0,0,0.533,0.46699999999999997,28,28,28,28,2,1,6,1,6,1,"3.05","0.19","0.19","27.0",17.153216800567016,-25.950364897709793,25.66822661520193,34.99069655874722,45.875969910320364
"SL","2026-05-31","86.8","-1.71","5.6","Imai, Tatsuya",683734,837227,,"ball",,,,,14,,"R","R","R","HOU","MIL","B",,,0,2,2026,"-0.47","0.11",0.22299513291661444,0.6583398670796416,,,,1,4,"Top",,,,,,,5.472641691741098,-126.03177394684288,-5.399099198240186,-6.2787702454104535,30.845369510784412,-29.893263506988596,3.127854331,1.578543307,,,,"84.9",2293,"5.7",824187,543877,572233,669397,670623,665161,666211,676694,701358,"54.83",,,,,,,,25,3,"Slider",0,0,0,0,0,0,0,0,"Standard","Standard",259,"-0.002","0.017",,,,,"-0.017",,0,0,0.535,0.46499999999999997,28,28,28,28,2,1,6,1,6,1,"2.98","0.47","0.47","26.1",,,,,
"FF","2026-05-31","94.1","-1.72","5.52","Imai, Tatsuya",683734,837227,,"foul",,,,,1,,"R","R","R","HOU","MIL","S",,,0,1,2026,"-1.06","0.88",-0.3510452461566502,3.213446813886783,,,,1,4,"Top",,,,,,,5.827402977616974,-136.90223066552602,-2.0029555137480246,-14.611727590994345,33.77748192725588,-20.919292919535195,3.127854331,1.578543307,252,"82.2",41,"92.7",2030,"5.8",824187,543877,572233,669397,670623,665161,666211,676694,701358,"54.75",,,,,,,,25,2,"4-Seam Fastball",0,0,0,0,0,0,0,0,"Standard","Standard",235,"0.005","-0.057","61.4","5.8",,,"0.057","88.0",0,0,0.53,0.47,28,28,28,28,2,1,6,1,6,1,"1.72","1.06","1.06","24.2",-4.292163512494968,28.091602430535588,26.00783383478285,33.70263134593381,15.924552663674339
"FF","2026-05-31","94.1","-1.76","5.47","Imai, Tatsuya",683734,837227,,"called_strike",,,,,9,,"R","R","R","HOU","MIL","S",,,0,0,2026,"-1.15","0.99",0.586049730834199,1.801704753822512,,,,1,4,"Top",,,,,,,8.496845121851544,-136.58520401863,-5.680748558819728,-16.32904283871634,33.20728879330184,-18.626967822217694,3.127854331,1.578543307,,,,"92.6",2144,"5.8",824187,543877,572233,669397,670623,665161,666211,676694,701358,"54.71",,,,,,,,25,1,"4-Seam Fastball",0,0,0,0,0,0,0,0,"Standard","Standard",231,"0.003","-0.041",,,,,"0.041",,0,0,0.527,0.473,28,28,28,28,2,1,6,1,6,1,"1.61","1.15","1.15","25.8",,,,,
"SL","2026-05-31","83","-1.86","5.67","Imai, Tatsuya",668930,837227,"field_out","hit_into_play",,,,,4,"Brice Turang lines out sharply to center fielder Jake Meyers.","R","L","R","HOU","MIL","X",8,"line_drive",2,0,2026,"0","0.15",-0.3861155061921582,2.7186705314506727,,,,0,4,"Top",94.53,73.75,,,,,3.271679210077439,-120.64371049216689,-0.239101429642387,-0.746152636782664,28.758019929465817,-30.892860685330174,3.21035105,1.620177165,321,"104.5",16,"81.1",2300,"5.5",824187,543877,572233,669397,670623,665161,666211,676694,701358,"54.96",0.551,0.641,"0",1,0,0,5,24,3,"Slider",0,0,0,0,0,0,0,0,"Standard","Standard",275,"0.04","-0.387","71.6","6.8",,0.968,"0.387","104.5",0,0,0.487,0.513,28,26,28,27,2,1,6,1,6,1,"3.22","0","0","25.4",10.573664394719952,10.747722430078086,27.605824248985336,37.40945737263627,33.654174329481236
"SL","2026-05-31","84","-1.86","5.7","Imai, Tatsuya",668930,837227,,"ball",,,,,11,,"R","L","R","HOU","MIL","B",,,1,0,2026,"-0.08","0.14",-0.3522499503798839,3.3924389377475737,,,,0,4,"Top",,,,,,,3.5563151944109204,-122.16857333706102,1.0245632478289917,-1.6145313376461363,27.405389712717138,-31.266997957293277,3.21035105,1.620177165,,,,"82.6",2311,"5.7",824187,543877,572233,669397,670623,665161,666211,676694,701358,"54.83",,,,,,,,24,2,"Slider",0,0,0,0,0,0,0,0,"Standard","Standard",268,"-0.009","0.083",,,,,"-0.083",,0,0,0.496,0.504,28,26,28,27,2,1,6,1,6,1,"3.13","0.08","-0.08","28.2",,,,,
"SL","2026-05-31","83.5","-1.88","5.71","Imai, Tatsuya",668930,837227,,"ball",,,,,7,,"R","L","R","HOU","MIL","B",,,0,0,2026,"0.04","-0.2",-0.7901455060941424,1.746912643908893,,,,0,4,"Top",,,,,,,2.3448249599588205,-121.60208197617482,-2.0065742124624855,-0.08583222875635008,25.782962909707205,-33.924713387045,3.21035105,1.620177165,,,,"81.9",2321,"5.3",824187,543877,572233,669397,670623,665161,666211,676694,701358,"55.15",,,,,,,,24,1,"Slider",0,0,0,0,0,0,0,0,"Standard","Standard",265,"-0.004","0.043",,,,,"-0.043",,0,0,0.5,0.5,28,26,28,27,2,1,6,1,6,1,"3.48","-0.04","0.04","26.2",,,,,
"SL","2026-05-31","87.7","-2.06","5.4","Imai, Tatsuya",669003,837227,"field_out","hit_into_play",,,,,4,"Garrett Mitchell grounds out, second baseman Nick Allen to first baseman Christian Walker.","R","L","R","HOU","MIL","X",4,"ground_ball",0,1,2026,"-0.32","0.01",-0.39409822614073703,2.2567863784424635,666152,,687401,2,3,"Top",144.4,156.65,,,,,4.600604074203666,-127.5377866371274,-1.204672640560194,-4.495596764311185,29.64341309986727,-32.03304733124282,3.292847769,1.661811024,6,"92.9",-20,"86.4",2538,"5.8",824187,543877,572233,669397,670623,665161,666211,676694,701358,"54.72",0.153,0.139,"0",1,0,0,2,17,2,"Slider",0,0,0,0,0,0,0,0,"Standard","Standard",249,"0.047","-0.266","77.2","7.2",,0.186,"0.266","92.9",0,0,0.508,0.492,28,27,28,28,2,1,6,1,6,2,"2.99","0.32","-0.32","25.2",10.371056099571241,9.835186257160636,28.016255507283823,41.65674715706466,28.909806791127025
"FF","2026-05-31","95.6","-2.02","5.17","Imai, Tatsuya",669003,837227,,"swinging_strike",,,,,1,,"R","L","R","HOU","MIL","S",,,0,0,2026,"-1.21","0.5",-0.3585534651481379,2.9741783440251446,666152,,687401,2,3,"Top",,,,,,,7.037819198901886,-138.97560607371443,-1.036886439409622,-17.254220162707494,35.21133281747265,-25.79688722219539,3.292847769,1.661811024,,,,"94.5",1994,"6",824187,543877,572233,669397,670623,665161,666211,676694,701358,"54.5",,,,,,,,17,1,"4-Seam Fastball",0,0,0,0,0,0,0,0,"Standard","Standard",240,"0.008","-0.03","70.7","5.6","0.7281891",,"0.03",,0,0,0.5,0.5,28,27,28,28,2,1,6,1,6,2,"2.03","1.21","-1.21","21.7",-8.747022718947742,45.99368938686505,31.53073751829454,42.09890203119508,5.769003509639339
"SL","2026-05-31","87.5","-1.86","5.46","Imai, Tatsuya",592885,837227,"strikeout","swinging_strike",,,,,13,"Christian Yelich strikes out swinging.","R","L","R","HOU","MIL","S",2,,1,2,2026,"-0.75","0.34",-0.780982791132034,1.5638640196671498,666152,,687401,1,3,"Top",,,,,,,4.111484613050769,-127.2729447992476,-3.63124554228324,-9.003386875137378,29.770379913029842,-27.94963571473954,3.368323491,1.699901575,,,,"86.3",2447,"5.9",824187,543877,572233,669397,670623,665161,666211,676694,701358,"54.63",,0,"0",1,0,0,,16,4,"Slider",0,0,0,0,0,0,0,0,"Standard","Standard",252,"0.052","-0.251","71.7","8.6","0.673109292",,"0.251",,0,0,0.448,0.552,28,34,28,35,2,1,6,1,6,1,"2.68","0.75","-0.75","26.6",20.512357083664707,-10.006409685366897,33.93135241078762,46.55957011142777,37.982326437022635
"FF","2026-05-31","94.8","-2","5.29","Imai, Tatsuya",592885,837227,,"swinging_strike",,,,,5,,"R","L","R","HOU","MIL","S",,,1,1,2026,"-1.32","0.62",-0.04923335846035215,2.462341539586772,666152,,687401,1,3,"Top",,,,,,,7.982132022028049,-137.7752496050645,-2.864493464469133,-18.62019747887956,33.953473537157045,-23.797319300896707,3.368323491,1.699901575,,,,"93.9",2029,"6.1",824187,543877,572233,669397,670623,665161,666211,676694,701358,"54.44",,,,,,,,16,3,"4-Seam Fastball",0,0,0,0,0,0,0,0,"Standard","Standard",237,"0.019","-0.081","70.3","6.5","0.833412348",,"0.081",,0,0,0.429,0.571,28,34,28,35,2,1,6,1,6,1,"1.94","1.32","-1.32","21.8",-9.935390729539874,32.209108748761246,40.36792507049822,37.70906578270908,8.623941395545755
"FF","2026-05-31","94.2","-2.04","5.3","Imai, Tatsuya",592885,837227,,"swinging_strike",,,,,3,,"R","L","R","HOU","MIL","S",,,1,0,2026,"-1.2","0.77",0.6412641147599092,2.95788297552087,666152,,687401,1,3,"Top",,,,,,,9.509313886207137,-136.72133374930334,-1.8482537038096023,-17.311691860869438,33.711917419151085,-22.351051713962683,3.368323491,1.699901575,,,,"93.1",2124,"6",824187,543877,572233,669397,670623,665161,666211,676694,701358,"54.48",,,,,,,,16,2,"4-Seam Fastball",0,0,0,0,0,0,0,0,"Standard","Standard",241,"0.008","-0.064","70.5","6.4","1.672660152",,"0.064",,0,0,0.421,0.579,28,34,28,35,2,1,6,1,6,1,"1.84","1.2","-1.2","22.8",-3.323094479863881,26.048007116627797,40.40695806467199,29.519395972139694,16.539314209835688
"FF","2026-05-31","94","-1.95","5.32","Imai, Tatsuya",592885,837227,,"ball",,,,,11,,"R","L","R","HOU","MIL","B",,,0,0,2026,"-1.2","0.68",-0.916505788585865,3.982033701590322,666152,,687401,1,3,"Top",,,,,,,5.308646574635214,-136.76849422965333,0.9122890101553963,-16.253217613666237,33.673385863120444,-24.19173544164382,3.368323491,1.699901575,,,,"92.9",1973,"5.9",824187,543877,572233,669397,670623,665161,666211,676694,701358,"54.62",,,,,,,,16,1,"4-Seam Fastball",0,0,0,0,0,0,0,0,"Standard","Standard",238,"-0.004","0.026",,,,,"-0.026",,0,0,0.425,0.575,28,34,28,35,2,1,6,1,6,1,"1.93","1.2","-1.2","22.7",,,,,
"FF","2026-05-31","94","-1.96","5.24","Imai, Tatsuya",687401,837227,"walk","ball",,,,,11,"Joey Ortiz walks. David Hamilton to 3rd. David Hamilton steals (11) 3rd base. David Hamilton to 3rd.","R","R","R","HOU","MIL","B",,,3,1,2026,"-1.19","0.61",-1.3576174142345185,3.415289330714746,,666152,,1,3,"Top",,,,,,,4.171765560685281,-136.682771933759,-0.13421037401996705,-15.75290525542678,34.59187151999711,-24.86865059219845,3.136630577,1.582972441,,,,"92.6",2020,"5.9",824187,543877,572233,669397,670623,665161,666211,676694,701358,"54.64",,0.697886,"0.7",1,0,0,,15,5,"4-Seam Fastball",0,0,0,0,0,0,0,0,"Standard","Strategic",241,"-0.044","0.13",,,,,"-0.13",,0,0,0.469,0.531,28,27,28,28,1,0,6,1,6,1,"2.01","1.19","1.19","18.9",,,,,
"FF","2026-05-31","93.5","-1.88","5.25","Imai, Tatsuya",687401,837227,,"called_strike",,,,,8,,"R","R","R","HOU","MIL","S",,,3,0,2026,"-1.17","0.91",-0.10047847528850706,1.7458257573489717,,666152,,1,3,"Top",,,,,,,7.086708571176255,-135.86202538888136,-4.993043770402658,-16.12227606656175,33.01481405972364,-20.01250637324384,3.136630577,1.582972441,,,,"92.2",2127,"5.9",824187,543877,572233,669397,670623,665161,666211,676694,701358,"54.64",,,,,,,,15,4,"4-Seam Fastball",0,0,0,0,0,0,0,0,"Standard","Standard",244,"0.005","-0.05",,,,,"0.05",,0,0,0.464,0.536,28,27,28,28,1,0,6,1,6,1,"1.73","1.17","1.17","18.2",,,,,
"FF","2026-05-31","92.7","-1.84","5.14","Imai, Tatsuya",687401,837227,,"ball",,,,,9,,"R","R","R","HOU","MIL","B",,,2,0,2026,"-1.34","0.85",0.7474462234561803,1.9465475551545304,,,666152,1,3,"Top",,,,,,,9.434686834006852,-134.5862541885343,-3.9306659811062663,-18.4176376526404,32.86433886532519,-21.236160776823652,3.136630577,1.582972441,,,,"91.6",2167,"6.1",824187,543877,572233,669397,670623,665161,666211,676694,701358,"54.44",,,,,,,,15,3,"4-Seam Fastball",0,0,0,0,0,0,0,0,"Standard","Strategic",243,"-0.02","0.096",,,,,"-0.096",,0,0,0.484,0.516,28,27,28,28,1,0,6,1,6,1,"1.85","1.34","1.34","18.6",,,,,
"FF","2026-05-31","92.8","-1.89","5.19","Imai, Tatsuya",687401,837227,,"ball",,,,,12,,"R","R","R","HOU","MIL","B",,,1,0,2026,"-1.21","0.78",1.0941181195855794,2.7982254998241065,,,666152,1,3,"Top",,,,,,,10.143996374197044,-134.72519995035822,-1.8010001094311545,-17.115282563252496,32.49749833362165,-22.523696042092592,3.136630577,1.582972441,,,,"91.5",2108,"5.9",824187,543877,572233,669397,670623,665161,666211,676694,701358,"54.6",,,,,,,,15,2,"4-Seam Fastball",0,0,0,0,0,0,0,0,"Standard","Strategic",245,"-0.009","0.069",,,,,"-0.069",,0,0,0.493,0.507,28,27,28,28,1,0,6,1,6,1,"1.9","1.21","1.21","18.9",,,,,
"FF","2026-05-31","93.4","-2.07","5.28","Imai, Tatsuya",687401,837227,,"ball",,,,,12,,"R","R","R","HOU","MIL","B",,,0,0,2026,"-1.03","0.83",0.43533590726889115,3.482663367576104,,,666152,1,3,"Top",,,,,,,8.585572159792887,-135.7752309511309,-0.5139237662104856,-14.71966252585245,32.0405895788512,-22.092110292943946,3.136630577,1.582972441,,,,"92.2",2026,"5.8",824187,543877,572233,669397,670623,665161,666211,676694,701358,"54.71",,,,,,,,15,1,"4-Seam Fastball",0,0,0,0,0,0,0,0,"Standard","Strategic",238,"-0.004","0.035",,,,,"-0.035",,0,0,0.497,0.503,28,27,28,28,1,0,6,1,6,1,"1.81","1.03","1.03","18.9",,,,,
"FF","2026-05-31","93.4","-1.87","5.48","Imai, Tatsuya",666152,837227,"single","hit_into_play",,,,,5,"David Hamilton singles on a sharp line drive to center fielder Jake Meyers.","R","L","R","HOU","MIL","X",8,"line_drive",1,1,2026,"-1.18","0.96",-0.05907173525784848,2.5310188764921184,,,,1,3,"Top",96.56,85.59,,,,,7.1314442127244275,-135.66334557283932,-3.6536249976307116,-16.179641107451513,33.66953593852854,-19.719426537831367,3.134875328,1.582086614,209,"102.6",9,"91.6",2241,"5.6",824187,543877,572233,669397,670623,665161,666211,676694,701358,"54.89",0.714,0.684,"0.9",1,1,0,4,14,3,"4-Seam Fastball",0,0,0,0,0,0,0,0,"Standard","Standard",236,"-0.029","0.422","71.0","6.9",,0.86,"-0.422","102.6",0,0,0.526,0.474,28,28,28,29,1,0,6,1,6,1,"1.69","1.18","-1.18","20.9",-0.6924046336260162,8.1447404605495,31.211513564423946,39.96228798450818,20.325500935219903
"SL","2026-05-31","82.4","-1.8","5.76","Imai, Tatsuya",666152,837227,,"called_strike",,,,,5,,"R","L","R","HOU","MIL","S",,,1,0,2026,"-0.02","0.05",-0.12195347265234481,2.424203148747869,,,,1,3,"Top",,,,,,,3.7512140960683684,-119.90753154039972,-0.8476419273108388,-1.0521606878255778,26.316504355218942,-31.781279012149085,3.134875328,1.582086614,,,,"80.6",2414,"5.4",824187,543877,572233,669397,670623,665161,666211,676694,701358,"55.11",,,,,,,,14,2,"Slider",0,0,0,0,0,0,0,0,"Standard","Standard",336,"0.004","-0.05",,,,,"0.05",,0,0,0.522,0.478,28,28,28,29,1,0,6,1,6,1,"3.35","0.02","-0.02","26.5",,,,,
"CH","2026-05-31","83.4","-1.69","5.75","Imai, Tatsuya",666152,837227,,"ball",,,,,11,,"R","L","R","HOU","MIL","B",,,0,0,2026,"-1.28","0.84",-1.2620307234383898,2.627822858677923,,,,1,3,"Top",,,,,,,3.4731435546488547,-121.2871773974573,-2.1056324612867785,-13.280667450885884,26.38734391787538,-23.725312722540604,3.134875328,1.582086614,,,,"81.8",1979,"5.5",824187,543877,572233,669397,670623,665161,666211,676694,701358,"55.01",,,,,,,,14,1,"Changeup",0,0,0,0,0,0,0,0,"Standard","Standard",255,"-0.003","0.041",,,,,"-0.041",,0,0,0.525,0.475,28,28,28,29,1,0,6,1,6,1,"2.47","1.28","-1.28","24.4",,,,,
"FF","2026-05-31","91.9","-1.87","5.5","Imai, Tatsuya",686217,837227,"field_out","hit_into_play",,,,,6,"Sal Frelick lines out to center fielder Jake Meyers.","R","L","R","HOU","MIL","X",8,"line_drive",2,1,2026,"-1.16","1.23",0.7344447837440822,2.489015675430089,,,,0,3,"Top",123.49,72.82,,,,,8.937799794381059,-133.3415086079621,-4.119078129131327,-15.92194613573391,32.705149290562886,-16.89237804326878,3.062910105,1.545767717,315,"89.8",24,"90",2287,"5.6",824187,543877,572233,669397,670623,665161,666211,676694,701358,"54.91",0.117,0.13,"0",1,0,0,3,13,4,"4-Seam Fastball",0,0,0,0,0,0,0,0,"Standard","Standard",239,"0.029","-0.31","67.7","6.4",,0.202,"0.31","89.8",0,0,0.496,0.504,28,26,28,26,1,0,6,2,6,1,"1.52","1.16","-1.16","20.8",-0.30461988842367466,3.0956379606063793,30.715689995589955,27.990390564376327,23.05317497245278
"FF","2026-05-31","91.3","-1.77","5.58","Imai, Tatsuya",686217,837227,,"ball",,,,,12,,"R","L","R","HOU","MIL","B",,,1,1,2026,"-1.12","1.29",0.8204994245609931,3.2880451293421262,,,,0,3,"Top",,,,,,,8.728133695254737,-132.5419446974776,-2.4108007747950815,-15.193171790622193,32.06677793375875,-16.712266724601463,3.062910105,1.545767717,,,,"89.3",2276,"5.5",824187,543877,572233,669397,670623,665161,666211,676694,701358,"54.98",,,,,,,,13,3,"4-Seam Fastball",0,0,0,0,0,0,0,0,"Standard","Standard",237,"-0.005","0.063",,,,,"-0.063",,0,0,0.501,0.499,28,26,28,26,1,0,6,2,6,1,"1.48","1.12","-1.12","21.1",,,,,
"FF","2026-05-31","91.2","-1.81","5.63","Imai, Tatsuya",686217,837227,,"called_strike",,,,,3,,"R","L","R","HOU","MIL","S",,,1,0,2026,"-1.09","0.81",0.4933791952694706,2.8399442122858507,,,,0,3,"Top",,,,,,,7.966468472730918,-132.48970608696789,-2.5481143035893172,-14.688455327188429,32.42258318113023,-22.398211942105828,3.062910105,1.545767717,,,,"89.1",2183,"5.4",824187,543877,572233,669397,670623,665161,666211,676694,701358,"55.06",,,,,,,,13,2,"4-Seam Fastball",0,0,0,0,0,0,0,0,"Standard","Standard",234,"0.005","-0.056",,,,,"0.056",,0,0,0.496,0.504,28,26,28,26,1,0,6,2,6,1,"1.98","1.09","-1.09","22.3",,,,,
"FF","2026-05-31","89.8","-1.81","5.68","Imai, Tatsuya",686217,837227,,"ball",,,,,11,,"R","L","R","HOU","MIL","B",,,0,0,2026,"-1.14","0.99",-2.4049506830459277,3.406611077014471,,,,0,3,"Top",,,,,,,0.980616131389757,-130.69120655666094,-1.503495507276626,-13.115543174835583,31.811845677377235,-20.80733808240601,3.062910105,1.545767717,,,,"87.7",2084,"5.3",824187,543877,572233,669397,670623,665161,666211,676694,701358,"55.18",,,,,,,,13,1,"4-Seam Fastball",0,0,0,0,0,0,0,0,"Strategic","Standard",234,"-0.004","0.043",,,,,"-0.043",,0,0,0.5,0.5,28,26,28,26,1,0,6,2,6,1,"1.87","1.14","-1.14","21.4",,,,,
"SL","2026-05-31","86.3","-1.85","5.6","Imai, Tatsuya",596142,837227,"strikeout","swinging_strike",,,,,14,"Gary Sánchez strikes out swinging.","R","R","R","HOU","MIL","S",2,,0,2,2026,"-0.19","0.17",0.013233352095008422,1.460612900527817,,,,2,2,"Top",,,,,,,4.706877615695068,-125.591930801649,-3.6579336142348233,-3.007617033916792,27.62919475746486,-29.81206886362627,3.311277887,1.671112205,,,,"85",2389,"5.6",824187,543877,572233,669397,670623,665161,666211,676694,701358,"54.86",,0,"0",1,0,0,,9,3,"Slider",0,0,0,0,0,0,0,0,"Infield shade","Standard",284,"0.007","-0.153","72.1","8.4","2.35615404",,"0.153",,0,0,0.544,0.45599999999999996,28,33,28,34,1,0,6,1,6,3,"2.91","0.19","0.19","25.0",24.795215443553424,-39.97482742129506,33.70073673749029,33.59696405460508,51.70161025962612
"SL","2026-05-31","86.9","-1.7","5.64","Imai, Tatsuya",596142,837227,,"swinging_strike",,,,,6,,"R","R","R","HOU","MIL","S",,,0,1,2026,"-0.19","0.03",0.4835868271202832,2.3068226620385297,,,,2,2,"Top",,,,,,,5.505390204600507,-126.50868574507375,-1.625120017825732,-3.2021888475189635,27.199559351187307,-31.759256857063136,3.311277887,1.671112205,,,,"85.8",2323,"5.7",824187,543877,572233,669397,670623,665161,666211,676694,701358,"54.8",,,,,,,,9,2,"Slider",0,0,0,0,0,0,0,0,"Infield shade","Standard",264,"0.002","-0.061","74.4","8.4","2.987091528",,"0.061",,0,0,0.542,0.45799999999999996,28,33,28,34,1,0,6,1,6,3,"3","0.19","0.19","27.6",23.741984769918,-44.93983543273633,23.855815491903183,40.08925510261777,53.67817765830267
"SL","2026-05-31","86.4","-1.86","5.64","Imai, Tatsuya",596142,837227,,"called_strike",,,,,8,,"R","R","R","HOU","MIL","S",,,0,0,2026,"-0.17","-0.47",0.07787333917079728,1.67697864639163,,,,2,2,"Top",,,,,,,4.843618267364511,-125.77725960518721,-2.0332876645878306,-2.748714472368298,24.5084380334439,-36.97423797220505,3.311277887,1.671112205,,,,"85.5",2306,"5.6",824187,543877,572233,669397,670623,665161,666211,676694,701358,"54.92",,,,,,,,9,1,"Slider",0,0,0,0,0,0,0,0,"Infield shade","Standard",270,"0.002","-0.043",,,,,"0.043",,0,0,0.54,0.45999999999999996,28,33,28,34,1,0,6,1,6,3,"3.51","0.17","0.17","30.5",,,,,
"SL","2026-05-31","85.8","-1.79","5.63","Imai, Tatsuya",641343,837227,"strikeout","called_strike",,,,,9,"Jake Bauers called out on strikes.","R","L","R","HOU","MIL","S",2,,2,2,2026,"-0.18","-0.13",0.5816813012029061,1.9527171863941817,,,,1,2,"Top",,,,,,,5.83629354577083,-124.8797710010966,-1.970073605838598,-2.9696528706972267,23.790164102056384,-33.397889886725956,3.217372047,1.623720472,,,,"85",2336,"5.6",824187,543877,572233,669397,670623,665161,666211,676694,701358,"54.89",,0,"0",1,0,0,,8,5,"Slider",0,0,0,0,0,0,0,0,"Infield shade","Standard",276,"0.014","-0.233",,,,,"0.233",,0,0,0.526,0.474,28,30,28,31,1,0,6,1,6,1,"3.21","0.18","-0.18","27.2",,,,,
"SL","2026-05-31","85.3","-1.95","5.65","Imai, Tatsuya",641343,837227,,"foul",,,,,5,,"R","L","R","HOU","MIL","S",,,2,1,2026,"-0.04","-0.07",-0.1886824777979626,2.280500185045734,,,,1,2,"Top",,,,,,,4.099922445269664,-124.09137053215149,-1.168960338604789,-1.3664214296217645,28.630296978256773,-32.81455572165291,3.217372047,1.623720472,86,"69.7",7,"83.6",2438,"5.5",824187,543877,572233,669397,670623,665161,666211,676694,701358,"54.97",,,,,,,,8,4,"Slider",0,0,0,0,0,0,0,0,"Standard","Standard",305,"0.006","-0.077","76.4","7.4",,,"0.077","88.0",0,0,0.52,0.48,28,30,28,31,1,0,6,1,6,1,"3.24","0.04","-0.04","25.7",5.80439751946073,10.731736602854983,39.38609602440519,39.41195792269926,21.578606947566186
"SL","2026-05-31","85.4","-1.93","5.66","Imai, Tatsuya",641343,837227,,"ball",,,,,14,,"R","L","R","HOU","MIL","B",,,1,1,2026,"-0.52","-0.4",0.19061437108649248,0.8287647041520474,,,,1,2,"Top",,,,,,,5.894022575646664,-124.34414985685035,-4.008368640226096,-6.514026081267973,23.888830570802753,-35.70802155835003,3.217372047,1.623720472,,,,"84.4",2381,"5.5",824187,543877,572233,669397,670623,665161,666211,676694,701358,"54.98",,,,,,,,8,3,"Slider",0,0,0,0,0,0,0,0,"Standard","Standard",251,"-0.004","0.058",,,,,"-0.058",,0,0,0.524,0.476,28,30,28,31,1,0,6,1,6,1,"3.51","0.52","-0.52","23.7",,,,,
"FF","2026-05-31","93.1","-2.04","5.41","Imai, Tatsuya",641343,837227,,"called_strike",,,,,4,,"R","L","R","HOU","MIL","S",,,1,0,2026,"-1.26","0.92",-0.678750812280996,2.1395216476332646,,,,1,2,"Top",,,,,,,6.17423037189023,-135.34262697467096,-4.341403061494675,-16.834952802392205,33.09590569560737,-20.0870528001647,3.217372047,1.623720472,,,,"91.4",2034,"5.6",824187,543877,572233,669397,670623,665161,666211,676694,701358,"54.92",,,,,,,,8,2,"4-Seam Fastball",0,0,0,0,0,0,0,0,"Standard","Standard",244,"0.004","-0.05",,,,,"0.05",,0,0,0.52,0.48,28,30,28,31,1,0,6,1,6,1,"1.74","1.26","-1.26","21.2",,,,,
"SL","2026-05-31","84.5","-1.91","5.67","Imai, Tatsuya",641343,837227,,"ball",,,,,14,,"R","L","R","HOU","MIL","B",,,0,0,2026,"-0.15","-0.2",0.3053437614520207,1.3648437195634129,,,,1,2,"Top",,,,,,,5.32846958957899,-122.96944097841529,-3.0446365455312563,-2.557880163429949,22.92512440713904,-33.82388978315875,3.217372047,1.623720472,,,,"83.5",2304,"5.5",824187,543877,572233,669397,670623,665161,666211,676694,701358,"55.01",,,,,,,,8,1,"Slider",0,0,0,0,0,0,0,0,"Standard","Standard",273,"-0.003","0.041",,,,,"-0.041",,0,0,0.523,0.477,28,30,28,31,1,0,6,1,6,1,"3.37","0.15","-0.15","24.3",,,,,
"FF","2026-05-31","92.9","-1.75","5.53","Imai, Tatsuya",683734,837227,"field_out","hit_into_play",,,,,2,"Andrew Vaughn lines out to right fielder Cam Smith.","R","R","R","HOU","MIL","X",9,"line_drive",2,2,2026,"-1.18","1.09",0.25135312047992775,2.7384276023840814,,,,0,2,"Top",185.17,101.39,,,,,7.582078820523745,-134.93933217816283,-3.475581669406567,-16.108773025972955,33.237713508637476,-18.39081727501631,3.127854331,1.578543307,284,"93",19,"91.4",1983,"5.8",824187,543877,572233,669397,670623,665161,666211,676694,701358,"54.75",0.457,0.45,"0",1,0,0,4,7,5,"4-Seam Fastball",0,0,0,0,0,0,0,0,"Standard","Standard",234,"0.02","-0.232","69.7","6.7",,0.636,"0.232","93.0",0,0,0.503,0.497,28,28,28,28,1,0,6,1,6,1,"1.59","1.18","1.18","23.0",-2.464559976508167,15.2409551530462,22.43606267987439,40.68197148967234,22.104879111272137
"SL","2026-05-31","85.6","-1.81","5.7","Imai, Tatsuya",683734,837227,,"called_strike",,,,,4,,"R","R","R","HOU","MIL","S",,,2,1,2026,"-0.38","0.1",-0.7409275665494696,2.493570589762574,,,,0,2,"Top",,,,,,,3.216986417937274,-124.55368525593964,-1.2012157948129756,-4.6261158367693715,29.07467335786788,-31.062861565817506,3.127854331,1.578543307,,,,"83.9",2379,"5.6",824187,543877,572233,669397,670623,665161,666211,676694,701358,"54.94",,,,,,,,7,4,"Slider",0,0,0,0,0,0,0,0,"Standard","Standard",261,"0.007","-0.078",,,,,"0.078",,0,0,0.496,0.504,28,28,28,28,1,0,6,1,6,1,"3.05","0.38","0.38","26.3",,,,,
"SI","2026-05-31","91.7","-2.1","5.41","Imai, Tatsuya",683734,837227,,"ball",,,,,13,,"R","R","R","HOU","MIL","B",,,1,1,2026,"-1.53","0.54",-2.612787744065886,2.3469894065452652,,,,0,2,"Top",,,,,,,2.058586482436892,-133.51342464432153,-2.800083193115703,-18.609909376183356,31.664415966534452,-25.294730162915144,3.127854331,1.578543307,,,,"90.2",1996,"5.6",824187,543877,572233,669397,670623,665161,666211,676694,701358,"54.91",,,,,,,,7,3,"Sinker",0,0,0,0,0,0,0,0,"Standard","Standard",236,"-0.005","0.063",,,,,"-0.063",,0,0,0.501,0.499,28,28,28,28,1,0,6,1,6,1,"2.19","1.53","1.53","19.8",,,,,
"SL","2026-05-31","85.3","-1.91","5.66","Imai, Tatsuya",683734,837227,,"ball",,,,,7,,"R","R","R","HOU","MIL","B",,,0,1,2026,"-0.17","-0.46",-0.5179151218775728,1.8872701196540853,,,,0,2,"Top",,,,,,,3.5225711154261354,-124.14689503739436,-1.393484673125322,-2.473780073259752,25.30401035851391,-36.90006979996589,3.127854331,1.578543307,,,,"83.8",2313,"5.3",824187,543877,572233,669397,670623,665161,666211,676694,701358,"55.16",,,,,,,,7,2,"Slider",0,0,0,0,0,0,0,0,"Standard","Standard",259,"-0.002","0.029",,,,,"-0.029",,0,0,0.503,0.497,28,28,28,28,1,0,6,1,6,1,"3.6","0.17","0.17","25.5",,,,,
"SL","2026-05-31","83.9","-1.89","5.69","Imai, Tatsuya",683734,837227,,"called_strike",,,,,5,,"R","R","R","HOU","MIL","S",,,0,0,2026,"-0.11","0.15",-0.2717139824193714,2.2801398658025596,,,,0,2,"Top",,,,,,,3.841472262376791,-121.98962773474182,-1.4290563097589721,-1.9622678713878763,28.83610684552264,-30.629264648241662,3.127854331,1.578543307,,,,"81.9",2302,"5.5",824187,543877,572233,669397,670623,665161,666211,676694,701358,"55.02",,,,,,,,7,1,"Slider",0,0,0,0,0,0,0,0,"Standard","Standard",288,"0.003","-0.042",,,,,"0.042",,0,0,0.5,0.5,28,28,28,28,1,0,6,1,6,1,"3.15","0.11","0.11","25.5",,,,,
"SL","2026-05-31","88.5","-1.94","5.35","Imai, Tatsuya",668930,837227,"field_out","hit_into_play",,,,,7,"Brice Turang flies out to center fielder Jake Meyers.","R","L","R","HOU","MIL","X",8,"fly_ball",2,2,2026,"-0.04","0.07",-0.6956211656114224,1.5196355734610276,,,,2,1,"Top",108.52,89.82,,,,,3.067971535191954,-128.8059410880443,-3.1388743196397457,-1.182090301104116,28.775238046793845,-30.951775114190717,3.21035105,1.620177165,276,"78.9",33,"87.8",2493,"6",824187,543877,572233,669397,670623,665161,666211,676694,701358,"54.5",0.054,0.064,"0",1,0,0,3,3,5,"Slider",0,0,0,0,0,0,0,0,"Standard","Standard",294,"0.008","-0.219","71.5","7.6",,0.103,"0.219","88.0",0,0,0.54,0.45999999999999996,28,26,28,27,1,0,6,1,6,1,"2.86","0.04","-0.04","26.7",12.892710539003055,1.0985710067448784,37.82227373233634,40.197429691115474,41.14752244827138
"SL","2026-05-31","87.2","-2.04","5.49","Imai, Tatsuya",668930,837227,,"called_strike",,,,,4,,"R","L","R","HOU","MIL","S",,,2,1,2026,"-0.04","-0.23",-0.7407303212760981,2.164176951283259,,,,2,1,"Top",,,,,,,3.1316638686528906,-126.87610092655426,-1.0499254071217,-1.1536501128117598,29.015939503026704,-34.672928067523834,3.21035105,1.620177165,,,,"86.1",2407,"5.9",824187,543877,572233,669397,670623,665161,666211,676694,701358,"54.63",,,,,,,,3,4,"Slider",0,0,0,0,0,0,0,0,"Standard","Standard",272,"0.003","-0.079",,,,,"0.079",,0,0,0.537,0.46299999999999997,28,26,28,27,1,0,6,1,6,1,"3.26","0.04","-0.04","25.2",,,,,
"FF","2026-05-31","95.8","-2.32","5.39","Imai, Tatsuya",668930,837227,,"ball",,,,,11,,"R","L","R","HOU","MIL","B",,,1,1,2026,"-1.06","1.13",-2.30848547430186,3.3299747490284832,,,,2,1,"Top",,,,,,,2.4397398032126767,-139.41712601746258,-2.1691005190046084,-14.297754470717486,35.19722612902775,-17.321488067397304,3.21035105,1.620177165,,,,"94.4",2220,"5.8",824187,543877,572233,669397,670623,665161,666211,676694,701358,"54.74",,,,,,,,3,3,"4-Seam Fastball",0,0,0,0,0,0,0,0,"Standard","Standard",238,"-0.001","0.054",,,,,"-0.054",,0,0,0.538,0.46199999999999997,28,26,28,27,1,0,6,1,6,1,"1.38","1.06","-1.06","22.7",,,,,
"FF","2026-05-31","95","-2.02","5.29","Imai, Tatsuya",668930,837227,,"called_strike",,,,,9,,"R","L","R","HOU","MIL","S",,,1,0,2026,"-1.22","0.79",0.3073423868360401,1.918153606185145,,,,2,1,"Top",,,,,,,8.678777107575641,-137.97413732480484,-4.66046657254584,-17.56602726714167,33.67904084265343,-21.151561522932717,3.21035105,1.620177165,,,,"93.6",2104,"5.8",824187,543877,572233,669397,670623,665161,666211,676694,701358,"54.7",,,,,,,,3,2,"4-Seam Fastball",0,0,0,0,0,0,0,0,"Standard","Standard",244,"0.001","-0.052",,,,,"0.052",,0,0,0.537,0.46299999999999997,28,26,28,27,1,0,6,1,6,1,"1.76","1.22","-1.22","18.8",,,,,
"SL","2026-05-31","85.6","-1.84","5.5","Imai, Tatsuya",668930,837227,,"ball",,,,,14,,"R","L","R","HOU","MIL","B",,,0,0,2026,"-0.06","-0.25",0.17355133945300924,1.1729259141568975,,,,2,1,"Top",,,,,,,4.761124165405683,-124.60373615020688,-3.1197138434481078,-1.6986274211784294,27.0124975592665,-34.3125596972871,3.21035105,1.620177165,,,,"84.4",2331,"5.7",824187,543877,572233,669397,670623,665161,666211,676694,701358,"54.84",,,,,,,,3,1,"Slider",0,0,0,0,0,0,0,0,"Standard","Standard",273,"-0.001","0.038",,,,,"-0.038",,0,0,0.538,0.46199999999999997,28,26,28,27,1,0,6,1,6,1,"3.38","0.06","-0.06","23.9",,,,,
"SL","2026-05-31","85.7","-1.78","5.59","Imai, Tatsuya",669003,837227,"field_out","hit_into_play",,,,,7,"Garrett Mitchell grounds out, shortstop Jeremy Peña to first baseman Christian Walker.","R","L","R","HOU","MIL","X",6,"ground_ball",0,2,2026,"-0.02","-0.04",-0.752199710378618,2.0933051739679054,,,,1,1,"Top",124.52,140.39,,,,,2.394141200258576,-124.8254207766935,-1.6692945341570145,-0.6733466478298707,26.379428371975205,-32.448143492776,3.292847769,1.661811024,17,"91",-7,"84.7",2492,"5.7",824187,543877,572233,669397,670623,665161,666211,676694,701358,"54.84",0.276,0.258,"0",1,0,0,2,2,3,"Slider",0,0,0,0,0,0,0,0,"Infield shade","Standard",299,"0.01","-0.164","71.8","7.3",,0.301,"0.164","91.0",0,0,0.528,0.472,28,27,28,28,1,0,6,1,6,2,"3.15","0.02","-0.02","24.7",10.211967499872493,15.423054832365148,29.02650806967548,47.18327294059081,26.874379605511095
"SL","2026-05-31","85.6","-1.78","5.77","Imai, Tatsuya",669003,837227,,"called_strike",,,,,2,,"R","L","R","HOU","MIL","S",,,0,1,2026,"-0.13","0.08",0.12644394565139883,3.1357768523733776,,,,1,1,"Top",,,,,,,4.64006456395883,-124.36600054752297,0.29800227139836544,-2.569291202961041,32.394775288617566,-31.766671749582432,3.292847769,1.661811024,,,,"83.2",2413,"5.5",824187,543877,572233,669397,670623,665161,666211,676694,701358,"55.01",,,,,,,,2,2,"Slider",0,0,0,0,0,0,0,0,"Standard","Standard",324,"0.004","-0.057",,,,,"0.057",,0,0,0.524,0.476,28,27,28,28,1,0,6,1,6,2,"3.12","0.13","-0.13","28.2",,,,,
"FF","2026-05-31","96.2","-2.02","5.25","Imai, Tatsuya",669003,837227,,"called_strike",,,,,11,,"R","L","R","HOU","MIL","S",,,0,0,2026,"-1.12","0.89",-0.8772679183407841,2.9954238298987503,,,,1,1,"Top",,,,,,,5.555172039791183,-139.9241383430785,-2.214070678290863,-16.044299373623783,34.953668098663705,-20.18877317360885,3.292847769,1.661811024,,,,"95.2",2109,"6",824187,543877,572233,669397,670623,665161,666211,676694,701358,"54.53",,,,,,,,2,1,"4-Seam Fastball",0,0,0,0,0,0,0,0,"Standard","Standard",236,"0.002","-0.041",,,,,"0.041",,0,0,0.522,0.478,28,27,28,28,1,0,6,1,6,2,"1.59","1.12","-1.12","21.6",,,,,
"SL","2026-05-31","87","-1.89","5.5","Imai, Tatsuya",592885,837227,"field_out","hit_into_play",,,,,13,"Christian Yelich grounds out, second baseman Nick Allen to first baseman Christian Walker.","R","L","R","HOU","MIL","X",4,"ground_ball",3,2,2026,"-0.05","0.3",-0.14624373159817833,1.5688720487922811,,,,0,1,"Top",138.7,161.83,,,,,4.171033284296002,-126.34260308475505,-3.362619801965462,-1.6384647743745455,35.43110342116233,-28.364236986875863,3.368323491,1.699901575,1,"71.1",-51,"84.8",2397,"5.8",824187,543877,572233,669397,670623,665161,666211,676694,701358,"54.68",0.243,0.219,"0",1,0,0,2,1,6,"Slider",0,0,0,0,0,0,0,0,"Infield shade","Standard",324,"0.027","-0.344","77.5","8.8",,0.247,"0.344","88.0",0,0,0.495,0.505,28,34,28,35,1,0,6,1,6,1,"2.82","0.05","-0.05","23.3",34.831448379926286,-13.394428193412477,38.97155322404058,40.57467233497438,45.463196014114374
"SL","2026-05-31","87.2","-1.79","5.56","Imai, Tatsuya",592885,837227,,"ball",,,,,14,,"R","L","R","HOU","MIL","B",,,2,2,2026,"-0.04","0.19",0.586711489424696,1.3939130801617092,,,,0,1,"Top",,,,,,,5.632243066125709,-126.69049831221565,-3.81563155764181,-1.8048651170056698,32.03586286465158,-29.42887917064772,3.368323491,1.699901575,,,,"85.3",2386,"5.7",824187,543877,572233,669397,670623,665161,666211,676694,701358,"54.81",,,,,,,,1,5,"Slider",0,0,0,0,0,0,0,0,"Infield shade","Standard",267,"-0.008","0.112",,,,,"-0.112",,0,0,0.503,0.497,28,34,28,35,1,0,6,1,6,1,"2.87","0.04","-0.04","25.9",,,,,
"FF","2026-05-31","94.1","-1.81","5.42","Imai, Tatsuya",592885,837227,,"called_strike",,,,,9,,"R","L","R","HOU","MIL","S",,,2,1,2026,"-1.13","0.72",0.6146816783342857,2.1902026371276717,,,,0,1,"Top",,,,,,,8.655067074893061,-136.6563432249006,-3.98393730121197,-16.190438691021136,33.060781993119434,-22.410977660706745,3.368323491,1.699901575,,,,"92.7",2006,"5.8",824187,543877,572233,669397,670623,665161,666211,676694,701358,"54.71",,,,,,,,1,4,"4-Seam Fastball",0,0,0,0,0,0,0,0,"Standard","Standard",242,"0.007","-0.078",,,,,"0.078",,0,0,0.496,0.504,28,34,28,35,1,0,6,1,6,1,"1.88","1.13","-1.13","19.9",,,,,
"FF","2026-05-31","93.5","-1.87","5.45","Imai, Tatsuya",592885,837227,,"foul",,,,,6,,"R","L","R","HOU","MIL","S",,,2,0,2026,"-1.03","0.79",0.29588359962147326,2.600434614776339,,,,0,1,"Top",,,,,,,7.741548718316962,-135.93609417440533,-3.094504673699271,-14.561712003918897,32.01563137982013,-21.951733549133287,3.368323491,1.699901575,173,"64.3",46,"92.4",1981,"5.8",824187,543877,572233,669397,670623,665161,666211,676694,701358,"54.65",,,,,,,,1,3,"4-Seam Fastball",0,0,0,0,0,0,0,0,"Standard","Standard",237,"0.007","-0.077","69.1","7.0",,,"0.077","88.0",0,0,0.489,0.511,28,34,28,35,1,0,6,1,6,1,"1.84","1.03","-1.03","22.7",2.026171872222847,19.36785388487594,39.69508322642189,34.092252372764705,22.843879755354955
"FF","2026-05-31","94.2","-1.87","5.41","Imai, Tatsuya",592885,837227,,"ball",,,,,12,,"R","L","R","HOU","MIL","B",,,1,0,2026,"-1.17","0.73",1.0840047327868838,3.1162740748529973,,,,0,1,"Top",,,,,,,10.085576526905175,-136.76054846557,-1.670715531912597,-16.907586377265208,31.13901753773466,-22.88059076984905,3.368323491,1.699901575,,,,"93",2062,"5.8",824187,543877,572233,669397,670623,665161,666211,676694,701358,"54.69",,,,,,,,1,2,"4-Seam Fastball",0,0,0,0,0,0,0,0,"Standard","Standard",242,"-0.007","0.083",,,,,"-0.083",,0,0,0.496,0.504,28,34,28,35,1,0,6,1,6,1,"1.86","1.17","-1.17","22.7",,,,,
"FF","2026-05-31","94.2","-1.84","5.44","Imai, Tatsuya",592885,837227,,"ball",,,,,11,,"R","L","R","HOU","MIL","B",,,0,0,2026,"-1.18","0.58",-1.8543203132336576,4.027196478631356,,,,0,1,"Top",,,,,,,2.6089437183356803,-137.1054751084059,0.9184751700676989,-15.464949422652468,33.593695799886085,-25.375518220991683,3.368323491,1.699901575,,,,"92.8",1987,"5.7",824187,543877,572233,669397,670623,665161,666211,676694,701358,"54.79",,,,,,,,1,1,"4-Seam Fastball",0,0,0,0,0,0,0,0,"Standard","Standard",241,"-0.004","0.043",,,,,"-0.043",,0,0,0.5,0.5,28,34,28,35,1,0,6,1,6,1,"2.01","1.18","-1.18","21.9",,,,,
"SL","2026-05-25","87.6","-1.89","5.05","Imai, Tatsuya",696030,837227,"field_out","hit_into_play",,,,,4,"Alejandro Osuna grounds out, third baseman Isaac Paredes to first baseman Christian Walker.","R","L","R","TEX","HOU","X",5,"ground_ball",1,1,2026,"-0.23","-0.08",-0.577364920138661,2.0576817009259347,,,,2,6,"Bot",108.92,177.94,,,,,3.5858918768598893,-127.45515452044665,-0.6573813864864272,-3.2958718840975605,28.722494028382968,-33.12780194456742,3.073441601,1.551082677,39,"91.6",-1,"86.6",2494,"5.9",822899,543877,572233,669397,670623,665161,694728,676694,701358,"54.64",0.32,0.288,"0",1,0,0,2,46,3,"Slider",0,4,0,4,4,0,0,4,"Standard","Standard",270,"-0.007","-0.244","72.2","6.4",,0.358,"0.244","91.6",-4,-4,0.066,0.066,28,23,28,24,3,2,7,1,6,1,"3.07","0.23","-0.23","26.3",-14.453066121334647,24.06853806013368,30.824411293964406,41.5314561911386,15.507133145859541
"SL","2026-05-25","89.1","-1.98","5.02","Imai, Tatsuya",696030,837227,,"ball",,,,,13,,"R","L","R","TEX","HOU","B",,,0,1,2026,"-0.4","0.25",-1.0855846934032718,1.406912174118962,,,,2,6,"Bot",,,,,,,2.9972684669072,-129.78727755639738,-3.153704902210562,-5.186584194115764,27.424771588141283,-28.92786766361272,3.073441601,1.551082677,,,,"88.5",2441,"5.9",822899,543877,572233,669397,670623,665161,694728,676694,701358,"54.61",,,,,,,,46,2,"Slider",0,4,0,4,4,0,0,4,"Standard","Standard",271,"0.001","0.03",,,,,"-0.03",,-4,-4,0.065,0.065,28,23,28,24,3,2,7,1,6,1,"2.62","0.4","-0.4","25.3",,,,,
"SL","2026-05-25","87.7","-1.83","5.09","Imai, Tatsuya",696030,837227,,"called_strike",,,,,7,,"R","L","R","TEX","HOU","S",,,0,0,2026,"-0.33","0.25",-0.3587039852127284,1.5409343551759762,,,,2,6,"Bot",,,,,,,4.201190700432247,-127.68988359392628,-2.7567700010602816,-4.536459371879323,26.75816408037308,-29.120258374539684,3.073441601,1.551082677,,,,"87.5",2387,"6.2",822899,543877,572233,669397,670623,665161,694728,676694,701358,"54.33",,,,,,,,46,1,"Slider",0,4,0,4,4,0,0,4,"Standard","Standard",262,"-0.001","-0.043",,,,,"0.043",,-4,-4,0.066,0.066,28,23,28,24,3,2,7,1,6,1,"2.72","0.33","-0.33","28.3",,,,,
"FF","2026-05-25","96.3","-1.81","4.79","Imai, Tatsuya",592626,837227,"field_out","hit_into_play",,,,,6,"Joc Pederson pops out to third baseman Isaac Paredes.","R","L","R","TEX","HOU","X",5,"popup",1,2,2026,"-1.08","1.09",0.6551447380713185,2.4703567154148276,,,,1,6,"Bot",111.22,177.9,,,,,8.901181272714792,-140.0803620018646,-2.9411930248765445,-16.1638051441105,30.362771940093022,-17.300885400351056,3.23667979,1.633464567,72,"72.6",76,"96.1",2135,"6.1",822899,543877,572233,669397,670623,665161,694728,676694,701358,"54.39",0.001,0,"0",1,0,0,3,45,7,"4-Seam Fastball",0,4,0,4,4,0,0,4,"Infield shade","Standard",231,"-0.008","-0.181","67.1","7.3",,0.001,"0.181","88.0",-4,-4,0.074,0.074,28,34,28,34,3,2,7,1,6,1,"1.36","1.08","-1.08","26.8",24.708188034060704,-35.84420072842386,36.19928012824249,22.314647392000417,23.376786739563446
"SL","2026-05-25","87.9","-1.75","5.03","Imai, Tatsuya",592626,837227,,"foul",,,,,13,,"R","L","R","TEX","HOU","S",,,1,2,2026,"-0.83","0.37",-1.1932525699364864,1.2103031470248014,,,,1,6,"Bot",,,,,,,3.0564138173913196,-128.00164941670397,-3.735782837736725,-9.73600578785667,25.075356353120288,-27.51998691984104,3.23667979,1.633464567,,,,"87.6",2578,"6",822899,543877,572233,669397,670623,665161,694728,676694,701358,"54.53",,,,,,,,45,6,"Slider",0,4,0,4,4,0,0,4,"Infield shade","Standard",265,"0","0","71.2","8.1",,,"0",,-4,-4,0.074,0.074,28,34,28,34,3,2,7,1,6,1,"2.56","0.83","-0.83","27.1",9.947543704691471,-1.0315027359978792,35.61882495880482,44.88307629703707,24.339055972730016
"SL","2026-05-25","88.9","-1.79","5","Imai, Tatsuya",592626,837227,,"foul",,,,,7,,"R","L","R","TEX","HOU","S",,,1,2,2026,"-0.52","0.14",-0.6405790286608892,1.7077640390843523,,,,1,6,"Bot",,,,,,,3.872959362138454,-129.51528854810533,-2.104629369762387,-6.624014655893034,27.094011269548208,-30.40387475626861,3.23667979,1.633464567,4,"71.5",-23,"88.5",2424,"6",822899,543877,572233,669397,670623,665161,694728,676694,701358,"54.5",,,,,,,,45,5,"Slider",0,4,0,4,4,0,0,4,"Infield shade","Standard",250,"0","0","73.8","7.7",,,"0","88.0",-4,-4,0.074,0.074,28,34,28,34,3,2,7,1,6,1,"2.74","0.52","-0.52","25.9",9.878576016154577,0.9797576319151083,30.468599557359482,38.169590779184,26.42699291821775
"FF","2026-05-25","96.5","-1.91","4.93","Imai, Tatsuya",592626,837227,,"foul",,,,,12,,"R","L","R","TEX","HOU","S",,,1,2,2026,"-0.98","0.97",0.12165038354918811,4.361224797352814,,,,1,6,"Bot",,,,,,,7.559928665791411,-140.33465800276295,1.9304236803820667,-14.697520282823383,31.61540331942383,-20.0606710342629,3.23667979,1.633464567,196,"80.8",68,"96.1",2174,"6.1",822899,543877,572233,669397,670623,665161,694728,676694,701358,"54.42",,,,,,,,45,4,"4-Seam Fastball",0,4,0,4,4,0,0,4,"Infield shade","Standard",233,"0","0","59.3","6.0",,,"0","88.0",-4,-4,0.074,0.074,28,34,28,34,3,2,7,1,6,1,"1.48","0.98","-0.98","23.0",11.270617626217572,11.74431667099282,9.307555164559401,29.24844929275286,17.146013394111886
"SL","2026-05-25","87","-1.89","5.09","Imai, Tatsuya",592626,837227,,"foul",,,,,4,,"R","L","R","TEX","HOU","S",,,1,1,2026,"0.04","0",-0.3398376437476352,2.6879697124498483,,,,1,6,"Bot",,,,,,,3.5474096919764118,-126.4077942976563,0.7596789966579731,-0.5137817313790641,32.46472266768734,-32.63728952986808,3.23667979,1.633464567,17,"97.4",-9,"85.2",2401,"5.8",822899,543877,572233,669397,670623,665161,694728,676694,701358,"54.67",,,,,,,,45,3,"Slider",0,4,0,4,4,0,0,4,"Standard","Standard",339,"-0.003","-0.072","77.7","8.1",,,"0.072","97.4",-4,-4,0.077,0.077,28,34,28,34,3,2,7,1,6,1,"3.09","-0.04","0.04","27.6",17.741653869523642,-19.991703551206363,23.915615663614766,35.70835516477848,44.04375830070754
"SL","2026-05-25","86.7","-1.8","5.06","Imai, Tatsuya",592626,837227,,"ball",,,,,14,,"R","L","R","TEX","HOU","B",,,0,1,2026,"-0.62","0.08",1.1022966367421463,1.1413357249587528,,,,1,6,"Bot",,,,,,,8.079374794549036,-125.99285171489917,-3.0961829300734625,-8.186653652272954,25.188992012645674,-30.8703589050941,3.23667979,1.633464567,,,,"86.3",2401,"6.1",822899,543877,572233,669397,670623,665161,694728,676694,701358,"54.44",,,,,,,,45,2,"Slider",0,4,0,4,4,0,0,4,"Standard","Standard",281,"0.001","0.032",,,,,"-0.032",,-4,-4,0.076,0.076,28,34,28,34,3,2,7,1,6,1,"2.95","0.62","-0.62","24.1",,,,,
"SL","2026-05-25","88.5","-1.88","5.06","Imai, Tatsuya",592626,837227,,"swinging_strike",,,,,14,,"R","L","R","TEX","HOU","S",,,0,0,2026,"-0.44","-0.28",0.18211924256480727,0.7748494001286637,,,,1,6,"Bot",,,,,,,5.85646616141814,-128.76940620940783,-3.5175679588152766,-6.12494244505871,27.428838123497783,-34.702836760543164,3.23667979,1.633464567,,,,"87.8",2390,"5.9",822899,543877,572233,669397,670623,665161,694728,676694,701358,"54.58",,,,,,,,45,1,"Slider",0,4,0,4,4,0,0,4,"Standard","Standard",270,"-0.002","-0.041","73.8","8.8","2.057439408",,"0.041",,-4,-4,0.078,0.078,28,34,28,34,3,2,7,1,6,1,"3.19","0.44","-0.44","24.9",22.95834727582537,-26.846797596651182,38.71212242354073,29.607725642215424,41.59491468892642
"FF","2026-05-25","94.9","-1.82","4.9","Imai, Tatsuya",680737,837227,"field_out","hit_into_play",,,,,6,"Michael Helman grounds out, second baseman Nick Allen to first baseman Christian Walker.","R","R","R","TEX","HOU","X",4,"ground_ball",1,1,2026,"-1.36","1.25",0.32288549624078433,2.229391803613538,,,,0,6,"Bot",143.9,146,,,,,8.579666185279716,-137.9506561196013,-3.995023902924725,-19.296016245013263,29.487995575789824,-15.440785258177435,3.196309055,1.613090551,32,"86.3",-3,"94.6",2377,"6.1",822899,543877,572233,669397,670623,665161,694728,676694,701358,"54.4",0.225,0.212,"0",1,0,0,2,44,3,"4-Seam Fastball",0,4,0,4,4,0,0,4,"Infield shade","Standard",238,"-0.019","-0.248","70.3","7.4",,0.267,"0.248","88.0",-4,-4,0.097,0.097,28,30,28,30,2,1,7,1,6,5,"1.28","1.36","1.36","24.9",5.2023590401847075,19.728315260857862,28.76638759860034,36.00150043941197,17.944368848415024
"SL","2026-05-25","85.4","-1.73","5.1","Imai, Tatsuya",680737,837227,,"foul",,,,,9,,"R","R","R","TEX","HOU","S",,,1,0,2026,"-0.42","0.26",0.38441806826373187,2.0222486949787246,,,,0,6,"Bot",,,,,,,5.745426416336037,-124.35031466517339,-1.337852033368861,-5.4507127950486085,23.03356921363864,-29.395419846887943,3.196309055,1.613090551,248,"77.4",40,"85.3",2444,"6",822899,543877,572233,669397,670623,665161,694728,676694,701358,"54.51",,,,,,,,44,2,"Slider",0,4,0,4,4,0,0,4,"Infield shade","Standard",252,"-0.005","-0.056","71.3","6.9",,,"0.056","88.0",-4,-4,0.102,0.102,28,30,28,30,2,1,7,1,6,5,"2.84","0.42","0.42","26.3",-1.276943904486567,26.965816204755583,32.35953805003552,37.42304539233285,16.997255790660613
"SL","2026-05-25","84.1","-1.58","5.28","Imai, Tatsuya",680737,837227,,"ball",,,,,12,,"R","R","R","TEX","HOU","B",,,0,0,2026,"-0.32","0.3",1.522176468104624,2.7169416377469062,,,,0,6,"Bot",,,,,,,7.652745586761235,-122.28148980790016,-0.015784939786025576,-4.689104874810266,22.67303360491751,-29.362230393580845,3.196309055,1.613090551,,,,"83.4",2440,"5.7",822899,543877,572233,669397,670623,665161,694728,676694,701358,"54.76",,,,,,,,44,1,"Slider",0,4,0,4,4,0,0,4,"Infield shade","Standard",261,"0.004","0.043",,,,,"-0.043",,-4,-4,0.098,0.098,28,30,28,30,2,1,7,1,6,5,"2.91","0.32","0.32","30.6",,,,,
"FF","2026-05-25","95.4","-1.76","4.88","Imai, Tatsuya",643376,837227,"field_out","hit_into_play",,,,,8,"Danny Jansen flies out to center fielder Jake Meyers.","R","R","R","TEX","HOU","X",8,"fly_ball",2,1,2026,"-1.14","0.82",0.0735866883341405,2.15120914938338,,,,2,5,"Bot",82.78,54.69,,,,,7.338724047998478,-138.6740754643426,-3.195527656662336,-16.351798046352894,31.920539082673642,-21.049388194478876,3.280561024,1.655610236,371,"97.8",26,"95",2052,"6.2",822899,543877,572233,669397,670623,665161,701305,676694,701358,"54.34",0.38,0.609,"0",1,0,0,6,39,4,"4-Seam Fastball",0,4,0,4,4,0,0,4,"Infield shade","Standard",242,"-0.008","-0.299","73.3","6.8",,1.099,"0.299","97.8",-4,-4,0.09,0.09,28,31,28,31,2,1,7,1,6,2,"1.69","1.14","1.14","24.2",11.777997755958056,0.6960739310925527,31.021477790570607,37.92483956800172,36.214989837743204
"FF","2026-05-25","94.5","-1.89","4.82","Imai, Tatsuya",643376,837227,,"foul",,,,,5,,"R","R","R","TEX","HOU","S",,,2,0,2026,"-1.26","0.97",0.046119257090713406,2.7284880836411576,,,,2,5,"Bot",,,,,,,7.812222275374987,-137.49376595067966,-1.797936755422147,-17.753632236734894,30.773085829128757,-19.65041722349081,3.280561024,1.655610236,,,,"94.3",2118,"6.2",822899,543877,572233,669397,670623,665161,701305,676694,701358,"54.32",,,,,,,,39,3,"4-Seam Fastball",0,4,0,4,4,0,0,4,"Infield shade","Standard",235,"-0.002","-0.061","74.2","6.8",,,"0.061",,-4,-4,0.092,0.092,28,31,28,31,2,1,7,1,6,2,"1.58","1.26","1.26","22.5",12.517117113533686,2.438593853382371,26.4384638443022,37.07490862807748,33.135208012454854
"FF","2026-05-25","95.4","-1.75","4.97","Imai, Tatsuya",643376,837227,,"ball",,,,,11,,"R","R","R","TEX","HOU","B",,,1,0,2026,"-1.3","1.02",-1.0244248274505272,2.8970291784339715,,,,2,5,"Bot",,,,,,,4.820408776190409,-138.83849562952287,-1.9697359818721414,-17.880459648981898,31.213117937380986,-18.746706194547965,3.280561024,1.655610236,,,,"95",2175,"6.1",822899,543877,572233,669397,670623,665161,701305,676694,701358,"54.44",,,,,,,,39,2,"4-Seam Fastball",0,4,0,4,4,0,0,4,"Infield shade","Standard",233,"0.002","0.064",,,,,"-0.064",,-4,-4,0.09,0.09,28,31,28,31,2,1,7,1,6,2,"1.48","1.3","1.3","23.1",,,,,
"FF","2026-05-25","95","-1.82","4.85","Imai, Tatsuya",643376,837227,,"ball",,,,,13,,"R","R","R","TEX","HOU","B",,,0,0,2026,"-1.29","1.1",-0.83262161737619,1.6101434639169327,,,,2,5,"Bot",,,,,,,5.452507706228355,-138.2522403666868,-5.105437861491214,-17.70403091020928,31.00864055331592,-17.176890768127752,3.280561024,1.655610236,,,,"94.7",2173,"6.1",822899,543877,572233,669397,670623,665161,701305,676694,701358,"54.39",,,,,,,,39,1,"4-Seam Fastball",0,4,0,4,4,0,0,4,"Infield shade","Standard",236,"0.001","0.038",,,,,"-0.038",,-4,-4,0.089,0.089,28,31,28,31,2,1,7,1,6,2,"1.43","1.29","1.29","21.3",,,,,
"FF","2026-05-25","95.6","-1.76","4.76","Imai, Tatsuya",457705,837227,"strikeout","foul_tip",,,,,3,"Andrew McCutchen strikes out on a foul tip.","R","R","R","TEX","HOU","S",2,,3,2,2026,"-1.27","0.73",0.32158360568232136,3.1503092151248167,,,,1,5,"Bot",,,,,,,8.282402958950573,-139.0283263353291,-0.1434821143525309,-18.335379381770117,29.93732187441654,-22.87285287220178,3.12960958,1.579429134,,,,"95.4",1957,"6.1",822899,543877,572233,669397,670623,665161,701305,676694,701358,"54.38",,0,"0",1,0,0,,38,6,"4-Seam Fastball",0,4,0,4,4,0,0,4,"Infield shade","Standard",239,"-0.016","-0.344","67.6","6.5",,,"0.344",,-4,-4,0.105,0.105,28,39,28,40,2,1,7,1,6,,"1.76","1.27","1.27","22.5",0.37973935726689917,25.917492497450183,31.738954132712596,42.29531098490476,11.047486017190751
"FF","2026-05-25","95","-1.77","4.79","Imai, Tatsuya",457705,837227,,"called_strike",,,,,6,,"R","R","R","TEX","HOU","S",,,3,1,2026,"-1.16","0.69",0.5375554987759472,2.4395693223431163,,,,1,5,"Bot",,,,,,,8.563621368691608,-138.10653997544281,-1.9126951160465258,-16.667484967962952,29.236333934094247,-23.111066627723673,3.12960958,1.579429134,,,,"95",2017,"6.2",822899,543877,572233,669397,670623,665161,701305,676694,701358,"54.27",,,,,,,,38,5,"4-Seam Fastball",0,4,0,4,4,0,0,4,"Infield shade","Standard",239,"-0.006","-0.095",,,,,"0.095",,-4,-4,0.111,0.111,28,39,28,40,2,1,7,1,6,,"1.83","1.16","1.16","23.0",,,,,
"FF","2026-05-25","94.7","-1.6","4.88","Imai, Tatsuya",457705,837227,,"called_strike",,,,,6,,"R","R","R","TEX","HOU","S",,,3,0,2026,"-1.19","0.84",0.4763655885357325,2.4474863357453707,,,,1,5,"Bot",,,,,,,8.024183234950916,-137.70650494038892,-2.391006935908373,-16.945444512154207,29.32098066310304,-21.18210002754952,3.12960958,1.579429134,,,,"94.5",1977,"6.1",822899,543877,572233,669397,670623,665161,701305,676694,701358,"54.36",,,,,,,,38,4,"4-Seam Fastball",0,4,0,4,4,0,0,4,"Infield shade","Standard",240,"-0.005","-0.082",,,,,"0.082",,-4,-4,0.116,0.116,28,39,28,40,2,1,7,1,6,,"1.7","1.19","1.19","23.5",,,,,
"SL","2026-05-25","86.3","-1.64","5.09","Imai, Tatsuya",457705,837227,,"ball",,,,,14,,"R","R","R","TEX","HOU","B",,,2,0,2026,"-0.19","-0.25",0.1507095300618373,0.465559592857121,,,,1,5,"Bot",,,,,,,4.562598128639982,-125.6482490739408,-3.9498166501341085,-2.9431180646195383,26.62509940861106,-34.23508466606831,3.12960958,1.579429134,,,,"85.5",2238,"5.8",822899,543877,572233,669397,670623,665161,701305,676694,701358,"54.68",,,,,,,,38,3,"Slider",0,4,0,4,4,0,0,4,"Infield shade","Standard",261,"0.007","0.14",,,,,"-0.14",,-4,-4,0.109,0.109,28,39,28,40,2,1,7,1,6,,"3.32","0.19","0.19","26.4",,,,,
"FF","2026-05-25","94.1","-1.57","4.96","Imai, Tatsuya",457705,837227,,"ball",,,,,14,,"R","R","R","TEX","HOU","B",,,1,0,2026,"-0.93","1.12",1.2474473685496907,2.102167654674231,,,,1,5,"Bot",,,,,,,9.30602407881836,-136.7831813951789,-4.011294166000489,-13.692438346122051,29.73035492305327,-17.44039960819452,3.12960958,1.579429134,,,,"94.1",1966,"6.3",822899,543877,572233,669397,670623,665161,701305,676694,701358,"54.21",,,,,,,,38,2,"4-Seam Fastball",0,4,0,4,4,0,0,4,"Infield shade","Standard",237,"0.005","0.077",,,,,"-0.077",,-4,-4,0.104,0.104,28,39,28,40,2,1,7,1,6,,"1.46","0.93","0.93","24.4",,,,,
"FF","2026-05-25","95.1","-1.69","5.01","Imai, Tatsuya",457705,837227,,"ball",,,,,12,,"R","R","R","TEX","HOU","B",,,0,0,2026,"-1.02","1.02",0.20591691060140027,3.893690888791775,,,,1,5,"Bot",,,,,,,7.252900954461907,-138.38733140170015,0.5416446557400674,-14.713298691479848,30.6141106143466,-19.457872915330356,3.12960958,1.579429134,,,,"95.6",1932,"6.5",822899,543877,572233,669397,670623,665161,701305,676694,701358,"53.96",,,,,,,,38,1,"4-Seam Fastball",0,4,0,4,4,0,0,4,"Infield shade","Standard",241,"0.002","0.041",,,,,"-0.041",,-4,-4,0.102,0.102,28,39,28,40,2,1,7,1,6,,"1.5","1.02","1.02","24.4",,,,,
"SL","2026-05-25","86.5","-1.6","5.28","Imai, Tatsuya",679822,837227,"field_out","hit_into_play",,,,,8,"Justin Foscue flies out to center fielder Jake Meyers.","R","R","R","TEX","HOU","X",8,"fly_ball",1,2,2026,"-0.25","-0.09",-0.2536490431071936,1.5374794488462324,,,,0,5,"Bot",93.12,47.3,,,,,3.6539694783809056,-125.90060900126372,-2.280602533491194,-3.432573257043671,25.757959549547575,-32.91348279545061,3.150672572,1.590059055,382,"97.3",30,"85.5",2271,"5.6",822899,543877,572233,669397,670623,665161,701305,676694,701358,"54.86",0.266,0.461,"0",1,0,0,5,37,4,"Slider",0,4,0,4,4,0,0,4,"Infield shade","Standard",261,"-0.014","-0.185",,,,0.847,"0.185","97.3",-4,-4,0.116,0.116,28,27,28,27,2,1,7,1,6,1,"3.14","0.25","0.25","29.2",,,,,
"FF","2026-05-25","92.7","-1.65","5.08","Imai, Tatsuya",679822,837227,,"ball",,,,,12,,"R","R","R","TEX","HOU","B",,,0,2,2026,"-1.19","0.93",2.083707735259411,2.574331633032484,,,,0,5,"Bot",,,,,,,11.996646433137636,-134.59958373113375,-2.506195552654556,-16.977437515869397,27.191133951246965,-20.44323136298605,3.150672572,1.590059055,,,,"92.5",1965,"6.1",822899,543877,572233,669397,670623,665161,701305,676694,701358,"54.39",,,,,,,,37,3,"4-Seam Fastball",0,4,0,4,4,0,0,4,"Infield shade","Standard",234,"0.002","0.021",,,,,"-0.021",,-4,-4,0.114,0.114,28,27,28,27,2,1,7,1,6,1,"1.72","1.19","1.19","26.9",,,,,
"SL","2026-05-25","85.6","-1.64","5.3","Imai, Tatsuya",679822,837227,,"foul",,,,,14,,"R","R","R","TEX","HOU","S",,,0,1,2026,"-0.47","-0.21",0.0721947662982328,1.3245620779184675,,,,0,5,"Bot",,,,,,,4.892431480245336,-124.62556775341653,-2.485611190735074,-5.8435278961248285,22.511044511557174,-34.11997758297436,3.150672572,1.590059055,2,"83.7",-31,"85",2315,"5.6",822899,543877,572233,669397,670623,665161,701305,676694,701358,"54.88",,,,,,,,37,2,"Slider",0,4,0,4,4,0,0,4,"Infield shade","Standard",269,"-0.005","-0.054","74.8","7.8",,,"0.054","88.0",-4,-4,0.119,0.119,28,27,28,27,2,1,7,1,6,1,"3.29","0.47","0.47","25.1",8.445824147409645,-18.7699215371679,39.89662951573401,37.83941522317235,38.45895137321357
"FF","2026-05-25","92.8","-1.65","5.12","Imai, Tatsuya",679822,837227,,"called_strike",,,,,5,,"R","R","R","TEX","HOU","S",,,0,0,2026,"-1.25","0.93",0.14784958658303915,2.670098639011133,,,,0,5,"Bot",,,,,,,7.253974184288409,-134.9941612278625,-2.324449956968329,-16.835266616089882,29.716611496619098,-20.557790689161536,3.150672572,1.590059055,,,,"92.1",2113,"5.9",822899,543877,572233,669397,670623,665161,701305,676694,701358,"54.57",,,,,,,,37,1,"4-Seam Fastball",0,4,0,4,4,0,0,4,"Infield shade","Standard",235,"-0.003","-0.042",,,,,"0.042",,-4,-4,0.122,0.122,28,27,28,27,2,1,7,1,6,1,"1.73","1.25","1.25","25.2",,,,,
"SL","2026-05-25","86.3","-1.58","5.33","Imai, Tatsuya",694497,837227,"field_out","hit_into_play",,,,,2,"Evan Carter pops out to third baseman Isaac Paredes in foul territory.","R","L","R","TEX","HOU","X",5,"popup",2,2,2026,"-0.2","0.25",-0.2581732731479302,2.898244055406621,,,,2,4,"Bot",74.44,163.75,,,,,3.481771310781011,-125.57726922492064,0.1230314906943627,-2.8803567090294857,27.191833225416996,-29.767614196504997,3.315666011,1.673326772,143,"78.1",69,"84.9",2380,"5.5",822899,543877,572233,669397,670623,665161,701305,676694,701358,"54.97",0.001,0,"0",1,0,0,3,29,7,"Slider",0,2,0,2,2,0,0,2,"Standard","Standard",290,"-0.011","-0.219",,,,0.001,"0.219","88.0",-2,-2,0.26,0.26,28,23,28,24,2,1,7,2,6,1,"2.82","0.2","-0.2","25.6",,,,,
"FF","2026-05-25","93.4","-1.56","5.15","Imai, Tatsuya",694497,837227,,"foul",,,,,2,,"R","L","R","TEX","HOU","S",,,2,2,2026,"-0.94","1.19",0.06111746663869544,3.1217755914257395,,,,2,4,"Bot",,,,,,,6.123273370717799,-135.88122134342868,-1.9164704300852673,-12.966253071109344,31.85316658279906,-17.229579039307794,3.315666011,1.673326772,218,"69.7",41,"92",2217,"5.6",822899,543877,572233,669397,670623,665161,701305,676694,701358,"54.9",,,,,,,,29,6,"4-Seam Fastball",0,2,0,2,2,0,0,2,"Infield shade","Standard",234,"0","0","58.6","6.0",,,"0","88.0",-2,-2,0.26,0.26,28,23,28,24,2,1,7,2,6,1,"1.43","0.94","-0.94","20.2",-6.052287412508775,11.277839629459049,29.25969565207126,32.38994365951437,21.434811758955824
"SL","2026-05-25","85.3","-1.63","5.34","Imai, Tatsuya",694497,837227,,"foul",,,,,7,,"R","L","R","TEX","HOU","S",,,2,2,2026,"-0.05","-0.08",-0.60966983087053,1.9173594024727256,,,,2,4,"Bot",,,,,,,2.436142854126537,-124.33722049678019,-1.4617907679203666,-0.9322733801990446,21.95362974473356,-32.91304052894705,3.315666011,1.673326772,221,"81.4",54,"85",2215,"5.7",822899,543877,572233,669397,670623,665161,701305,676694,701358,"54.79",,,,,,,,29,5,"Slider",0,2,0,2,2,0,0,2,"Infield shade","Standard",299,"0","0","83.7","7.2",,,"0","88.0",-2,-2,0.26,0.26,28,23,28,24,2,1,7,2,6,1,"3.17","0.05","-0.05","25.8",0.7769718559461419,-1.4457421149728393,36.816504447769795,40.51312842399995,30.1009488701923
"SL","2026-05-25","86.4","-1.42","5.32","Imai, Tatsuya",694497,837227,,"ball",,,,,14,,"R","L","R","TEX","HOU","B",,,1,2,2026,"-0.22","-0.19",0.6373113567103708,0.5950055550278797,,,,2,4,"Bot",,,,,,,5.212683974489822,-125.68540009615016,-4.307386261560167,-3.382062400928955,26.773554805222844,-33.453607520178586,3.315666011,1.673326772,,,,"85.1",2291,"5.6",822899,543877,572233,669397,670623,665161,701305,676694,701358,"54.9",,,,,,,,29,4,"Slider",0,2,0,2,2,0,0,2,"Infield shade","Standard",280,"0.002","0.041",,,,,"-0.041",,-2,-2,0.258,0.258,28,23,28,24,2,1,7,2,6,1,"3.26","0.22","-0.22","26.9",,,,,
"SL","2026-05-25","85.7","-1.41","5.41","Imai, Tatsuya",694497,837227,,"swinging_strike",,,,,14,,"R","L","R","TEX","HOU","S",,,1,1,2026,"-0.32","-0.39",0.502477513058844,1.2396350710883755,,,,2,4,"Bot",,,,,,,5.04943202372049,-124.70393601319624,-2.5221875001466487,-4.3881469685794325,25.574044130511307,-35.89202203360861,3.315666011,1.673326772,,,,"84.4",2273,"5.5",822899,543877,572233,669397,670623,665161,701305,676694,701358,"54.99",,,,,,,,29,3,"Slider",0,2,0,2,2,0,0,2,"Standard","Standard",264,"-0.003","-0.066",,,,,"0.066",,-2,-2,0.261,0.261,28,23,28,24,2,1,7,2,6,1,"3.49","0.32","-0.32","27.2",,,,,
"SL","2026-05-25","85.6","-1.65","5.43","Imai, Tatsuya",694497,837227,,"ball",,,,,11,,"R","L","R","TEX","HOU","B",,,0,1,2026,"-0.93","0.79",-1.5123394239105894,2.5203736723076564,,,,2,4,"Bot",,,,,,,2.1936589526434607,-124.58369226894351,-1.9734325191610722,-10.133811038500468,26.58994142892319,-23.760065635886612,3.315666011,1.673326772,,,,"84.1",2454,"5.4",822899,543877,572233,669397,670623,665161,701305,676694,701358,"55.09",,,,,,,,29,2,"Slider",0,2,0,2,2,0,0,2,"Standard","Standard",263,"0.001","0.03",,,,,"-0.03",,-2,-2,0.26,0.26,28,23,28,24,2,1,7,2,6,1,"2.33","0.93","-0.93","23.9",,,,,
"SL","2026-05-25","85.4","-1.7","5.35","Imai, Tatsuya",694497,837227,,"called_strike",,,,,4,,"R","L","R","TEX","HOU","S",,,0,0,2026,"-0.6","0.23",-0.38333613558708357,2.2929105766069346,,,,2,4,"Bot",,,,,,,4.216806775730261,-124.31822682413669,-1.1808610304036034,-7.020350869648106,24.89904304403133,-29.752074993813988,3.315666011,1.673326772,,,,"84.2",2482,"5.5",822899,543877,572233,669397,670623,665161,701305,676694,701358,"54.99",,,,,,,,29,1,"Slider",0,2,0,2,2,0,0,2,"Standard","Standard",287,"-0.002","-0.043",,,,,"0.043",,-2,-2,0.262,0.262,28,23,28,24,2,1,7,2,6,1,"2.89","0.6","-0.6","26.7",,,,,
"SI","2026-05-25","92.4","-1.86","4.94","Imai, Tatsuya",677649,837227,"grounded_into_double_play","hit_into_play",,,,,4,"Ezequiel Duran grounds into a double play, second baseman Nick Allen to shortstop Jeremy Peña to first baseman Christian Walker. Brandon Nimmo out at 2nd. Ezequiel Duran out at 1st.","R","R","R","TEX","HOU","X",4,"ground_ball",1,1,2026,"-1.4","0.25",-0.5045361801861916,2.355113848991929,,,607043,0,4,"Bot",131.17,146.24,,,,,6.48520701265307,-134.5625347714918,-1.185728366609997,-18.40456880014183,27.320188321164988,-29.02244599257837,3.126099081,1.57765748,13,"93.7",-9,"92.5",1903,"6.1",822899,543877,572233,669397,670623,665161,701305,676694,701358,"54.35",0.209,0.203,"0",1,0,0,2,28,3,"Sinker",0,2,0,2,2,0,0,2,"Standard","Standard",238,"-0.095","-0.334","71.4","6.2",,0.252,"0.334","93.7",-2,-2,0.357,0.357,28,27,28,27,2,1,7,1,6,1,"2.4","1.4","1.4","21.8",-3.5088335054379023,21.242413502174372,29.972053794228156,29.989938696177035,23.59505483151515
"SI","2026-05-25","93.3","-1.7","5.03","Imai, Tatsuya",677649,837227,,"foul",,,,,11,,"R","R","R","TEX","HOU","S",,,1,0,2026,"-1.55","0.62",-1.060778824793955,3.360121704939054,,,607043,0,4,"Bot",,,,,,,5.059997211532162,-135.79136126791846,0.2612012246221822,-20.231977882071494,31.04903735065533,-24.862935465240977,3.126099081,1.57765748,116,"63.7",71,"92.8",1980,"6.1",822899,543877,572233,669397,670623,665161,701305,676694,701358,"54.39",,,,,,,,28,2,"Sinker",0,2,0,2,2,0,0,2,"Standard","Standard",235,"-0.009","-0.055","68.6","6.0",,,"0.055","88.0",-2,-2,0.366,0.366,28,27,28,27,2,1,7,1,6,1,"2.01","1.55","1.55","22.3",6.334695867959329,10.319418141859792,23.072378941384358,23.854360768021603,24.403088794563928
"SL","2026-05-25","85.4","-1.83","5.26","Imai, Tatsuya",677649,837227,,"ball",,,,,13,,"R","R","R","TEX","HOU","B",,,0,0,2026,"-0.2","-0.29",-0.4708880647613968,1.1205937006298972,,,607043,0,4,"Bot",,,,,,,3.5095892934909565,-124.34191905115816,-2.6201586012180096,-2.7392658264882326,24.894546430405356,-34.84486275462893,3.126099081,1.57765748,,,,"84.5",2276,"5.6",822899,543877,572233,669397,670623,665161,701305,676694,701358,"54.86",,,,,,,,28,1,"Slider",0,2,0,2,2,0,0,2,"Standard","Standard",269,"0.007","0.038",,,,,"-0.038",,-2,-2,0.359,0.359,28,27,28,27,2,1,7,1,6,1,"3.41","0.2","0.2","27.9",,,,,
"FF","2026-05-25","95.4","-1.66","4.77","Imai, Tatsuya",607043,837227,"walk","ball",,,,,12,"Brandon Nimmo walks.","R","L","R","TEX","HOU","B",,,3,2,2026,"-0.96","0.62",1.262015732483547,3.1408534280437177,,,,0,4,"Bot",,,,,,,9.729116293299256,-138.67462419149598,0.04896194274939625,-14.542298793656688,28.916682188476447,-24.376888629853205,3.270029528,1.650295276,,,,"95.1",1976,"6",822899,543877,572233,669397,670623,665161,701305,676694,701358,"54.46",,0.697886,"0.7",1,0,0,,27,11,"4-Seam Fastball",0,2,0,2,2,0,0,2,"Infield shade","Standard",237,"0.041","0.367",,,,,"-0.367",,-2,-2,0.318,0.318,28,33,28,33,2,1,7,1,6,1,"1.88","0.96","-0.96","23.0",,,,,
"SL","2026-05-25","87.5","-1.81","5.1","Imai, Tatsuya",607043,837227,,"foul",,,,,4,,"R","L","R","TEX","HOU","S",,,3,2,2026,"-0.42","0.38",-0.40013587229065806,2.271264700612615,,,,0,4,"Bot",,,,,,,4.218451464242126,-127.4976429055117,-1.3635707658983034,-5.4020043691393225,23.167680237820186,-27.961808015964387,3.270029528,1.650295276,194,"70.4",25,"87.3",2333,"5.9",822899,543877,572233,669397,670623,665161,701305,676694,701358,"54.64",,,,,,,,27,10,"Slider",0,2,0,2,2,0,0,2,"Infield shade","Standard",268,"0","0","72.5","6.6",,,"0","88.0",-2,-2,0.318,0.318,28,33,28,33,2,1,7,1,6,1,"2.56","0.42","-0.42","25.1",-6.940517486915793,21.06729263189208,28.375786973869797,43.119250047941144,19.375018082261633
"SL","2026-05-25","87.8","-1.71","5.04","Imai, Tatsuya",607043,837227,,"foul",,,,,9,,"R","L","R","TEX","HOU","S",,,3,2,2026,"-0.5","0.67",0.5842325855548957,1.9020409855813694,,,,0,4,"Bot",,,,,,,6.506838477002975,-127.6007017782628,-2.5606224820425867,-6.985844721089189,30.597256586306795,-24.52069298081299,3.270029528,1.650295276,4,"76.9",-28,"86.7",2404,"6",822899,543877,572233,669397,670623,665161,701305,676694,701358,"54.47",,,,,,,,27,9,"Slider",0,2,0,2,2,0,0,2,"Infield shade","Standard",257,"0","0","75.2","7.0",,,"0","88.0",-2,-2,0.318,0.318,28,33,28,33,2,1,7,1,6,1,"2.33","0.5","-0.5","26.5",15.090407276613218,-10.16802450069471,36.79425793382786,31.65995749037066,38.1061297705566
"FF","2026-05-25","94.9","-1.64","4.91","Imai, Tatsuya",607043,837227,,"foul",,,,,3,,"R","L","R","TEX","HOU","S",,,3,2,2026,"-1","0.77",0.7763787767630801,2.974642927356719,,,,0,4,"Bot",,,,,,,8.46801187262742,-138.0087909193285,-1.020271584343225,-14.665507490527812,28.854007930566315,-22.27884458523105,3.270029528,1.650295276,177,"62.4",44,"94.5",2061,"5.9",822899,543877,572233,669397,670623,665161,701305,676694,701358,"54.56",,,,,,,,27,8,"4-Seam Fastball",0,2,0,2,2,0,0,2,"Infield shade","Standard",234,"0","0","64.6","5.4",,,"0","88.0",-2,-2,0.318,0.318,28,33,28,33,2,1,7,1,6,1,"1.75","1","-1","23.4",-9.937944704566936,25.58509895281457,28.822386378133967,28.65256301770327,20.947756232238596
"SL","2026-05-25","88.2","-1.72","5.15","Imai, Tatsuya",607043,837227,,"foul",,,,,3,,"R","L","R","TEX","HOU","S",,,3,2,2026,"-0.99","0.86",0.39089305105673344,2.949017720617549,,,,0,4,"Bot",,,,,,,7.102075308547367,-128.19858341770566,-0.8659169037387305,-12.389103183313434,27.69692338508309,-22.72345183301958,3.270029528,1.650295276,164,"76.8",69,"87.6",2342,"6",822899,543877,572233,669397,670623,665161,701305,676694,701358,"54.45",,,,,,,,27,7,"Slider",0,2,0,2,2,0,0,2,"Infield shade","Standard",250,"0","0","70.9","7.2",,,"0","88.0",-2,-2,0.318,0.318,28,33,28,33,2,1,7,1,6,1,"2.08","0.99","-0.99","26.7",11.852086991527974,-18.4231057373181,26.758630744288677,33.03891793298151,37.00883934634439
"SL","2026-05-25","87.1","-1.71","5.35","Imai, Tatsuya",607043,837227,,"ball",,,,,13,,"R","L","R","TEX","HOU","B",,,2,2,2026,"-0.68","0.33",-1.4207188939726199,2.257682027862607,,,,0,4,"Bot",,,,,,,2.0854068009172075,-126.92611231641722,-1.780679688482941,-7.801482914616374,25.09843805624178,-28.446506509462786,3.270029528,1.650295276,,,,"86.4",2380,"5.7",822899,543877,572233,669397,670623,665161,701305,676694,701358,"54.84",,,,,,,,27,6,"Slider",0,2,0,2,2,0,0,2,"Infield shade","Standard",261,"0.011","0.112",,,,,"-0.112",,-2,-2,0.307,0.307,28,33,28,33,2,1,7,1,6,1,"2.66","0.68","-0.68","26.9",,,,,
"FF","2026-05-25","94.9","-1.71","5.14","Imai, Tatsuya",607043,837227,,"ball",,,,,11,,"R","L","R","TEX","HOU","B",,,1,2,2026,"-0.98","0.95",-0.5271787716706007,4.375561533356435,,,,0,4,"Bot",,,,,,,5.232928909424095,-138.2950027720955,1.5480480539017667,-13.782632788793157,27.724138864163695,-20.42861063568006,3.270029528,1.650295276,,,,"94.5",2063,"5.8",822899,543877,572233,669397,670623,665161,701305,676694,701358,"54.73",,,,,,,,27,5,"4-Seam Fastball",0,2,0,2,2,0,0,2,"Infield shade","Standard",233,"0.005","0.047",,,,,"-0.047",,-2,-2,0.302,0.302,28,33,28,33,2,1,7,1,6,1,"1.56","0.98","-0.98","24.9",,,,,
"SL","2026-05-25","86.5","-1.53","5.35","Imai, Tatsuya",607043,837227,,"foul",,,,,5,,"R","L","R","TEX","HOU","S",,,1,2,2026,"-0.23","0.55",-0.21088397573102113,2.4426956151149177,,,,0,4,"Bot",,,,,,,3.538818033779886,-125.72003999621963,-1.483737057776557,-3.27127825026604,31.970368972085073,-26.30395655235211,3.270029528,1.650295276,163,"72.5",65,"84.6",2429,"5.7",822899,543877,572233,669397,670623,665161,701305,676694,701358,"54.78",,,,,,,,27,4,"Slider",0,2,0,2,2,0,0,2,"Infield shade","Standard",263,"0","0",,,,,"0","88.0",-2,-2,0.302,0.302,28,33,28,33,2,1,7,1,6,1,"2.57","0.23","-0.23","26.5",,,,,
"SL","2026-05-25","86.4","-1.65","5.36","Imai, Tatsuya",607043,837227,,"foul",,,,,9,,"R","L","R","TEX","HOU","S",,,1,1,2026,"-0.34","0.22",0.330076060854763,1.7071477757149465,,,,0,4,"Bot",,,,,,,5.281053256525314,-125.64526398220819,-2.628623937284412,-4.774886443141022,28.39676907570747,-29.465575392335694,3.270029528,1.650295276,11,"91",-10,"84.7",2411,"5.5",822899,543877,572233,669397,670623,665161,701305,676694,701358,"55.02",,,,,,,,27,3,"Slider",0,2,0,2,2,0,0,2,"Standard","Standard",274,"-0.008","-0.062","83.7","7.7",,,"0.062","91.0",-2,-2,0.31,0.31,28,33,28,33,2,1,7,1,6,1,"2.86","0.34","-0.34","28.1",16.645283917964225,-15.968229193317674,37.504457266549046,34.32490065387894,38.33911614500617
"SL","2026-05-25","86.1","-1.55","5.33","Imai, Tatsuya",607043,837227,,"called_strike",,,,,7,,"R","L","R","TEX","HOU","S",,,1,0,2026,"-0.55","0.5",-0.2885706148393219,1.9678837878211644,,,,0,4,"Bot",,,,,,,4.0532792516981395,-125.30662484736003,-2.4857372444913484,-6.636224372819224,27.499950565258146,-26.655201258904402,3.270029528,1.650295276,,,,"84.9",2358,"5.7",822899,543877,572233,669397,670623,665161,701305,676694,701358,"54.8",,,,,,,,27,2,"Slider",0,2,0,2,2,0,0,2,"Standard","Standard",270,"-0.006","-0.056",,,,,"0.056",,-2,-2,0.316,0.316,28,33,28,33,2,1,7,1,6,1,"2.6","0.55","-0.55","27.0",,,,,
"SL","2026-05-25","84.7","-1.63","5.34","Imai, Tatsuya",607043,837227,,"ball",,,,,13,,"R","L","R","TEX","HOU","B",,,0,0,2026,"-1.17","-0.07",-0.8601663983022638,0.15553646958531164,,,,0,4,"Bot",,,,,,,4.105894670971135,-123.25507820117153,-5.311612167792104,-12.787002551729662,23.69071686911317,-32.04237865758042,3.270029528,1.650295276,,,,"83.7",2237,"5.6",822899,543877,572233,669397,670623,665161,701305,676694,701358,"54.94",,,,,,,,27,1,"Slider",0,2,0,2,2,0,0,2,"Standard","Standard",239,"0.005","0.043",,,,,"-0.043",,-2,-2,0.311,0.311,28,33,28,33,2,1,7,1,6,1,"3.24","1.17","-1.17","24.9",,,,,
"SL","2026-05-25","86.3","-1.6","5.39","Imai, Tatsuya",696030,837227,"strikeout","swinging_strike",,,,,13,"Alejandro Osuna strikes out swinging.","R","L","R","TEX","HOU","S",2,,1,2,2026,"-0.8","0.39",-0.9796097733498544,1.5147489434808903,,,,2,3,"Bot",,,,,,,3.0564930878747445,-125.70435959716659,-3.5523135963648365,-9.071563265101602,25.127345472581965,-27.551262693917593,3.073441601,1.551082677,,,,"85.3",2316,"5.6",822899,543877,572233,669397,670623,665161,701305,676694,701358,"54.92",,0,"0",1,0,0,,22,4,"Slider",0,1,0,1,1,0,0,1,"Infield shade","Standard",257,"-0.009","-0.179","63.5","8.9","1.103497152",,"0.179",,-1,-1,0.386,0.386,28,23,28,24,2,1,7,1,6,1,"2.66","0.8","-0.8","26.9",17.77934385640594,-29.57915428562364,19.200131893204205,44.53810837780357,41.622307531553524
"SL","2026-05-25","84.4","-1.57","5.42","Imai, Tatsuya",696030,837227,,"ball",,,,,14,,"R","L","R","TEX","HOU","B",,,0,2,2026,"-0.79","-0.19",1.7056508516286513,-1.382869628040115,,,,2,3,"Bot",,,,,,,8.942615476362192,-122.4695832453697,-8.629952213655743,-9.684282582049432,23.945374915334494,-32.48202202692194,3.073441601,1.551082677,,,,"83",2179,"5.5",822899,543877,572233,669397,670623,665161,701305,676694,701358,"54.99",,,,,,,,22,3,"Slider",0,1,0,1,1,0,0,1,"Infield shade","Standard",265,"0.001","0.026",,,,,"-0.026",,-1,-1,0.385,0.385,28,23,28,24,2,1,7,1,6,1,"3.4","0.79","-0.79","23.2",,,,,
"SL","2026-05-25","84.8","-1.56","5.51","Imai, Tatsuya",696030,837227,,"foul",,,,,4,,"R","L","R","TEX","HOU","S",,,0,1,2026,"-0.3","-0.26",-0.46147187956538915,2.218395375701353,,,,2,3,"Bot",,,,,,,3.0958513292562637,-123.63631834024875,-0.7717772484819725,-3.593951335673418,20.364281832136573,-34.88621197161005,3.073441601,1.551082677,144,"63.6",65,"84.2",2307,"5.4",822899,543877,572233,669397,670623,665161,701305,676694,701358,"55.1",,,,,,,,22,2,"Slider",0,1,0,1,1,0,0,1,"Standard","Standard",267,"-0.003","-0.061","70.3","7.3",,,"0.061","88.0",-1,-1,0.388,0.388,28,23,28,24,2,1,7,1,6,1,"3.37","0.3","-0.3","26.0",-2.859773183720568,3.4153820984219725,24.033675990130586,38.40691886086796,27.71349390107062
"SL","2026-05-25","84.7","-1.6","5.43","Imai, Tatsuya",696030,837227,,"called_strike",,,,,2,,"R","L","R","TEX","HOU","S",,,0,0,2026,"-0.32","0.19",-0.07911926588893098,2.8633715326462426,,,,2,3,"Bot",,,,,,,4.0762323381546075,-123.35083845514627,0.13529250259112025,-4.086236777614129,25.186778707094547,-30.533097361876347,3.073441601,1.551082677,,,,"83.2",2242,"5.3",822899,543877,572233,669397,670623,665161,701305,676694,701358,"55.18",,,,,,,,22,1,"Slider",0,1,0,1,1,0,0,1,"Standard","Standard",283,"-0.002","-0.043",,,,,"0.043",,-1,-1,0.39,0.39,28,23,28,24,2,1,7,1,6,1,"2.99","0.32","-0.32","24.8",,,,,
"SL","2026-05-25","84.1","-1.64","5.5","Imai, Tatsuya",592626,837227,"field_out","hit_into_play",,,,,13,"Joc Pederson grounds out, shortstop Jeremy Peña to first baseman Christian Walker.","R","L","R","TEX","HOU","X",6,"ground_ball",1,2,2026,"-0.67","0.26",-0.8333610102154649,2.256845072540313,,,,1,3,"Bot",110.94,142.96,,,,,3.135722170450771,-122.41629749500233,-1.4413124301615623,-7.333372066481159,24.290705112217157,-29.450940710292148,3.23667979,1.633464567,136,"105.4",6,"82.7",2160,"5.3",822899,543877,572233,669397,670623,665161,701305,676694,701358,"55.17",0.609,0.566,"0",1,0,0,4,21,5,"Slider",0,1,0,1,1,0,0,1,"Infield shade","Standard",274,"-0.013","-0.181","74.8","7.5",,0.702,"0.181","105.4",-1,-1,0.403,0.403,28,34,28,34,2,1,7,1,6,1,"2.96","0.67","-0.67","24.6",3.8303408160771237,9.236161501866679,27.05903385902129,40.722851614384766,20.48861374983958
"FF","2026-05-25","91.3","-1.57","5.41","Imai, Tatsuya",592626,837227,,"ball",,,,,12,,"R","L","R","TEX","HOU","B",,,0,2,2026,"-0.75","0.78",0.8817242771039898,4.467620239639901,,,,1,3,"Bot",,,,,,,7.6104192476552655,-132.9085634893993,1.8418921429267732,-10.44959084810432,25.401172731343813,-23.448104382776698,3.23667979,1.633464567,,,,"90.3",2009,"5.4",822899,543877,572233,669397,670623,665161,701305,676694,701358,"55.09",,,,,,,,21,4,"4-Seam Fastball",0,1,0,1,1,0,0,1,"Infield shade","Standard",227,"0.002","0.017",,,,,"-0.017",,-1,-1,0.401,0.401,28,34,28,34,2,1,7,1,6,1,"1.93","0.75","-0.75","23.4",,,,,
"FF","2026-05-25","93","-1.67","5.28","Imai, Tatsuya",592626,837227,,"foul",,,,,1,,"R","L","R","TEX","HOU","S",,,0,2,2026,"-1.15","0.34",-0.6967629379117837,2.805430689131611,,,,1,3,"Bot",,,,,,,4.955765565035328,-135.3335901065512,-1.118223000141189,-15.217917352018477,31.360077719913633,-27.959118975103603,3.23667979,1.633464567,278,"85.8",38,"91.5",1875,"5.5",822899,543877,572233,669397,670623,665161,701305,676694,701358,"54.98",,,,,,,,21,3,"4-Seam Fastball",0,1,0,1,1,0,0,1,"Infield shade","Standard",242,"0","0","63.6","6.4",,,"0","88.0",-1,-1,0.401,0.401,28,34,28,34,2,1,7,1,6,1,"2.31","1.15","-1.15","23.9",-9.899786945656581,31.597641294347852,23.748537826677126,39.006788407306786,8.16740017415034
"FF","2026-05-25","93.3","-1.48","5.31","Imai, Tatsuya",592626,837227,,"called_strike",,,,,2,,"R","L","R","TEX","HOU","S",,,0,1,2026,"-0.82","0.93",0.027919611869286043,2.873273806162457,,,,1,3,"Bot",,,,,,,5.58272727777673,-135.6957352209325,-2.331074018583842,-11.352740713279967,31.709634416844562,-20.440566294460545,3.23667979,1.633464567,,,,"91.9",1860,"5.7",822899,543877,572233,669397,670623,665161,701305,676694,701358,"54.85",,,,,,,,21,2,"4-Seam Fastball",0,1,0,1,1,0,0,1,"Standard","Standard",240,"-0.005","-0.057",,,,,"0.057",,-1,-1,0.406,0.406,28,34,28,34,2,1,7,1,6,1,"1.71","0.82","-0.82","23.4",,,,,
"FF","2026-05-25","92.1","-1.56","5.36","Imai, Tatsuya",592626,837227,,"called_strike",,,,,6,,"R","L","R","TEX","HOU","S",,,0,0,2026,"-0.94","0.72",0.6849111361818103,2.46548388011422,,,,1,3,"Bot",,,,,,,7.57479888230654,-133.83936297874226,-2.8465194146661523,-12.979041658175753,29.73721616715337,-23.12629298336445,3.23667979,1.633464567,,,,"90.7",1879,"5.6",822899,543877,572233,669397,670623,665161,701305,676694,701358,"54.94",,,,,,,,21,1,"4-Seam Fastball",0,1,0,1,1,0,0,1,"Standard","Standard",240,"-0.003","-0.041",,,,,"0.041",,-1,-1,0.409,0.409,28,34,28,34,2,1,7,1,6,1,"1.98","0.94","-0.94","23.6",,,,,
"SL","2026-05-25","83.3","-1.63","5.59","Imai, Tatsuya",680737,837227,"field_out","hit_into_play",,,,,9,"Michael Helman grounds out, shortstop Jeremy Peña to first baseman Christian Walker.","R","R","R","TEX","HOU","X",6,"ground_ball",1,0,2026,"-0.32","0.13",0.31672757905478843,1.7585289382056466,,,,0,3,"Bot",111.45,158.17,,,,,4.967518202908176,-121.16092781027048,-2.3293681221819416,-4.184168917626989,24.398492783055787,-30.673623850691857,3.196309055,1.613090551,7,"65",-16,"81.8",2253,"5.4",822899,543877,572233,669397,670623,665161,701305,676694,701358,"55.13",0.049,0.044,"0",1,0,0,2,20,2,"Slider",0,1,0,1,1,0,0,1,"Infield shade","Standard",271,"-0.032","-0.304","70.6","8.8",,0.054,"0.304","88.0",-1,-1,0.441,0.441,28,30,28,30,1,0,7,1,6,5,"3.17","0.32","0.32","28.5",20.123635365838272,-29.019769444882044,31.173695972025524,34.84327750567692,50.00061944814398
"FF","2026-05-25","90.6","-1.63","5.45","Imai, Tatsuya",680737,837227,,"ball",,,,,11,,"R","R","R","TEX","HOU","B",,,0,0,2026,"-1.24","0.89",-1.6357105181488307,3.1949404153186434,,,,0,3,"Bot",,,,,,,2.6277117977014637,-131.91518648234512,-1.4573138333707742,-15.01051170953027,27.618612139492914,-21.719331499787014,3.196309055,1.613090551,,,,"89.3",1940,"5.4",822899,543877,572233,669397,670623,665161,701305,676694,701358,"55.07",,,,,,,,20,1,"4-Seam Fastball",0,1,0,1,1,0,0,1,"Infield shade","Standard",235,"0.004","0.043",,,,,"-0.043",,-1,-1,0.437,0.437,28,30,28,30,1,0,7,1,6,5,"1.88","1.24","1.24","23.9",,,,,
"FF","2026-05-25","94.9","-1.53","5.11","Imai, Tatsuya",643376,837227,"field_out","hit_into_play",,,,,6,"Danny Jansen pops out to first baseman Christian Walker.","R","R","R","TEX","HOU","X",3,"popup",3,2,2026,"-0.85","1.05",0.7688586130435766,2.35689025585844,,,,2,2,"Bot",171.78,154.62,,,,,7.7712128820662265,-137.87290477707262,-3.6350398091805407,-12.646108320961934,32.367223299073146,-18.21441554069455,3.280561024,1.655610236,157,"87.4",64,"93.5",2092,"5.7",822899,543877,572233,669397,670623,665161,701305,676694,701358,"54.82",0.011,0.014,"0",1,0,0,3,16,6,"4-Seam Fastball",0,1,0,1,1,0,0,1,"Infield shade","Standard",235,"-0.014","-0.302","72.4","7.1",,0.019,"0.302","88.0",-1,-1,0.402,0.402,28,31,28,31,1,0,7,1,6,2,"1.5","0.85","0.85","19.0",13.68909817497842,3.912472967852307,26.42425046978679,45.40522959045953,34.37933808171562
"SL","2026-05-25","85.7","-1.5","5.51","Imai, Tatsuya",643376,837227,,"ball",,,,,13,,"R","R","R","TEX","HOU","B",,,2,2,2026,"-0.64","0.5",-1.0332191990633728,2.0948574596893907,,,,2,2,"Bot",,,,,,,2.377434632669936,-124.77200357978282,-2.4996471831218465,-7.147681059544914,28.785864913977207,-26.693913237656503,3.280561024,1.655610236,,,,"84",2369,"5.5",822899,543877,572233,669397,670623,665161,701305,676694,701358,"55",,,,,,,,16,5,"Slider",0,1,0,1,1,0,0,1,"Infield shade","Standard",262,"0.004","0.083",,,,,"-0.083",,-1,-1,0.398,0.398,28,31,28,31,1,0,7,1,6,2,"2.64","0.64","0.64","27.9",,,,,
"FF","2026-05-25","95.5","-1.6","5.25","Imai, Tatsuya",643376,837227,,"ball",,,,,12,,"R","R","R","TEX","HOU","B",,,1,2,2026,"-0.98","1.06",1.177155132334072,3.0144491911020204,,,,2,2,"Bot",,,,,,,9.319876677846944,-138.67023340068008,-2.43292825714826,-14.803834417937981,32.79108849202873,-18.131916326117686,3.280561024,1.655610236,,,,"94",2146,"5.7",822899,543877,572233,669397,670623,665161,701305,676694,701358,"54.82",,,,,,,,16,4,"4-Seam Fastball",0,1,0,1,1,0,0,1,"Infield shade","Standard",236,"0.002","0.041",,,,,"-0.041",,-1,-1,0.396,0.396,28,31,28,31,1,0,7,1,6,2,"1.46","0.98","0.98","21.6",,,,,
"FF","2026-05-25","93.4","-1.46","5.31","Imai, Tatsuya",643376,837227,,"foul_tip",,,,,6,,"R","R","R","TEX","HOU","S",,,1,1,2026,"-0.97","1.09",0.48553017775621743,2.6574996255812233,,,,2,2,"Bot",,,,,,,7.017356060546058,-135.85674186294855,-3.274775171821732,-13.52926168866787,30.94800245544031,-18.206668875230488,3.280561024,1.655610236,,,,"92.2",2013,"5.7",822899,543877,572233,669397,670623,665161,701305,676694,701358,"54.82",,,,,,,,16,3,"4-Seam Fastball",0,1,0,1,1,0,0,1,"Infield shade","Standard",233,"-0.003","-0.066","73.3","6.9",,,"0.066",,-1,-1,0.399,0.399,28,31,28,31,1,0,7,1,6,2,"1.54","0.97","0.97","23.1",14.34177811570746,2.010333579032052,28.256509185326827,42.546419371195995,33.48763545406832
"FF","2026-05-25","93.6","-1.63","5.31","Imai, Tatsuya",643376,837227,,"called_strike",,,,,2,,"R","R","R","TEX","HOU","S",,,1,0,2026,"-1.02","0.93",-0.07790831788937924,3.108507491581575,,,,2,2,"Bot",,,,,,,6.134916734186964,-136.2712045612347,-1.8276200021216298,-14.005868665863412,29.8012922806188,-20.422842890134714,3.280561024,1.655610236,,,,"92.3",2084,"5.5",822899,543877,572233,669397,670623,665161,701305,676694,701358,"55",,,,,,,,16,2,"4-Seam Fastball",0,1,0,1,1,0,0,1,"Infield shade","Standard",236,"-0.002","-0.052",,,,,"0.052",,-1,-1,0.401,0.401,28,31,28,31,1,0,7,1,6,2,"1.67","1.02","1.02","21.7",,,,,
"FF","2026-05-25","93","-1.61","5.3","Imai, Tatsuya",643376,837227,,"ball",,,,,1,,"R","R","R","TEX","HOU","B",,,0,0,2026,"-0.87","1",-0.7844314682369242,2.9047989660309144,,,,2,2,"Bot",,,,,,,3.9582442180955164,-135.46164180981782,-2.3840463642545986,-11.601796176904383,30.623506429574288,-19.55382020240788,3.280561024,1.655610236,,,,"91.3",1981,"5.3",822899,543877,572233,669397,670623,665161,701305,676694,701358,"55.2",,,,,,,,16,1,"4-Seam Fastball",0,1,0,1,1,0,0,1,"Infield shade","Standard",238,"0.001","0.038",,,,,"-0.038",,-1,-1,0.4,0.4,28,31,28,31,1,0,7,1,6,2,"1.64","0.87","0.87","19.1",,,,,
"FF","2026-05-25","93.4","-1.55","5.38","Imai, Tatsuya",457705,837227,"field_out","hit_into_play",,,,,3,"Andrew McCutchen grounds out, second baseman Nick Allen to first baseman Christian Walker.","R","R","R","TEX","HOU","X",4,"ground_ball",0,1,2026,"-1.12","1.01",0.5070677410915354,2.799241027451208,,,,1,2,"Bot",133.76,143.47,,,,,7.578398643652082,-135.80155662348577,-2.9379534119237762,-15.467327871998675,28.759613809607675,-19.24448497021848,3.12960958,1.579429134,52,"97.4",1,"92",2147,"5.4",822899,543877,572233,669397,670623,665161,701305,676694,701358,"55.08",0.397,0.357,"0",1,0,0,4,15,2,"4-Seam Fastball",0,1,0,1,1,0,0,1,"Infield shade","Standard",235,"-0.015","-0.221","69.0","7.2",,0.404,"0.221","97.4",-1,-1,0.415,0.415,28,39,28,40,1,0,7,1,6,,"1.6","1.12","1.12","22.0",13.570735855149664,12.752766556055338,29.392639523935966,45.88581414928621,19.376335202776687
"FF","2026-05-25","92.8","-1.67","5.24","Imai, Tatsuya",457705,837227,,"swinging_strike",,,,,4,,"R","R","R","TEX","HOU","S",,,0,0,2026,"-1.19","0.75",-0.33761421483192255,2.0604245833643984,,,,1,2,"Bot",,,,,,,5.918946570024554,-135.01553598958014,-3.7864990462838595,-15.851442532059616,28.20883259789412,-22.375419839005183,3.12960958,1.579429134,,,,"91.6",1992,"5.5",822899,543877,572233,669397,670623,665161,701305,676694,701358,"55.02",,,,,,,,15,1,"4-Seam Fastball",0,1,0,1,1,0,0,1,"Infield shade","Standard",243,"-0.003","-0.041","72.9","7.8","1.300073316",,"0.041",,-1,-1,0.418,0.418,28,39,28,40,1,0,7,1,6,,"1.89","1.19","1.19","19.2",23.164898967564568,-7.603012615271143,35.86165233953529,36.28328120173728,28.397576371680636
"FF","2026-05-25","93.1","-1.66","5.26","Imai, Tatsuya",679822,837227,"field_out","hit_into_play",,,,,7,"Justin Foscue grounds out sharply, second baseman Nick Allen to first baseman Christian Walker.","R","R","R","TEX","HOU","X",4,"ground_ball",3,2,2026,"-1.06","0.92",-0.3053639418920342,2.057776766419753,,,,0,2,"Bot",135.28,146.51,,,,,5.708843004332373,-135.4483164451751,-4.23610900137793,-14.301403804441495,30.516024286322704,-20.07701169479977,3.150672572,1.590059055,34,"101.3",-2,"91.6",2095,"5.5",822899,543877,572233,669397,670623,665161,701305,676694,701358,"55.01",0.359,0.324,"0",1,0,0,2,14,6,"4-Seam Fastball",0,1,0,1,1,0,0,1,"Infield shade","Standard",238,"-0.031","-0.344","67.6","6.3",,0.405,"0.344","101.3",-1,-1,0.449,0.449,28,27,28,27,1,0,7,1,6,1,"1.71","1.06","1.06","18.7",8.559197919095476,12.150013889960677,32.28213289023488,34.06660365546486,25.038242043989705
"SL","2026-05-25","85.2","-1.5","5.56","Imai, Tatsuya",679822,837227,,"ball",,,,,13,,"R","R","R","TEX","HOU","B",,,2,2,2026,"-0.67","-0.25",-0.9498818240612503,0.6016898782334228,,,,0,2,"Bot",,,,,,,2.6014961335985745,-124.07311293853456,-4.570483392667446,-7.440362258830712,22.714673210338418,-34.11508578688186,3.150672572,1.590059055,,,,"84.1",2312,"5.3",822899,543877,572233,669397,670623,665161,701305,676694,701358,"55.18",,,,,,,,14,5,"Slider",0,1,0,1,1,0,0,1,"Infield shade","Standard",265,"0.01","0.112",,,,,"-0.112",,-1,-1,0.439,0.439,28,27,28,27,1,0,7,1,6,1,"3.36","0.67","0.67","27.4",,,,,
"FF","2026-05-25","93.1","-1.51","5.17","Imai, Tatsuya",679822,837227,,"called_strike",,,,,4,,"R","R","R","TEX","HOU","S",,,2,1,2026,"-1.03","0.84",-0.7751226793401761,2.503384187166218,,,,0,2,"Bot",,,,,,,4.096626444216639,-135.67539919336255,-2.8098719514885264,-13.676533537433643,26.403331279751782,-21.338424203285413,3.150672572,1.590059055,,,,"92.1",1985,"5.4",822899,543877,572233,669397,670623,665161,701305,676694,701358,"55.13",,,,,,,,14,4,"4-Seam Fastball",0,1,0,1,1,0,0,1,"Infield shade","Standard",241,"-0.008","-0.078",,,,,"0.078",,-1,-1,0.447,0.447,28,27,28,27,1,0,7,1,6,1,"1.76","1.03","1.03","19.0",,,,,
"FF","2026-05-25","92.4","-1.52","5.26","Imai, Tatsuya",679822,837227,,"foul",,,,,2,,"R","R","R","TEX","HOU","S",,,2,0,2026,"-0.93","0.62",0.07417212804232654,2.9872824395526543,,,,0,2,"Bot",,,,,,,5.958198722016431,-134.53542933796518,-1.2010680703028198,-12.529806717517474,27.80397817439897,-24.513350538476278,3.150672572,1.590059055,174,"69.9",61,"91.3",1888,"5.5",822899,543877,572233,669397,670623,665161,701305,676694,701358,"54.99",,,,,,,,14,3,"4-Seam Fastball",0,1,0,1,1,0,0,1,"Infield shade","Standard",241,"-0.008","-0.077","66.2","6.3",,,"0.077","88.0",-1,-1,0.455,0.455,28,27,28,27,1,0,7,1,6,1,"2.03","0.93","0.93","19.8",8.021345540386553,15.013107136159032,24.233059968288483,39.096848956991764,23.79169133374321
"FF","2026-05-25","92.3","-1.58","5.34","Imai, Tatsuya",679822,837227,,"ball",,,,,12,,"R","R","R","TEX","HOU","B",,,1,0,2026,"-0.99","0.76",0.1857212991834225,3.938225438470707,,,,0,2,"Bot",,,,,,,6.515256847317525,-134.28414241435127,0.6986758618339434,-13.395214108693633,28.183688664815783,-23.378131107033223,3.150672572,1.590059055,,,,"90.9",1954,"5.4",822899,543877,572233,669397,670623,665161,701305,676694,701358,"55.15",,,,,,,,14,2,"4-Seam Fastball",0,1,0,1,1,0,0,1,"Infield shade","Standard",241,"0.008","0.083",,,,,"-0.083",,-1,-1,0.447,0.447,28,27,28,27,1,0,7,1,6,1,"1.91","0.99","0.99","21.4",,,,,
"FF","2026-05-25","91.8","-1.58","5.35","Imai, Tatsuya",679822,837227,,"ball",,,,,11,,"R","R","R","TEX","HOU","B",,,0,0,2026,"-1.25","0.72",-0.7417049596876233,3.459680282292797,,,,0,2,"Bot",,,,,,,4.737326750428708,-133.6811621145843,-0.3976663280604699,-15.964443986167778,28.02497570189838,-23.638912210092375,3.150672572,1.590059055,,,,"90.3",2041,"5.2",822899,543877,572233,669397,670623,665161,701305,676694,701358,"55.26",,,,,,,,14,1,"4-Seam Fastball",0,1,0,1,1,0,0,1,"Infield shade","Standard",234,"0.004","0.043",,,,,"-0.043",,-1,-1,0.443,0.443,28,27,28,27,1,0,7,1,6,1,"1.97","1.25","1.25","21.7",,,,,
"SL","2026-05-25","87.1","-1.69","5.14","Imai, Tatsuya",694497,837227,"field_out","hit_into_play",,,,,8,"Evan Carter flies out to center fielder Jake Meyers.","R","L","R","TEX","HOU","X",8,"fly_ball",1,1,2026,"-0.65","0.69",0.21922345440254332,1.8471561953743496,592626,,677649,2,1,"Bot",130.72,92.77,,,,,5.811367810895891,-126.62536940660947,-2.849141085899067,-8.284890734865616,29.231899199376645,-24.374718915080287,3.315666011,1.673326772,260,"96.3",52,"85.7",2320,"5.7",822899,543877,572233,669397,670623,665161,701305,676694,701358,"54.79",0.009,0.009,"0",1,0,0,3,10,3,"Slider",0,1,0,1,1,0,0,1,"Standard","Standard",276,"-0.048","-0.282",,,,0.014,"0.282","96.3",-1,-1,0.445,0.445,28,23,28,24,1,0,7,2,6,1,"2.35","0.65","-0.65","32.5",,,,,
"FF","2026-05-25","93.6","-1.63","4.96","Imai, Tatsuya",694497,837227,,"ball",,,,,12,,"R","L","R","TEX","HOU","B",,,0,1,2026,"-0.86","0.92",1.3820396408652966,3.658978100334853,592626,,677649,2,1,"Bot",,,,,,,9.549834855891335,-135.98513233316731,0.49120826284481944,-12.813002463348639,31.602223938735158,-21.102138631107422,3.315666011,1.673326772,,,,"92.9",1843,"6.1",822899,543877,572233,669397,670623,665161,701305,676694,701358,"54.42",,,,,,,,10,2,"4-Seam Fastball",0,1,0,1,1,0,0,1,"Standard","Standard",240,"0.005","0.017",,,,,"-0.017",,-1,-1,0.44,0.44,28,23,28,24,1,0,7,2,6,1,"1.7","0.86","-0.86","25.8",,,,,
"SL","2026-05-25","86.6","-1.63","5.23","Imai, Tatsuya",694497,837227,,"called_strike",,,,,8,,"R","L","R","TEX","HOU","S",,,0,0,2026,"-0.29","0.35",-0.20985988781856768,1.721195634010456,592626,,677649,2,1,"Bot",,,,,,,3.8835692203876624,-125.8443831607422,-2.454912555742034,-4.018190319058761,33.33453444459721,-28.136815945555572,3.315666011,1.673326772,,,,"84.3",2314,"5.5",822899,543877,572233,669397,670623,665161,701305,676694,701358,"54.95",,,,,,,,10,1,"Slider",0,1,0,1,1,0,0,1,"Standard","Standard",276,"-0.008","-0.03",,,,,"0.03",,-1,-1,0.448,0.448,28,23,28,24,1,0,7,2,6,1,"2.77","0.29","-0.29","25.5",,,,,
"SL","2026-05-25","88.1","-1.76","5.01","Imai, Tatsuya",677649,837227,"walk","blocked_ball",,,,,13,"Ezequiel Duran walks.","R","R","R","TEX","HOU","B",,,3,2,2026,"-1.06","0.51",-0.1537257221706403,-0.7438375794719505,592626,,,2,1,"Bot",,,,,,,6.029006816773216,-127.863715270777,-8.502073307006487,-12.880425559496574,29.68856833648392,-24.863069769770043,3.126099081,1.57765748,,,,"86.9",2288,"6",822899,543877,572233,669397,670623,665161,701305,676694,701358,"54.51",,0.697886,"0.7",1,0,0,,9,6,"Slider",0,1,0,1,1,0,0,1,"Standard","Standard",263,"0.011","0.093",,,,,"-0.093",,-1,-1,0.437,0.437,28,27,28,27,1,0,7,1,6,1,"2.47","1.06","1.06","28.1",,,,,
"FF","2026-05-25","95.7","-1.77","4.83","Imai, Tatsuya",677649,837227,,"called_strike",,,,,3,,"R","R","R","TEX","HOU","S",,,3,1,2026,"-1.23","0.95",0.4755738054905312,2.906116210109416,592626,,,2,1,"Bot",,,,,,,8.649850167427484,-139.15119871366093,-1.4566741711803737,-17.95992703204217,32.89064304120903,-19.708512862507234,3.126099081,1.57765748,,,,"95.3",2161,"6.2",822899,543877,572233,669397,670623,665161,701305,676694,701358,"54.27",,,,,,,,9,5,"4-Seam Fastball",0,1,0,1,1,0,0,1,"Standard","Standard",232,"-0.003","-0.049",,,,,"0.049",,-1,-1,0.44,0.44,28,27,28,27,1,0,7,1,6,1,"1.55","1.23","1.23","24.0",,,,,
"FF","2026-05-25","96.4","-1.69","4.95","Imai, Tatsuya",677649,837227,,"called_strike",,,,,2,,"R","R","R","TEX","HOU","S",,,3,0,2026,"-1.24","0.8",-0.23443421264552033,2.856143973690485,592626,,,2,1,"Bot",,,,,,,6.640787477909985,-140.19262028073425,-1.6182511735465237,-17.923031479041743,33.980920199918536,-21.568135524687204,3.126099081,1.57765748,,,,"95.4",2024,"5.9",822899,543877,572233,669397,670623,665161,701305,676694,701358,"54.61",,,,,,,,9,4,"4-Seam Fastball",0,1,0,1,1,0,0,1,"Standard","Standard",233,"-0.003","-0.022",,,,,"0.022",,-1,-1,0.443,0.443,28,27,28,27,1,0,7,1,6,1,"1.67","1.24","1.24","22.5",,,,,
"FF","2026-05-25","95.3","-1.76","4.8","Imai, Tatsuya",677649,837227,,"ball",,,,,14,,"R","R","R","TEX","HOU","B",,,2,0,2026,"-1.28","0.91",0.8976221441072454,0.7739775160815747,592626,,,2,1,"Bot",,,,,,,9.789096479862712,-138.2471545049777,-6.6817768196100165,-18.69416548998205,33.06588472460469,-19.147891227226207,3.126099081,1.57765748,,,,"94.6",2052,"6.2",822899,543877,572233,669397,670623,665161,701305,676694,701358,"54.28",,,,,,,,9,3,"4-Seam Fastball",0,1,0,1,1,0,0,1,"Standard","Standard",236,"0.004","0.063",,,,,"-0.063",,-1,-1,0.439,0.439,28,27,28,27,1,0,7,1,6,1,"1.63","1.28","1.28","21.6",,,,,
"SL","2026-05-25","87.7","-1.69","5.15","Imai, Tatsuya",677649,837227,,"ball",,,,,14,,"R","R","R","TEX","HOU","B",,,1,0,2026,"-0.13","0.07",1.3673558278567777,0.7735676345923657,592626,,,2,1,"Bot",,,,,,,7.505771521780729,-127.44114289091257,-4.241042976456219,-3.168980741788588,29.27254050821673,-30.612210042145872,3.126099081,1.57765748,,,,"86.4",2323,"5.8",822899,543877,572233,669397,670623,665161,701305,676694,701358,"54.71",,,,,,,,9,2,"Slider",0,1,0,1,1,0,0,1,"Standard","Standard",274,"0.003","0.013",,,,,"-0.013",,-1,-1,0.436,0.436,28,27,28,27,1,0,7,1,6,1,"2.93","0.13","0.13","26.9",,,,,
"SL","2026-05-25","87.3","-1.66","5.23","Imai, Tatsuya",677649,837227,,"ball",,,,,14,,"R","R","R","TEX","HOU","B",,,0,0,2026,"-0.12","0.02",1.3200180256351572,0.8245814412702406,592626,,,2,1,"Bot",,,,,,,7.24504238393088,-126.84574407580693,-4.120358073713624,-2.9496600410104654,28.923039702500134,-31.231006549355325,3.126099081,1.57765748,,,,"86",2406,"5.8",822899,543877,572233,669397,670623,665161,701305,676694,701358,"54.71",,,,,,,,9,1,"Slider",0,1,0,1,1,0,0,1,"Standard","Standard",281,"0.001","0.033",,,,,"-0.033",,-1,-1,0.435,0.435,28,27,28,27,1,0,7,1,6,1,"3.01","0.12","0.12","28.4",,,,,
"SL","2026-05-25","86.5","-1.72","5.12","Imai, Tatsuya",607043,837227,"grounded_into_double_play","hit_into_play",,,,,5,"Brandon Nimmo grounds into a double play, second baseman Nick Allen to shortstop Jeremy Peña to first baseman Christian Walker. Joc Pederson to 3rd. Alejandro Osuna out at 2nd. Brandon Nimmo out at 1st.","R","L","R","TEX","HOU","X",4,"ground_ball",2,2,2026,"-0.44","0.21",0.09283596265841665,2.2787650472685033,,592626,696030,0,1,"Bot",149,154,,,,,5.135933449794968,-125.89371211102106,-0.7478133003243077,-5.775170382444168,28.245583044299362,-29.991904123810595,3.270029528,1.650295276,54,"96.3",1,"85.5",2127,"5.9",822899,543877,572233,669397,670623,665161,701305,676694,701358,"54.61",0.449,0.443,"0",1,0,0,4,8,5,"Slider",0,1,0,1,1,0,0,1,"Standard","Standard",317,"-0.101","-0.304","73.2","7.0",,0.547,"0.304","96.3",-1,-1,0.536,0.536,28,33,28,33,1,0,7,1,6,1,"2.86","0.44","-0.44","24.6",5.661031685852126,1.5358202317392458,30.334635443968313,36.60618459337529,30.299564577192434
"SL","2026-05-25","86.1","-1.71","5.14","Imai, Tatsuya",607043,837227,,"called_strike",,,,,7,,"R","L","R","TEX","HOU","S",,,2,1,2026,"-0.44","0.51",-0.5564857060061633,2.0081741882030966,,592626,696030,0,1,"Bot",,,,,,,3.582287702166014,-125.2221838908243,-1.8951147834152957,-5.461626532994257,30.775730483465914,-26.661193727468326,3.270029528,1.650295276,,,,"84.7",2131,"5.9",822899,543877,572233,669397,670623,665161,701305,676694,701358,"54.61",,,,,,,,8,4,"Slider",0,1,0,1,1,0,0,1,"Standard","Standard",280,"-0.015","-0.091",,,,,"0.091",,-1,-1,0.551,0.551,28,33,28,33,1,0,7,1,6,1,"2.62","0.44","-0.44","26.5",,,,,
"FF","2026-05-25","94.3","-1.71","5.03","Imai, Tatsuya",607043,837227,,"called_strike",,,,,12,,"R","L","R","TEX","HOU","S",,,2,0,2026,"-0.97","0.81",0.5242982450750031,3.443452712564281,,592626,696030,0,1,"Bot",,,,,,,7.880619515708283,-137.11950556614968,-0.07017928247104077,-14.067126645365272,31.431891179348817,-22.20000077040264,3.270029528,1.650295276,,,,"93.6",1827,"6",822899,543877,572233,669397,670623,665161,701305,676694,701358,"54.48",,,,,,,,8,3,"4-Seam Fastball",0,1,0,1,1,0,0,1,"Standard","Standard",232,"-0.016","-0.073",,,,,"0.073",,-1,-1,0.567,0.567,28,33,28,33,1,0,7,1,6,1,"1.77","0.97","-0.97","24.7",,,,,
"SI","2026-05-25","94.2","-1.71","5.05","Imai, Tatsuya",607043,837227,,"ball",,,,,11,,"R","L","R","TEX","HOU","B",,,1,0,2026,"-1.36","0.3",-1.2881944408743768,4.087355162340529,,592626,696030,0,1,"Bot",,,,,,,4.104645434769345,-137.1045318506205,2.6431297283456123,-18.021461585470988,31.118322937379293,-29.276037290452898,3.270029528,1.650295276,,,,"93.2",1672,"5.8",822899,543877,572233,669397,670623,665161,701305,676694,701358,"54.73",,,,,,,,8,2,"Sinker",0,1,0,1,1,0,0,1,"Standard","Standard",241,"0.016","0.077",,,,,"-0.077",,-1,-1,0.551,0.551,28,33,28,33,1,0,7,1,6,1,"2.28","1.36","-1.36","23.6",,,,,
"SI","2026-05-25","95.2","-1.71","5.11","Imai, Tatsuya",607043,837227,,"ball",,,,,11,,"R","L","R","TEX","HOU","B",,,0,0,2026,"-1.56","0.23",-0.5501915184585793,4.208173116770743,,592626,696030,0,1,"Bot",,,,,,,6.503364726680717,-138.40898502298592,2.911323288024789,-21.456166003285144,32.72526437088676,-30.204413992462758,3.270029528,1.650295276,,,,"94.2",1764,"5.9",822899,543877,572233,669397,670623,665161,701305,676694,701358,"54.59",,,,,,,,8,1,"Sinker",0,1,0,1,1,0,0,1,"Standard","Standard",235,"0.007","0.052",,,,,"-0.052",,-1,-1,0.544,0.544,28,33,28,33,1,0,7,1,6,1,"2.3","1.56","-1.56","25.6",,,,,
"FF","2026-05-25","94.4","-1.68","4.98","Imai, Tatsuya",696030,837227,"walk","ball",,,,,12,"Alejandro Osuna walks. Joc Pederson to 2nd.","R","L","R","TEX","HOU","B",,,3,1,2026,"-0.76","0.57",0.611957919778174,3.4346458670525317,,,592626,0,1,"Bot",,,,,,,7.538002937935221,-137.25327411779713,0.5376045753607498,-11.269879878734685,31.011221869934133,-25.305072884908192,3.073441601,1.551082677,,,,"93.5",1723,"5.9",822899,543877,572233,669397,670623,665161,701305,676694,701358,"54.63",,0.697886,"0.7",1,0,0,,7,5,"4-Seam Fastball",0,1,0,1,1,0,0,1,"Standard","Standard",238,"0.035","0.249",,,,,"-0.249",,-1,-1,0.509,0.509,28,23,28,24,1,0,7,1,6,1,"1.99","0.76","-0.76","25.0",,,,,
"SL","2026-05-25","86.6","-1.72","5.02","Imai, Tatsuya",696030,837227,,"ball",,,,,14,,"R","L","R","TEX","HOU","B",,,2,1,2026,"-0.89","0.52",0.15939488496605958,1.0738391502072036,,,592626,0,1,"Bot",,,,,,,6.232937386334281,-125.89023824853456,-3.964150137197831,-10.788674045322077,28.93070365294676,-26.002513916561387,3.073441601,1.551082677,,,,"85.7",2154,"6.1",822899,543877,572233,669397,670623,665161,701305,676694,701358,"54.42",,,,,,,,7,4,"Slider",0,1,0,1,1,0,0,1,"Standard","Standard",265,"0.017","0.124",,,,,"-0.124",,-1,-1,0.492,0.492,28,23,28,24,1,0,7,1,6,1,"2.56","0.89","-0.89","25.4",,,,,
"FF","2026-05-25","94.2","-1.62","4.98","Imai, Tatsuya",696030,837227,,"called_strike",,,,,5,,"R","L","R","TEX","HOU","S",,,2,0,2026,"-1.1","0.67",-0.25507229500847317,2.2458754295766026,,,592626,0,1,"Bot",,,,,,,5.939711357895614,-137.09939121701456,-2.723007385296535,-15.223773930571346,29.408844752412303,-23.31876456338227,3.073441601,1.551082677,,,,"93.7",1873,"5.9",822899,543877,572233,669397,670623,665161,701305,676694,701358,"54.57",,,,,,,,7,3,"4-Seam Fastball",0,1,0,1,1,0,0,1,"Standard","Standard",238,"-0.011","-0.076",,,,,"0.076",,-1,-1,0.503,0.503,28,23,28,24,1,0,7,1,6,1,"1.89","1.1","-1.1","23.0",,,,,
"FF","2026-05-25","93.7","-1.69","5.09","Imai, Tatsuya",696030,837227,,"ball",,,,,12,,"R","L","R","TEX","HOU","B",,,1,0,2026,"-0.91","0.6",0.18341223318399036,3.6780129726299116,,,592626,0,1,"Bot",,,,,,,6.747010100078081,-136.37993486553052,0.8643463365926083,-12.804465155606662,29.812870821373426,-25.056553383916402,3.073441601,1.551082677,,,,"93",1652,"5.9",822899,543877,572233,669397,670623,665161,701305,676694,701358,"54.65",,,,,,,,7,2,"4-Seam Fastball",0,1,0,1,1,0,0,1,"Standard","Standard",242,"0.011","0.075",,,,,"-0.075",,-1,-1,0.492,0.492,28,23,28,24,1,0,7,1,6,1,"1.99","0.91","-0.91","26.1",,,,,
"SL","2026-05-25","85.7","-1.74","5.36","Imai, Tatsuya",696030,837227,,"ball",,,,,11,,"R","L","R","TEX","HOU","B",,,0,0,2026,"-0.74","0.55",-1.877927807795985,3.580341647618516,,,592626,0,1,"Bot",,,,,,,1.1857901359002048,-124.780091155068,1.1123750876934948,-7.980803532168327,26.913263958279234,-26.971868936304084,3.073441601,1.551082677,,,,"84.4",2188,"5.6",822899,543877,572233,669397,670623,665161,701305,676694,701358,"54.94",,,,,,,,7,1,"Slider",0,1,0,1,1,0,0,1,"Standard","Standard",253,"0.006","0.038",,,,,"-0.038",,-1,-1,0.486,0.486,28,23,28,24,1,0,7,1,6,1,"2.57","0.74","-0.74","28.5",,,,,
"FF","2026-05-25","92.9","-1.78","5.24","Imai, Tatsuya",592626,837227,"walk","ball",,,,,11,"Joc Pederson walks.","R","L","R","TEX","HOU","B",,,3,1,2026,"-0.89","0.44",-1.3929235954788728,3.6143942521102237,,,,0,1,"Bot",,,,,,,2.9129795391920283,-135.40157814995672,0.7337302964696711,-11.607874876145292,28.429621354929292,-27.143570512133834,3.23667979,1.633464567,,,,"92.1",1660,"5.6",822899,543877,572233,669397,670623,665161,701305,676694,701358,"54.89",,0.697886,"0.7",1,0,0,,6,5,"4-Seam Fastball",0,1,0,1,1,0,0,1,"Infield shade","Standard",241,"0.023","0.26",,,,,"-0.26",,-1,-1,0.463,0.463,28,34,28,34,1,0,7,1,6,1,"2.19","0.89","-0.89","22.6",,,,,
"FF","2026-05-25","92.1","-1.64","5.34","Imai, Tatsuya",592626,837227,,"called_strike",,,,,11,,"R","L","R","TEX","HOU","S",,,3,0,2026,"-0.87","0.87",-0.15260238326590658,3.5702990710205653,,,,0,1,"Bot",,,,,,,5.55107089960951,-134.0516306125293,-0.4580074457754043,-11.619884782598803,27.629105146178777,-21.770531711546703,3.23667979,1.633464567,,,,"90.9",1828,"5.4",822899,543877,572233,669397,670623,665161,701305,676694,701358,"55.08",,,,,,,,6,4,"4-Seam Fastball",0,1,0,1,1,0,0,1,"Infield shade","Standard",237,"-0.008","-0.087",,,,,"0.087",,-1,-1,0.471,0.471,28,34,28,34,1,0,7,1,6,1,"1.81","0.87","-0.87","23.0",,,,,
"FF","2026-05-25","91.8","-1.66","5.39","Imai, Tatsuya",592626,837227,,"ball",,,,,11,,"R","L","R","TEX","HOU","B",,,2,0,2026,"-0.9","0.74",-0.8970950459421203,4.280744648670165,,,,0,1,"Bot",,,,,,,3.8327767056483006,-133.73026477089712,1.4828354945684543,-11.674270862358457,27.453812162547532,-23.82062342187458,3.23667979,1.633464567,,,,"90.6",1674,"5.4",822899,543877,572233,669397,670623,665161,701305,676694,701358,"55.11",,,,,,,,6,3,"4-Seam Fastball",0,1,0,1,1,0,0,1,"Infield shade","Standard",242,"0.012","0.15",,,,,"-0.15",,-1,-1,0.459,0.459,28,34,28,34,1,0,7,1,6,1,"1.95","0.9","-0.9","24.4",,,,,
"FF","2026-05-25","92.8","-1.73","5.33","Imai, Tatsuya",592626,837227,,"ball",,,,,11,,"R","L","R","TEX","HOU","B",,,1,0,2026,"-0.96","0.57",-1.7883514526264883,3.3883844456181738,,,,0,1,"Bot",,,,,,,1.9493863965780815,-135.21166062213243,-0.33185482227113167,-12.189028381548903,27.961634193616415,-25.346957359152732,3.23667979,1.633464567,,,,"92",1743,"5.6",822899,543877,572233,669397,670623,665161,701305,676694,701358,"54.9",,,,,,,,6,2,"4-Seam Fastball",0,1,0,1,1,0,0,1,"Standard","Standard",237,"0.007","0.083",,,,,"-0.083",,-1,-1,0.452,0.452,28,34,28,34,1,0,7,1,6,1,"2.06","0.96","-0.96","23.4",,,,,
"FF","2026-05-25","92","-1.72","5.4","Imai, Tatsuya",592626,837227,,"ball",,,,,11,,"R","L","R","TEX","HOU","B",,,0,0,2026,"-1.04","0.55",-0.7742038505128668,3.9251926247751854,,,,0,1,"Bot",,,,,,,4.575002213011692,-134.0419424336397,0.9680895600605358,-13.525064737684142,26.990875403460876,-25.91463098738782,3.23667979,1.633464567,,,,"91",1689,"5.4",822899,543877,572233,669397,670623,665161,701305,676694,701358,"55.06",,,,,,,,6,1,"4-Seam Fastball",0,1,0,1,1,0,0,1,"Standard","Standard",238,"0.004","0.043",,,,,"-0.043",,-1,-1,0.448,0.448,28,34,28,34,1,0,7,1,6,1,"2.12","1.04","-1.04","23.5",,,,,
"SL","2026-05-18","88.6","-1.82","5.09","Imai, Tatsuya",681546,837227,"single","hit_into_play",,,,,4,"James Outman singles on a line drive to left fielder Zach Dezenzo.","R","L","R","MIN","HOU","X",7,"line_drive",3,2,2026,"-0.15","-0.02",-0.3293957841763313,2.6166255025393705,,,,2,5,"Bot",77.28,98.48,,,,,3.8831543191456297,-128.81512020001864,0.4321462802815421,-2.6222439912999698,34.2981379295737,-32.835022316825004,3.292847769,1.661811024,234,"94",13,"87",2301,"5.9",823705,543877,572233,669699,670623,665161,701305,694728,701358,"54.55",0.971,0.921,"0.9",1,1,0,4,38,6,"Slider",3,0,3,0,0,3,3,0,"Infield shade","Standard",256,"0.004","0.287","67.8","6.5",,1.125,"-0.287","94.0",3,3,0.869,0.869,28,29,28,29,2,1,6,1,7,1,"3","0.15","-0.15","24.7",3.023951770226309,16.75411154692879,30.922407873774215,39.71962325863976,19.580094806113536
"SL","2026-05-18","89","-1.72","5.1","Imai, Tatsuya",681546,837227,,"ball",,,,,13,,"R","L","R","MIN","HOU","B",,,2,2,2026,"-0.23","0.06",-2.0217961998177723,1.7309092044382766,,,,2,5,"Bot",,,,,,,-0.23271488697581774,-129.5331461225755,-2.0029159468554907,-2.476382217631364,33.23372618934325,-31.204095306298065,3.292847769,1.661811024,,,,"87.5",2338,"5.9",823705,543877,572233,669699,670623,665161,701305,694728,701358,"54.65",,,,,,,,38,5,"Slider",3,0,3,0,0,3,3,0,"Infield shade","Standard",251,"0.002","0.083",,,,,"-0.083",,3,3,0.867,0.867,28,29,28,29,2,1,6,1,7,1,"2.87","0.23","-0.23","23.1",,,,,
"FF","2026-05-18","97.1","-1.78","4.9","Imai, Tatsuya",681546,837227,,"ball",,,,,11,,"R","L","R","MIN","HOU","B",,,1,2,2026,"-1.14","0.95",-0.14776626632801482,3.473283159957882,,,,2,5,"Bot",,,,,,,6.951082474185476,-141.2334396529357,-0.30069811033167476,-16.947281672723847,35.586907975809865,-19.72668904161864,3.292847769,1.661811024,,,,"96.4",2245,"6.2",823705,543877,572233,669699,670623,665161,701305,694728,701358,"54.34",,,,,,,,38,4,"4-Seam Fastball",3,0,3,0,0,3,3,0,"Infield shade","Standard",236,"0.001","0.041",,,,,"-0.041",,3,3,0.866,0.866,28,29,28,29,2,1,6,1,7,1,"1.49","1.14","-1.14","26.3",,,,,
"SL","2026-05-18","88.2","-1.76","5.18","Imai, Tatsuya",681546,837227,,"swinging_strike",,,,,14,,"R","L","R","MIN","HOU","S",,,1,1,2026,"0.08","0.29",0.0862570525155357,0.7970958907001582,,,,2,5,"Bot",,,,,,,4.220973602398662,-128.10353280713937,-4.708261596763067,-0.22983670650527413,33.422319585435964,-28.08528566906796,3.292847769,1.661811024,,,,"86.4",2468,"5.9",823705,543877,572233,669699,670623,665161,701305,694728,701358,"54.64",,,,,,,,38,3,"Slider",3,0,3,0,0,3,3,0,"Standard","Standard",287,"-0.002","-0.066","71.5","8.7","5.820354492",,"0.066",,3,3,0.868,0.868,28,29,28,29,2,1,6,1,7,1,"2.72","-0.08","0.08","27.4",24.991044093785007,-20.751003484069876,37.49573222908574,36.134622949758665,45.06562768585558
"SL","2026-05-18","87.6","-1.69","5.22","Imai, Tatsuya",681546,837227,,"ball",,,,,13,,"R","L","R","MIN","HOU","B",,,0,1,2026,"-0.16","-0.2",-0.34872555653887366,0.6584503988701687,,,,2,5,"Bot",,,,,,,3.532586694853373,-127.4628579432704,-4.180852536736675,-2.5304135078866445,26.522688052459586,-33.6947794626816,3.292847769,1.661811024,,,,"87.1",2301,"6",823705,543877,572233,669699,670623,665161,701305,694728,701358,"54.52",,,,,,,,38,2,"Slider",3,0,3,0,0,3,3,0,"Standard","Standard",273,"0.001","0.03",,,,,"-0.03",,3,3,0.867,0.867,28,29,28,29,2,1,6,1,7,1,"3.17","0.16","-0.16","28.0",,,,,
"SL","2026-05-18","87.6","-1.82","5.24","Imai, Tatsuya",681546,837227,,"foul",,,,,7,,"R","L","R","MIN","HOU","S",,,0,0,2026,"-0.31","0.14",-0.41704403413074054,1.7451815493905691,,,,2,5,"Bot",,,,,,,3.9423718981555895,-127.33770140494637,-2.1324321117030887,-4.369810375372395,35.218254370824944,-30.397150510528725,3.292847769,1.661811024,,,,"85.3",2395,"5.7",823705,543877,572233,669699,670623,665161,701305,694728,701358,"54.81",,,,,,,,38,1,"Slider",3,0,3,0,0,3,3,0,"Standard","Standard",278,"-0.001","-0.043","71.4","8.5",,,"0.043",,3,3,0.868,0.868,28,29,28,29,2,1,6,1,7,1,"2.93","0.31","-0.31","26.2",23.493487958092697,-21.759998411912328,35.34999208761059,41.50665889684852,42.24688810728256
"SL","2026-05-18","88.6","-1.7","5.2","Imai, Tatsuya",656484,837227,"strikeout","swinging_strike",,,,,14,"Tristan Gray strikes out swinging.","R","L","R","MIN","HOU","S",2,,1,2,2026,"-0.17","0.13",0.2154206341760266,1.0618247082611827,,,,1,5,"Bot",,,,,,,4.918424351861161,-128.7775444773017,-3.9279479401844455,-3.0113440355492322,31.361203768746304,-30.028762587849723,3.259498032,1.644980315,,,,"87.1",2372,"5.8",823705,543877,572233,669699,670623,665161,701305,694728,701358,"54.71",,0,"0",1,0,0,,37,4,"Slider",3,0,3,0,0,3,3,0,"Infield shade","Standard",268,"-0.005","-0.181","75.4","8.1","4.395611856",,"0.181",,3,3,0.873,0.873,28,30,28,30,2,1,6,2,7,1,"2.82","0.17","-0.17","26.1",23.326338969280748,-36.10417398215251,35.73863122209586,35.875767985775646,47.56047625479257
"SL","2026-05-18","88.4","-1.73","5.18","Imai, Tatsuya",656484,837227,,"swinging_strike",,,,,8,,"R","L","R","MIN","HOU","S",,,1,1,2026,"-0.13","0.14",0.13341856395407656,1.641995177542272,,,,1,5,"Bot",,,,,,,4.7328737388396425,-128.48150713982233,-2.481932079919323,-2.6011607184305627,31.866561867630992,-30.252512988030087,3.259498032,1.644980315,,,,"87.1",2391,"6",823705,543877,572233,669699,670623,665161,701305,694728,701358,"54.53",,,,,,,,37,3,"Slider",3,0,3,0,0,3,3,0,"Standard","Standard",264,"-0.002","-0.072","76.9","8.2","2.889785868",,"0.072",,3,3,0.875,0.875,28,30,28,30,2,1,6,2,7,1,"2.83","0.13","-0.13","24.8",22.67043789031339,-37.982457536992364,28.86307570137984,36.573170985733924,50.78252077541197
"SL","2026-05-18","86.3","-1.77","5.17","Imai, Tatsuya",656484,837227,,"swinging_strike",,,,,14,,"R","L","R","MIN","HOU","S",,,1,0,2026,"-0.1","0.16",0.27595239443901887,1.14616315893303,,,,1,5,"Bot",,,,,,,4.975164899597478,-125.47315329917336,-3.32895570353067,-2.175488362074907,28.667885559045843,-29.989272338650835,3.259498032,1.644980315,,,,"85.1",2427,"5.9",823705,543877,572233,669699,670623,665161,701305,694728,701358,"54.62",,,,,,,,37,2,"Slider",3,0,3,0,0,3,3,0,"Standard","Standard",311,"-0.001","-0.05","37.6","7.0","4.20588966",,"0.05",,3,3,0.876,0.876,28,30,28,30,2,1,6,2,7,1,"2.94","0.1","-0.1","27.5",8.014069083391384,-6.090559761475917,33.536061978280344,34.671704455381956,31.285841498212342
"FF","2026-05-18","96.1","-1.82","5.05","Imai, Tatsuya",656484,837227,,"ball",,,,,11,,"R","L","R","MIN","HOU","B",,,0,0,2026,"-1.15","0.85",-0.9211657718886799,3.198193819818699,,,,1,5,"Bot",,,,,,,4.995848993704825,-139.95705373230203,-1.0930922609014762,-16.238943502236914,32.36828660256988,-21.03021304748434,3.259498032,1.644980315,,,,"95.8",2196,"6.1",823705,543877,572233,669699,670623,665161,701305,694728,701358,"54.39",,,,,,,,37,1,"4-Seam Fastball",3,0,3,0,0,3,3,0,"Standard","Standard",236,"0.001","0.041",,,,,"-0.041",,3,3,0.875,0.875,28,30,28,30,2,1,6,2,7,1,"1.62","1.15","-1.15","25.5",,,,,
"SL","2026-05-18","88.6","-1.62","5.2","Imai, Tatsuya",686797,837227,"field_out","hit_into_play",,,,,13,"Brooks Lee grounds out, second baseman Braden Shewmake to first baseman Christian Walker.","R","L","R","MIN","HOU","X",4,"ground_ball",2,2,2026,"-0.3","0.03",-0.4475986029148272,0.950353522357358,,,,0,5,"Bot",153.33,150.67,,,,,3.4219588441012294,-128.9033138601179,-4.072208114957487,-4.044232319565028,28.502494037508956,-31.142762607570365,3.208595801,1.619291339,78,"70.2",5,"87.8",2283,"6",823705,543877,572233,669699,670623,665161,701305,694728,701358,"54.53",0.155,0.14,"0",1,0,0,2,36,7,"Slider",3,0,3,0,0,3,3,0,"Infield shade","Standard",267,"-0.008","-0.232","63.5","7.5",,0.184,"0.232","88.0",3,3,0.883,0.883,28,25,28,25,2,1,6,1,7,1,"2.89","0.3","-0.3","26.5",10.750315568279541,-9.711425156697379,35.45516125801667,41.09402515442949,31.654116675696798
"SL","2026-05-18","88","-1.77","5.2","Imai, Tatsuya",686797,837227,,"foul",,,,,14,,"R","L","R","MIN","HOU","S",,,2,2,2026,"-0.13","0.02",0.2974442788465559,1.1606306281119911,,,,0,5,"Bot",,,,,,,5.148348453395852,-128.10184647386347,-3.4836839855830064,-2.5148427992880604,25.900617022822686,-31.43966387353732,3.208595801,1.619291339,3,"88.7",-23,"86.9",2371,"5.5",823705,543877,572233,669699,670623,665161,701305,694728,701358,"54.96",,,,,,,,36,6,"Slider",3,0,3,0,0,3,3,0,"Infield shade","Standard",269,"0","0","68.3","7.1",,,"0","88.7",3,3,0.883,0.883,28,25,28,25,2,1,6,1,7,1,"2.92","0.13","-0.13","24.2",11.456632095879218,-7.216073648452903,36.68985593900432,32.67868964596358,31.2547267615711
"SL","2026-05-18","88.5","-1.73","5.14","Imai, Tatsuya",686797,837227,,"foul",,,,,14,,"R","L","R","MIN","HOU","S",,,2,2,2026,"-0.47","0.27",0.23642980073272235,1.2142648661579258,,,,0,5,"Bot",,,,,,,5.691136375954492,-128.62880610117992,-3.7264957524175504,-6.528063725760718,29.852320260689126,-28.57937443864846,3.208595801,1.619291339,,,,"87.2",2296,"5.8",823705,543877,572233,669699,670623,665161,701305,694728,701358,"54.67",,,,,,,,36,5,"Slider",3,0,3,0,0,3,3,0,"Infield shade","Standard",269,"0","0","70.6","7.2",,,"0",,3,3,0.883,0.883,28,25,28,25,2,1,6,1,7,1,"2.68","0.47","-0.47","26.0",12.808291558228907,-10.543054603817989,36.497190802357906,33.492356222269464,33.4857829107145
"SL","2026-05-18","88.5","-1.61","5.26","Imai, Tatsuya",686797,837227,,"ball",,,,,14,,"R","L","R","MIN","HOU","B",,,1,2,2026,"-0.2","0.12",1.3440590620146777,-0.7324360759357851,,,,0,5,"Bot",,,,,,,7.425639943470835,-128.2656143911699,-8.194711106382856,-4.043607033978871,33.176065819384405,-28.995873274764126,3.208595801,1.619291339,,,,"86.5",2408,"5.8",823705,543877,572233,669699,670623,665161,701305,694728,701358,"54.71",,,,,,,,36,4,"Slider",3,0,3,0,0,3,3,0,"Infield shade","Standard",262,"0.002","0.047",,,,,"-0.047",,3,3,0.881,0.881,28,25,28,25,2,1,6,1,7,1,"2.88","0.2","-0.2","26.1",,,,,
"SL","2026-05-18","86.5","-1.67","5.22","Imai, Tatsuya",686797,837227,,"swinging_strike",,,,,14,,"R","L","R","MIN","HOU","S",,,1,1,2026,"-0.03","0.11",0.2077038367072792,1.1699301578210353,,,,0,5,"Bot",,,,,,,4.435434228555013,-125.91366709891567,-3.408419987627221,-1.194765919354092,26.178532880006635,-30.55251370008646,3.208595801,1.619291339,,,,"85.9",2464,"6",823705,543877,572233,669699,670623,665161,701305,694728,701358,"54.55",,,,,,,,36,3,"Slider",3,0,3,0,0,3,3,0,"Standard","Standard",275,"-0.003","-0.062","73.4","7.7","3.263002332",,"0.062",,3,3,0.884,0.884,28,25,28,25,2,1,6,1,7,1,"2.94","0.03","-0.03","28.6",21.522559240670184,-27.01037223102746,33.02045237522348,33.81720586429391,46.223119547263614
"FF","2026-05-18","95.3","-1.81","5.08","Imai, Tatsuya",686797,837227,,"called_strike",,,,,7,,"R","L","R","MIN","HOU","S",,,1,0,2026,"-1","1.15",-0.7396728359289167,1.8521383964736682,,,,0,5,"Bot",,,,,,,4.997471979390752,-138.6218222076973,-5.175010335905764,-13.98968669208736,31.960754973735593,-16.449071828985293,3.208595801,1.619291339,,,,"94.3",2176,"5.8",823705,543877,572233,669699,670623,665161,701305,694728,701358,"54.7",,,,,,,,36,2,"4-Seam Fastball",3,0,3,0,0,3,3,0,"Standard","Standard",235,"-0.001","-0.056",,,,,"0.056",,3,3,0.885,0.885,28,25,28,25,2,1,6,1,7,1,"1.37","1","-1","28.1",,,,,
"SL","2026-05-18","86.4","-1.68","5.28","Imai, Tatsuya",686797,837227,,"ball",,,,,13,,"R","L","R","MIN","HOU","B",,,0,0,2026,"-0.53","0.68",-1.1299194914544888,1.901684201873287,,,,0,5,"Bot",,,,,,,2.3714445654623124,-125.79748564454815,-2.953059119220502,-6.145850521102176,28.282562560618413,-24.563690031932406,3.208595801,1.619291339,,,,"85",2365,"5.6",823705,543877,572233,669699,670623,665161,701305,694728,701358,"54.94",,,,,,,,36,1,"Slider",3,0,3,0,0,3,3,0,"Standard","Standard",248,"0.001","0.043",,,,,"-0.043",,3,3,0.884,0.884,28,25,28,25,2,1,6,1,7,1,"2.4","0.53","-0.53","25.2",,,,,
"SL","2026-05-18","87.4","-1.68","5.25","Imai, Tatsuya",807712,837227,"strikeout","swinging_strike",,,,,14,"Luke Keaschall strikes out swinging.","R","R","R","MIN","HOU","S",2,,1,2,2026,"-0.4","-0.17",0.09059105049697508,1.367868229445246,,,,2,4,"Bot",,,,,,,5.055206019596748,-127.37179654692468,-2.7363815083004273,-5.288341248198505,22.26054189820073,-33.68992319427916,3.213861549,1.621948819,,,,"87.9",2447,"6.2",823705,543877,572233,669699,670623,665161,701305,694728,701358,"54.28",,0,"0",1,0,0,,30,4,"Slider",3,0,3,0,0,3,3,0,"Standard","Standard",281,"-0.004","-0.179","65.7","8.0","1.194112644",,"0.179",,3,3,0.84,0.84,28,23,28,24,2,1,6,1,7,1,"3.1","0.4","0.4","26.9",27.6861566340437,-27.447843606111974,42.42381732780681,36.99017394390215,47.5581568728049
"SL","2026-05-18","88.3","-1.64","5.21","Imai, Tatsuya",807712,837227,,"ball",,,,,13,,"R","R","R","MIN","HOU","B",,,0,2,2026,"-0.59","0.27",-0.4942355486732555,0.9543428647628116,,,,2,4,"Bot",,,,,,,3.974777767497652,-128.46131313079545,-4.538905054930563,-7.365409084317318,28.77727963635213,-28.356021276174793,3.213861549,1.621948819,,,,"87.3",2363,"5.9",823705,543877,572233,669699,670623,665161,701305,694728,701358,"54.63",,,,,,,,30,3,"Slider",3,0,3,0,0,3,3,0,"Standard","Standard",274,"0","0.026",,,,,"-0.026",,3,3,0.84,0.84,28,23,28,24,2,1,6,1,7,1,"2.67","0.59","0.59","26.5",,,,,
"SL","2026-05-18","87.7","-1.66","5.27","Imai, Tatsuya",807712,837227,,"swinging_strike",,,,,8,,"R","R","R","MIN","HOU","S",,,0,1,2026,"-0.41","-0.26",-0.23483619736761635,1.5236977675744434,,,,2,4,"Bot",,,,,,,4.191724298353505,-127.72245445934401,-2.197452984814265,-5.267218510907246,24.529097867823733,-34.837855653255076,3.213861549,1.621948819,,,,"87",2427,"5.6",823705,543877,572233,669699,670623,665161,701305,694728,701358,"54.86",,,,,,,,30,2,"Slider",3,0,3,0,0,3,3,0,"Infield shade","Standard",262,"-0.001","-0.061","68.5","7.9","1.051961412",,"0.061",,3,3,0.841,0.841,28,23,28,24,2,1,6,1,7,1,"3.21","0.41","0.41","26.8",28.646757273820196,-26.562886352295845,43.41796186786315,33.65605045049764,48.71784555145715
"SL","2026-05-18","88.7","-1.75","5.24","Imai, Tatsuya",807712,837227,,"swinging_strike",,,,,7,,"R","R","R","MIN","HOU","S",,,0,0,2026,"-0.83","0.48",-0.34799355953484234,2.045049458147559,,,,2,4,"Bot",,,,,,,5.073064532514151,-128.9792790968941,-2.5030825653588913,-10.37678267061269,28.84256529330288,-26.470106929536456,3.213861549,1.621948819,,,,"87.3",2406,"5.6",823705,543877,572233,669699,670623,665161,701305,694728,701358,"54.89",,,,,,,,30,1,"Slider",3,0,3,0,0,3,3,0,"Infield shade","Standard",272,"-0.001","-0.043","68.8","8.1","1.410386316",,"0.043",,3,3,0.842,0.842,28,23,28,24,2,1,6,1,7,1,"2.44","0.83","0.83","27.5",33.280199915958974,-32.361451399362466,42.50231539829471,32.86590821018585,51.17210424986283
"FF","2026-05-18","95.2","-1.73","5.03","Imai, Tatsuya",605137,837227,"home_run","hit_into_play",,,,,11,"Josh Bell homers (5) on a fly ball to left field. Trevor Larnach scores.","R","L","R","MIN","HOU","X",,"fly_ball",1,2,2026,"-1.03","0.74",-0.3885290509757193,3.642489384667833,,663616,,2,4,"Bot",34.91,73.93,,,,,5.8119812898726595,-138.4894305801866,0.4575920472664854,-14.58576739512615,31.161339996134533,-22.93252008925562,3.334973753,1.683070866,381,"104",26,"94.9",1931,"6.1",823705,543877,572233,669699,670623,665161,701305,694728,701358,"54.36",0.846,1.605,"2",1,0,3,6,29,4,"4-Seam Fastball",1,0,1,0,0,3,3,0,"Standard","Standard",235,"0.181","1.702",,,,3.09,"-1.702","104.0",1,1,0.661,0.661,28,33,28,34,2,1,6,2,7,1,"1.77","1.03","-1.03","24.3",,,,,
"FF","2026-05-18","96.5","-1.75","4.92","Imai, Tatsuya",605137,837227,,"foul",,,,,6,,"R","L","R","MIN","HOU","S",,,1,1,2026,"-1.14","0.56",0.602654405344162,2.2625981563978237,,663616,,2,4,"Bot",,,,,,,8.900588436981238,-140.3745057125229,-2.6423997493118856,-17.10397842960747,30.589883421496523,-24.32263058615715,3.334973753,1.683070866,183,"72.1",22,"97.6",2110,"6.8",823705,543877,572233,669699,670623,665161,701305,694728,701358,"53.66",,,,,,,,29,3,"4-Seam Fastball",1,0,1,0,0,1,1,0,"Standard","Standard",237,"-0.008","-0.07","72.9","7.4",,,"0.07","88.0",1,1,0.669,0.669,28,33,28,34,2,1,6,2,7,1,"1.88","1.14","-1.14","22.8",-4.81810950003343,10.17739016648848,40.6816876497655,29.60973471915644,17.583574401339284
"FF","2026-05-18","95","-1.87","4.99","Imai, Tatsuya",605137,837227,,"ball",,,,,11,,"R","L","R","MIN","HOU","B",,,0,1,2026,"-1.06","0.95",-1.6406025941549565,3.68370649179309,,663616,,2,4,"Bot",,,,,,,2.9922215397804575,-138.31777062530776,0.20084999778421353,-14.239977192119454,31.511850351062762,-20.203044756869495,3.334973753,1.683070866,,,,"94.8",2094,"6.2",823705,543877,572233,669699,670623,665161,701305,694728,701358,"54.31",,,,,,,,29,2,"4-Seam Fastball",1,0,1,0,0,1,1,0,"Standard","Standard",235,"0.003","0.019",,,,,"-0.019",,1,1,0.666,0.666,28,33,28,34,2,1,6,2,7,1,"1.57","1.06","-1.06","24.4",,,,,
"FF","2026-05-18","96.1","-1.79","5.04","Imai, Tatsuya",605137,837227,,"foul",,,,,2,,"R","L","R","MIN","HOU","S",,,0,0,2026,"-1.22","0.94",-0.03855061472514176,2.9280163864025504,,663616,,2,4,"Bot",,,,,,,7.337870800436408,-139.76784311496297,-1.923045880124799,-17.67088951640259,34.16251331183013,-19.720024345976316,3.334973753,1.683070866,211,"74.8",51,"95.1",2256,"5.9",823705,543877,572233,669699,670623,665161,701305,694728,701358,"54.6",,,,,,,,29,1,"4-Seam Fastball",1,0,1,0,0,1,1,0,"Standard","Standard",233,"-0.005","-0.038","74.1","7.5",,,"0.038","88.0",1,1,0.671,0.671,28,33,28,34,2,1,6,2,7,1,"1.55","1.22","-1.22","21.6",4.650029727920796,8.452019450749418,32.336517110738534,37.04165298512422,22.118689353593652
"SL","2026-05-18","86.5","-1.92","5.22","Imai, Tatsuya",665019,837227,"field_out","hit_into_play",,,,,4,"Kody Clemens flies out to left fielder Zach Dezenzo.","R","L","R","MIN","HOU","X",7,"fly_ball",1,2,2026,"-0.04","0.04",-0.6394440104502292,2.26692461368,,663616,,1,4,"Bot",80.24,87.07,,,,,3.0445188769479574,-125.86762817549456,-0.6266926246837836,-1.182611954320771,29.46838568991239,-31.83724381218045,3.211228675,1.620620079,300,"96.1",43,"84.4",2426,"5.3",823705,543877,572233,669699,670623,665161,701305,694728,701358,"55.22",0.02,0.031,"0",1,0,0,3,28,5,"Slider",1,0,1,0,0,1,1,0,"Standard","Standard",291,"-0.024","-0.188","76.6","7.4",,0.055,"0.188","96.1",1,1,0.695,0.695,28,30,28,30,2,1,6,1,7,1,"3.04","0.04","-0.04","24.4",9.10405924049704,-0.29148612266124435,28.88148134860091,41.385195949454236,35.447621038099015
"SL","2026-05-18","86.8","-1.86","5.19","Imai, Tatsuya",665019,837227,,"foul",,,,,14,,"R","L","R","MIN","HOU","S",,,1,2,2026,"-0.11","0.02",0.37563791359984033,0.7502688340935522,,663616,,1,4,"Bot",,,,,,,5.458888971800673,-126.2494338379336,-4.186849040709981,-2.3328490098496135,26.312207074412914,-31.25923339760632,3.211228675,1.620620079,,,,"85.8",2430,"5.7",823705,543877,572233,669699,670623,665161,701305,694728,701358,"54.8",,,,,,,,28,4,"Slider",1,0,1,0,0,1,1,0,"Standard","Standard",296,"0","0","65.6","7.9",,,"0",,1,1,0.695,0.695,28,30,28,30,2,1,6,1,7,1,"3.01","0.11","-0.11","27.0",15.04997939979843,-15.987884901544158,39.028015040888235,28.466791354401956,40.71278922465255
"SL","2026-05-18","87.6","-1.85","5.13","Imai, Tatsuya",665019,837227,,"foul",,,,,13,,"R","L","R","MIN","HOU","S",,,1,1,2026,"-0.58","0.33",-0.5510190688281967,0.9771450808814928,,663616,,1,4,"Bot",,,,,,,4.278989116579847,-127.44279138305843,-4.233766871372671,-7.228568416128587,29.585245659424725,-27.898825779509064,3.211228675,1.620620079,2,"60.9",-34,"86.4",2471,"5.8",823705,543877,572233,669699,670623,665161,701305,694728,701358,"54.66",,,,,,,,28,3,"Slider",1,0,1,0,0,1,1,0,"Standard","Standard",256,"-0.008","-0.078","68.6","8.0",,,"0.078","88.0",1,1,0.703,0.703,28,30,28,30,2,1,6,1,7,1,"2.68","0.58","-0.58","22.2",16.24466332773232,-3.1573692189188893,33.601771440651696,41.24691792070159,36.80851951452533
"FF","2026-05-18","96.1","-1.84","4.99","Imai, Tatsuya",665019,837227,,"ball",,,,,12,,"R","L","R","MIN","HOU","B",,,0,1,2026,"-1.18","1.09",1.1814818226860704,2.725515536625176,,663616,,1,4,"Bot",,,,,,,10.598848575467409,-139.46516456928734,-2.708040639837778,-17.874545031231072,32.534503270932866,-17.484852926190484,3.211228675,1.620620079,,,,"95.6",2119,"6.3",823705,543877,572233,669699,670623,665161,701305,694728,701358,"54.25",,,,,,,,28,2,"4-Seam Fastball",1,0,1,0,0,1,1,0,"Standard","Standard",237,"0.003","0.039",,,,,"-0.039",,1,1,0.7,0.7,28,30,28,30,2,1,6,1,7,1,"1.39","1.18","-1.18","24.8",,,,,
"FF","2026-05-18","96","-1.81","4.96","Imai, Tatsuya",665019,837227,,"called_strike",,,,,6,,"R","L","R","MIN","HOU","S",,,0,0,2026,"-1.3","0.93",0.36357717207406703,2.112499171438053,,663616,,1,4,"Bot",,,,,,,8.697692103342028,-139.62922403932896,-3.9325224477019938,-18.94695565648969,29.777937125876523,-19.246476086679817,3.211228675,1.620620079,,,,"96.5",2207,"6.5",823705,543877,572233,669699,670623,665161,701305,694728,701358,"54.01",,,,,,,,28,1,"4-Seam Fastball",1,0,1,0,0,1,1,0,"Standard","Standard",241,"-0.005","-0.046",,,,,"0.046",,1,1,0.705,0.705,28,30,28,30,2,1,6,1,7,1,"1.53","1.3","-1.3","23.8",,,,,
"SL","2026-05-18","86.9","-1.76","5.19","Imai, Tatsuya",680777,837227,"field_out","hit_into_play",,,,,13,"Ryan Jeffers grounds out, third baseman Isaac Paredes to first baseman Christian Walker.","R","R","R","MIN","HOU","X",5,"ground_ball",0,2,2026,"-0.34","0.35",-0.3490972352908675,1.4937647512225518,,663616,,0,4,"Bot",104.18,163.84,,,,,4.002590126028281,-126.55745972090604,-3.1624619915743506,-4.449547374680201,26.252540609200764,-27.944750175392066,3.284949147,1.657824803,19,"97.6",-4,"86.2",2378,"5.8",823705,543877,572233,669699,670623,665161,701305,694728,701358,"54.66",0.248,0.223,"0",1,0,0,2,27,4,"Slider",1,0,1,0,0,1,1,0,"Infield shade","Standard",276,"-0.023","-0.114","69.6","6.9",,0.275,"0.114","97.6",1,1,0.728,0.728,28,29,28,29,2,1,6,1,7,53,"2.66","0.34","0.34","26.9",3.6887010328671996,-5.511576051681382,42.75751399553479,29.3304131790956,29.905244599175454
"FF","2026-05-18","96","-1.87","4.95","Imai, Tatsuya",680777,837227,,"foul",,,,,11,,"R","R","R","MIN","HOU","S",,,0,2,2026,"-1.16","1.16",-0.22561248805138479,3.5422870080190183,,663616,,0,4,"Bot",,,,,,,6.974324162294034,-139.58131664285423,-0.5968743363956531,-16.77003391363646,34.0560327861615,-17.22793531564661,3.284949147,1.657824803,186,"70.3",55,"95.9",2278,"6.5",823705,543877,572233,669699,670623,665161,701305,694728,701358,"54.02",,,,,,,,27,3,"4-Seam Fastball",1,0,1,0,0,1,1,0,"Standard","Standard",234,"0","0","67.4","5.4",,,"0","88.0",1,1,0.728,0.728,28,29,28,29,2,1,6,1,7,53,"1.34","1.16","1.16","23.9",1.932548696502865,15.620221924904591,24.285326089000407,30.65980900309231,19.760744803963142
"SL","2026-05-18","86","-1.73","5.24","Imai, Tatsuya",680777,837227,,"swinging_strike",,,,,14,,"R","R","R","MIN","HOU","S",,,0,1,2026,"-0.22","0.06",0.02701550795274249,1.276750893407621,,663616,,0,4,"Bot",,,,,,,4.514519697977777,-124.9132514798931,-2.8017601288171714,-3.4342101875944535,32.37951033355072,-31.119118369315004,3.284949147,1.657824803,,,,"84",2262,"5.7",823705,543877,572233,669699,670623,665161,701305,694728,701358,"54.75",,,,,,,,27,2,"Slider",1,0,1,0,0,1,1,0,"Standard","Standard",306,"-0.009","-0.062","75.4","8.4","1.098688896",,"0.062",,1,1,0.737,0.737,28,29,28,29,2,1,6,1,7,53,"3.11","0.22","0.22","27.4",16.814004554632618,-9.232553187345458,36.9693175840336,35.3859153241348,34.347633193531045
"SL","2026-05-18","86.5","-1.74","5.19","Imai, Tatsuya",680777,837227,,"called_strike",,,,,13,,"R","R","R","MIN","HOU","S",,,0,0,2026,"-0.31","0.21",-0.5445797702140377,1.4178550846749713,,,663616,0,4,"Bot",,,,,,,3.4111862782230644,-125.83868691166201,-2.8225722189213585,-4.069243840390197,31.45768345426185,-29.57394033983551,3.284949147,1.657824803,,,,"84.7",2184,"5.6",823705,543877,572233,669699,670623,665161,701305,694728,701358,"54.87",,,,,,,,27,1,"Slider",1,0,1,0,0,1,1,0,"Standard","Standard",289,"-0.005","-0.041",,,,,"0.041",,1,1,0.718,0.718,28,29,28,29,2,1,6,1,7,53,"2.9","0.31","0.31","25.3",,,,,
"SL","2026-05-18","86.9","-1.66","5.32","Imai, Tatsuya",663616,837227,"single","hit_into_play",,,,,7,"Trevor Larnach singles on a ground ball to left fielder Zach Dezenzo.","R","L","R","MIN","HOU","X",7,"ground_ball",0,1,2026,"-0.24","0.02",-0.7613672262957019,1.8778447658897637,,,,0,4,"Bot",78.84,128.88,,,,,2.5961678581100363,-126.56690966324945,-1.9123667066950274,-3.1321454352359743,24.633862743699574,-31.809611906670348,3.323564633,1.677312992,7,"66.2",-17,"85.7",2447,"5.4",823705,543877,572233,669699,670623,665161,701305,694728,701358,"55.12",0.027,0.024,"0.9",1,1,0,2,26,2,"Slider",1,0,1,0,0,1,1,0,"Infield shade","Standard",257,"0.036","0.49","75.2","7.5",,0.027,"-0.49","88.0",1,1,0.682,0.682,28,29,28,29,2,1,6,1,7,1,"2.98","0.24","-0.24","29.4",-16.22803175104879,-32.09425189019028,37.11789163472796,43.008474250199015,42.231868644816544
"FF","2026-05-18","95.9","-1.66","5.15","Imai, Tatsuya",663616,837227,,"swinging_strike",,,,,11,,"R","L","R","MIN","HOU","S",,,0,0,2026,"-1.21","0.77",-0.9460047923301811,2.5520491098471227,,,,0,4,"Bot",,,,,,,4.596589963697767,-139.5541921543464,-2.7975594820298615,-16.82638646585385,34.14168952077558,-21.684415265906846,3.323564633,1.677312992,,,,"94.8",2103,"5.8",823705,543877,572233,669699,670623,665161,701305,694728,701358,"54.67",,,,,,,,26,1,"4-Seam Fastball",1,0,1,0,0,1,1,0,"Infield shade","Standard",233,"-0.003","-0.042","74.7","6.4","0.58352754",,"0.042",,1,1,0.685,0.685,28,29,28,29,2,1,6,1,7,1,"1.72","1.21","-1.21","26.1",-2.3119720643807056,5.995930050035063,24.652562668944924,44.98478129757618,23.403614871706214
"FF","2026-05-18","95.8","-1.67","4.9","Imai, Tatsuya",668885,837227,"grounded_into_double_play","hit_into_play",,,,,4,"Austin Martin grounds into a double play, third baseman Isaac Paredes to second baseman Braden Shewmake to first baseman Christian Walker. Tristan Gray out at 2nd. Austin Martin out at 1st.","R","R","R","MIN","HOU","X",5,"ground_ball",0,0,2026,"-1.31","1.03",-0.3529014689451584,2.382379358132063,,,656484,1,3,"Bot",106.71,167.9,,,,,6.475497222968939,-139.3633778692789,-3.204266341718654,-18.60310344040151,33.81704078887414,-18.224501205776015,3.12960958,1.579429134,5,"92.3",-25,"95.9",2293,"6.5",823705,543877,572233,669699,670623,665161,701305,694728,701358,"53.97",0.088,0.079,"0",1,0,0,2,22,1,"4-Seam Fastball",1,0,1,0,0,1,1,0,"Standard","Standard",241,"-0.048","-0.318","71.2","6.1",,0.098,"0.318","92.3",1,1,0.671,0.671,28,27,28,27,2,1,6,1,7,1,"1.47","1.31","1.31","22.9",7.46882315923264,5.614717780284841,36.47618352195263,31.651666916580822,26.59606017523687
"FF","2026-05-18","95.1","-1.67","5","Imai, Tatsuya",681546,837227,"field_out","hit_into_play",,,,,2,"James Outman flies out to left fielder Zach Dezenzo.","R","L","R","MIN","HOU","X",7,"fly_ball",1,2,2026,"-1.03","1.17",-0.09501742780776445,3.348580208085818,,,656484,0,3,"Bot",90.69,86.95,,,,,6.398818776065269,-138.27103743754228,-1.1219843176836732,-14.743958831591273,34.19112835661762,-17.287115152360187,3.292847769,1.661811024,292,"96.7",49,"94",2202,"5.9",823705,543877,572233,669699,670623,665161,701305,694728,701358,"54.56",0.003,0.004,"0",1,0,0,3,21,5,"4-Seam Fastball",1,0,1,0,0,1,1,0,"Infield shade","Standard",241,"-0.021","-0.181","72.5","7.1",,0.008,"0.181","96.7",1,1,0.692,0.692,28,29,28,29,1,0,6,1,7,1,"1.38","1.03","-1.03","23.1",13.041310936799766,4.042145001956199,30.747848610100387,37.09937310877307,26.807019845432848
"SL","2026-05-18","87.5","-1.75","5.14","Imai, Tatsuya",681546,837227,,"foul",,,,,8,,"R","L","R","MIN","HOU","S",,,1,2,2026,"-0.61","0.4",0.09542244637624187,1.6010254162908044,,,656484,0,3,"Bot",,,,,,,5.600778038122211,-127.24732728940363,-2.8972572455806658,-7.901635191150512,29.75314263259511,-27.41152882474375,3.292847769,1.661811024,122,"71.6",12,"85.9",2445,"5.6",823705,543877,572233,669699,670623,665161,701305,694728,701358,"54.9",,,,,,,,21,4,"Slider",1,0,1,0,0,1,1,0,"Infield shade","Standard",264,"0","0","65.8","8.7",,,"0","88.0",1,1,0.692,0.692,28,29,28,29,1,0,6,1,7,1,"2.61","0.61","-0.61","26.3",25.915800038080867,-23.810332963522047,38.02478019362796,35.0427823460746,43.448197273199256
"SL","2026-05-18","87.8","-1.71","5.07","Imai, Tatsuya",681546,837227,,"swinging_strike_blocked",,,,,14,,"R","L","R","MIN","HOU","S",,,1,1,2026,"-0.14","0.05",0.9868475199141097,0.5454870408896544,,,656484,0,3,"Bot",,,,,,,6.667435768918452,-127.62749099996736,-4.574279141408322,-3.0644922268560384,28.925650181502352,-30.80730691626691,3.292847769,1.661811024,,,,"86.4",2543,"5.7",823705,543877,572233,669699,670623,665161,701305,694728,701358,"54.8",,,,,,,,21,3,"Slider",1,0,1,0,0,1,1,0,"Standard","Standard",282,"-0.007","-0.055","65.8","8.9","14.20994412",,"0.055",,1,1,0.699,0.699,28,29,28,29,1,0,6,1,7,1,"2.94","0.14","-0.14","25.8",34.841067258156876,-41.809526643953824,38.1395580122568,27.383998789084472,55.650879425906915
"SL","2026-05-18","86.9","-1.66","5.06","Imai, Tatsuya",681546,837227,,"swinging_strike_blocked",,,,,13,,"R","L","R","MIN","HOU","S",,,1,0,2026,"-0.34","-0.24",-0.06825279005150409,0.5635237790543077,,,656484,0,3,"Bot",,,,,,,4.437364770256139,-126.52534363095528,-3.8571756340936085,-4.562952684516522,24.93056922930239,-34.14789580916919,3.292847769,1.661811024,,,,"86.3",2378,"5.8",823705,543877,572233,669699,670623,665161,701305,694728,701358,"54.71",,,,,,,,21,2,"Slider",1,0,1,0,0,1,1,0,"Standard","Standard",274,"-0.007","-0.055","72.3","9.1","11.939076156",,"0.055",,1,1,0.706,0.706,28,29,28,29,1,0,6,1,7,1,"3.24","0.34","-0.34","23.5",28.367698493029323,-37.02241091792669,35.29263802616198,38.29927588986552,53.80808045811211
"FF","2026-05-18","93.9","-1.8","4.97","Imai, Tatsuya",681546,837227,,"ball",,,,,14,,"R","L","R","MIN","HOU","B",,,0,0,2026,"-1.15","0.99",1.2721688400877176,1.4724993730919593,,,656484,0,3,"Bot",,,,,,,10.335235406499217,-136.25707469081124,-5.236798964461791,-16.718815246216266,32.0056971488917,-18.871676287410118,3.292847769,1.661811024,,,,"92.8",2097,"5.9",823705,543877,572233,669699,670623,665161,701305,694728,701358,"54.56",,,,,,,,21,1,"4-Seam Fastball",1,0,1,0,0,1,1,0,"Standard","Standard",240,"0.005","0.038",,,,,"-0.038",,1,1,0.701,0.701,28,29,28,29,1,0,6,1,7,1,"1.63","1.15","-1.15","23.9",,,,,
"FF","2026-05-18","94.8","-1.51","5.09","Imai, Tatsuya",656484,837227,"single","hit_into_play",,,,,12,"Tristan Gray singles on a line drive to right fielder Cam Smith.","R","L","R","MIN","HOU","X",9,"line_drive",1,0,2026,"-1.05","0.91",0.9861196030439212,2.490811214655503,,,,0,3,"Bot",167.07,143.57,,,,,8.776354542385274,-137.71170900090777,-2.951749159257737,-15.349909745419179,32.88178608879979,-20.11127475838356,3.259498032,1.644980315,174,"98",9,"94",2068,"6.1",823705,543877,572233,669699,670623,665161,701305,694728,701358,"54.42",0.64,0.59,"0.9",1,1,0,4,20,2,"4-Seam Fastball",1,0,1,0,0,1,1,0,"Standard","Standard",232,"0.029","0.405","70.3","6.3",,0.703,"-0.405","98.0",1,1,0.672,0.672,28,30,28,30,1,0,6,2,7,1,"1.65","1.05","-1.05","25.2",-8.399099854424506,-4.278997829810106,34.168008468372996,25.872651765920658,27.762706333469094
"FF","2026-05-18","95.6","-1.65","5.07","Imai, Tatsuya",656484,837227,,"ball",,,,,13,,"R","L","R","MIN","HOU","B",,,0,0,2026,"-1.09","0.92",-1.6808553577693472,2.4180770493695976,,,,0,3,"Bot",,,,,,,2.4175121738510144,-139.14550571906744,-3.2428613267256976,-14.727360309507201,33.080533099002785,-19.741803806631175,3.259498032,1.644980315,,,,"94.6",2021,"5.8",823705,543877,572233,669699,670623,665161,701305,694728,701358,"54.66",,,,,,,,20,1,"4-Seam Fastball",1,0,1,0,0,1,1,0,"Standard","Standard",236,"0.003","0.043",,,,,"-0.043",,1,1,0.669,0.669,28,30,28,30,1,0,6,2,7,1,"1.59","1.09","-1.09","23.2",,,,,
"SL","2026-05-18","88","-1.7","5.19","Imai, Tatsuya",686797,837227,"field_out","hit_into_play",,,,,5,"Brooks Lee grounds out to first baseman Christian Walker.","R","L","R","MIN","HOU","X",3,"ground_ball",2,2,2026,"-0.08","0.02",-0.06508027318388201,2.1757445260241717,,,,2,2,"Bot",156.37,167.9,,,,,4.056877008118567,-128.0208229751255,-0.9467652966143066,-1.8846425144936358,30.827041870057318,-31.967288921079806,3.208595801,1.619291339,34,"90.9",-2,"86.8",2382,"5.9",823705,543877,572233,669699,670623,665161,701305,694728,701358,"54.61",0.24,0.22,"0",1,0,0,2,16,5,"Slider",1,0,1,0,0,1,1,0,"Infield shade","Standard",294,"-0.008","-0.219","71.5","7.1",,0.265,"0.219","90.9",1,1,0.62,0.62,28,25,28,25,1,0,6,1,7,1,"2.96","0.08","-0.08","29.0",12.746129139318601,-11.082313937159226,29.177629199157366,39.031382920045694,34.957868178771896
"SL","2026-05-18","86.6","-1.7","5.12","Imai, Tatsuya",686797,837227,,"swinging_strike",,,,,14,,"R","L","R","MIN","HOU","S",,,2,1,2026,"0.15","-0.23",0.7253519573190486,0.3676140366114562,,,,2,2,"Bot",,,,,,,5.373695174137398,-125.95100353505438,-4.365499428546209,0.4512920336033295,25.959309385520122,-33.966233757612905,3.208595801,1.619291339,,,,"85.9",2399,"5.9",823705,543877,572233,669699,670623,665161,701305,694728,701358,"54.62",,,,,,,,16,4,"Slider",1,0,1,0,0,1,1,0,"Infield shade","Standard",293,"-0.002","-0.079","72.6","8.0","8.656987548",,"0.079",,1,1,0.622,0.622,28,25,28,25,1,0,6,1,7,1,"3.28","-0.15","0.15","23.9",24.24029424051188,-35.20810159463293,38.836341568718325,28.64616409453867,46.6726552464733
"FF","2026-05-18","95.2","-1.69","4.89","Imai, Tatsuya",686797,837227,,"swinging_strike",,,,,14,,"R","L","R","MIN","HOU","S",,,2,0,2026,"-1.21","0.62",0.7982315106082292,1.3642859459264691,,,,2,2,"Bot",,,,,,,9.270752947733344,-138.32836505002345,-4.820447278490764,-17.620029467069692,31.876280496141156,-23.247814006488213,3.208595801,1.619291339,,,,"95.7",1961,"6.7",823705,543877,572233,669699,670623,665161,701305,694728,701358,"53.79",,,,,,,,16,3,"4-Seam Fastball",1,0,1,0,0,1,1,0,"Infield shade","Standard",236,"-0.002","-0.061","70.4","6.7","3.019922688",,"0.061",,1,1,0.624,0.624,28,25,28,25,1,0,6,1,7,1,"1.91","1.21","-1.21","24.1",8.059220120449902,-9.503493205831965,36.914141597339366,26.128822862295475,26.76998093091209
"FF","2026-05-18","96.6","-1.69","4.89","Imai, Tatsuya",686797,837227,,"ball",,,,,14,,"R","L","R","MIN","HOU","B",,,1,0,2026,"-1.03","1.07",0.901228536989763,1.3569419118849793,,,,2,2,"Bot",,,,,,,9.183819878661554,-140.31700792588543,-6.095172685758028,-15.717190970046154,32.69988187899545,-16.74429231642375,3.208595801,1.619291339,,,,"96.5",2250,"6.4",823705,543877,572233,669699,670623,665161,701305,694728,701358,"54.12",,,,,,,,16,2,"4-Seam Fastball",1,0,1,0,0,1,1,0,"Standard","Standard",230,"0.002","0.064",,,,,"-0.064",,1,1,0.622,0.622,28,25,28,25,1,0,6,1,7,1,"1.38","1.03","-1.03","22.8",,,,,
"CH","2026-05-18","89.1","-1.56","5.1","Imai, Tatsuya",686797,837227,,"ball",,,,,13,,"R","L","R","MIN","HOU","B",,,0,0,2026,"-1.24","0.79",-0.4894147218932916,0.6501824234162759,,,,2,2,"Bot",,,,,,,5.2419092766509445,-129.5526591115318,-6.259578038243432,-15.05955683825551,29.523786281865753,-22.130168006464267,3.208595801,1.619291339,,,,"88.6",1954,"6.2",823705,543877,572233,669699,670623,665161,701305,694728,701358,"54.3",,,,,,,,16,1,"Changeup",1,0,1,0,0,1,1,0,"Standard","Standard",259,"0.001","0.038",,,,,"-0.038",,1,1,0.621,0.621,28,25,28,25,1,0,6,1,7,1,"2.11","1.24","-1.24","25.2",,,,,
"SL","2026-05-18","88.1","-1.6","5.09","Imai, Tatsuya",807712,837227,"strikeout","swinging_strike",,,,,14,"Luke Keaschall strikes out swinging.","R","R","R","MIN","HOU","S",2,,0,2,2026,"-0.12","-0.1",0.40680969643333253,0.8733306730656771,,,,1,2,"Bot",,,,,,,5.034495496638924,-128.2274455642933,-3.645536466851478,-2.4647656203200836,28.09236178714318,-32.63750338178093,3.213861549,1.621948819,,,,"87.4",2363,"6",823705,543877,572233,669699,670623,665161,701305,694728,701358,"54.5",,0,"0",1,0,0,,15,3,"Slider",1,0,1,0,0,1,1,0,"Standard","Standard",265,"-0.009","-0.164","65.0","7.0","3.069317388",,"0.164",,1,1,0.63,0.63,28,23,28,24,1,0,6,1,7,1,"3.04","0.12","0.12","27.5",7.357800841903026,-6.797622448377248,40.3328023293193,41.73712007165318,32.03613391517152
"FF","2026-05-18","97","-1.52","4.92","Imai, Tatsuya",807712,837227,,"called_strike",,,,,6,,"R","R","R","MIN","HOU","S",,,0,1,2026,"-1.12","0.83",0.30452278346106576,2.6368115693948857,,,,1,2,"Bot",,,,,,,7.4141144989339125,-141.08695245167075,-2.2932525933178143,-16.65664938201386,33.073355396327365,-20.820031561210996,3.213861549,1.621948819,,,,"96.7",2076,"6.2",823705,543877,572233,669699,670623,665161,701305,694728,701358,"54.26",,,,,,,,15,2,"4-Seam Fastball",1,0,1,0,0,1,1,0,"Standard","Standard",233,"-0.004","-0.057",,,,,"0.057",,1,1,0.634,0.634,28,23,28,24,1,0,6,1,7,1,"1.6","1.12","1.12","25.0",,,,,
"FF","2026-05-18","96.1","-1.54","4.97","Imai, Tatsuya",807712,837227,,"called_strike",,,,,3,,"R","R","R","MIN","HOU","S",,,0,0,2026,"-0.98","0.95",0.3423805111274051,2.9032641521829325,,,,1,2,"Bot",,,,,,,7.113698417811961,-139.74405271895117,-1.8605612164716723,-14.466773970118856,33.17921286042588,-19.51771653522893,3.213861549,1.621948819,,,,"95.2",2127,"5.9",823705,543877,572233,669699,670623,665161,701305,694728,701358,"54.57",,,,,,,,15,1,"4-Seam Fastball",1,0,1,0,0,1,1,0,"Standard","Standard",242,"-0.002","-0.041",,,,,"0.041",,1,1,0.636,0.636,28,23,28,24,1,0,6,1,7,1,"1.53","0.98","0.98","24.5",,,,,
"CH","2026-05-18","87.8","-1.54","5.06","Imai, Tatsuya",605137,837227,"home_run","hit_into_play",,,,,1,"Josh Bell homers (4) on a fly ball to center field.","R","L","R","MIN","HOU","X",,"fly_ball",1,1,2026,"-1.18","0.86",-0.49255492032976544,3.102544472831261,,,,1,2,"Bot",134.59,25.72,,,,,4.958223106318231,-127.7456887476903,-0.21823217386442928,-13.897852354187958,27.769352523074158,-22.980267680330904,3.334973753,1.683070866,429,"112.3",21,"87.3",1788,"6.1",823705,543877,572233,669699,670623,665161,701305,694728,701358,"54.38",0.954,1.749,"2",1,0,3,6,14,3,"Changeup",0,0,0,0,0,1,1,0,"Infield shade","Standard",258,"0.109","1.592","76.2","7.4",,3.315,"-1.592","112.3",0,0,0.527,0.527,28,33,28,34,1,0,6,2,7,1,"2.11","1.18","-1.18","24.4",9.49583746937484,6.090229479384115,31.418485267480463,42.4836071462054,28.532292254754715
"FF","2026-05-18","97.1","-1.58","5.01","Imai, Tatsuya",605137,837227,,"ball",,,,,11,,"R","L","R","MIN","HOU","B",,,0,1,2026,"-0.96","0.84",-1.511402119971718,3.6674882741428543,,,,1,2,"Bot",,,,,,,2.394040617528632,-141.33069795775117,0.1470537455551053,-13.387311492433419,34.15014898870402,-21.205752656039426,3.334973753,1.683070866,,,,"96.4",2059,"6",823705,543877,572233,669699,670623,665161,701305,694728,701358,"54.49",,,,,,,,14,2,"4-Seam Fastball",0,0,0,0,0,0,0,0,"Infield shade","Standard",227,"0.002","0.032",,,,,"-0.032",,0,0,0.525,0.525,28,33,28,34,1,0,6,2,7,1,"1.59","0.96","-0.96","25.3",,,,,
"FF","2026-05-18","95.8","-1.64","5.03","Imai, Tatsuya",605137,837227,,"called_strike",,,,,4,,"R","L","R","MIN","HOU","S",,,0,0,2026,"-1.14","0.95",-0.4341878140796003,2.432147226901747,,,,1,2,"Bot",,,,,,,5.705218411818526,-139.33547626639825,-3.193469482902591,-16.126379180700447,33.348464902880664,-19.293481576456912,3.334973753,1.683070866,,,,"94.7",2148,"5.8",823705,543877,572233,669699,670623,665161,701305,694728,701358,"54.67",,,,,,,,14,1,"4-Seam Fastball",0,0,0,0,0,0,0,0,"Infield shade","Standard",237,"-0.003","-0.041",,,,,"0.041",,0,0,0.528,0.528,28,33,28,34,1,0,6,2,7,1,"1.55","1.14","-1.14","24.8",,,,,
"SL","2026-05-18","87.6","-1.77","5.2","Imai, Tatsuya",665019,837227,"strikeout","swinging_strike",,,,,13,"Kody Clemens strikes out swinging.","R","L","R","MIN","HOU","S",2,,2,2,2026,"-0.55","0.47",-1.0858040872240686,2.324805345365001,,,,0,2,"Bot",,,,,,,2.781329931549894,-127.39648312645903,-1.4847352200387436,-6.612695302098138,30.443378927155422,-27.031300996870485,3.211228675,1.620620079,,,,"86.4",2345,"6",823705,543877,572233,669699,670623,665161,701305,694728,701358,"54.55",,0,"0",1,0,0,,13,7,"Slider",0,0,0,0,0,0,0,0,"Infield shade","Standard",278,"-0.02","-0.232","76.0","7.9","1.868961048",,"0.232",,0,0,0.548,0.548,28,30,28,30,1,0,6,1,7,1,"2.55","0.55","-0.55","27.5",21.792795534648754,-18.533776984660157,25.473495827086712,46.29117368174703,45.93340590646406
"SL","2026-05-18","87.4","-1.71","5.12","Imai, Tatsuya",665019,837227,,"foul",,,,,13,,"R","L","R","MIN","HOU","S",,,2,2,2026,"-0.07","0.15",-0.8501578699152907,1.7930777220205876,,,,0,2,"Bot",,,,,,,2.1721106249739663,-127.20537611715697,-1.8847151446575352,-1.2648667158840208,30.38005378513881,-30.31553412004766,3.211228675,1.620620079,167,"65.5",58,"86.3",2372,"6",823705,543877,572233,669699,670623,665161,701305,694728,701358,"54.54",,,,,,,,13,6,"Slider",0,0,0,0,0,0,0,0,"Infield shade","Standard",251,"0","0","71.3","7.2",,,"0","88.0",0,0,0.548,0.548,28,30,28,30,1,0,6,1,7,1,"2.87","0.07","-0.07","26.4",4.048205134338862,2.851909482311005,31.841220959228288,44.8798625043715,33.49063180890559
"FF","2026-05-18","97","-1.77","5.04","Imai, Tatsuya",665019,837227,,"ball",,,,,11,,"R","L","R","MIN","HOU","B",,,1,2,2026,"-1.04","0.93",-1.8180101639988522,4.554170149567739,,,,0,2,"Bot",,,,,,,2.299914989826113,-141.25382949404403,2.158566634115232,-14.527280556810048,31.255424546946998,-20.43191468851026,3.211228675,1.620620079,,,,"96.9",1986,"6.1",823705,543877,572233,669699,670623,665161,701305,694728,701358,"54.4",,,,,,,,13,5,"4-Seam Fastball",0,0,0,0,0,0,0,0,"Infield shade","Standard",231,"0.004","0.047",,,,,"-0.047",,0,0,0.544,0.544,28,30,28,30,1,0,6,1,7,1,"1.49","1.04","-1.04","25.6",,,,,
"CH","2026-05-18","87.9","-1.61","5.3","Imai, Tatsuya",665019,837227,,"ball",,,,,11,,"R","L","R","MIN","HOU","B",,,0,2,2026,"-1.05","0.37",-1.8728895656842919,2.6053636187836817,,,,0,2,"Bot",,,,,,,1.5681610839569722,-128.03514334964194,-1.026309218797108,-11.901527444378692,26.588013452465074,-28.08706694436447,3.211228675,1.620620079,,,,"87.2",2142,"5.8",823705,543877,572233,669699,670623,665161,701305,694728,701358,"54.7",,,,,,,,13,4,"Changeup",0,0,0,0,0,0,0,0,"Infield shade","Standard",259,"0.002","0.021",,,,,"-0.021",,0,0,0.542,0.542,28,30,28,30,1,0,6,1,7,1,"2.57","1.05","-1.05","28.2",,,,,
"FF","2026-05-18","97.6","-1.54","5.07","Imai, Tatsuya",665019,837227,,"foul",,,,,1,,"R","L","R","MIN","HOU","S",,,0,2,2026,"-0.82","1.08",-0.7020929177398691,2.97068817804962,,,,0,2,"Bot",,,,,,,4.140728837675899,-142.1558051226422,-2.5222318674797486,-12.014444587036037,31.8583538225235,-17.10765645980828,3.211228675,1.620620079,277,"81.8",34,"97.6",2175,"6.2",823705,543877,572233,669699,670623,665161,701305,694728,701358,"54.32",,,,,,,,13,3,"4-Seam Fastball",0,0,0,0,0,0,0,0,"Infield shade","Standard",232,"0","0","64.8","5.8",,,"0","88.0",0,0,0.542,0.542,28,30,28,30,1,0,6,1,7,1,"1.3","0.82","-0.82","26.9",-12.10739975687035,35.548021174083665,24.70724064751752,41.91438169073095,13.479239132506667
"FF","2026-05-18","96.3","-1.64","5.18","Imai, Tatsuya",665019,837227,,"swinging_strike",,,,,1,,"R","L","R","MIN","HOU","S",,,0,1,2026,"-0.83","1.08",-0.7620097553610595,2.8495483713800533,,,,0,2,"Bot",,,,,,,4.1937265948936595,-140.2331447923039,-2.92197002090332,-11.93593336019057,31.289370123880342,-17.398879184080453,3.211228675,1.620620079,,,,"95.7",2232,"5.9",823705,543877,572233,669699,670623,665161,701305,694728,701358,"54.62",,,,,,,,13,2,"4-Seam Fastball",0,0,0,0,0,0,0,0,"Standard","Standard",231,"-0.006","-0.054","69.3","6.1","0.37010364",,"0.054",,0,0,0.548,0.548,28,30,28,30,1,0,6,1,7,1,"1.37","0.83","-0.83","27.4",-2.9945715313701347,31.566892584435738,24.307139856972825,44.30997406630874,12.284344398714662
"FF","2026-05-18","95.7","-1.55","5.13","Imai, Tatsuya",665019,837227,,"called_strike",,,,,9,,"R","L","R","MIN","HOU","S",,,0,0,2026,"-0.9","0.9",0.7631407510602024,2.0628528023061117,,,,0,2,"Bot",,,,,,,8.0119019726599,-139.15602390276263,-4.322978336393022,-13.417567503089822,30.498213871361642,-19.63098731217627,3.211228675,1.620620079,,,,"95.1",2092,"5.9",823705,543877,572233,669699,670623,665161,701305,694728,701358,"54.55",,,,,,,,13,1,"4-Seam Fastball",0,0,0,0,0,0,0,0,"Standard","Standard",233,"-0.003","-0.042",,,,,"0.042",,0,0,0.551,0.551,28,30,28,30,1,0,6,1,7,1,"1.58","0.9","-0.9","24.3",,,,,
"FF","2026-05-18","96.2","-1.64","4.9","Imai, Tatsuya",680777,837227,"field_out","hit_into_play",,,,,6,"Ryan Jeffers grounds out, second baseman Braden Shewmake to first baseman Christian Walker.","R","R","R","MIN","HOU","X",4,"ground_ball",3,2,2026,"-0.96","0.84",0.7632097957842345,2.7585456720032573,,,,2,1,"Bot",139.65,151.18,,,,,8.497858236365994,-139.81706738522436,-1.8066907455317387,-14.559185853635295,33.23940531489545,-21.042259964422374,3.284949147,1.657824803,3,"88.1",-39,"95.8",2191,"6.2",823705,543877,572233,669699,670623,665161,701305,694728,701358,"54.25",0.047,0.042,"0",1,0,0,2,8,6,"4-Seam Fastball",0,0,0,0,0,0,0,0,"Standard","Standard",235,"-0.012","-0.302","68.3","5.7",,0.047,"0.302","88.1",0,0,0.512,0.512,28,29,28,29,1,0,6,1,7,53,"1.64","0.96","0.96","25.1",0.45760294615240676,27.378419848858048,26.78847929560266,41.992180036972734,16.606990820626393
"FF","2026-05-18","96.3","-1.64","5.06","Imai, Tatsuya",680777,837227,,"ball",,,,,12,,"R","R","R","MIN","HOU","B",,,2,2,2026,"-1.09","1.06",0.5708613769591349,3.997310971114034,,,,2,1,"Bot",,,,,,,8.283708823917902,-140.00208470224018,0.4819890804757615,-16.26629622386868,33.96414119749373,-18.60223082811222,3.284949147,1.657824803,,,,"95.7",2128,"6.2",823705,543877,572233,669699,670623,665161,701305,694728,701358,"54.34",,,,,,,,8,5,"4-Seam Fastball",0,0,0,0,0,0,0,0,"Standard","Standard",232,"0.004","0.083",,,,,"-0.083",,0,0,0.508,0.508,28,29,28,29,1,0,6,1,7,53,"1.41","1.09","1.09","27.4",,,,,
"FF","2026-05-18","95.9","-1.66","4.87","Imai, Tatsuya",680777,837227,,"foul",,,,,3,,"R","R","R","MIN","HOU","S",,,2,1,2026,"-0.93","1.15",0.7311987163497408,2.795381952467852,,,,2,1,"Bot",,,,,,,8.31754537418325,-139.24771798456536,-2.2569528034598414,-14.120931873815318,35.87724338651972,-16.99681498836077,3.284949147,1.657824803,279,"89.3",43,"94.7",2148,"6",823705,543877,572233,669699,670623,665161,701305,694728,701358,"54.47",,,,,,,,8,4,"4-Seam Fastball",0,0,0,0,0,0,0,0,"Standard","Standard",242,"-0.003","-0.079","73.0","6.3",,,"0.079","89.3",0,0,0.511,0.511,28,29,28,29,1,0,6,1,7,53,"1.37","0.93","0.93","27.7",1.3631343746481308,26.07054792147105,26.504869852350442,43.36420687254527,17.298534030693098
"SL","2026-05-18","88","-1.71","5.28","Imai, Tatsuya",680777,837227,,"ball",,,,,13,,"R","R","R","MIN","HOU","B",,,1,1,2026,"-0.1","0.16",-0.368066899575023,1.2612791676112671,,,,2,1,"Bot",,,,,,,3.3803032511617888,-127.86279387141646,-3.4277258636023316,-2.006215793071379,36.801969559107654,-29.832286566477602,3.284949147,1.657824803,,,,"85.6",2449,"5.7",823705,543877,572233,669699,670623,665161,701305,694728,701358,"54.76",,,,,,,,8,3,"Slider",0,0,0,0,0,0,0,0,"Standard","Standard",302,"0.002","0.054",,,,,"-0.054",,0,0,0.509,0.509,28,29,28,29,1,0,6,1,7,53,"2.9","0.1","0.1","30.4",,,,,
"FF","2026-05-18","95.9","-1.67","5","Imai, Tatsuya",680777,837227,,"called_strike",,,,,2,,"R","R","R","MIN","HOU","S",,,1,0,2026,"-1.18","0.88",-0.0023118157954571394,3.350009795106531,,,,2,1,"Bot",,,,,,,7.01967915685857,-139.46183986482748,-0.5672255689514387,-17.001268335843488,34.57560468312275,-20.83501052432633,3.284949147,1.657824803,,,,"94.9",2094,"6",823705,543877,572233,669699,670623,665161,701305,694728,701358,"54.55",,,,,,,,8,2,"4-Seam Fastball",0,0,0,0,0,0,0,0,"Standard","Standard",240,"-0.002","-0.052",,,,,"0.052",,0,0,0.511,0.511,28,29,28,29,1,0,6,1,7,53,"1.62","1.18","1.18","26.3",,,,,
"FF","2026-05-18","96.5","-1.57","5.16","Imai, Tatsuya",680777,837227,,"ball",,,,,11,,"R","R","R","MIN","HOU","B",,,0,0,2026,"-0.93","1.01",-1.0621716444164164,5.089366598079425,,,,2,1,"Bot",,,,,,,3.4758999523953142,-140.4316180801072,3.150920529864072,-13.084438318370943,34.726437113763986,-19.86538037524776,3.284949147,1.657824803,,,,"95.7",2089,"6.1",823705,543877,572233,669699,670623,665161,701305,694728,701358,"54.45",,,,,,,,8,1,"4-Seam Fastball",0,0,0,0,0,0,0,0,"Standard","Standard",226,"0.001","0.038",,,,,"-0.038",,0,0,0.51,0.51,28,29,28,29,1,0,6,1,7,53,"1.45","0.93","0.93","27.8",,,,,
"SL","2026-05-18","88.2","-1.66","5.38","Imai, Tatsuya",663616,837227,"strikeout","swinging_strike_blocked",,,,,13,"Trevor Larnach strikes out swinging.","R","L","R","MIN","HOU","S",2,,1,2,2026,"-0.25","0.19",-0.10436104986082495,0.47558742385898434,,,,1,1,"Bot",,,,,,,4.217409401697517,-128.17877852532482,-5.745107006965467,-3.832965195100955,34.00133042615045,-28.857616440230053,3.323564633,1.677312992,,,,"86.4",2495,"5.8",823705,543877,572233,669699,670623,665161,701305,694728,701358,"54.66",,0,"0",1,0,0,,7,4,"Slider",0,0,0,0,0,0,0,0,"Infield shade","Standard",272,"-0.011","-0.181","25.2","6.7","3.33443466",,"0.181",,0,0,0.521,0.521,28,29,28,29,1,0,6,1,7,1,"2.82","0.25","-0.25","31.7",0.018339339603466398,15.166844592890977,47.02622471497193,33.98562146761597,17.66860242068509
"CH","2026-05-18","88.1","-1.67","5.2","Imai, Tatsuya",663616,837227,,"swinging_strike",,,,,8,,"R","L","R","MIN","HOU","S",,,1,1,2026,"-1.25","0.89",-0.27580847595469193,1.5973902819541108,,,,1,1,"Bot",,,,,,,5.956769920759137,-128.13350284564459,-4.293421077613526,-15.031459908226969,26.41738233400153,-21.697479663876386,3.323564633,1.677312992,,,,"87.6",1948,"6",823705,543877,572233,669699,670623,665161,701305,694728,701358,"54.52",,,,,,,,7,3,"Changeup",0,0,0,0,0,0,0,0,"Infield shade","Standard",249,"-0.004","-0.072","75.9","8.3","4.076284104",,"0.072",,0,0,0.525,0.525,28,29,28,29,1,0,6,1,7,1,"2.05","1.25","-1.25","28.8",18.64768728392023,-37.90242476609843,34.45756893937962,36.13664723479201,53.0862119205797
"FF","2026-05-18","96","-1.88","5.06","Imai, Tatsuya",663616,837227,,"called_strike",,,,,6,,"R","L","R","MIN","HOU","S",,,1,0,2026,"-1.28","1.02",0.3388666032731895,2.378529075159916,,,,1,1,"Bot",,,,,,,8.67010115254774,-139.43583634677594,-3.6116740636816633,-18.656488649218954,32.70778876951508,-18.223784320671683,3.323564633,1.677312992,,,,"95.2",2142,"6",823705,543877,572233,669699,670623,665161,701305,694728,701358,"54.46",,,,,,,,7,2,"4-Seam Fastball",0,0,0,0,0,0,0,0,"Infield shade","Standard",233,"-0.004","-0.05",,,,,"0.05",,0,0,0.529,0.529,28,29,28,29,1,0,6,1,7,1,"1.47","1.28","-1.28","25.4",,,,,
"FF","2026-05-18","95.9","-1.89","5.14","Imai, Tatsuya",663616,837227,,"ball",,,,,11,,"R","L","R","MIN","HOU","B",,,0,0,2026,"-1.28","1.12",-0.7717901890734149,3.8034369044194314,,,,1,1,"Bot",,,,,,,5.821121786931,-139.51570805361587,-0.32212891892770307,-18.086168399990576,34.22399396715433,-17.788918262288508,3.323564633,1.677312992,,,,"94.8",2145,"5.9",823705,543877,572233,669699,670623,665161,701305,694728,701358,"54.64",,,,,,,,7,1,"4-Seam Fastball",0,0,0,0,0,0,0,0,"Infield shade","Standard",232,"0.003","0.041",,,,,"-0.041",,0,0,0.526,0.526,28,29,28,29,1,0,6,1,7,1,"1.38","1.28","-1.28","25.8",,,,,
"FF","2026-05-18","94.1","-1.83","5.15","Imai, Tatsuya",668885,837227,"field_out","hit_into_play",,,,,11,"Austin Martin flies out to right fielder Cam Smith.","R","R","R","MIN","HOU","X",9,"fly_ball",1,0,2026,"-1.15","0.95",-0.002135377818861528,3.3095016403528277,,,,0,1,"Bot",181.46,116.1,,,,,7.195209157055081,-136.81870858150307,-1.0053214514093123,-16.0587555007309,32.111649854807965,-20.30423322019449,3.12960958,1.579429134,249,"76.9",33,"92.9",2161,"5.8",823705,543877,572233,669699,670623,665161,701305,694728,701358,"54.71",0.146,0.158,"0",1,0,0,3,6,2,"4-Seam Fastball",0,0,0,0,0,0,0,0,"Standard","Standard",233,"-0.025","-0.304","64.8","5.5",,0.217,"0.304","88.0",0,0,0.551,0.551,28,27,28,27,1,0,6,1,7,1,"1.64","1.15","1.15","25.7",5.360450441494465,17.981446011663227,31.115839666068283,36.42720479574011,23.54423050782237
"FF","2026-05-18","92.5","-1.85","5.22","Imai, Tatsuya",668885,837227,,"ball",,,,,11,,"R","R","R","MIN","HOU","B",,,0,0,2026,"-1.14","1.03",-0.8145194804164453,4.427793146549343,,,,0,1,"Bot",,,,,,,5.069295607702403,-134.52883833310577,1.667272918617841,-14.894622459240816,31.402316505524695,-20.396286031399384,3.12960958,1.579429134,,,,"91.4",2116,"5.9",823705,543877,572233,669699,670623,665161,701305,694728,701358,"54.65",,,,,,,,6,1,"4-Seam Fastball",0,0,0,0,0,0,0,0,"Standard","Standard",232,"0.003","0.043",,,,,"-0.043",,0,0,0.548,0.548,28,27,28,27,1,0,6,1,7,1,"1.66","1.14","1.14","26.6",,,,,
"SI","2026-05-12","94.9","-2.07","4.9","Imai, Tatsuya",647304,837227,"field_out","hit_into_play",,,,,1,"Josh Naylor grounds out, shortstop Braden Shewmake to first baseman Christian Walker.","R","L","R","HOU","SEA","X",6,"ground_ball",1,0,2026,"-1.52","0.26",-0.2823325755497601,2.8536663695569864,,677594,,2,4,"Top",125.65,144.99,,,,,8.028866848778117,-137.9365569381761,-0.08567338312307993,-21.242368827370424,32.01970675215103,-29.111170416043404,3.110301837,1.569685039,8,"100.8",-19,"94.1",1902,"6",824197,543877,572233,514888,670623,669699,701305,694728,701358,"54.52",0.149,0.143,"0",1,0,0,2,36,2,"Sinker",2,6,6,2,6,2,6,2,"Infield shade","Standard",246,"0.015","-0.304","69.4","6.5",,0.149,"0.304","100.8",-4,4,0.129,0.871,28,29,28,29,3,2,32,1,6,1,"2.29","1.52","-1.52","16.2",-5.585163719024359,11.453111738451524,25.77604258170893,36.964714834862995,17.72919272039112
"SI","2026-05-12","94.3","-2.07","4.89","Imai, Tatsuya",647304,837227,,"ball",,,,,11,,"R","L","R","HOU","SEA","B",,,0,0,2026,"-1.19","1.36",-0.44683401468491457,4.472565774082783,,,677594,2,4,"Top",,,,,,,6.815534156362147,-137.03517136336504,1.717136178527995,-16.516228419748376,33.326131912899626,-15.893058463671485,3.110301837,1.569685039,,,,"93.3",2010,"6",824197,543877,572233,514888,670623,669699,701305,694728,701358,"54.5",,,,,,,,36,1,"Sinker",2,6,6,2,6,2,6,2,"Infield shade","Standard",240,"-0.005","0.038",,,,,"-0.038",,-4,4,0.134,0.866,28,29,28,29,3,2,32,1,6,1,"1.24","1.19","-1.19","15.4",,,,,
"SI","2026-05-12","94","-2.01","4.92","Imai, Tatsuya",677594,837227,"force_out","hit_into_play",,,,,7,"Julio Rodríguez grounds into a force out, third baseman Isaac Paredes to second baseman Jose Altuve. Brendan Donovan out at 2nd. Julio Rodríguez to 1st.","R","R","R","HOU","SEA","X",5,"ground_ball",0,1,2026,"-1.54","0.2",-0.7520274575194399,1.743904146603017,,,680977,1,4,"Top",112.97,174.39,,,,,6.644460998207428,-136.65722326336234,-2.6614785962897525,-20.793268903786117,33.89581906231929,-29.263725248474067,3.377977362,1.704773622,3,"84.5",-33,"92.9",1816,"6",824197,543877,572233,514888,670623,669699,701305,694728,701358,"54.52",0.056,0.05,"0",1,0,0,2,35,2,"Sinker",2,6,6,2,6,2,6,2,"Standard","Standard",249,"0.009","-0.278","78.7","7.3",,0.062,"0.278","88.0",-4,4,0.125,0.875,28,25,28,26,3,2,32,1,6,1,"2.41","1.54","1.54","17.5",-5.160396999288611,6.862273839428504,38.65557913122802,31.414430521044853,26.380664535987705
"SI","2026-05-12","94.1","-1.96","4.95","Imai, Tatsuya",677594,837227,,"foul",,,,,9,,"R","R","R","HOU","SEA","S",,,0,0,2026,"-1.62","0.44",0.3886722550055599,1.9018427855913136,,,680977,1,4,"Top",,,,,,,9.621919385365578,-136.65131501958285,-2.9446032947373904,-22.45006728701551,31.110977400755495,-26.15680679418249,3.377977362,1.704773622,196,"79.1",58,"93.5",2079,"6.1",824197,543877,572233,514888,670623,669699,701305,694728,701358,"54.36",,,,,,,,35,1,"Sinker",2,6,6,2,6,2,6,2,"Standard","Standard",240,"0.002","-0.04","78.1","8.0",,,"0.04","88.0",-4,4,0.123,0.877,28,25,28,26,3,2,32,1,6,1,"2.15","1.62","1.62","18.7",1.9584914627984833,4.990192130117352,30.3206264988331,43.802346680791615,25.75238939127016
"SI","2026-05-12","94","-2.13","5.09","Imai, Tatsuya",680977,837227,"walk","ball",,,,,11,"Brendan Donovan walks.","R","L","R","HOU","SEA","B",,,3,1,2026,"-1.42","0.37",-1.1079600804067204,3.5922461531165757,,,,1,4,"Top",,,,,,,5.750337535292423,-136.81972785223866,1.15234763874826,-19.072974305473505,31.360976008729903,-28.006436780190782,3.159448819,1.594488189,,,,"93.2",1945,"5.9",824197,543877,572233,514888,670623,669699,701305,694728,701358,"54.62",,0.697886,"0.7",1,0,0,,34,5,"Sinker",2,6,6,2,6,2,6,2,"Infield shade","Standard",239,"-0.006","0.241",,,,,"-0.241",,-4,4,0.129,0.871,28,29,28,29,3,2,32,1,6,1,"2.21","1.42","-1.42","15.5",,,,,
"SL","2026-05-12","86.8","-2.04","5.27","Imai, Tatsuya",680977,837227,,"ball",,,,,11,,"R","L","R","HOU","SEA","B",,,2,1,2026,"-0.2","-0.21",-1.1506387790409764,2.663311699961912,,,,1,4,"Top",,,,,,,2.481618998981474,-126.3578711333482,0.6160622971605538,-2.6732838608403986,28.047690267918167,-34.77286421538512,3.159448819,1.594488189,,,,"85.5",2249,"5.7",824197,543877,572233,514888,670623,669699,701305,694728,701358,"54.84",,,,,,,,34,4,"Slider",2,6,6,2,6,2,6,2,"Infield shade","Standard",262,"-0.003","0.128",,,,,"-0.128",,-4,4,0.132,0.868,28,29,28,29,3,2,32,1,6,1,"3.25","0.2","-0.2","20.5",,,,,
"SI","2026-05-12","93.1","-2","5.05","Imai, Tatsuya",680977,837227,,"ball",,,,,14,,"R","L","R","HOU","SEA","B",,,1,1,2026,"-1.6","0.44",1.181160547837935,2.11009402811791,,,,1,4,"Top",,,,,,,11.532657222538713,-135.0270655454779,-2.490820082015842,-22.136600128938667,29.707261797630224,-26.4282313920311,3.159448819,1.594488189,,,,"92.4",2092,"6.1",824197,543877,572233,514888,670623,669699,701305,694728,701358,"54.45",,,,,,,,34,3,"Sinker",2,6,6,2,6,2,6,2,"Infield shade","Standard",243,"-0.001","0.058",,,,,"-0.058",,-4,4,0.133,0.867,28,29,28,29,3,2,32,1,6,1,"2.21","1.6","-1.6","18.6",,,,,
"SL","2026-05-12","86","-1.87","5.42","Imai, Tatsuya",680977,837227,,"called_strike",,,,,7,,"R","L","R","HOU","SEA","S",,,1,0,2026,"-0.56","-0.04",-0.8216017605314131,1.8125313417663076,,,,1,4,"Top",,,,,,,3.558514220043862,-125.23401412026232,-2.0139823839016504,-6.628096934453043,25.339293972907132,-32.35587826073828,3.159448819,1.594488189,,,,"84.9",2222,"5.6",824197,543877,572233,514888,670623,669699,701305,694728,701358,"54.94",,,,,,,,34,2,"Slider",2,6,6,2,6,2,6,2,"Infield shade","Standard",263,"0.001","-0.05",,,,,"0.05",,-4,4,0.132,0.868,28,29,28,29,3,2,32,1,6,1,"3.11","0.56","-0.56","22.9",,,,,
"SL","2026-05-12","86.7","-1.88","5.42","Imai, Tatsuya",680977,837227,,"ball",,,,,11,,"R","L","R","HOU","SEA","B",,,0,0,2026,"-0.61","-0.17",-1.338272991852374,2.794112621229286,,,,1,4,"Top",,,,,,,2.525162232043437,-126.24611151029694,0.44577157457380623,-7.087509774823346,25.825467712327413,-34.28055371472156,3.159448819,1.594488189,,,,"85.7",2262,"5.6",824197,543877,572233,514888,670623,669699,701305,694728,701358,"54.9",,,,,,,,34,1,"Slider",2,6,6,2,6,2,6,2,"Infield shade","Standard",261,"-0.001","0.041",,,,,"-0.041",,-4,4,0.133,0.867,28,29,28,29,3,2,32,1,6,1,"3.2","0.61","-0.61","24.2",,,,,
"SI","2026-05-12","93.6","-2.02","5.15","Imai, Tatsuya",702284,837227,"field_out","hit_into_play",,,,,5,"Cole Young flies out sharply to center fielder Brice Matthews.","R","L","R","HOU","SEA","X",8,"fly_ball",1,1,2026,"-1.55","0.35",0.07764589817669365,2.118982175745523,,,,0,4,"Top",133.42,32.17,,,,,8.738783990175005,-136.0941129950844,-2.6499565683404915,-21.18914520423378,29.53153604520011,-27.381825236549297,3.133120079,1.581200787,411,"104.4",27,"92.8",1960,"5.8",824197,543877,572233,514888,670623,669699,701305,694728,701358,"54.65",0.849,1.646,"0",1,0,0,6,33,3,"Sinker",2,6,6,2,6,2,6,2,"Infield shade","Standard",243,"0.009","-0.248","75.2","6.8",,3.171,"0.248","104.4",-4,4,0.124,0.876,28,22,28,23,2,1,32,1,6,1,"2.25","1.55","-1.55","17.1",1.0922208507988196,-1.532509417097777,29.474790317594664,30.182326242397295,30.549000528522324
"SI","2026-05-12","93.5","-2.06","5.1","Imai, Tatsuya",702284,837227,,"foul",,,,,13,,"R","L","R","HOU","SEA","S",,,1,0,2026,"-1.5","0.35",-0.2125435219240286,1.1608201855424642,,,,0,4,"Top",,,,,,,7.990822257857625,-135.84172627894165,-4.868963052163698,-20.351132016445874,31.597420430247062,-26.954084311071277,3.133120079,1.581200787,1,"69.7",-49,"92.4",2011,"5.9",824197,543877,572233,514888,670623,669699,701305,694728,701358,"54.64",,,,,,,,33,2,"Sinker",2,6,6,2,6,2,6,2,"Infield shade","Standard",247,"0.001","-0.056","67.7","7.1",,,"0.056","88.0",-4,4,0.123,0.877,28,22,28,23,2,1,32,1,6,1,"2.28","1.5","-1.5","17.9",4.601051551881324,3.568025930428071,37.42817855074494,33.57575966846892,27.60883073082385
"SI","2026-05-12","94.2","-1.99","5.14","Imai, Tatsuya",702284,837227,,"ball",,,,,14,,"R","L","R","HOU","SEA","B",,,0,0,2026,"-1.47","0.62",1.099278946611859,2.32169008585114,,,,0,4,"Top",,,,,,,11.150896037535611,-136.6400032640102,-2.741786851274748,-20.968060015847314,31.5688441306838,-23.996351751427,3.133120079,1.581200787,,,,"93.2",2076,"6",824197,543877,572233,514888,670623,669699,701305,694728,701358,"54.53",,,,,,,,33,1,"Sinker",2,6,6,2,6,2,6,2,"Infield shade","Standard",243,"-0.001","0.043",,,,,"-0.043",,-4,4,0.124,0.876,28,22,28,23,2,1,32,1,6,1,"1.98","1.47","-1.47","18.7",,,,,
"SL","2026-05-12","87.1","-1.92","5.3","Imai, Tatsuya",686527,837227,"home_run","hit_into_play",,,,,5,"Dominic Canzone hits a grand slam (4) to right field. Randy Arozarena scores. Luke Raley scores. J.P. Crawford scores.","R","L","R","HOU","SEA","X",,"fly_ball",0,0,2026,"-0.55","0.05",-0.13306839466012177,2.428039982356317,668227,670042,641487,0,4,"Top",218.52,74.98,,,,,5.323071692495308,-126.600694483507,-0.5238591064615387,-7.103518228005606,30.23714827672659,-31.738333673805105,3.208595801,1.619291339,381,"105.5",25,"85.6",2132,"5.8",824197,543877,572233,514888,670623,669699,701305,694728,701358,"54.71",0.894,1.739,"2",1,0,3,6,32,1,"Slider",2,2,2,2,6,2,6,2,"Standard","Standard",263,"-0.186","0.806","77.9","7.9",,3.335,"-0.806","105.5",0,0,0.31,0.69,28,28,28,29,2,1,32,1,6,1,"3","0.55","-0.55","22.5",17.48869990951389,-14.268567692492784,32.54696045544454,39.5889198393802,43.13987117019647
"SI","2026-05-12","94.8","-2.08","4.98","Imai, Tatsuya",641487,837227,"walk","ball",,,,,14,"J.P. Crawford walks. Randy Arozarena to 3rd. Luke Raley to 2nd.","R","L","R","HOU","SEA","B",,,3,0,2026,"-1.62","0.36",0.21355546826356764,1.2400524895728977,,668227,670042,0,4,"Top",,,,,,,9.509818811281441,-137.65714488347066,-4.635096045019689,-22.690515491671135,31.832653906893363,-26.74259537785692,3.219127297,1.624606299,,,,"94",1924,"6",824197,543877,572233,514888,670623,669699,701305,694728,701358,"54.46",,0.697886,"0.7",1,0,0,,31,4,"Sinker",2,2,2,2,2,2,2,2,"Infield shade","Standard",242,"-0.033","0.145",,,,,"-0.145",,0,0,0.343,0.657,28,31,28,31,2,1,32,1,6,1,"2.2","1.62","-1.62","17.0",,,,,
"SI","2026-05-12","95.4","-2.11","4.9","Imai, Tatsuya",641487,837227,,"ball",,,,,14,,"R","L","R","HOU","SEA","B",,,2,0,2026,"-1.55","0.59",1.1723274956408114,1.970139668572694,,668227,670042,0,4,"Top",,,,,,,11.988637832330081,-138.37224331542802,-3.1579369556407917,-22.62049712766498,31.206249926705862,-24.0685230148954,3.219127297,1.624606299,,,,"94.8",2057,"6.1",824197,543877,572233,514888,670623,669699,701305,694728,701358,"54.36",,,,,,,,31,3,"Sinker",2,2,2,2,2,2,2,2,"Infield shade","Standard",245,"-0.024","0.156",,,,,"-0.156",,0,0,0.367,0.633,28,31,28,31,2,1,32,1,6,1,"1.93","1.55","-1.55","18.9",,,,,
"SI","2026-05-12","94.9","-2.14","5","Imai, Tatsuya",641487,837227,,"ball",,,,,14,,"R","L","R","HOU","SEA","B",,,1,0,2026,"-1.59","0.55",0.09399243500115384,1.3015520790758899,,668227,670042,0,4,"Top",,,,,,,9.323621214493873,-137.89373935349022,-4.999062287601435,-22.350788508735413,31.251396651031875,-24.182608960164597,3.219127297,1.624606299,,,,"94.3",2093,"6",824197,543877,572233,514888,670623,669699,701305,694728,701358,"54.47",,,,,,,,31,2,"Sinker",2,2,2,2,2,2,2,2,"Infield shade","Standard",244,"-0.017","0.077",,,,,"-0.077",,0,0,0.384,0.616,28,31,28,31,2,1,32,1,6,1,"1.99","1.59","-1.59","16.8",,,,,
"SI","2026-05-12","95.4","-2.17","4.95","Imai, Tatsuya",641487,837227,,"ball",,,,,14,,"R","L","R","HOU","SEA","B",,,0,0,2026,"-1.61","0.38",1.1936900112072872,1.772420584659042,,668227,670042,0,4,"Top",,,,,,,12.347825387081366,-138.39132993423746,-3.310643258509276,-23.506515485412795,31.743998532580665,-26.770474737228163,3.219127297,1.624606299,,,,"94.8",1989,"6.1",824197,543877,572233,514888,670623,669699,701305,694728,701358,"54.35",,,,,,,,31,1,"Sinker",2,2,2,2,2,2,2,2,"Infield shade","Standard",245,"-0.008","0.052",,,,,"-0.052",,0,0,0.392,0.608,28,31,28,31,2,1,32,1,6,1,"2.15","1.61","-1.61","16.9",,,,,
"SL","2026-05-12","88.7","-1.85","5.22","Imai, Tatsuya",670042,837227,"hit_by_pitch","hit_by_pitch",,,,,14,"Luke Raley hit by pitch.","R","L","R","HOU","SEA","B",,,2,2,2026,"-0.63","-0.38",2.103698199351542,-0.035311280578850024,,668227,,0,4,"Top",,,,,,,10.774173695534277,-128.60920607840217,-5.605463038091064,-9.339904181277046,27.712198928475104,-35.354549764675546,3.340239501,1.685728347,,,,"87.7",2275,"5.9",824197,543877,572233,514888,670623,669699,701305,694728,701358,"54.56",,0.7288,"0.7",1,0,0,,30,7,"Slider",2,2,2,2,2,2,2,2,"Infield shade","Standard",269,"-0.041","0.362",,,,,"-0.362",,0,0,0.433,0.567,28,31,28,32,2,1,32,1,6,1,"3.31","0.63","-0.63","22.2",,,,,
"SI","2026-05-12","95.4","-2.03","4.95","Imai, Tatsuya",670042,837227,,"foul",,,,,1,,"R","L","R","HOU","SEA","S",,,2,2,2026,"-1.55","0.58",-0.27823694167519264,3.00387988023253,,668227,,0,4,"Top",,,,,,,8.037017980667205,-138.59888671412085,-0.5682946389208577,-21.765673479495412,34.13203116007721,-24.89066505945175,3.340239501,1.685728347,249,"77.1",33,"94.5",2118,"6.1",824197,543877,572233,514888,670623,669699,701305,694728,701358,"54.42",,,,,,,,30,6,"Sinker",2,2,2,2,2,2,2,2,"Infield shade","Standard",240,"0","0","73.1","6.8",,,"0","88.0",0,0,0.433,0.567,28,31,28,32,2,1,32,1,6,1,"1.96","1.55","-1.55","20.3",11.018309023013993,4.072219951171204,28.88461480158151,39.70684316188731,27.457580977730103
"SI","2026-05-12","96.3","-2.08","4.89","Imai, Tatsuya",670042,837227,,"foul",,,,,1,,"R","L","R","HOU","SEA","S",,,2,2,2026,"-1.67","0.35",-0.5299894208407241,3.337414677837345,,668227,,0,4,"Top",,,,,,,7.90222749540293,-140.00828571943885,0.857381094771754,-23.749145343959977,34.33121714710385,-28.080390126535,3.340239501,1.685728347,209,"79.9",20,"95.7",2081,"6.2",824197,543877,572233,514888,670623,669699,701305,694728,701358,"54.32",,,,,,,,30,5,"Sinker",2,2,2,2,2,2,2,2,"Infield shade","Standard",238,"0","0","72.8","6.4",,,"0","88.0",0,0,0.433,0.567,28,31,28,32,2,1,32,1,6,1,"2.13","1.67","-1.67","20.1",8.691527429316016,12.891471201308782,24.07529823303021,43.100045785291414,21.636508714906533
"SL","2026-05-12","87.4","-1.96","5.25","Imai, Tatsuya",670042,837227,,"ball",,,,,13,,"R","L","R","HOU","SEA","B",,,1,2,2026,"-0.34","0.22",-1.0294978017176575,1.653596782562484,,668227,,0,4,"Top",,,,,,,2.9029596241216287,-127.2672019099762,-2.7446473930880417,-4.3424507296022625,26.66902729253111,-29.459373064300717,3.340239501,1.685728347,,,,"86.6",2235,"5.8",824197,543877,572233,514888,670623,669699,701305,694728,701358,"54.71",,,,,,,,30,4,"Slider",2,2,2,2,2,2,2,2,"Infield shade","Standard",254,"-0.008","0.014",,,,,"-0.014",,0,0,0.441,0.5589999999999999,28,31,28,32,2,1,32,1,6,1,"2.77","0.34","-0.34","23.3",,,,,
"SI","2026-05-12","96.4","-1.99","4.89","Imai, Tatsuya",670042,837227,,"foul",,,,,5,,"R","L","R","HOU","SEA","S",,,1,1,2026,"-1.48","0.55",-0.0885100690698144,2.3370842311891673,,668227,,0,4,"Top",,,,,,,8.357539803252779,-140.03359112020752,-2.225939796311938,-21.355096605797847,34.38144545077842,-24.624599449932262,3.340239501,1.685728347,3,"72",-40,"95.7",1995,"6.2",824197,543877,572233,514888,670623,669699,701305,694728,701358,"54.34",,,,,,,,30,3,"Sinker",2,2,2,2,2,2,2,2,"Infield shade","Standard",244,"0.013","-0.045","78.9","7.3",,,"0.045","88.0",0,0,0.428,0.5720000000000001,28,31,28,32,2,1,32,1,6,1,"1.93","1.48","-1.48","19.5",18.325155735180665,-1.3253340621690077,29.4945319007163,39.97339494958301,34.89479315705548
"SL","2026-05-12","87.2","-2.03","5.23","Imai, Tatsuya",670042,837227,,"foul",,,,,4,,"R","L","R","HOU","SEA","S",,,1,0,2026,"-0.16","0.19",-0.5054694850404854,2.383866530611143,,668227,,0,4,"Top",,,,,,,3.9118681953787613,-126.98019688722498,-0.8713116282603692,-2.5838355762156042,27.12417066405077,-30.108635012347836,3.340239501,1.685728347,180,"69.4",40,"86.3",2142,"5.8",824197,543877,572233,514888,670623,669699,701305,694728,701358,"54.71",,,,,,,,30,2,"Slider",2,2,2,2,2,2,2,2,"Infield shade","Standard",268,"0.005","-0.054","75.0","6.8",,,"0.054","88.0",0,0,0.423,0.577,28,31,28,32,2,1,32,1,6,1,"2.81","0.16","-0.16","24.1",0.9589132814542478,12.25164530392724,28.690192919811373,45.09611486273805,22.003517872946457
"SI","2026-05-12","95.5","-2.02","4.98","Imai, Tatsuya",670042,837227,,"ball",,,,,13,,"R","L","R","HOU","SEA","B",,,0,0,2026,"-1.53","0.28",-0.9235210031469134,1.8837774345360738,,,668227,0,4,"Top",,,,,,,6.291105744860383,-138.88833862286566,-2.904972453274681,-21.15709821918261,33.41768816990521,-28.138974374997115,3.340239501,1.685728347,,,,"94.6",2077,"6",824197,543877,572233,514888,670623,669699,701305,694728,701358,"54.54",,,,,,,,30,1,"Sinker",2,2,2,2,2,2,2,2,"Infield shade","Standard",242,"-0.033","0.038",,,,,"-0.038",,0,0,0.456,0.544,28,31,28,32,2,1,32,1,6,1,"2.24","1.53","-1.53","18.7",,,,,
"SL","2026-05-12","87.7","-1.83","5.36","Imai, Tatsuya",668227,837227,"hit_by_pitch","hit_by_pitch",,,,,11,"Randy Arozarena hit by pitch.","R","R","R","HOU","SEA","B",,,1,2,2026,"-0.4","0.25",-0.9976597883221422,3.3835175979590564,,,,0,4,"Top",,,,,,,2.7921408254337603,-127.50792929561746,1.0934606787375758,-4.950315470456659,30.892107924009903,-29.97954711553502,3.127854331,1.578543307,,,,"86",2193,"5.7",824197,543877,572233,514888,670623,669699,701305,694728,701358,"54.83",,0.7288,"0.7",1,0,0,,29,4,"Slider",2,2,2,2,2,2,2,2,"Standard","Standard",253,"-0.052","0.526",,,,,"-0.526",,0,0,0.508,0.492,28,31,28,31,2,1,32,1,6,1,"2.76","0.4","0.4","25.5",,,,,
"SI","2026-05-12","94.6","-1.94","5.06","Imai, Tatsuya",668227,837227,,"ball",,,,,12,,"R","R","R","HOU","SEA","B",,,0,2,2026,"-1.32","0.05",0.836460748038016,3.096017924305298,,,,0,4,"Top",,,,,,,10.07374597158964,-137.31667472377006,0.6852016903552371,-19.043463491158285,32.93752194614048,-31.985059210936974,3.127854331,1.578543307,,,,"93.6",1868,"6",824197,543877,572233,514888,670623,669699,701305,694728,701358,"54.49",,,,,,,,29,3,"Sinker",2,2,2,2,2,2,2,2,"Standard","Standard",242,"-0.003","0.021",,,,,"-0.021",,0,0,0.511,0.489,28,31,28,31,2,1,32,1,6,1,"2.53","1.32","1.32","21.9",,,,,
"SI","2026-05-12","93.9","-1.91","5.2","Imai, Tatsuya",668227,837227,,"swinging_strike",,,,,1,,"R","R","R","HOU","SEA","S",,,0,1,2026,"-1.25","0.3",-0.5476173219585962,2.8136732591792355,,,,0,4,"Top",,,,,,,6.24537751280335,-136.65994794086166,-0.917501532177534,-17.06516336210493,32.05101437379677,-28.43537538264787,3.127854331,1.578543307,,,,"92.8",1903,"5.8",824197,543877,572233,514888,670623,669699,701305,694728,701358,"54.73",,,,,,,,29,2,"Sinker",2,2,2,2,2,2,2,2,"Standard","Standard",241,"0.007","-0.054","74.9","7.1","1.001920104",,"0.054",,0,0,0.504,0.496,28,31,28,31,2,1,32,1,6,1,"2.3","1.25","1.25","19.2",8.095806396788069,3.3788229101120244,27.671117248927857,26.051860564689793,25.737091606202654
"SL","2026-05-12","84.9","-1.76","5.39","Imai, Tatsuya",668227,837227,,"swinging_strike",,,,,8,,"R","R","R","HOU","SEA","S",,,0,0,2026,"-0.44","0.06",-0.13702773957059589,1.5919391512819199,,,,0,4,"Top",,,,,,,4.570110725238392,-123.52055809511418,-2.3418971884127293,-5.454639903845935,27.906316918014568,-31.28471424300973,3.127854331,1.578543307,,,,"83.3",2064,"5.6",824197,543877,572233,514888,670623,669699,701305,694728,701358,"54.93",,,,,,,,29,1,"Slider",2,2,2,2,2,2,2,2,"Standard","Standard",268,"0.004","-0.042","77.8","9.1","5.129337792",,"0.042",,0,0,0.5,0.5,28,31,28,31,2,1,32,1,6,1,"3.14","0.44","0.44","23.5",24.764425226959084,-47.94944332672218,29.91092035374691,31.38996065907525,55.470109365252625
"SL","2026-05-12","89.1","-1.92","5.28","Imai, Tatsuya",663728,837227,"strikeout","swinging_strike_blocked",,,,,14,"Cal Raleigh strikes out swinging.","R","L","R","HOU","SEA","S",2,,1,2,2026,"-0.36","0.28",0.7551547113693327,0.45044507003483725,,647304,,2,3,"Top",,,,,,,7.206912531346146,-129.29313922968285,-5.983891255791703,-5.763126817094639,31.604319553599595,-27.84822904491211,3.282316273,1.656496063,,,,"87.9",2285,"6.1",824197,543877,572233,514888,670623,669699,701305,694728,701358,"54.43",,0,"0",1,0,0,,22,4,"Slider",1,2,2,1,2,1,2,1,"Infield shade","Standard",270,"0.024","-0.188","60.5","9.2","4.0268379",,"0.188",,-1,1,0.413,0.587,28,29,28,30,2,1,32,1,6,1,"2.65","0.36","-0.36","24.8",29.92203375322277,-27.008209059925765,46.54165057429913,24.33968891530152,43.47056317165913
"SI","2026-05-12","97.4","-1.86","4.99","Imai, Tatsuya",663728,837227,,"ball",,,,,14,,"R","L","R","HOU","SEA","B",,,0,2,2026,"-1.58","0.5",0.8617446929367749,1.1599591482864922,,647304,,2,3,"Top",,,,,,,10.84866166659414,-141.36060452303917,-5.624892180825075,-23.660381742352758,34.61769875890329,-24.28448727592353,3.282316273,1.656496063,,,,"96.7",2063,"6.2",824197,543877,572233,514888,670623,669699,701305,694728,701358,"54.29",,,,,,,,22,3,"Sinker",1,2,2,1,2,1,2,1,"Infield shade","Standard",237,"-0.004","0.005",,,,,"-0.005",,-1,1,0.417,0.583,28,29,28,30,2,1,32,1,6,1,"1.93","1.58","-1.58","25.4",,,,,
"SI","2026-05-12","97.2","-1.98","5.03","Imai, Tatsuya",663728,837227,,"swinging_strike",,,,,2,,"R","L","R","HOU","SEA","S",,,0,1,2026,"-1.48","0.49",0.14287632934973615,3.207303923672213,,647304,,2,3,"Top",,,,,,,9.011002932545377,-141.2683580883546,-0.2905098772968203,-21.949179063716347,34.37553634776374,-25.859095025686305,3.282316273,1.656496063,,,,"96.3",1940,"6",824197,543877,572233,514888,670623,669699,701305,694728,701358,"54.53",,,,,,,,22,2,"Sinker",1,2,2,1,2,1,2,1,"Infield shade","Standard",240,"0.009","-0.056","78.0","7.4","0.192252192",,"0.056",,-1,1,0.408,0.5920000000000001,28,29,28,30,2,1,32,1,6,1,"1.95","1.48","-1.48","22.1",13.058126573829057,1.3921169611238093,31.188077218769415,30.91304310671412,27.108537314704584
"SI","2026-05-12","95.4","-1.83","5.09","Imai, Tatsuya",663728,837227,,"called_strike",,,,,9,,"R","L","R","HOU","SEA","S",,,0,0,2026,"-1.68","0.33",0.66613966993246,1.8234832733239228,,,647304,2,3,"Top",,,,,,,10.241451325046166,-138.40058165003984,-3.401493484071469,-23.976631040916487,33.712991366642896,-27.34988621958276,3.282316273,1.656496063,,,,"94.2",2063,"6",824197,543877,572233,514888,670623,669699,701305,694728,701358,"54.53",,,,,,,,22,1,"Sinker",1,2,2,1,2,1,2,1,"Infield shade","Standard",241,"-0.006","-0.041",,,,,"0.041",,-1,1,0.414,0.5860000000000001,28,29,28,30,2,1,32,1,6,1,"2.21","1.68","-1.68","17.3",,,,,
"SL","2026-05-12","87.4","-1.75","5.37","Imai, Tatsuya",647304,837227,"single","hit_into_play",,,,,7,"Josh Naylor singles on a line drive to right fielder Cam Smith.","R","L","R","HOU","SEA","X",9,"line_drive",1,2,2026,"-0.23","0",-0.329887579830345,1.8194850993057097,,,,2,3,"Top",204.29,113.27,,,,,3.8226111538448464,-127.27073376406494,-2.1404224601422275,-3.2823411332922015,27.379680677297692,-31.985301128464812,3.110301837,1.569685039,178,"97.8",10,"86.6",2067,"5.9",824197,543877,572233,514888,670623,669699,701305,694728,701358,"54.63",0.74,0.721,"0.9",1,1,0,4,21,4,"Slider",1,2,2,1,2,1,2,1,"Infield shade","Standard",254,"-0.015","0.411","67.2","8.1",,0.895,"-0.411","97.8",-1,1,0.429,0.571,28,29,28,29,2,1,32,1,6,1,"3","0.23","-0.23","21.7",11.134272310099353,-11.854002297997814,31.577407258436004,36.996224485983966,32.792918601052094
"SL","2026-05-12","87.9","-1.61","5.36","Imai, Tatsuya",647304,837227,,"ball",,,,,14,,"R","L","R","HOU","SEA","B",,,0,2,2026,"-0.16","-0.06",1.3220080963789087,-0.11406735820051228,,,,2,3,"Top",,,,,,,7.24777440538471,-127.70032378809063,-6.6189317975170034,-3.280749188964273,27.836867316204877,-31.602926632993647,3.110301837,1.569685039,,,,"86.7",2041,"5.8",824197,543877,572233,514888,670623,669699,701305,694728,701358,"54.72",,,,,,,,21,3,"Slider",1,2,2,1,2,1,2,1,"Infield shade","Standard",265,"-0.001","0.026",,,,,"-0.026",,-1,1,0.43,0.5700000000000001,28,29,28,29,2,1,32,1,6,1,"3.04","0.16","-0.16","23.7",,,,,
"SI","2026-05-12","95.6","-1.92","5.18","Imai, Tatsuya",647304,837227,,"foul",,,,,11,,"R","L","R","HOU","SEA","S",,,0,1,2026,"-1.58","0.38",-0.4220131030681089,3.2374837145062334,,,,2,3,"Top",,,,,,,7.4377330907443,-139.02441635775284,-0.15979187691630947,-22.21157955222387,34.108085988160845,-27.449845288583024,3.110301837,1.569685039,291,"86",27,"94.3",2086,"5.8",824197,543877,572233,514888,670623,669699,701305,694728,701358,"54.7",,,,,,,,21,2,"Sinker",1,2,2,1,2,1,2,1,"Infield shade","Standard",244,"0.002","-0.061","68.6","5.9",,,"0.061","88.0",-1,1,0.428,0.5720000000000001,28,29,28,29,2,1,32,1,6,1,"2.13","1.58","-1.58","17.8",-11.754684040340067,29.79544809129486,22.072628028739413,38.558550770508816,8.782907593980953
"SI","2026-05-12","95","-1.81","5.25","Imai, Tatsuya",647304,837227,,"swinging_strike",,,,,12,,"R","L","R","HOU","SEA","S",,,0,0,2026,"-1.54","0.53",0.27129245199533925,3.2489954179449954,,,,2,3,"Top",,,,,,,8.78690662532025,-138.03705106171014,-0.5833642802465466,-21.63443391450051,32.423040972781095,-25.474299452627857,3.110301837,1.569685039,,,,"93.9",1966,"5.9",824197,543877,572233,514888,670623,669699,701305,694728,701358,"54.65",,,,,,,,21,1,"Sinker",1,2,2,1,2,1,2,1,"Infield shade","Standard",245,"0.002","-0.043","64.1","5.0","1.307397912",,"0.043",,-1,1,0.426,0.5740000000000001,28,29,28,29,2,1,32,1,6,1,"2.01","1.54","-1.54","19.0",-19.861216602128664,43.98339016902221,32.9732115848639,31.360995405491032,0.9484064181180019
"SI","2026-05-12","93.8","-1.67","5.29","Imai, Tatsuya",677594,837227,"grounded_into_double_play","hit_into_play",,,,,7,"Julio Rodríguez grounds into a double play, shortstop Braden Shewmake to first baseman Christian Walker. Brendan Donovan out at 2nd. Julio Rodríguez out at 1st.","R","R","R","HOU","SEA","X",6,"ground_ball",0,1,2026,"-1.49","0.56",-0.684781985511794,2.163729204145061,,,680977,0,3,"Top",115,144.48,,,,,5.804567825008714,-136.3621014631405,-3.3265216584350465,-19.907679858566613,32.52103866061764,-24.68982686801443,3.377977362,1.704773622,11,"85.6",-11,"92.4",2040,"5.7",824197,543877,572233,514888,670623,669699,701305,694728,701358,"54.83",0.157,0.142,"0",1,0,0,2,20,2,"Sinker",1,2,2,1,2,1,2,1,"Standard","Standard",244,"0.068","-0.31","74.3","6.8",,0.192,"0.31","88.0",-1,1,0.358,0.642,28,25,28,26,2,1,32,1,6,1,"2.06","1.49","1.49","19.5",-5.12882907962676,16.656657459144746,34.03299847464865,31.955408286317436,22.686273192955426
"SL","2026-05-12","86.3","-1.78","5.4","Imai, Tatsuya",677594,837227,,"called_strike",,,,,4,,"R","R","R","HOU","SEA","S",,,0,0,2026,"-0.2","0.47",-0.3789222159320941,2.3967725742212522,,,680977,0,3,"Top",,,,,,,3.662589864933689,-125.60592288835682,-1.6562750486365803,-2.8664008157825145,25.852543039498077,-27.122373823971056,3.377977362,1.704773622,,,,"85.5",2221,"5.8",824197,543877,572233,514888,670623,669699,701305,694728,701358,"54.7",,,,,,,,20,1,"Slider",1,2,2,1,2,1,2,1,"Standard","Standard",258,"0.005","-0.041",,,,,"0.041",,-1,1,0.353,0.647,28,25,28,26,2,1,32,1,6,1,"2.6","0.2","0.2","26.1",,,,,
"SI","2026-05-12","93.6","-1.89","5.3","Imai, Tatsuya",680977,837227,"single","hit_into_play",,,,,8,"Brendan Donovan singles on a sharp line drive to center fielder Brice Matthews.","R","L","R","HOU","SEA","X",8,"line_drive",1,1,2026,"-1.43","0.41",0.19786825005654451,1.7719815277244748,,,,0,3,"Top",131.12,78.34,,,,,8.402879379916325,-135.9870376585403,-3.970881001555672,-19.625913436218973,31.578403958555672,-26.438514110159883,3.159448819,1.594488189,261,"100.8",15,"92.1",2033,"5.6",824197,543877,572233,514888,670623,669699,701305,694728,701358,"54.86",0.709,0.713,"0.9",1,1,0,4,19,3,"Sinker",1,2,2,1,2,1,2,1,"Infield shade","Standard",243,"-0.036","0.461","70.4","6.7",,0.952,"-0.461","100.8",-1,1,0.389,0.611,28,29,28,29,2,1,32,1,6,1,"2.22","1.43","-1.43","18.2",5.640354469207581,3.0513280650775623,36.38780503316532,35.448890792197844,23.997646541197604
"SI","2026-05-12","93.6","-1.8","5.26","Imai, Tatsuya",680977,837227,,"foul",,,,,6,,"R","L","R","HOU","SEA","S",,,1,0,2026,"-1.49","0.47",0.5728538142321722,2.4589247175364437,,,,0,3,"Top",,,,,,,9.301975327951084,-135.94400236739,-2.2774526250413256,-20.540866594478533,31.69027505384387,-26.070760957461207,3.159448819,1.594488189,188,"63.9",35,"92.5",1970,"5.9",824197,543877,572233,514888,670623,669699,701305,694728,701358,"54.6",,,,,,,,19,2,"Sinker",1,2,2,1,2,1,2,1,"Infield shade","Standard",249,"0.004","-0.056","63.2","5.6",,,"0.056","88.0",-1,1,0.385,0.615,28,29,28,29,2,1,32,1,6,1,"2.16","1.49","-1.49","17.0",-4.203092896812671,19.484975179779866,32.75051528964174,30.221600624326577,15.106653478023738
"SI","2026-05-12","92.5","-1.87","5.29","Imai, Tatsuya",680977,837227,,"ball",,,,,13,,"R","L","R","HOU","SEA","B",,,0,0,2026,"-1.54","0.58",-1.1705918740813188,2.211132039700688,,,,0,3,"Top",,,,,,,5.09702906325606,-134.4653393851644,-3.0140168802836786,-19.804894042599166,32.45222589358992,-24.698288643932216,3.159448819,1.594488189,,,,"90.7",1961,"5.5",824197,543877,572233,514888,670623,669699,701305,694728,701358,"54.97",,,,,,,,19,1,"Sinker",1,2,2,1,2,1,2,1,"Infield shade","Standard",245,"-0.003","0.043",,,,,"-0.043",,-1,1,0.388,0.612,28,29,28,29,2,1,32,1,6,1,"2.11","1.54","-1.54","16.8",,,,,
"SI","2026-05-12","95.3","-1.7","5.21","Imai, Tatsuya",702284,837227,"field_out","hit_into_play",,,,,7,"Cole Young grounds out to first baseman Christian Walker.","R","L","R","HOU","SEA","X",3,"ground_ball",0,1,2026,"-1.61","0.29",-0.2944786986610546,2.0278451152186183,,,670042,2,2,"Top",144.91,178.96,,,,,7.288199900767211,-138.5103953881007,-3.0947767634857257,-22.399876508780697,33.897988783317636,-27.965126529458345,3.133120079,1.581200787,5,"72.1",-26,"94.4",2034,"6",824197,543877,572233,514888,670623,669699,701305,694728,701358,"54.47",0.065,0.062,"0",1,0,0,2,13,2,"Sinker",0,2,2,0,2,0,2,0,"Infield shade","Standard",240,"0.015","-0.233","78.9","6.9",,0.069,"0.233","88.0",-2,2,0.326,0.6739999999999999,28,22,28,23,1,0,32,1,6,1,"2.25","1.61","-1.61","22.3",2.442075232716733,-11.832353319655454,28.772055706851255,31.05550486924319,41.65541401021713
"SI","2026-05-12","94.7","-1.61","5.2","Imai, Tatsuya",702284,837227,,"called_strike",,,,,9,,"R","L","R","HOU","SEA","S",,,0,0,2026,"-1.5","0.41",0.6111835266973906,1.9173442805017384,,,670042,2,2,"Top",,,,,,,9.057653742367435,-137.5451031425332,-3.5242161287656897,-21.080660074239514,32.664932381210534,-26.393027743896408,3.133120079,1.581200787,,,,"93.8",1985,"6",824197,543877,572233,514888,670623,669699,701305,694728,701358,"54.48",,,,,,,,13,1,"Sinker",0,2,2,0,2,0,2,0,"Infield shade","Standard",246,"0.003","-0.041",,,,,"0.041",,-2,2,0.323,0.677,28,22,28,23,1,0,32,1,6,1,"2.16","1.5","-1.5","18.5",,,,,
"SL","2026-05-12","87.1","-1.59","5.35","Imai, Tatsuya",686527,837227,"strikeout","swinging_strike",,,,,14,"Dominic Canzone strikes out swinging.","R","L","R","HOU","SEA","S",2,,1,2,2026,"-0.29","-0.34",0.8478925106680477,0.9909559771442318,,,670042,1,2,"Top",,,,,,,6.331314453389915,-126.7478800805262,-3.284063990940203,-4.445225454555173,27.33915708278986,-35.35031615519016,3.208595801,1.619291339,,,,"86.4",2254,"6",824197,543877,572233,514888,670623,669699,701305,694728,701358,"54.53",,0,"0",1,0,0,,12,4,"Slider",0,2,2,0,2,0,2,0,"Infield shade","Standard",259,"0.015","-0.175","73.8","8.1","0.397863228",,"0.175",,-2,2,0.308,0.692,28,28,28,29,1,0,32,1,6,1,"3.36","0.29","-0.29","23.9",25.134432994671094,-25.224930852919083,42.27444970304246,27.332953424991725,45.889324885950984
"SL","2026-05-12","87.3","-1.69","5.36","Imai, Tatsuya",686527,837227,,"swinging_strike",,,,,13,,"R","L","R","HOU","SEA","S",,,1,1,2026,"-0.77","0.42",-0.3131045164042989,1.3051367424173854,,,670042,1,2,"Top",,,,,,,4.830200328913457,-126.97844077824465,-4.132437957075634,-9.33751774359135,29.892694444596554,-26.92911413919428,3.208595801,1.619291339,,,,"86",2179,"5.8",824197,543877,572233,514888,670623,669699,701305,694728,701358,"54.68",,,,,,,,12,3,"Slider",0,2,2,0,2,0,2,0,"Infield shade","Standard",260,"0.006","-0.067","80.0","8.5","8.050170648",,"0.067",,-2,2,0.302,0.698,28,28,28,29,1,0,32,1,6,1,"2.61","0.77","-0.77","23.8",25.46928584038113,-29.440379549788556,30.292868717338173,41.537964591381744,59.49135521167129
"SI","2026-05-12","94.1","-1.63","5.27","Imai, Tatsuya",686527,837227,,"called_strike",,,,,6,,"R","L","R","HOU","SEA","S",,,1,0,2026,"-1.37","0.34",0.2813005493869998,2.366108988061022,,,670042,1,2,"Top",,,,,,,7.911838300278155,-136.76417257269566,-2.308409011999646,-18.94964591260378,33.29097166609592,-27.606799388783784,3.208595801,1.619291339,,,,"93",1838,"6",824197,543877,572233,514888,670623,669699,701305,694728,701358,"54.54",,,,,,,,12,2,"Sinker",0,2,2,0,2,0,2,0,"Standard","Standard",245,"0.004","-0.047",,,,,"0.047",,-2,2,0.298,0.702,28,28,28,29,1,0,32,1,6,1,"2.26","1.37","-1.37","18.3",,,,,
"SI","2026-05-12","96.5","-1.63","5.19","Imai, Tatsuya",686527,837227,,"ball",,,,,11,,"R","L","R","HOU","SEA","B",,,0,0,2026,"-1.45","0.41",-0.501694400245404,3.569459472610826,,,670042,1,2,"Top",,,,,,,6.252637645999357,-140.36751687584314,0.5048085106678319,-20.525093285567657,33.76649669724512,-27.198639104348775,3.208595801,1.619291339,,,,"95.6",1926,"5.9",824197,543877,572233,514888,670623,669699,701305,694728,701358,"54.59",,,,,,,,12,1,"Sinker",0,2,2,0,2,0,2,0,"Standard","Standard",242,"-0.003","0.035",,,,,"-0.035",,-2,2,0.301,0.6990000000000001,28,28,28,29,1,0,32,1,6,1,"2.06","1.45","-1.45","24.4",,,,,
"SI","2026-05-12","95.1","-1.75","5.23","Imai, Tatsuya",641487,837227,"field_out","hit_into_play",,,,,5,"J.P. Crawford lines out sharply to left fielder Zach Dezenzo.","R","L","R","HOU","SEA","X",7,"line_drive",1,1,2026,"-1.43","0.45",-0.25896252719514146,2.4101842302825087,,,670042,0,2,"Top",77.79,86.1,,,,,7.060374523905775,-138.28574123008522,-2.5285249505471166,-19.908210549127585,32.93359598819561,-25.997734314523786,3.219127297,1.624606299,305,"101.9",16,"94.3",1904,"6",824197,543877,572233,514888,670623,669699,701305,694728,701358,"54.51",0.54,0.581,"0",1,0,0,4,11,3,"Sinker",0,2,2,0,2,0,2,0,"Standard","Standard",248,"0.025","-0.236","74.1","7.2",,0.831,"0.236","101.9",-2,2,0.276,0.724,28,31,28,31,1,0,32,1,6,1,"2.08","1.43","-1.43","19.5",2.815027259175097,10.435766460223174,31.66603753563992,39.079892768637734,31.3465713447063
"SI","2026-05-12","95","-1.64","5.29","Imai, Tatsuya",641487,837227,,"ball",,,,,14,,"R","L","R","HOU","SEA","B",,,0,1,2026,"-1.6","0.37",0.46043018117940604,1.273602627403533,,,670042,0,2,"Top",,,,,,,8.984830977118955,-137.94650289048403,-5.3573878720050105,-22.433332738071584,33.01973958607639,-26.416558143391047,3.219127297,1.624606299,,,,"93.9",1951,"5.9",824197,543877,572233,514888,670623,669699,701305,694728,701358,"54.58",,,,,,,,11,2,"Sinker",0,2,2,0,2,0,2,0,"Standard","Standard",238,"-0.003","0.024",,,,,"-0.024",,-2,2,0.279,0.721,28,31,28,31,1,0,32,1,6,1,"2.19","1.6","-1.6","21.9",,,,,
"SI","2026-05-12","94.4","-1.7","5.28","Imai, Tatsuya",641487,837227,,"foul",,,,,5,,"R","L","R","HOU","SEA","S",,,0,0,2026,"-1.66","0.36",-0.011612798591759121,2.3277341291510796,,,670042,0,2,"Top",,,,,,,8.021262957730857,-137.16608359091146,-2.5110161326014495,-22.735968211036052,33.81372998083844,-27.301809035401337,3.219127297,1.624606299,288,"87.1",38,"93.3",1909,"6",824197,543877,572233,514888,670623,669699,701305,694728,701358,"54.52",,,,,,,,11,1,"Sinker",0,2,2,0,2,0,2,0,"Standard","Standard",239,"0.004","-0.041","72.6","6.9",,,"0.041","88.0",-2,2,0.275,0.725,28,31,28,31,1,0,32,1,6,1,"2.23","1.66","-1.66","19.9",-1.191104977105466,12.976038468755894,32.82470357125292,36.69100832191356,31.60828196252075
"SL","2026-05-12","87.1","-1.63","5.45","Imai, Tatsuya",670042,837227,"single","hit_into_play",,,,,5,"Luke Raley singles on a line drive to right fielder Cam Smith.","R","L","R","HOU","SEA","X",9,"line_drive",2,1,2026,"-0.26","-0.25",0.199923719463169,2.359519013960694,,,,0,2,"Top",197.17,101.33,,,,,4.8242097681425,-126.7625880038655,-0.4467582720239338,-3.865350865933771,29.226345680494827,-34.9737886529921,3.340239501,1.685728347,249,"98.9",16,"85.6",2327,"5.6",824197,543877,572233,514888,670623,669699,701305,694728,701358,"54.86",0.594,0.623,"0.9",1,1,0,4,10,4,"Slider",0,2,2,0,2,0,2,0,"Infield shade","Standard",271,"-0.024","0.398","69.8","7.6",,0.864,"-0.398","98.9",-2,2,0.299,0.7010000000000001,28,31,28,32,1,0,32,1,6,1,"3.28","0.26","-0.26","21.6",17.803988523728012,-10.814543131426673,32.349745020543025,35.78816329941045,36.86164556657387
"SI","2026-05-12","95.3","-1.69","5.18","Imai, Tatsuya",670042,837227,,"foul",,,,,7,,"R","L","R","HOU","SEA","S",,,2,0,2026,"-1.56","0.26",-0.5481129783703542,2.146224785872033,,,,0,2,"Top",,,,,,,6.488672421150155,-138.53069341176075,-2.6037610341426816,-21.575528785902694,35.04131417087123,-28.49459554772549,3.340239501,1.685728347,208,"75.1",49,"94.1",1931,"6",824197,543877,572233,514888,670623,669699,701305,694728,701358,"54.54",,,,,,,,10,3,"Sinker",0,2,2,0,2,0,2,0,"Infield shade","Standard",245,"0.005","-0.077","80.0","7.1",,,"0.077","88.0",-2,2,0.294,0.706,28,31,28,32,1,0,32,1,6,1,"2.29","1.56","-1.56","18.3",7.584993310343131,12.092800039372467,29.060814943725195,45.89532989052414,24.101611605984754
"SI","2026-05-12","94.8","-1.72","5.17","Imai, Tatsuya",670042,837227,,"ball",,,,,11,,"R","L","R","HOU","SEA","B",,,1,0,2026,"-1.42","0.31",-0.8379485660060524,2.9406634267621907,,,,0,2,"Top",,,,,,,5.46115409568649,-137.90612287068396,-0.6314078577042985,-19.375665596310537,33.87372320189584,-28.30695637755529,3.340239501,1.685728347,,,,"93.6",1980,"5.8",824197,543877,572233,514888,670623,669699,701305,694728,701358,"54.66",,,,,,,,10,2,"Sinker",0,2,2,0,2,0,2,0,"Infield shade","Standard",243,"-0.005","0.083",,,,,"-0.083",,-2,2,0.299,0.7010000000000001,28,31,28,32,1,0,32,1,6,1,"2.25","1.42","-1.42","18.2",,,,,
"SL","2026-05-12","87.7","-1.65","5.48","Imai, Tatsuya",670042,837227,,"ball",,,,,12,,"R","L","R","HOU","SEA","B",,,0,0,2026,"-0.2","-0.05",0.41897879882873706,3.6555516088880653,,,,0,2,"Top",,,,,,,5.2897081082444615,-127.49603048069791,2.051262452691906,-3.4186229068621703,29.482091679088622,-33.47530397691598,3.340239501,1.685728347,,,,"86.2",2219,"5.7",824197,543877,572233,514888,670623,669699,701305,694728,701358,"54.84",,,,,,,,10,1,"Slider",0,2,2,0,2,0,2,0,"Infield shade","Standard",271,"-0.003","0.043",,,,,"-0.043",,-2,2,0.302,0.698,28,31,28,32,1,0,32,1,6,1,"3.05","0.2","-0.2","25.8",,,,,
"SL","2026-05-12","86.1","-1.58","5.63","Imai, Tatsuya",668227,837227,"home_run","hit_into_play",,,,,5,"Randy Arozarena homers (4) on a fly ball to left field. Cal Raleigh scores.","R","R","R","HOU","SEA","X",,"fly_ball",2,2,2026,"-0.26","0.31",-0.1625604863355673,2.424138359408042,,,663728,0,2,"Top",23.13,89.45,,,,,3.8372703094468115,-125.2885934721816,-1.6788796620171202,-3.6615677548456995,30.24319728325044,-28.843227067628685,3.127854331,1.578543307,369,"101.7",34,"84.8",2231,"5.9",824197,543877,572233,514888,670623,669699,701305,694728,701358,"54.59",0.551,1.116,"2",1,0,3,6,9,6,"Slider",0,0,0,0,2,0,2,0,"Standard","Standard",246,"-0.165","1.085","76.5","7.5",,2.149,"-1.085","101.7",0,0,0.467,0.5329999999999999,28,31,28,31,1,0,32,1,6,1,"2.82","0.26","0.26","26.8",12.518286482326785,-23.4394563242853,25.847661340050838,30.663826021490422,42.323259413324614
"SL","2026-05-12","87.8","-1.62","5.19","Imai, Tatsuya",668227,837227,,"ball",,,,,14,,"R","R","R","HOU","SEA","B",,,1,2,2026,"-0.74","0.25",1.2469056779440288,0.6993625148704732,,,663728,0,2,"Top",,,,,,,8.317933327001487,-127.50112832540475,-4.9030359065679825,-9.868036634760708,28.95929334489079,-28.539360469209313,3.127854331,1.578543307,,,,"86.7",2167,"5.9",824197,543877,572233,514888,670623,669699,701305,694728,701358,"54.59",,,,,,,,9,5,"Slider",0,0,0,0,0,0,0,0,"Standard","Standard",258,"-0.006","0.04",,,,,"-0.04",,0,0,0.473,0.527,28,31,28,31,1,0,32,1,6,1,"2.74","0.74","0.74","22.3",,,,,
"SI","2026-05-12","95.5","-1.58","4.98","Imai, Tatsuya",668227,837227,,"foul",,,,,1,,"R","R","R","HOU","SEA","S",,,1,2,2026,"-1.58","0.46",-0.36314849121141846,2.6675620800185005,,,663728,0,2,"Top",,,,,,,6.76530151732659,-138.91005637770397,-1.2681448470572818,-21.977867005043787,34.3608972730339,-26.14464485188118,3.127854331,1.578543307,203,"73.6",37,"94.7",1819,"6.1",824197,543877,572233,514888,670623,669699,701305,694728,701358,"54.4",,,,,,,,9,4,"Sinker",0,0,0,0,0,0,0,0,"Standard","Standard",248,"0","0","73.1","6.8",,,"0","88.0",0,0,0.473,0.527,28,31,28,31,1,0,32,1,6,1,"2.06","1.58","1.58","17.1",7.879852372513354,-0.0853220549659417,23.020033962638557,29.66089737488529,30.93616499859349
"SI","2026-05-12","95","-1.64","5.17","Imai, Tatsuya",668227,837227,,"swinging_strike",,,,,1,,"R","R","R","HOU","SEA","S",,,1,1,2026,"-1.44","0.47",-0.6596870364660867,2.993225235898203,,,663728,0,2,"Top",,,,,,,5.7782623289794035,-138.21586171611,-0.8994972394667822,-19.786802024617575,33.077123383603954,-26.18305838782866,3.127854331,1.578543307,,,,"94.1",1869,"5.9",824197,543877,572233,514888,670623,669699,701305,694728,701358,"54.59",,,,,,,,9,3,"Sinker",0,0,0,0,0,0,0,0,"Standard","Standard",242,"0.009","-0.055","68.4","6.3","0.992185032",,"0.055",,0,0,0.464,0.536,28,31,28,31,1,0,32,1,6,1,"2.07","1.44","1.44","23.4",3.188052022155802,24.592584419812738,27.43754027116166,26.0883029316756,18.28091435553048
"SL","2026-05-12","89","-1.57","5.4","Imai, Tatsuya",668227,837227,,"blocked_ball",,,,,14,,"R","R","R","HOU","SEA","B",,,0,1,2026,"-0.7","0.01",0.3498252457008627,0.6335256024842262,,,663728,0,2,"Top",,,,,,,6.081891154099805,-129.25206245626413,-5.256025461091121,-9.221534176524587,30.904410729829692,-31.02520483252257,3.127854331,1.578543307,,,,"87.5",2273,"5.8",824197,543877,572233,514888,670623,669699,701305,694728,701358,"54.7",,,,,,,,9,2,"Slider",0,0,0,0,0,0,0,0,"Standard","Standard",266,"-0.003","0.024",,,,,"-0.024",,0,0,0.467,0.5329999999999999,28,31,28,31,1,0,32,1,6,1,"2.91","0.7","0.7","25.0",,,,,
"SI","2026-05-12","94.2","-1.62","5.19","Imai, Tatsuya",668227,837227,,"called_strike",,,,,6,,"R","R","R","HOU","SEA","S",,,0,0,2026,"-1.4","0.56",0.5822164276214081,2.20494735923514,,,663728,0,2,"Top",,,,,,,8.701301353737128,-136.9078656139776,-3.0555529094920706,-19.525711765458052,32.107321743588464,-24.609776132500773,3.127854331,1.578543307,,,,"93.1",1932,"5.9",824197,543877,572233,514888,670623,669699,701305,694728,701358,"54.65",,,,,,,,9,1,"Sinker",0,0,0,0,0,0,0,0,"Standard","Standard",246,"0.005","-0.041",,,,,"0.041",,0,0,0.462,0.538,28,31,28,31,1,0,32,1,6,1,"2.02","1.4","1.4","21.3",,,,,
"SI","2026-05-12","95.2","-1.73","5.13","Imai, Tatsuya",663728,837227,"walk","ball",,,,,14,"Cal Raleigh walks.","R","L","R","HOU","SEA","B",,,3,1,2026,"-1.63","0.32",0.6054088524307162,1.1181770649203349,,,,0,2,"Top",,,,,,,9.691465861300323,-138.19427034566235,-5.256530405746068,-23.077509667507016,33.35620145391414,-27.050285626322623,3.282316273,1.656496063,,,,"94.1",1973,"6",824197,543877,572233,514888,670623,669699,701305,694728,701358,"54.53",,0.697886,"0.7",1,0,0,,8,5,"Sinker",0,0,0,0,0,0,0,0,"Infield shade","Standard",244,"-0.023","0.26",,,,,"-0.26",,0,0,0.485,0.515,28,29,28,30,1,0,32,1,6,1,"2.23","1.63","-1.63","17.7",,,,,
"SL","2026-05-12","86.8","-1.59","5.37","Imai, Tatsuya",663728,837227,,"ball",,,,,11,,"R","L","R","HOU","SEA","B",,,2,1,2026,"-0.06","0.07",-1.193416975996981,3.948488208169504,,,,0,2,"Top",,,,,,,1.050173185383272,-126.24961948596197,2.8638415477703156,-0.9346790320003104,30.719461346758614,-32.34991320904515,3.282316273,1.656496063,,,,"85",2118,"5.6",824197,543877,572233,514888,670623,669699,701305,694728,701358,"54.92",,,,,,,,8,4,"Slider",0,0,0,0,0,0,0,0,"Infield shade","Standard",252,"-0.011","0.141",,,,,"-0.141",,0,0,0.496,0.504,28,29,28,30,1,0,32,1,6,1,"3","0.06","-0.06","21.9",,,,,
"SI","2026-05-12","95.7","-1.58","5.27","Imai, Tatsuya",663728,837227,,"ball",,,,,12,,"R","L","R","HOU","SEA","B",,,1,1,2026,"-1.38","0.63",0.9329329145405596,2.807099887027431,,,,0,2,"Top",,,,,,,9.635745863451621,-139.03599045648718,-2.1120032661633408,-20.085827713517368,32.82311838997288,-23.683177002134617,3.282316273,1.656496063,,,,"94.8",1864,"5.9",824197,543877,572233,514888,670623,669699,701305,694728,701358,"54.55",,,,,,,,8,3,"Sinker",0,0,0,0,0,0,0,0,"Infield shade","Standard",237,"-0.005","0.063",,,,,"-0.063",,0,0,0.501,0.499,28,29,28,30,1,0,32,1,6,1,"1.87","1.38","-1.38","20.7",,,,,
"SI","2026-05-12","93.7","-1.51","5.42","Imai, Tatsuya",663728,837227,,"foul",,,,,2,,"R","L","R","HOU","SEA","S",,,1,0,2026,"-1.56","0.43",0.06822182557501622,3.123010127448042,,,,0,2,"Top",,,,,,,7.426326017547087,-136.17115628525988,-0.9288652058054778,-21.02620413982021,33.005776547542,-26.85108430338653,3.282316273,1.656496063,,,,"92.2",1792,"5.7",824197,543877,572233,514888,670623,669699,701305,694728,701358,"54.8",,,,,,,,8,2,"Sinker",0,0,0,0,0,0,0,0,"Infield shade","Standard",242,"0.005","-0.056","78.9","7.5",,,"0.056",,0,0,0.496,0.504,28,29,28,30,1,0,32,1,6,1,"2.19","1.56","-1.56","22.2",15.176550582845039,4.6202819462200875,34.6590342462251,31.94695628265763,29.266215783310972
"SI","2026-05-12","93.7","-1.51","5.32","Imai, Tatsuya",663728,837227,,"ball",,,,,9,,"R","L","R","HOU","SEA","B",,,0,0,2026,"-1.54","0.39",0.2895816449938502,1.5771507290467617,,,,0,2,"Top",,,,,,,7.929091527317624,-136.09277610533888,-4.47192510052752,-20.900154536280727,32.20584939812415,-26.437168857162533,3.282316273,1.656496063,,,,"92.1",1871,"5.6",824197,543877,572233,514888,670623,669699,701305,694728,701358,"54.87",,,,,,,,8,1,"Sinker",0,0,0,0,0,0,0,0,"Infield shade","Standard",245,"-0.004","0.043",,,,,"-0.043",,0,0,0.5,0.5,28,29,28,30,1,0,32,1,6,1,"2.23","1.54","-1.54","17.5",,,,,
"SI","2026-05-12","95.5","-1.63","5.27","Imai, Tatsuya",647304,837227,"field_out","hit_into_play",,,,,8,"Josh Naylor grounds out, pitcher Tatsuya Imai to first baseman Christian Walker.","R","L","R","HOU","SEA","X",1,"ground_ball",2,2,2026,"-1.7","0.51",-0.08846941641146722,1.7335123218771937,,,,2,1,"Top",123.11,183.01,,,,,7.82735971759938,-138.7558544129052,-4.541738685201104,-23.71397459291134,33.823192747680324,-24.674617452346222,3.110301837,1.569685039,8,"102",-11,"94.3",1995,"5.9",824197,543877,572233,514888,670623,669699,701305,694728,701358,"54.61",0.203,0.183,"0",1,0,0,2,3,6,"Sinker",0,0,0,0,0,0,0,0,"Infield shade","Standard",239,"0.008","-0.219","73.7","7.1",,0.215,"0.219","102.0",0,0,0.54,0.45999999999999996,28,29,28,29,1,0,32,1,6,1,"2.01","1.7","-1.7","18.2",-8.283372835466714,4.639843288828832,38.164781219173506,34.94818800426532,13.261413555867946
"SI","2026-05-12","96.3","-1.46","5.26","Imai, Tatsuya",647304,837227,,"ball",,,,,14,,"R","L","R","HOU","SEA","B",,,1,2,2026,"-1.4","0.57",1.1944791638668166,1.7045946666882146,,,,2,1,"Top",,,,,,,10.092718616891986,-139.85128372683823,-4.899888289036113,-20.70904020403767,32.93478602681935,-23.66325336054924,3.110301837,1.569685039,,,,"95.3",1991,"5.9",824197,543877,572233,514888,670623,669699,701305,694728,701358,"54.58",,,,,,,,3,5,"Sinker",0,0,0,0,0,0,0,0,"Infield shade","Standard",243,"-0.001","0.041",,,,,"-0.041",,0,0,0.541,0.45899999999999996,28,29,28,29,1,0,32,1,6,1,"1.9","1.4","-1.4","20.2",,,,,
"SI","2026-05-12","95.6","-1.62","5.39","Imai, Tatsuya",647304,837227,,"ball",,,,,11,,"R","L","R","HOU","SEA","B",,,0,2,2026,"-1.68","0.34",-1.44809955672168,3.7095469360016775,,,,2,1,"Top",,,,,,,4.2603982164898495,-139.13497777442785,0.6281538998960313,-22.643197909314452,34.97999812930538,-28.200896293504993,3.110301837,1.569685039,,,,"94.2",1955,"5.8",824197,543877,572233,514888,670623,669699,701305,694728,701358,"54.74",,,,,,,,3,4,"Sinker",0,0,0,0,0,0,0,0,"Infield shade","Standard",239,"-0.001","0.026",,,,,"-0.026",,0,0,0.542,0.45799999999999996,28,29,28,29,1,0,32,1,6,1,"2.18","1.68","-1.68","20.1",,,,,
"SL","2026-05-12","88.3","-1.45","5.6","Imai, Tatsuya",647304,837227,,"foul",,,,,13,,"R","L","R","HOU","SEA","S",,,0,2,2026,"-0.95","0.27",-0.013251437876439343,1.351418224571991,,,,2,1,"Top",,,,,,,5.3943284317746825,-128.3142632779882,-4.422899026929962,-11.671220517547066,31.11335398246257,-28.377727331093446,3.110301837,1.569685039,2,"19.4",-28,"86.6",2326,"5.7",824197,543877,572233,514888,670623,669699,701305,694728,701358,"54.84",,,,,,,,3,3,"Slider",0,0,0,0,0,0,0,0,"Infield shade","Standard",259,"0","0","67.0","8.4",,,"0","88.0",0,0,0.542,0.45799999999999996,28,29,28,29,1,0,32,1,6,1,"2.7","0.95","-0.95","25.1",17.20565311481313,-18.207314803716628,38.91897838027034,33.950839396716646,26.95714764266687
"SL","2026-05-12","87","-1.54","5.6","Imai, Tatsuya",647304,837227,,"foul",,,,,6,,"R","L","R","HOU","SEA","S",,,0,1,2026,"-0.8","0.7",0.3474720995741786,2.3126901801418076,,,,2,1,"Top",,,,,,,6.052815370380768,-126.38584429538717,-2.8002532307147434,-9.868346444347589,30.520792999939058,-24.39255345602352,3.110301837,1.569685039,105,"50.5",29,"85.3",2291,"5.7",824197,543877,572233,514888,670623,669699,701305,694728,701358,"54.81",,,,,,,,3,2,"Slider",0,0,0,0,0,0,0,0,"Infield shade","Standard",261,"0.002","-0.061","72.9","8.5",,,"0.061","88.0",0,0,0.54,0.45999999999999996,28,29,28,29,1,0,32,1,6,1,"2.37","0.8","-0.8","27.7",28.48070669156647,-39.29742010131854,33.07203236922487,29.715727135682847,47.30762979432474
"SL","2026-05-12","86.8","-1.45","5.57","Imai, Tatsuya",647304,837227,,"foul",,,,,7,,"R","L","R","HOU","SEA","S",,,0,0,2026,"-0.59","-0.05",-0.3930372001657336,1.5143131455530257,,,,2,1,"Top",,,,,,,3.670518712707744,-126.18055443306494,-3.014767166423609,-7.113585727002028,31.134658102757086,-32.163350002418305,3.110301837,1.569685039,26,"22.1",60,"84.9",2167,"5.6",824197,543877,572233,514888,670623,669699,701305,694728,701358,"54.93",,,,,,,,3,1,"Slider",0,0,0,0,0,0,0,0,"Infield shade","Standard",254,"0.002","-0.043","70.1","8.0",,,"0.043","88.0",0,0,0.538,0.46199999999999997,28,29,28,29,1,0,32,1,6,1,"3.13","0.59","-0.59","24.7",15.070430702651683,-3.4542101701460783,33.35595435858034,38.23050140117586,24.713541841806663
"SI","2026-05-12","93.8","-1.48","5.29","Imai, Tatsuya",677594,837227,"strikeout","called_strike",,,,,9,"Julio Rodríguez called out on strikes.","R","R","R","HOU","SEA","S",2,,3,2,2026,"-1.43","0.65",0.34471149402921486,2.1136096438462717,,,,1,1,"Top",,,,,,,7.785051088631049,-136.36403755684796,-3.6618460166856313,-19.552859914493045,32.589889065742604,-23.400601712038014,3.377977362,1.704773622,,,,"92.5",1955,"5.8",824197,543877,572233,514888,670623,669699,701305,694728,701358,"54.73",,0,"0",1,0,0,,2,6,"Sinker",0,0,0,0,0,0,0,0,"Standard","Standard",240,"0.02","-0.344",,,,,"0.344",,0,0,0.518,0.482,28,25,28,26,1,0,32,1,6,1,"1.96","1.43","1.43","18.5",,,,,
"SL","2026-05-12","87.2","-1.36","5.61","Imai, Tatsuya",677594,837227,,"ball",,,,,14,,"R","R","R","HOU","SEA","B",,,2,2,2026,"-0.4","0.35",0.7808318535637494,1.2515267059975517,,,,1,1,"Top",,,,,,,5.844265442753362,-126.71485651551765,-4.614335012786427,-5.639151098974358,31.44094301539943,-27.586729537117648,3.377977362,1.704773622,,,,"85.5",2269,"5.8",824197,543877,572233,514888,670623,669699,701305,694728,701358,"54.72",,,,,,,,2,5,"Slider",0,0,0,0,0,0,0,0,"Standard","Standard",258,"-0.006","0.111",,,,,"-0.111",,0,0,0.524,0.476,28,25,28,26,1,0,32,1,6,1,"2.71","0.4","0.4","26.8",,,,,
"SL","2026-05-12","87","-1.38","5.63","Imai, Tatsuya",677594,837227,,"ball",,,,,14,,"R","R","R","HOU","SEA","B",,,1,2,2026,"-0.47","-0.05",0.8751673946317297,1.2532007409914159,,,,1,1,"Top",,,,,,,6.239225531815565,-126.35123286606857,-3.7992799820406353,-6.496827462986955,30.35691741982863,-31.994048822515154,3.377977362,1.704773622,,,,"85.1",2143,"5.6",824197,543877,572233,514888,670623,669699,701305,694728,701358,"54.92",,,,,,,,2,4,"Slider",0,0,0,0,0,0,0,0,"Standard","Standard",269,"-0.003","0.052",,,,,"-0.052",,0,0,0.527,0.473,28,25,28,26,1,0,32,1,6,1,"3.12","0.47","0.47","27.1",,,,,
"SL","2026-05-12","84.3","-1.53","5.75","Imai, Tatsuya",677594,837227,,"foul",,,,,1,,"R","R","R","HOU","SEA","S",,,1,1,2026,"-0.1","0.06",-0.7619123954693698,3.2510681254093248,,,,1,1,"Top",,,,,,,1.9216896097834608,-122.51410628391918,0.9060589352823969,-1.5111486102266733,34.34935091432909,-32.17907451276383,3.377977362,1.704773622,173,"60.7",29,"81.5",2136,"5.4",824197,543877,572233,514888,670623,669699,701305,694728,701358,"55.06",,,,,,,,2,3,"Slider",0,0,0,0,0,0,0,0,"Standard","Standard",280,"0.004","-0.072","63.5","5.7",,,"0.072","88.0",0,0,0.523,0.477,28,25,28,26,1,0,32,1,6,1,"3.27","0.1","0.1","27.0",-8.175734471368537,19.95150329391272,23.966190384362054,29.99726956660466,19.3916661000776
"SL","2026-05-12","85.2","-1.47","5.66","Imai, Tatsuya",677594,837227,,"swinging_strike",,,,,8,,"R","R","R","HOU","SEA","S",,,1,0,2026,"-0.6","0.24",-0.1086762027507786,1.7954012968501907,,,,1,1,"Top",,,,,,,4.313806838118732,-123.74348271043776,-2.7949005442522403,-7.141388043680269,32.417477227935954,-29.281862483193414,3.377977362,1.704773622,,,,"82.9",2242,"5.6",824197,543877,572233,514888,670623,669699,701305,694728,701358,"54.91",,,,,,,,2,2,"Slider",0,0,0,0,0,0,0,0,"Standard","Standard",257,"0.003","-0.05","82.4","8.3","4.02267408",,"0.05",,0,0,0.52,0.48,28,25,28,26,1,0,32,1,6,1,"2.99","0.6","0.6","26.8",21.946816800251916,-23.587940576360158,36.450663040015165,37.65801643575805,51.28267713249146
"SL","2026-05-12","84.8","-1.61","5.65","Imai, Tatsuya",677594,837227,,"ball",,,,,13,,"R","R","R","HOU","SEA","B",,,0,0,2026,"-0.65","0.42",-0.8922855559285708,1.8983394341975703,,,,1,1,"Top",,,,,,,2.9276373264999207,-123.35941420694463,-2.865915923099212,-7.19212464381576,30.585932685211965,-27.4964431981994,3.377977362,1.704773622,,,,"82.6",2135,"5.4",824197,543877,572233,514888,670623,669699,701305,694728,701358,"55.13",,,,,,,,2,1,"Slider",0,0,0,0,0,0,0,0,"Standard","Standard",254,"-0.002","0.041",,,,,"-0.041",,0,0,0.522,0.478,28,25,28,26,1,0,32,1,6,1,"2.81","0.65","0.65","25.8",,,,,
"SL","2026-05-12","84.8","-1.46","5.68","Imai, Tatsuya",680977,837227,"field_out","hit_into_play",,,,,5,"Brendan Donovan grounds out, second baseman Jose Altuve to first baseman Christian Walker.","R","L","R","HOU","SEA","X",4,"ground_ball",1,1,2026,"-0.33","-0.02",-0.13937958120768662,2.242606851354664,,,,0,1,"Top",148.97,152.09,,,,,3.6486463989637286,-123.36354282102849,-1.3071188026668488,-4.169552162943238,29.754302763272737,-32.33035493514945,3.159448819,1.594488189,85,"100.3",4,"82.7",2188,"5.4",824197,543877,572233,514888,670623,669699,701305,694728,701358,"55.12",0.54,0.503,"0",1,0,0,4,1,3,"Slider",0,0,0,0,0,0,0,0,"Infield shade","Standard",274,"0.021","-0.248","73.3","7.4",,0.61,"0.248","100.3",0,0,0.501,0.499,28,29,28,29,1,0,32,1,6,1,"3.25","0.33","-0.33","25.7",12.16755724225645,-8.261893234238618,28.283302280619015,39.304805534421035,28.746102332040984
"SI","2026-05-12","93.1","-1.58","5.49","Imai, Tatsuya",680977,837227,,"called_strike",,,,,2,,"R","L","R","HOU","SEA","S",,,1,0,2026,"-1.36","0.76",0.1615589077867492,2.90165416072258,,,,0,1,"Top",,,,,,,7.33450861556965,-135.35675360234032,-2.3089256633321114,-18.36627589557602,32.19356367462917,-22.523600480748872,3.159448819,1.594488189,,,,"91.5",2057,"5.6",824197,543877,572233,514888,670623,669699,701305,694728,701358,"54.92",,,,,,,,1,2,"Sinker",0,0,0,0,0,0,0,0,"Infield shade","Standard",240,"0.005","-0.056",,,,,"0.056",,0,0,0.496,0.504,28,29,28,29,1,0,32,1,6,1,"1.89","1.36","-1.36","19.4",,,,,
"SI","2026-05-12","93","-1.51","5.59","Imai, Tatsuya",680977,837227,,"ball",,,,,11,,"R","L","R","HOU","SEA","B",,,0,0,2026,"-1.45","0.69",-1.2351598928326348,2.899714587816618,,,,0,1,"Top",,,,,,,3.868482606416171,-135.30244004892506,-2.370927999403194,-18.552385609005405,33.00421743079428,-23.41778283948061,3.159448819,1.594488189,,,,"91.2",1944,"5.5",824197,543877,572233,514888,670623,669699,701305,694728,701358,"55.04",,,,,,,,1,1,"Sinker",0,0,0,0,0,0,0,0,"Infield shade","Standard",238,"-0.004","0.043",,,,,"-0.043",,0,0,0.5,0.5,28,29,28,29,1,0,32,1,6,1,"1.97","1.45","-1.45","22.9",,,,,
"FF","2026-04-10","94.4","-1.99","5.08","Imai, Tatsuya",702284,837227,"walk","ball",,,,,12,"Cole Young walks.","R","L","R","SEA","HOU","B",,,3,2,2026,"-0.91","0.61",1.4870887878481653,2.4048721035313827,647304,668227,,1,1,"Bot",,,,,,,10.910412291008535,-137.1182557702896,-2.4291944823693363,-13.938816506845095,31.066743199377925,-24.086916259657926,3.133120079,1.581200787,,,,"93.6",1880,"6",823156,543877,572233,670623,621043,665161,670541,694388,701358,"54.55",,0.697886,"0.7",1,0,0,,10,7,"4-Seam Fastball",3,0,3,0,0,3,3,0,"Strategic","Standard",240,"0.004","0.195",,,,,"-0.195",,3,3,0.853,0.853,28,22,28,23,1,0,6,2,32,1,"1.96","0.91","-0.91","21.0",,,,,
"SL","2026-04-10","87.1","-2.03","5.36","Imai, Tatsuya",702284,837227,,"ball",,,,,11,,"R","L","R","SEA","HOU","B",,,2,2,2026,"-0.31","-0.46",-1.6753394062029954,2.590276124824969,647304,668227,,1,1,"Bot",,,,,,,1.4738304867931367,-126.87112894815041,0.6369680708916485,-3.6038336796045902,25.994414842486535,-37.49179187296677,3.133120079,1.581200787,,,,"86.2",2130,"5.7",823156,543877,572233,670623,621043,665161,670541,694388,701358,"54.81",,,,,,,,10,6,"Slider",3,0,3,0,0,3,3,0,"Strategic","Standard",251,"0.007","0.042",,,,,"-0.042",,3,3,0.846,0.846,28,22,28,23,1,0,6,2,32,1,"3.46","0.31","-0.31","25.5",,,,,
"SL","2026-04-10","86.7","-1.9","5.29","Imai, Tatsuya",702284,837227,,"blocked_ball",,,,,14,,"R","L","R","SEA","HOU","B",,,1,2,2026,"-1.44","0.54",0.9987505703747861,0.09275406706986855,647304,668227,,1,1,"Bot",,,,,,,9.713110481255374,-125.66786189806018,-6.895793678653866,-17.36226777443135,28.031944325669016,-25.12090261980895,3.133120079,1.581200787,,,,"85.3",2177,"5.8",823156,543877,572233,670623,621043,665161,670541,694388,701358,"54.7",,,,,,,,10,5,"Slider",3,0,3,0,0,3,3,0,"Strategic","Standard",261,"0.007","0.03",,,,,"-0.03",,3,3,0.839,0.839,28,22,28,23,1,0,6,2,32,1,"2.54","1.44","-1.44","24.2",,,,,
"FF","2026-04-10","94.1","-1.84","5.21","Imai, Tatsuya",702284,837227,,"foul",,,,,3,,"R","L","R","SEA","HOU","S",,,1,2,2026,"-0.84","0.99",0.7581977047636999,3.14706715930856,647304,668227,,1,1,"Bot",,,,,,,8.473975453357411,-136.66717074330316,-1.6006759549167873,-12.58171827305645,34.045174056782905,-19.691071684587456,3.133120079,1.581200787,119,"66.5",74,"92.8",1738,"5.9",823156,543877,572233,670623,621043,665161,670541,694388,701358,"54.59",,,,,,,,10,4,"4-Seam Fastball",3,0,3,0,0,3,3,0,"Strategic","Standard",239,"0","0","65.9","5.9",,,"0","88.0",3,3,0.839,0.839,28,22,28,23,1,0,6,2,32,1,"1.62","0.84","-0.84","23.4",5.454191190278321,-5.265464093519512,27.976242823935184,20.710712181293125,30.699264406054034
"FF","2026-04-10","93.7","-1.87","5.28","Imai, Tatsuya",702284,837227,,"ball",,,,,12,,"R","L","R","SEA","HOU","B",,,0,2,2026,"-0.91","1.04",1.257441484789365,2.691846146934,647304,668227,,1,1,"Bot",,,,,,,9.885237366330589,-136.00914387136964,-2.9849239685894977,-13.55796975494949,32.64590380624378,-18.868227538643808,3.133120079,1.581200787,,,,"92.3",1872,"5.8",823156,543877,572233,670623,621043,665161,670541,694388,701358,"54.68",,,,,,,,10,3,"4-Seam Fastball",3,0,3,0,0,3,3,0,"Strategic","Standard",243,"0.004","0.005",,,,,"-0.005",,3,3,0.835,0.835,28,22,28,23,1,0,6,2,32,1,"1.59","0.91","-0.91","25.0",,,,,
"FF","2026-04-10","93.7","-1.82","5.29","Imai, Tatsuya",702284,837227,,"foul",,,,,9,,"R","L","R","SEA","HOU","S",,,0,1,2026,"-1.3","0.85",0.33561582832825665,1.8722720069784362,647304,668227,,1,1,"Bot",,,,,,,8.331902956620047,-136.14046505053872,-4.677434254654041,-18.12715159901116,33.223828531780725,-20.748836737437728,3.133120079,1.581200787,,,,"92.2",2023,"5.7",823156,543877,572233,670623,621043,665161,670541,694388,701358,"54.76",,,,,,,,10,2,"4-Seam Fastball",3,0,3,0,0,3,3,0,"Strategic","Standard",237,"-0.011","-0.065","77.5","6.9",,,"0.065",,3,3,0.846,0.846,28,22,28,23,1,0,6,2,32,1,"1.78","1.3","-1.3","22.3",6.280845486684405,-5.736861532539525,40.435582103666825,24.445642591133446,30.281098144470644
"FF","2026-04-10","93.2","-2.01","5.18","Imai, Tatsuya",702284,837227,,"foul",,,,,4,,"R","L","R","SEA","HOU","S",,,0,0,2026,"-1.18","0.92",-0.5927939657329633,2.2106506516374598,647304,668227,,1,1,"Bot",,,,,,,6.176473638189705,-135.4459425381446,-3.5827684898199372,-15.937294788673077,34.19894097935714,-20.27965533651345,3.133120079,1.581200787,175,"71.7",59,"91.6",1897,"5.8",823156,543877,572233,670623,621043,665161,670541,694388,701358,"54.75",,,,,,,,10,1,"4-Seam Fastball",3,0,3,0,0,3,3,0,"Strategic","Standard",242,"-0.006","-0.063","70.1","7.1",,,"0.063","88.0",3,3,0.852,0.852,28,22,28,23,1,0,6,2,32,1,"1.74","1.18","-1.18","18.6",0.8255806573294726,3.0846904619589104,30.826317970773026,36.28696544260674,27.18578010176337
"SL","2026-04-10","86.1","-2.04","5.35","Imai, Tatsuya",670042,837227,"field_out","hit_into_play",,,,,7,"Mariners challenged (tag play), call on the field was overturned: Luke Raley grounds out, second baseman Isaac Paredes to first baseman Christian Walker. Julio Rodríguez scores. Josh Naylor to 3rd. Randy Arozarena to 2nd.","R","L","R","SEA","HOU","X",4,"ground_ball",2,1,2026,"0","0.15",-0.4365019746706727,2.156260911710512,677594,647304,668227,0,1,"Bot",141.36,161.72,,,,,3.714644884245929,-125.25759324213335,-1.332294874911331,-0.8518301632349022,29.35705195240685,-30.524768111407568,3.340239501,1.685728347,3,"58.8",-41,"84.7",2243,"5.7",823156,543877,572233,670623,621043,665161,670541,694388,701358,"54.76",0.18,0.164,"0",1,0,0,1,9,4,"Slider",2,0,2,0,0,3,3,0,"Standard","Standard",271,"0.008","-0.279","73.3","8.2",,0.183,"0.279","88.0",2,2,0.844,0.844,28,31,28,32,1,0,6,2,32,1,"2.96","0","0","23.6",22.97854238833204,-24.455376568069614,33.97212633507178,42.38407319042766,44.15940266340782
"SL","2026-04-10","85","-1.92","5.46","Imai, Tatsuya",670042,837227,,"called_strike",,,,,7,,"R","L","R","SEA","HOU","S",,,2,0,2026,"-0.14","0.36",-0.6452652470526177,2.141066622471066,677594,647304,668227,0,1,"Bot",,,,,,,3.1779702854912495,-123.40711230949377,-1.6432834128410634,-2.285021182356131,35.473986478758334,-28.46464096224901,3.340239501,1.685728347,,,,"82.3",2106,"5.6",823156,543877,572233,670623,621043,665161,670541,694388,701358,"54.86",,,,,,,,9,3,"Slider",2,0,2,0,0,2,2,0,"Standard","Standard",286,"-0.009","-0.094",,,,,"0.094",,2,2,0.853,0.853,28,31,28,32,1,0,6,2,32,1,"2.93","0.14","-0.14","29.4",,,,,
"FF","2026-04-10","92.9","-1.99","5.28","Imai, Tatsuya",670042,837227,,"ball",,,,,13,,"R","L","R","SEA","HOU","B",,,1,0,2026,"-1.17","0.65",-0.9135383029208637,2.1669765831695713,677594,647304,668227,0,1,"Bot",,,,,,,5.253973017408425,-135.13506074692827,-3.316099539671761,-15.478513428840722,33.577038294690716,-23.693673416256278,3.340239501,1.685728347,,,,"91.2",1983,"5.6",823156,543877,572233,670623,621043,665161,670541,694388,701358,"54.89",,,,,,,,9,2,"4-Seam Fastball",2,0,2,0,0,2,2,0,"Standard","Standard",240,"0.009","0.088",,,,,"-0.088",,2,2,0.844,0.844,28,31,28,32,1,0,6,2,32,1,"2.02","1.17","-1.17","23.0",,,,,
"SL","2026-04-10","85.6","-1.87","5.4","Imai, Tatsuya",670042,837227,,"ball",,,,,11,,"R","L","R","SEA","HOU","B",,,0,0,2026,"-0.19","0.13",-0.9343807860859802,3.3321459905830846,677594,647304,668227,0,1,"Bot",,,,,,,2.554596612177203,-124.40522634774834,1.461561572721812,-2.6009083819963483,31.57853297086984,-31.489542858874707,3.340239501,1.685728347,,,,"83.8",2053,"5.8",823156,543877,572233,670623,621043,665161,670541,694388,701358,"54.75",,,,,,,,9,1,"Slider",2,0,2,0,0,2,2,0,"Standard","Standard",290,"0.005","0.029",,,,,"-0.029",,2,2,0.839,0.839,28,31,28,32,1,0,6,2,32,1,"3.06","0.19","-0.19","26.8",,,,,
"SL","2026-04-10","85.4","-1.85","5.42","Imai, Tatsuya",668227,837227,"hit_by_pitch","hit_by_pitch",,,,,11,"Randy Arozarena hit by pitch. Cal Raleigh scores. Julio Rodríguez to 3rd. Josh Naylor to 2nd.","R","R","R","SEA","HOU","B",,,1,2,2026,"-0.6","0.26",-1.1575818155034594,3.5325202576369716,663728,677594,647304,0,1,"Bot",,,,,,,2.7997838081459783,-124.35380729160181,1.4372530005592654,-6.830151546204416,25.140003246851453,-29.96916843370709,3.127854331,1.578543307,,,,"84.4",2064,"5.6",823156,543877,572233,670623,621043,665161,670541,694388,701358,"54.86",,0.7288,"0.7",1,0,0,,8,4,"Slider",1,0,1,0,0,2,2,0,"Standard","Standard",264,"0.076","0.481",,,,,"-0.481",,1,1,0.763,0.763,28,31,28,31,1,0,6,2,32,1,"2.86","0.6","0.6","26.1",,,,,
"SL","2026-04-10","87.4","-1.91","5.35","Imai, Tatsuya",668227,837227,,"swinging_strike",,,,,14,,"R","R","R","SEA","HOU","S",,,1,1,2026,"-0.79","0.04",0.7876080233905086,0.9882843868287092,663728,677594,647304,0,1,"Bot",,,,,,,7.968788431689165,-127.04292757390054,-4.187599250306861,-10.11794397353828,24.64184951523968,-31.053977219155676,3.127854331,1.578543307,,,,"86.7",2161,"5.8",823156,543877,572233,670623,621043,665161,670541,694388,701358,"54.74",,,,,,,,8,3,"Slider",1,0,1,0,0,1,1,0,"Standard","Standard",266,"-0.013","-0.047","75.5","8.5","6.727133952",,"0.047",,1,1,0.776,0.776,28,31,28,31,1,0,6,2,32,1,"2.93","0.79","0.79","25.8",17.842479367895393,-21.385319359612417,30.550114327613553,41.30546000622168,44.25124832612332
"FF","2026-04-10","94.6","-1.93","5.28","Imai, Tatsuya",668227,837227,,"ball",,,,,14,,"R","R","R","SEA","HOU","B",,,0,1,2026,"-1.05","0.69",1.1000630212352427,1.6652614751594577,663728,677594,647304,0,1,"Bot",,,,,,,10.039174122825374,-137.4982555169904,-5.099083788783178,-15.385391037143863,26.841576236916005,-22.497921423935363,3.127854331,1.578543307,,,,"93.9",1903,"5.7",823156,543877,572233,670623,621043,665161,670541,694388,701358,"54.84",,,,,,,,8,2,"4-Seam Fastball",1,0,1,0,0,1,1,0,"Standard","Standard",239,"0.005","0.003",,,,,"-0.003",,1,1,0.771,0.771,28,31,28,31,1,0,6,2,32,1,"1.84","1.05","1.05","23.0",,,,,
"FF","2026-04-10","93.7","-2.08","5.22","Imai, Tatsuya",668227,837227,,"foul",,,,,5,,"R","R","R","SEA","HOU","S",,,0,0,2026,"-0.92","0.61",0.1893755242161036,2.392407804147169,663728,677594,647304,0,1,"Bot",,,,,,,7.770198668679486,-136.3159594776562,-2.7372412340145322,-13.188493218216774,29.408338941309893,-24.1939878509895,3.127854331,1.578543307,315,"94.7",40,"92.9",1876,"5.8",823156,543877,572233,670623,621043,665161,670541,694388,701358,"54.71",,,,,,,,8,1,"4-Seam Fastball",1,0,1,0,0,1,1,0,"Standard","Standard",240,"-0.007","-0.045","70.0","6.7",,,"0.045","94.7",1,1,0.778,0.778,28,31,28,31,1,0,6,2,32,1,"1.99","0.92","0.92","20.6",7.403590084591957,25.58444460574501,29.44535670536617,35.50759281063164,17.464629665231442
"SL","2026-04-10","86.8","-2.01","5.39","Imai, Tatsuya",647304,837227,"walk","ball",,,,,11,"Josh Naylor walks.","R","L","R","SEA","HOU","B",,,3,2,2026,"-0.06","0.1",-0.4217619660968548,4.118378167050306,663728,677594,,0,1,"Bot",,,,,,,3.8368157884022236,-126.26684881581642,3.055011422827853,-1.4587496767052495,26.77317482141169,-31.98175619574308,3.110301837,1.569685039,,,,"85.7",2240,"5.7",823156,543877,572233,670623,621043,665161,670541,694388,701358,"54.83",,0.697886,"0.7",1,0,0,,7,7,"Slider",1,0,1,0,0,1,1,0,"Strategic","Standard",279,"0.015","0.232",,,,,"-0.232",,1,1,0.763,0.763,28,29,28,29,1,0,6,3,32,1,"2.94","0.06","-0.06","26.3",,,,,
"SL","2026-04-10","87.5","-1.9","5.37","Imai, Tatsuya",647304,837227,,"blocked_ball",,,,,13,,"R","L","R","SEA","HOU","B",,,2,2,2026,"-1.45","0.37",-0.2712937895745753,0.32304266212354893,663728,677594,,0,1,"Bot",,,,,,,6.818656191581113,-127.0582106609398,-6.4136890714854475,-17.114216187895313,28.165380479755232,-26.92111510280794,3.110301837,1.569685039,,,,"86.1",2075,"5.7",823156,543877,572233,670623,621043,665161,670541,694388,701358,"54.81",,,,,,,,7,6,"Slider",1,0,1,0,0,1,1,0,"Strategic","Standard",267,"0.009","0.076",,,,,"-0.076",,1,1,0.754,0.754,28,29,28,29,1,0,6,3,32,1,"2.64","1.45","-1.45","24.4",,,,,
"FF","2026-04-10","95.3","-2","5.23","Imai, Tatsuya",647304,837227,,"foul",,,,,11,,"R","L","R","SEA","HOU","S",,,2,2,2026,"-0.86","0.93",-0.37616785005438846,4.317041567448294,663728,677594,,0,1,"Bot",,,,,,,6.126075127858503,-138.58529836454193,1.2772233208191779,-12.495265547160656,32.52465554273807,-20.8209204304484,3.110301837,1.569685039,185,"82.9",67,"94.2",1847,"5.8",823156,543877,572233,670623,621043,665161,670541,694388,701358,"54.71",,,,,,,,7,5,"4-Seam Fastball",1,0,1,0,0,1,1,0,"Strategic","Standard",236,"0","0","61.3","5.8",,,"0","88.0",1,1,0.754,0.754,28,29,28,29,1,0,6,3,32,1,"1.6","0.86","-0.86","23.2",-2.4859083472166628,20.9351818170183,8.36363791718236,37.501095023691406,12.309235017875752
"SL","2026-04-10","86.5","-1.91","5.44","Imai, Tatsuya",647304,837227,,"ball",,,,,11,,"R","L","R","SEA","HOU","B",,,1,2,2026,"-0.33","0.44",-1.185638047327477,3.686633311686722,663728,677594,,0,1,"Bot",,,,,,,2.364213662671141,-125.72453127157718,1.4356374966001741,-4.0792626035580755,32.170390839944986,-28.287964494222276,3.110301837,1.569685039,,,,"84.5",2151,"5.6",823156,543877,572233,670623,621043,665161,670541,694388,701358,"54.88",,,,,,,,7,4,"Slider",1,0,1,0,0,1,1,0,"Strategic","Standard",275,"0.006","0.03",,,,,"-0.03",,1,1,0.748,0.748,28,29,28,29,1,0,6,3,32,1,"2.69","0.33","-0.33","26.7",,,,,
"SL","2026-04-10","87.1","-1.92","5.39","Imai, Tatsuya",647304,837227,,"foul",,,,,4,,"R","L","R","SEA","HOU","S",,,1,1,2026,"-0.61","0.1",-0.6312633290720756,2.2201005765938815,663728,677594,,0,1,"Bot",,,,,,,4.291475420074061,-126.80202162765488,-1.4078385511305618,-7.515213362007892,28.084985818953346,-30.9852350769812,3.110301837,1.569685039,5,"42",-26,"85.8",2279,"5.6",823156,543877,572233,670623,621043,665161,670541,694388,701358,"54.86",,,,,,,,7,3,"Slider",1,0,1,0,0,1,1,0,"Strategic","Standard",253,"-0.01","-0.068","59.4","8.6",,,"0.068","88.0",1,1,0.758,0.758,28,29,28,29,1,0,6,3,32,1,"2.92","0.61","-0.61","26.3",13.083595816556496,-36.305653536907606,24.350085681725655,41.462613772836455,42.415141367402214
"FF","2026-04-10","94.8","-1.96","5.19","Imai, Tatsuya",647304,837227,,"foul",,,,,8,,"R","L","R","SEA","HOU","S",,,1,0,2026,"-1.32","0.51",0.22765332250276704,1.7378471815403223,663728,677594,,0,1,"Bot",,,,,,,8.559484292144125,-137.80205268959446,-4.225202650715946,-18.73713431085576,32.36613890340638,-24.85247833899665,3.110301837,1.569685039,3,"77",-35,"93.7",1856,"5.8",823156,543877,572233,670623,621043,665161,670541,694388,701358,"54.67",,,,,,,,7,2,"4-Seam Fastball",1,0,1,0,0,1,1,0,"Strategic","Standard",242,"-0.004","-0.073","71.3","6.7",,,"0.073","88.0",1,1,0.762,0.762,28,29,28,29,1,0,6,3,32,1,"2.04","1.32","-1.32","23.7",-2.3918099584367782,12.504219697857907,38.267247927232724,30.8659478144377,13.449585757787988
"CH","2026-04-10","88.7","-1.79","5.16","Imai, Tatsuya",647304,837227,,"ball",,,,,14,,"R","L","R","SEA","HOU","B",,,0,0,2026,"-1.42","0.58",1.2224883207605843,-0.6583745259963691,641487,663728,677594,0,1,"Bot",,,,,,,10.177145399795984,-128.5167072494887,-8.98428396768886,-17.850605829899024,27.816840560691638,-23.892609279912293,3.110301837,1.569685039,,,,"87.7",1870,"6",823156,543877,572233,670623,621043,665161,670541,694388,701358,"54.47",,,,,,,,7,1,"Changeup",0,0,0,0,0,1,1,0,"Standard","Standard",252,"0.058","0.029",,,,,"-0.029",,0,0,0.704,0.704,28,29,28,29,1,0,6,3,32,1,"2.35","1.42","-1.42","24.4",,,,,
"FF","2026-04-10","94.9","-1.87","5.21","Imai, Tatsuya",677594,837227,"single","hit_into_play",,,,,6,"Julio Rodríguez singles on a ground ball to shortstop Jeremy Peña. J.P. Crawford to 3rd. Cal Raleigh to 2nd.","R","R","R","SEA","HOU","X",6,"ground_ball",0,2,2026,"-1.15","0.57",0.6773398528605774,2.528579493078002,,641487,663728,0,1,"Bot",113.48,155.13,,,,,9.124714223494639,-137.9699946772257,-2.4364515930731887,-16.67988518837366,30.465779430180636,-24.604244391254095,3.377977362,1.704773622,2,"80.8",-54,"94.4",1807,"6.1",823156,543877,572233,670623,621043,665161,670541,694388,701358,"54.45",0.285,0.256,"0.9",1,1,0,2,6,3,"4-Seam Fastball",0,0,0,0,0,0,0,0,"Standard","Standard",235,"0.088","0.6","74.8","7.2",,0.291,"-0.6","88.0",0,0,0.616,0.616,28,25,28,26,1,0,6,2,32,1,"1.97","1.15","1.15","28.2",4.535899285566566,17.327487157649216,26.033637707473,47.19955104712659,18.229553175298214
"FF","2026-04-10","95.5","-2.07","4.96","Imai, Tatsuya",677594,837227,,"foul",,,,,1,,"R","R","R","SEA","HOU","S",,,0,1,2026,"-0.86","1.09",-0.5256528537610299,2.965187356400389,,641487,663728,0,1,"Bot",,,,,,,5.9417450268416685,-138.9420318358202,-1.889775014060561,-12.49187245256995,35.28049980327198,-17.91084926669049,3.377977362,1.704773622,227,"77.7",45,"94.5",1840,"6",823156,543877,572233,670623,621043,665161,670541,694388,701358,"54.5",,,,,,,,6,2,"4-Seam Fastball",0,0,0,0,0,0,0,0,"Standard","Standard",242,"-0.013","-0.056","65.7","6.0",,,"0.056","88.0",0,0,0.629,0.629,28,25,28,26,1,0,6,2,32,1,"1.43","0.86","0.86","19.1",-10.063952227117337,16.332571564607424,35.97915917924453,33.01186656749249,18.00544019584715
"SL","2026-04-10","87.5","-1.97","5.37","Imai, Tatsuya",677594,837227,,"called_strike",,,,,2,,"R","R","R","SEA","HOU","S",,,0,0,2026,"-0.24","0.1",-0.17027113326794235,3.0199581693395507,,641487,663728,0,1,"Bot",,,,,,,4.747280146089281,-127.18375792237524,0.5973487756995954,-3.7484352296903762,32.51722436211031,-31.490211180881232,3.377977362,1.704773622,,,,"85.8",2191,"5.8",823156,543877,572233,670623,621043,665161,670541,694388,701358,"54.68",,,,,,,,6,1,"Slider",0,0,0,0,0,0,0,0,"Standard","Standard",263,"-0.007","-0.06",,,,,"0.06",,0,0,0.636,0.636,28,25,28,26,1,0,6,2,32,1,"2.94","0.24","0.24","28.2",,,,,
"SL","2026-04-10","86.9","-2.03","5.33","Imai, Tatsuya",663728,837227,"walk","ball",,,,,11,"Cal Raleigh walks. J.P. Crawford to 2nd.","R","L","R","SEA","HOU","B",,,3,2,2026,"-1.09","0.37",-1.5177582176910431,3.4249015050216833,,,641487,0,1,"Bot",,,,,,,3.448215764760424,-126.37668253226948,1.105441209497823,-12.314310594008681,29.932152858902764,-28.744790573624645,3.282316273,1.656496063,,,,"85.5",2082,"5.8",823156,543877,572233,670623,621043,665161,670541,694388,701358,"54.69",,0.697886,"0.7",1,0,0,,5,7,"Slider",0,0,0,0,0,0,0,0,"Infield shade","Standard",265,"0.045","0.346",,,,,"-0.346",,0,0,0.591,0.591,28,29,28,30,1,0,6,2,32,1,"2.69","1.09","-1.09","26.7",,,,,
"CH","2026-04-10","87.7","-1.91","5.31","Imai, Tatsuya",663728,837227,,"ball",,,,,13,,"R","L","R","SEA","HOU","B",,,2,2,2026,"-1.12","0.39",-2.013936836796214,2.3622563301774733,,,641487,0,1,"Bot",,,,,,,2.0969998470930906,-127.72425906881737,-1.5776547864009502,-12.643307663798149,28.403446898809403,-27.84888598864767,3.282316273,1.656496063,,,,"86.8",1941,"5.8",823156,543877,572233,670623,621043,665161,670541,694388,701358,"54.65",,,,,,,,5,6,"Changeup",0,0,0,0,0,0,0,0,"Infield shade","Standard",254,"0.013","0.095",,,,,"-0.095",,0,0,0.578,0.578,28,29,28,30,1,0,6,2,32,1,"2.59","1.12","-1.12","26.2",,,,,
"SL","2026-04-10","87.1","-1.91","5.32","Imai, Tatsuya",663728,837227,,"foul",,,,,11,,"R","L","R","SEA","HOU","S",,,2,2,2026,"-0.65","0.36",-1.029425346894139,2.615113202046425,,,641487,0,1,"Bot",,,,,,,3.4089468890146204,-126.73044154505416,-0.8249864001550948,-7.686227623991396,28.14737676776431,-28.380783140378036,3.282316273,1.656496063,229,"71.7",35,"86",2032,"5.8",823156,543877,572233,670623,621043,665161,670541,694388,701358,"54.74",,,,,,,,5,5,"Slider",0,0,0,0,0,0,0,0,"Infield shade","Standard",254,"0","0","71.2","8.1",,,"0","88.0",0,0,0.578,0.578,28,29,28,30,1,0,6,2,32,1,"2.67","0.65","-0.65","25.6",13.081697516950257,0.4820801722199296,25.910590990369027,45.85837145048323,25.465379671731753
"FF","2026-04-10","94.5","-2","5.2","Imai, Tatsuya",663728,837227,,"ball",,,,,11,,"R","L","R","SEA","HOU","B",,,1,2,2026,"-1.05","0.96",-0.5982471768025284,4.691077084449002,,,641487,0,1,"Bot",,,,,,,5.936827177538956,-137.46741981519284,2.312695596175141,-14.671875183007991,31.475479827947733,-20.807255082358793,3.282316273,1.656496063,,,,"93.6",2015,"5.8",823156,543877,572233,670623,621043,665161,670541,694388,701358,"54.65",,,,,,,,5,4,"4-Seam Fastball",0,0,0,0,0,0,0,0,"Infield shade","Standard",231,"0.005","0.04",,,,,"-0.04",,0,0,0.573,0.573,28,29,28,30,1,0,6,2,32,1,"1.6","1.05","-1.05","25.1",,,,,
"FF","2026-04-10","94","-1.96","5.32","Imai, Tatsuya",663728,837227,,"ball",,,,,11,,"R","L","R","SEA","HOU","B",,,0,2,2026,"-1.11","0.98",-0.6351563805595111,6.151721627805508,,,641487,0,1,"Bot",,,,,,,5.828872318307681,-136.6590471566871,5.716423456385295,-15.208392150636929,32.262638260235065,-21.543224973659306,3.282316273,1.656496063,,,,"92.7",1926,"5.7",823156,543877,572233,670623,621043,665161,670541,694388,701358,"54.77",,,,,,,,5,3,"4-Seam Fastball",0,0,0,0,0,0,0,0,"Infield shade","Standard",236,"0.003","0.018",,,,,"-0.018",,0,0,0.57,0.57,28,29,28,30,1,0,6,2,32,1,"1.62","1.11","-1.11","24.4",,,,,
"FF","2026-04-10","93.9","-1.87","5.22","Imai, Tatsuya",663728,837227,,"foul",,,,,4,,"R","L","R","SEA","HOU","S",,,0,1,2026,"-1.1","0.68",-0.3009454353832106,2.656752549351564,,,641487,0,1,"Bot",,,,,,,6.393429765227267,-136.5623543969366,-2.1938955325474496,-15.138853292579856,31.698652143983626,-23.45860692115868,3.282316273,1.656496063,177,"82.3",69,"92.7",1808,"5.7",823156,543877,572233,670623,621043,665161,670541,694388,701358,"54.79",,,,,,,,5,2,"4-Seam Fastball",0,0,0,0,0,0,0,0,"Infield shade","Standard",244,"-0.008","-0.05","74.9","7.8",,,"0.05","88.0",0,0,0.578,0.578,28,29,28,30,1,0,6,2,32,1,"1.92","1.1","-1.1","25.6",12.803963891238034,0.6306806496372083,32.60862724297889,36.45235415019049,28.09003535183898
"SL","2026-04-10","86.4","-1.94","5.39","Imai, Tatsuya",663728,837227,,"called_strike",,,,,3,,"R","L","R","SEA","HOU","S",,,0,0,2026,"-0.58","0.44",0.44010987017686887,2.813310432060445,,,641487,0,1,"Bot",,,,,,,6.737253787959807,-125.59819271139826,-0.5353143678610605,-7.674626169381533,29.204471157210556,-27.65943309771795,3.282316273,1.656496063,,,,"85",2289,"5.8",823156,543877,572233,670623,621043,665161,670541,694388,701358,"54.71",,,,,,,,5,1,"Slider",0,0,0,0,0,0,0,0,"Infield shade","Standard",256,"-0.005","-0.041",,,,,"0.041",,0,0,0.583,0.583,28,29,28,30,1,0,6,2,32,1,"2.65","0.58","-0.58","27.1",,,,,
"FF","2026-04-10","95.7","-1.98","5.07","Imai, Tatsuya",641487,837227,"walk","ball",,,,,11,"J.P. Crawford walks.","R","L","R","SEA","HOU","B",,,3,1,2026,"-1.01","0.9",-1.0180987148507266,2.937551890466838,,,,0,1,"Bot",,,,,,,4.787492533821477,-139.23981598125008,-1.8545929816673095,-14.262873597207095,34.137927876031746,-20.295579824919212,3.219127297,1.624606299,,,,"94.6",1914,"5.9",823156,543877,572233,670623,621043,665161,670541,694388,701358,"54.62",,0.697886,"0.7",1,0,0,,4,5,"4-Seam Fastball",0,0,0,0,0,0,0,0,"Standard","Standard",238,"0.021","0.26",,,,,"-0.26",,0,0,0.562,0.562,28,31,28,31,1,0,6,2,32,1,"1.61","1.01","-1.01","21.1",,,,,
"FF","2026-04-10","93.9","-1.88","5.22","Imai, Tatsuya",641487,837227,,"called_strike",,,,,9,,"R","L","R","SEA","HOU","S",,,3,0,2026,"-1.14","0.98",0.36877047343220726,2.108314517175625,,,,0,1,"Bot",,,,,,,8.228263570632647,-136.41978875722245,-4.258364551850049,-16.04724515925254,32.38074947486127,-19.183510434142253,3.219127297,1.624606299,,,,"92.8",1949,"5.9",823156,543877,572233,670623,621043,665161,670541,694388,701358,"54.59",,,,,,,,4,4,"4-Seam Fastball",0,0,0,0,0,0,0,0,"Standard","Standard",234,"-0.007","-0.087",,,,,"0.087",,0,0,0.569,0.569,28,31,28,31,1,0,6,2,32,1,"1.63","1.14","-1.14","24.2",,,,,
"FF","2026-04-10","94.7","-1.95","5.22","Imai, Tatsuya",641487,837227,,"ball",,,,,3,,"R","L","R","SEA","HOU","B",,,2,0,2026,"-1.05","0.94",0.45513158836605583,3.255053533046044,,,,0,1,"Bot",,,,,,,8.481281013933373,-137.6431722283332,-1.3544097293114745,-15.240079140372178,32.81097253513452,-20.241225601334282,3.219127297,1.624606299,,,,"93.5",1857,"5.8",823156,543877,572233,670623,621043,665161,670541,694388,701358,"54.66",,,,,,,,4,3,"4-Seam Fastball",0,0,0,0,0,0,0,0,"Standard","Standard",238,"0.011","0.15",,,,,"-0.15",,0,0,0.558,0.558,28,31,28,31,1,0,6,2,32,1,"1.63","1.05","-1.05","21.5",,,,,
"FF","2026-04-10","95.1","-1.93","5.26","Imai, Tatsuya",641487,837227,,"ball",,,,,11,,"R","L","R","SEA","HOU","B",,,1,0,2026,"-1.26","0.91",-1.4679064565272066,2.7779556328469743,,,,0,1,"Bot",,,,,,,4.016745973390661,-138.34338949869058,-2.6766589135904892,-17.000852519792314,33.784210166361405,-20.18267389339771,3.219127297,1.624606299,,,,"93.8",2054,"5.7",823156,543877,572233,670623,621043,665161,670541,694388,701358,"54.77",,,,,,,,4,2,"4-Seam Fastball",0,0,0,0,0,0,0,0,"Standard","Standard",233,"0.007","0.083",,,,,"-0.083",,0,0,0.551,0.551,28,31,28,31,1,0,6,2,32,1,"1.63","1.26","-1.26","24.0",,,,,
"FF","2026-04-10","93.6","-1.9","5.34","Imai, Tatsuya",641487,837227,,"ball",,,,,11,,"R","L","R","SEA","HOU","B",,,0,0,2026,"-1.05","1.16",-1.4971107997445277,3.13306345805399,,,,0,1,"Bot",,,,,,,3.3535382844943498,-136.1975369728099,-2.2974180983032966,-13.806010104507187,32.643887705984206,-17.571111196999404,3.219127297,1.624606299,,,,"92.2",1967,"5.7",823156,543877,572233,670623,621043,665161,670541,694388,701358,"54.85",,,,,,,,4,1,"4-Seam Fastball",0,0,0,0,0,0,0,0,"Standard","Standard",237,"0.003","0.043",,,,,"-0.043",,0,0,0.548,0.548,28,31,28,31,1,0,6,2,32,1,"1.47","1.05","-1.05","24.1",,,,,
"FF","2026-04-04","95.9","-1.7","4.93","Imai, Tatsuya",667670,837227,,"ball",,,,,14,,"R","R","R","ATH","HOU","B",,,2,2,2026,"-1.17","0.56",0.13076262539203376,1.2057730191662857,,,691016,2,6,"Bot",,,,,,,7.414307470213374,-139.40290441174602,-5.253645887238925,-16.932914266134137,32.875573453354995,-23.84685648977184,3.363935368,1.697687008,,,,"95.2",1954,"6.1",825027,543877,572233,514888,621043,669397,670541,676694,694388,"54.43",,,,,,,,62,6,"4-Seam Fastball",0,10,0,10,10,0,0,10,"Infield shade","Standard",238,"0","0.088",,,,,"-0.088",,-10,-10,0.002,0.002,28,31,28,32,3,2,6,1,6,1,"1.93","1.17","1.17","23.8",,,,,
"FF","2026-04-04","95.2","-1.62","5.11","Imai, Tatsuya",667670,837227,,"ball",,,,,11,,"R","R","R","ATH","HOU","B",,,1,2,2026,"-1.12","0.54",-0.10723564162887844,4.497355417329858,,,691016,2,6,"Bot",,,,,,,6.4698720576160555,-138.3820660397443,2.943608228473253,-15.850364806908269,31.87174053894777,-26.150614453233846,3.363935368,1.697687008,,,,"94.8",1771,"6.2",825027,543877,572233,514888,621043,669397,670541,676694,694388,"54.29",,,,,,,,62,5,"4-Seam Fastball",0,10,0,10,10,0,0,10,"Infield shade","Standard",232,"0","0.048",,,,,"-0.048",,-10,-10,0.002,0.002,28,31,28,32,3,2,6,1,6,1,"1.99","1.12","1.12","28.4",,,,,
"SL","2026-04-04","87","-1.66","5.14","Imai, Tatsuya",667670,837227,,"foul",,,,,14,,"R","R","R","ATH","HOU","S",,,1,2,2026,"-0.21","0.07",0.08817686521061252,1.3747614653163476,,,691016,2,6,"Bot",,,,,,,4.538223610162079,-126.50406907379653,-2.585122572937775,-3.3474336417395008,32.54303231177428,-31.033962816412167,3.363935368,1.697687008,13,"78.6",-6,"85.4",2317,"5.9",825027,543877,572233,514888,621043,669397,670541,676694,694388,"54.6",,,,,,,,62,4,"Slider",0,10,0,10,10,0,0,10,"Standard","Standard",256,"0","0","66.2","7.7",,,"0","88.0",-10,-10,0.002,0.002,28,31,28,32,3,2,6,1,6,1,"3.01","0.21","0.21","24.1",22.029119398989376,-16.63134913519783,42.901589151937344,34.111146220561004,37.4942524006599
"SL","2026-04-04","86.9","-1.68","5.16","Imai, Tatsuya",667670,837227,,"swinging_strike",,,,,13,,"R","R","R","ATH","HOU","S",,,1,1,2026,"-0.54","0.47",-0.38813973220894493,1.5329132897612694,,,691016,2,6,"Bot",,,,,,,4.168506295764983,-126.26448580891052,-3.0201011381673837,-6.7938744113568825,34.85770786892317,-26.713622799325787,3.363935368,1.697687008,,,,"85",2309,"6",825027,543877,572233,514888,621043,669397,670541,676694,694388,"54.5",,,,,,,,62,3,"Slider",0,10,0,10,10,0,0,10,"Standard","Standard",268,"0","-0.067","73.6","8.7","12.6599202",,"0.067",,-10,-10,0.002,0.002,28,31,28,32,3,2,6,1,6,1,"2.65","0.54","0.54","24.3",40.576427011112855,-56.43742048403063,42.25357181299737,29.8310016453512,62.03628373033038
"SL","2026-04-04","85.8","-1.63","5.11","Imai, Tatsuya",667670,837227,,"swinging_strike",,,,,14,,"R","R","R","ATH","HOU","S",,,1,0,2026,"-0.47","0.19",0.16198237440810803,1.2293775496542088,,,691016,2,6,"Bot",,,,,,,5.0841035073070735,-124.67673121005937,-2.8780386537187717,-6.092306103076978,31.501105048722863,-29.785324154587965,3.363935368,1.697687008,,,,"84",2212,"5.8",825027,543877,572233,514888,621043,669397,670541,676694,694388,"54.75",,,,,,,,62,2,"Slider",0,10,0,10,10,0,0,10,"Standard","Standard",256,"0","-0.05","71.7","8.9","13.154091144",,"0.05",,-10,-10,0.002,0.002,28,31,28,32,3,2,6,1,6,1,"2.98","0.47","0.47","25.6",32.770152900417095,-54.66450258727002,37.77166994637983,36.826304265407856,60.938996175618044
"FF","2026-04-04","94.9","-1.64","4.96","Imai, Tatsuya",667670,837227,,"ball",,,,,14,,"R","R","R","ATH","HOU","B",,,0,0,2026,"-0.99","1.12",1.0645423137834458,1.6554604892823,,,691016,2,6,"Bot",,,,,,,9.189115963823383,-137.66041400869628,-5.148576826900486,-14.883178051452658,36.344939791229145,-16.990786280555234,3.363935368,1.697687008,,,,"93.5",2085,"6.1",825027,543877,572233,514888,621043,669397,670541,676694,694388,"54.4",,,,,,,,62,1,"4-Seam Fastball",0,10,0,10,10,0,0,10,"Standard","Standard",236,"0","0.038",,,,,"-0.038",,-10,-10,0.002,0.002,28,31,28,32,3,2,6,1,6,1,"1.47","0.99","0.99","25.2",,,,,
"SL","2026-04-04","86.7","-1.72","4.98","Imai, Tatsuya",691016,837227,"walk","ball",,,,,13,"Tyler Soderstrom walks.","R","L","R","ATH","HOU","B",,,3,2,2026,"-0.35","-0.02",-0.25196544585967223,0.8420079603333108,,,,2,6,"Bot",,,,,,,4.168324391257412,-125.99283361596143,-3.1968518774794115,-4.763970388001035,32.71958388127075,-31.85861800228717,3.285826772,1.658267717,,,,"85.2",2245,"6",825027,543877,572233,514888,621043,669397,670541,676694,694388,"54.47",,0.697886,"0.7",1,0,0,,61,7,"Slider",0,10,0,10,10,0,0,10,"Infield shade","Standard",282,"0.001","0.292",,,,,"-0.292",,-10,-10,0.001,0.001,28,24,28,25,3,2,6,1,6,1,"3.14","0.35","-0.35","26.8",,,,,
"FF","2026-04-04","95","-1.78","4.9","Imai, Tatsuya",691016,837227,,"foul",,,,,2,,"R","L","R","ATH","HOU","S",,,3,2,2026,"-1.17","1.18",-0.2265619450614924,3.0800983561626976,,,,2,6,"Bot",,,,,,,6.676408664558639,-138.2672052270809,-1.6310547712857608,-16.47676397964385,31.170314704864698,-16.863458783951856,3.285826772,1.658267717,,,,"94.8",2034,"6.2",825027,543877,572233,514888,621043,669397,670541,676694,694388,"54.3",,,,,,,,61,6,"4-Seam Fastball",0,10,0,10,10,0,0,10,"Infield shade","Standard",239,"0","0","74.4","6.7",,,"0",,-10,-10,0.001,0.001,28,24,28,25,3,2,6,1,6,1,"1.34","1.17","-1.17","26.3",3.159625442676603,21.11802837901694,21.979680294717536,42.18590937842569,13.863670238916885
"FF","2026-04-04","93.8","-1.68","4.87","Imai, Tatsuya",691016,837227,,"foul_tip",,,,,12,,"R","L","R","ATH","HOU","S",,,3,1,2026,"-1.27","1.06",0.5141388653739656,3.46041073381448,,,,2,6,"Bot",,,,,,,8.414665280601637,-136.44702274278083,-0.183185243916337,-17.722190141315075,29.455911805197786,-19.029321937588634,3.285826772,1.658267717,,,,"93.5",1997,"6.1",825027,543877,572233,514888,621043,669397,670541,676694,694388,"54.4",,,,,,,,61,5,"4-Seam Fastball",0,10,0,10,10,0,0,10,"Infield shade","Standard",239,"0","-0.096","75.1","6.4",,,"0.096",,-10,-10,0.001,0.001,28,24,28,25,3,2,6,1,6,1,"1.52","1.27","-1.27","24.8",10.297473659035804,7.854439105620767,20.84411409861229,33.52294619584596,21.616636475993346
"FF","2026-04-04","93.7","-1.75","4.91","Imai, Tatsuya",691016,837227,,"called_strike",,,,,4,,"R","L","R","ATH","HOU","S",,,3,0,2026,"-1.34","0.88",-0.5224024517992205,2.309629903734779,,,,2,6,"Bot",,,,,,,6.114176762254442,-136.3177323875579,-2.7794832858454073,-18.052048622910906,28.97573436631403,-20.740037063636397,3.285826772,1.658267717,,,,"93.4",1924,"6",825027,543877,572233,514888,621043,669397,670541,676694,694388,"54.47",,,,,,,,61,4,"4-Seam Fastball",0,10,0,10,10,0,0,10,"Infield shade","Standard",237,"-0.001","-0.064",,,,,"0.064",,-10,-10,0.002,0.002,28,24,28,25,3,2,6,1,6,1,"1.71","1.34","-1.34","22.3",,,,,
"SL","2026-04-04","84.6","-1.74","5.16","Imai, Tatsuya",691016,837227,,"ball",,,,,11,,"R","L","R","ATH","HOU","B",,,2,0,2026,"-0.2","0.04",-0.8987392829373175,2.987726500785424,,,,2,6,"Bot",,,,,,,2.3077441731748256,-123.25371625648967,1.27003538756117,-2.46525280386931,22.05956755631788,-32.16618293887786,3.285826772,1.658267717,,,,"84.1",405,"5.7",825027,543877,572233,514888,621043,669397,670541,676694,694388,"54.8",,,,,,,,61,3,"Slider",0,10,0,10,10,0,0,10,"Infield shade","Standard",310,"0.001","0.103",,,,,"-0.103",,-10,-10,0.001,0.001,28,24,28,25,3,2,6,1,6,1,"3.11","0.2","-0.2","27.3",,,,,
"SL","2026-04-04","85.6","-1.69","5.08","Imai, Tatsuya",691016,837227,,"ball",,,,,11,,"R","L","R","ATH","HOU","B",,,1,0,2026,"-0.14","0.16",-0.08269888011267629,3.550908671001813,,,,2,6,"Bot",,,,,,,3.989226783428876,-124.70065868611026,2.4272237195934165,-2.2651698802699243,24.081389502418784,-31.136964835273012,3.285826772,1.658267717,,,,"85",2307,"5.7",825027,543877,572233,514888,621043,669397,670541,676694,694388,"54.75",,,,,,,,61,2,"Slider",0,10,0,10,10,0,0,10,"Infield shade","Standard",355,"0","0.064",,,,,"-0.064",,-10,-10,0.001,0.001,28,24,28,25,3,2,6,1,6,1,"2.93","0.14","-0.14","27.3",,,,,
"SL","2026-04-04","86.4","-1.67","5.13","Imai, Tatsuya",691016,837227,,"ball",,,,,14,,"R","L","R","ATH","HOU","B",,,0,0,2026,"-0.23","-0.23",0.17886266788116428,0.5034079581831383,,,,2,6,"Bot",,,,,,,4.782017034827077,-125.52732093224229,-3.919691187683357,-3.569239595552849,30.33949817459527,-33.83110611045071,3.285826772,1.658267717,,,,"85.1",2170,"6",825027,543877,572233,514888,621043,669397,670541,676694,694388,"54.51",,,,,,,,61,1,"Slider",0,10,0,10,10,0,0,10,"Infield shade","Standard",276,"0","0.038",,,,,"-0.038",,-10,-10,0.001,0.001,28,24,28,25,3,2,6,1,6,1,"3.34","0.23","-0.23","26.6",,,,,
"SL","2026-04-04","86.5","-1.62","5.26","Imai, Tatsuya",669127,837227,"strikeout","swinging_strike",,,,,13,"Shea Langeliers strikes out swinging.","R","R","R","ATH","HOU","S",2,,2,2,2026,"-0.37","0.26",-0.6748510708338149,1.3781136762154769,,,,1,6,"Bot",,,,,,,2.965433210802201,-125.79714719754558,-3.2134759190691087,-4.568581308639267,30.126271210427994,-28.905526022966455,3.18226706,1.606003937,,,,"85.1",2306,"5.8",825027,543877,572233,514888,621043,669397,670541,676694,694388,"54.68",,0,"0",1,0,0,,60,5,"Slider",0,10,0,10,10,0,0,10,"Infield shade","Standard",280,"-0.001","-0.233","76.2","8.3","3.06514614",,"0.233",,-10,-10,0.002,0.002,28,28,28,29,3,2,6,1,6,1,"2.83","0.37","0.37","29.1",24.332698773874416,-42.96815400069442,36.283024827152055,30.627748781383414,55.74535571420072
"SL","2026-04-04","84.9","-1.49","5.13","Imai, Tatsuya",669127,837227,,"foul",,,,,14,,"R","R","R","ATH","HOU","S",,,2,1,2026,"-0.41","0.27",0.6876011197381253,1.1498168204833634,,,,1,6,"Bot",,,,,,,5.795456750148027,-123.48542052962847,-3.210160105515893,-5.405275483689506,26.672710068408303,-28.97272645208334,3.18226706,1.606003937,163,"61.2",54,"83.8",2210,"5.8",825027,543877,572233,514888,621043,669397,670541,676694,694388,"54.72",,,,,,,,60,4,"Slider",0,10,0,10,10,0,0,10,"Strategic","Standard",263,"0","-0.077","69.0","8.0",,,"0.077","88.0",-10,-10,0.002,0.002,28,28,28,29,3,2,6,1,6,1,"2.92","0.41","0.41","26.8",11.161400897542729,-6.804071199715358,35.873778133945066,47.636804915933716,40.12725729276424
"FF","2026-04-04","94.3","-1.41","4.93","Imai, Tatsuya",669127,837227,,"ball",,,,,14,,"R","R","R","ATH","HOU","B",,,1,1,2026,"-1.06","1",1.5692920127137706,1.8051385693463462,,,,1,6,"Bot",,,,,,,9.982180232416374,-136.96261354803855,-4.482834052829676,-15.411082376836577,28.276362964294165,-18.77979859813921,3.18226706,1.606003937,,,,"94.3",1892,"6.2",825027,543877,572233,514888,621043,669397,670541,676694,694388,"54.27",,,,,,,,60,3,"4-Seam Fastball",0,10,0,10,10,0,0,10,"Infield shade","Standard",247,"0","0.058",,,,,"-0.058",,-10,-10,0.002,0.002,28,28,28,29,3,2,6,1,6,1,"1.56","1.06","1.06","24.8",,,,,
"FF","2026-04-04","95","-1.54","4.95","Imai, Tatsuya",669127,837227,,"called_strike",,,,,14,,"R","R","R","ATH","HOU","S",,,1,0,2026,"-0.94","0.99",0.9402340696018243,2.174512101341727,,,,1,6,"Bot",,,,,,,8.527654232597214,-138.13713873039623,-3.6985215877295294,-13.92812223253542,29.479477911001364,-18.78539557727664,3.18226706,1.606003937,,,,"94.8",1970,"6.1",825027,543877,572233,514888,621043,669397,670541,676694,694388,"54.4",,,,,,,,60,2,"4-Seam Fastball",0,10,0,10,10,0,0,10,"Infield shade","Standard",235,"0","-0.05",,,,,"0.05",,-10,-10,0.002,0.002,28,28,28,29,3,2,6,1,6,1,"1.53","0.94","0.94","23.8",,,,,
"FF","2026-04-04","95.3","-1.45","5.03","Imai, Tatsuya",669127,837227,,"ball",,,,,12,,"R","R","R","ATH","HOU","B",,,0,0,2026,"-1.07","0.98",1.3084754466964192,2.6387922764742107,,,,1,6,"Bot",,,,,,,9.528452208411103,-138.58827086244835,-2.7195772220001433,-15.802512934022989,29.17926656662681,-19.041093601067928,3.18226706,1.606003937,,,,"95.1",1974,"6.1",825027,543877,572233,514888,621043,669397,670541,676694,694388,"54.42",,,,,,,,60,1,"4-Seam Fastball",0,10,0,10,10,0,0,10,"Strategic","Standard",236,"0","0.041",,,,,"-0.041",,-10,-10,0.002,0.002,28,28,28,29,3,2,6,1,6,1,"1.52","1.07","1.07","26.6",,,,,
"SL","2026-04-04","85.6","-1.4","5.2","Imai, Tatsuya",701762,837227,"field_out","hit_into_play",,,,,8,"Nick Kurtz grounds out, third baseman Carlos Correa to first baseman Christian Walker.","R","L","R","ATH","HOU","X",5,"ground_ball",1,2,2026,"-1.24","0.78",0.13362516669328794,1.901408659047632,,,,0,6,"Bot",104.37,161.6,,,,,6.054383849497667,-124.54118283701517,-2.8689477924120927,-14.077316854384048,25.06381200758204,-23.707847616414767,3.413082349,1.722490158,5,"92.3",-19,"84.8",2028,"5.8",825027,543877,572233,514888,621043,669397,670541,676694,694388,"54.69",0.098,0.088,"0",1,0,0,2,59,4,"Slider",0,10,0,10,10,0,0,10,"Infield shade","Standard",255,"-0.001","-0.185","64.3","6.7",,0.109,"0.185","92.3",-10,-10,0.003,0.003,28,23,28,23,3,2,6,1,6,1,"2.33","1.24","-1.24","27.9",-16.512280884655915,26.816662276476038,38.721685148367996,35.968700022785,9.235069186859366
"CH","2026-04-04","83.7","-1.44","5.25","Imai, Tatsuya",701762,837227,,"foul_tip",,,,,4,,"R","L","R","ATH","HOU","S",,,1,1,2026,"-1.34","0.72",-0.7544680916021269,2.3774258499494056,,,,0,6,"Bot",,,,,,,4.199523711506716,-121.85611399781995,-1.4719870506632602,-14.134642846987738,23.37798141512575,-24.959025061677853,3.413082349,1.722490158,,,,"83",1833,"5.8",825027,543877,572233,514888,621043,669397,670541,676694,694388,"54.73",,,,,,,,59,3,"Changeup",0,10,0,10,10,0,0,10,"Infield shade","Standard",262,"0","-0.062","73.7","8.3",,,"0.062",,-10,-10,0.003,0.003,28,23,28,23,3,2,6,1,6,1,"2.53","1.34","-1.34","24.3",15.683162007708487,5.496226769651676,37.10461188585932,46.850049025084836,22.044814748379263
"SL","2026-04-04","83.6","-1.54","5.33","Imai, Tatsuya",701762,837227,,"foul",,,,,14,,"R","L","R","ATH","HOU","S",,,1,0,2026,"-0.13","0.18",0.9522978319133913,2.4887108936598845,,,,0,6,"Bot",,,,,,,5.831051533558685,-121.42989817134203,-0.11147033238053516,-2.743255992891053,29.960134217739856,-30.68973154878021,3.413082349,1.722490158,328,"106.7",26,"81.3",2195,"5.4",825027,543877,572233,514888,621043,669397,670541,676694,694388,"55.07",,,,,,,,59,2,"Slider",0,10,0,10,10,0,0,10,"Infield shade","Standard",293,"0","-0.056","79.0","8.5",,,"0.056","106.7",-10,-10,0.003,0.003,28,23,28,23,3,2,6,1,6,1,"3.17","0.13","-0.13","26.0",29.234285870975643,-25.324047057992754,40.660995774459195,26.64051585847929,32.576663893459674
"SL","2026-04-04","85","-1.48","5.23","Imai, Tatsuya",701762,837227,,"ball",,,,,14,,"R","L","R","ATH","HOU","B",,,0,0,2026,"-0.53","0.39",0.3217015441991834,1.1549900346786668,,,,0,6,"Bot",,,,,,,5.213817591148038,-123.65044982814976,-3.724896517196883,-6.548413211371675,26.621370187833556,-27.61602197814273,3.413082349,1.722490158,,,,"84.2",2085,"6",825027,543877,572233,514888,621043,669397,670541,676694,694388,"54.55",,,,,,,,59,1,"Slider",0,10,0,10,10,0,0,10,"Infield shade","Standard",257,"0","0.043",,,,,"-0.043",,-10,-10,0.003,0.003,28,23,28,23,3,2,6,1,6,1,"2.79","0.53","-0.53","28.8",,,,,
"FF","2026-04-04","94.5","-1.5","5.01","Imai, Tatsuya",672016,837227,"field_out","hit_into_play",,,,,3,"Denzel Clarke grounds out, second baseman Jose Altuve to first baseman Christian Walker.","R","R","R","ATH","HOU","X",4,"ground_ball",0,1,2026,"-1.12","0.76",0.6682853690352919,2.947492711094943,,,691777,2,5,"Bot",139.65,146.62,,,,,8.081412818159407,-137.40965275957666,-1.2431527555575452,-15.901239786973766,28.82497339039948,-22.471595743186704,3.363057743,1.697244095,12,"96.7",-13,"94.4",1848,"6.2",825027,543877,572233,514888,621043,665161,670541,676694,694388,"54.35",0.254,0.231,"0",1,0,0,2,49,2,"4-Seam Fastball",0,7,0,7,7,0,0,7,"Standard","Standard",236,"-0.003","-0.233","72.2","7.4",,0.271,"0.233","96.7",-7,-7,0.018,0.018,28,26,28,26,2,1,6,1,6,1,"1.79","1.12","1.12","24.9",6.290128641672593,12.666464057678288,25.99576819983145,44.12333153232312,19.43662787853815
"FF","2026-04-04","95.1","-1.5","5.01","Imai, Tatsuya",672016,837227,,"swinging_strike",,,,,14,,"R","R","R","ATH","HOU","S",,,0,0,2026,"-1.18","0.69",0.09976364080713296,1.5680540966327996,,,691777,2,5,"Bot",,,,,,,6.7889944587789515,-138.38484105470567,-4.734135820376707,-16.72079972529835,29.02816356056048,-22.440886070019296,3.363057743,1.697244095,,,,"94.8",1840,"6",825027,543877,572233,514888,621043,665161,670541,676694,694388,"54.53",,,,,,,,49,1,"4-Seam Fastball",0,7,0,7,7,0,0,7,"Standard","Standard",239,"-0.001","-0.041","79.1","7.4","2.32295814",,"0.041",,-7,-7,0.019,0.019,28,26,28,26,2,1,6,1,6,1,"1.82","1.18","1.18","27.0",-6.111186827194821,14.265619505825729,31.685701451492797,37.5629487021582,16.087019079261815
"SL","2026-04-04","85.7","-1.53","5.13","Imai, Tatsuya",643446,837227,"field_out","hit_into_play",,,,,4,"Jeff McNeil flies out to left fielder Yordan Alvarez.","R","L","R","ATH","HOU","X",7,"fly_ball",1,0,2026,"-0.24","0.03",-0.6316126896057775,2.2883399220712746,,,691777,1,5,"Bot",67.23,68.75,,,,,2.571126231365827,-124.64766585977829,-0.1644436100015435,-3.1023029613237103,30.331519685511516,-32.08193748991491,3.213861549,1.621948819,353,"93.1",31,"84.3",2012,"5.9",825027,543877,572233,514888,621043,665161,670541,676694,694388,"54.61",0.1,0.165,"0",1,0,0,3,48,2,"Slider",0,7,0,7,7,0,0,7,"Standard","Standard",280,"-0.009","-0.292","73.0","7.4",,0.302,"0.292","93.1",-7,-7,0.028,0.028,28,34,28,34,2,1,6,1,6,1,"3.13","0.24","-0.24","23.6",6.8298500010765775,4.530119929637854,35.5402057040165,40.88414670692769,26.486685719953886
"CU","2026-04-04","77.7","-1.55","5.26","Imai, Tatsuya",643446,837227,,"ball",,,,,11,,"R","L","R","ATH","HOU","B",,,0,0,2026,"0.41","-0.43",-1.2874456143604567,4.705080950103385,,,691777,1,5,"Bot",,,,,,,-0.21946296106251742,-112.89287393841616,6.569405706298928,3.588894321427935,20.554214303766,-37.23550968326715,3.213861549,1.621948819,,,,"76.7",2240,"5.6",825027,543877,572233,514888,621043,665161,670541,676694,694388,"54.87",,,,,,,,48,1,"Curveball",0,7,0,7,7,0,0,7,"Standard","Standard",43,"0.001","0.035",,,,,"-0.035",,-7,-7,0.027,0.027,28,34,28,34,2,1,6,1,6,1,"4.21","-0.41","0.41","31.9",,,,,
"SL","2026-04-04","87.6","-1.46","5.14","Imai, Tatsuya",691777,837227,"single","hit_into_play",,,,,14,"Max Muncy singles on a soft ground ball to shortstop Jeremy Peña, deflected by second baseman Jose Altuve.","R","R","R","ATH","HOU","X",4,"ground_ball",1,2,2026,"-0.45","0.53",0.989701725561416,1.3739975739228272,,,,1,5,"Bot",139.72,146.13,,,,,6.750806416074993,-127.18537365417649,-3.67912568852945,-6.457473184742895,30.932663133911028,-25.88213577514607,3.227903543,1.629035433,2,"62.2",-37,"86.5",2334,"6.1",825027,543877,572233,514888,621043,665161,670541,676694,694388,"54.39",0.095,0.086,"0.9",1,1,0,2,47,4,"Slider",0,7,0,7,7,0,0,7,"Standard","Standard",290,"0.008","0.494","69.2","8.7",,0.096,"-0.494","88.0",-7,-7,0.019,0.019,28,23,28,24,2,1,6,1,6,1,"2.5","0.45","0.45","25.4",22.096615287920653,-18.052633428331514,35.275444487218465,46.12757955165269,44.26368481409956
"SL","2026-04-04","86.5","-1.39","5.17","Imai, Tatsuya",691777,837227,,"ball",,,,,14,,"R","R","R","ATH","HOU","B",,,0,2,2026,"-0.85","0.43",0.7650838795853592,1.1796616753850224,,,,1,5,"Bot",,,,,,,6.790848520241527,-125.75772683543461,-3.878910160581686,-10.510891856109302,28.103663320512357,-27.009180552617767,3.227903543,1.629035433,,,,"85.6",2244,"6",825027,543877,572233,514888,621043,665161,670541,676694,694388,"54.48",,,,,,,,47,3,"Slider",0,7,0,7,7,0,0,7,"Standard","Standard",271,"0","0.017",,,,,"-0.017",,-7,-7,0.019,0.019,28,23,28,24,2,1,6,1,6,1,"2.65","0.85","0.85","27.8",,,,,
"FF","2026-04-04","93.8","-1.45","5.04","Imai, Tatsuya",691777,837227,,"called_strike",,,,,3,,"R","R","R","ATH","HOU","S",,,0,1,2026,"-1.32","0.88",0.46568036820101444,2.825481835706541,,,,1,5,"Bot",,,,,,,7.836880396977914,-136.3664411141953,-1.7793376709974869,-18.23561597714524,30.23365453126983,-21.05226997987834,3.227903543,1.629035433,,,,"93.4",2099,"6.1",825027,543877,572233,514888,621043,665161,670541,676694,694388,"54.41",,,,,,,,47,2,"4-Seam Fastball",0,7,0,7,7,0,0,7,"Standard","Standard",238,"-0.001","-0.057",,,,,"0.057",,-7,-7,0.02,0.02,28,23,28,24,2,1,6,1,6,1,"1.72","1.32","1.32","22.5",,,,,
"SL","2026-04-04","86.7","-1.49","5.28","Imai, Tatsuya",691777,837227,,"called_strike",,,,,3,,"R","R","R","ATH","HOU","S",,,0,0,2026,"-0.31","-0.3",0.30488190863878145,2.9570312679986914,,,,1,5,"Bot",,,,,,,4.862146187631673,-126.16373583637534,1.4579816189080024,-4.296626500656853,26.114860135407366,-35.939998025746235,3.227903543,1.629035433,,,,"86.3",2193,"6.1",825027,543877,572233,514888,621043,665161,670541,676694,694388,"54.44",,,,,,,,47,1,"Slider",0,7,0,7,7,0,0,7,"Standard","Standard",267,"0","-0.041",,,,,"0.041",,-7,-7,0.02,0.02,28,23,28,24,2,1,6,1,6,1,"3.34","0.31","0.31","25.3",,,,,
"SL","2026-04-04","85.9","-1.44","5.07","Imai, Tatsuya",671732,837227,"strikeout","swinging_strike",,,,,13,"Lawrence Butler strikes out swinging.","R","L","R","ATH","HOU","S",2,,1,2,2026,"-1.56","0.6",-0.8148516741925251,1.4308831171452847,,,,0,5,"Bot",,,,,,,4.623238607968146,-124.9315767449642,-3.3115992009961337,-17.231865207765303,26.40446243227461,-25.44156413045929,3.34375,1.6875,,,,"85.1",2053,"5.9",825027,543877,572233,514888,621043,665161,670541,676694,694388,"54.61",,0,"0",1,0,0,,46,4,"Slider",0,7,0,7,7,0,0,7,"Standard","Standard",261,"-0.004","-0.185","70.8","8.4","0.455215008",,"0.185",,-7,-7,0.024,0.024,28,25,28,26,2,1,6,1,6,1,"2.51","1.56","-1.56","25.2",13.741804852800273,-11.26300831654902,31.89086613173118,49.52805093064254,35.636540263054755
"CH","2026-04-04","86.2","-1.3","5.26","Imai, Tatsuya",671732,837227,,"ball",,,,,13,,"R","L","R","ATH","HOU","B",,,0,2,2026,"-1.36","0.57",-0.3260777071290777,-0.025916859058221497,,,,0,5,"Bot",,,,,,,5.028356693604069,-125.15599962130798,-7.04741213843808,-15.289659588338573,28.20420803730008,-24.840013803847658,3.34375,1.6875,,,,"84.7",1919,"5.7",825027,543877,572233,514888,621043,665161,670541,676694,694388,"54.81",,,,,,,,46,3,"Changeup",0,7,0,7,7,0,0,7,"Standard","Standard",255,"0","0.021",,,,,"-0.021",,-7,-7,0.024,0.024,28,25,28,26,2,1,6,1,6,1,"2.54","1.36","-1.36","23.7",,,,,
"FF","2026-04-04","92.1","-1.41","5.19","Imai, Tatsuya",671732,837227,,"foul",,,,,5,,"R","L","R","ATH","HOU","S",,,0,1,2026,"-1.27","0.87",0.1659675366458755,2.491354034950999,,,,0,5,"Bot",,,,,,,6.6963188096773205,-133.91567520809588,-2.6907974759724493,-16.684788032014087,30.048577798394735,-21.338772240571693,3.34375,1.6875,189,"71.5",23,"91.2",2081,"5.9",825027,543877,572233,514888,621043,665161,670541,676694,694388,"54.61",,,,,,,,46,2,"4-Seam Fastball",0,7,0,7,7,0,0,7,"Infield shade","Standard",240,"-0.001","-0.054","74.2","6.4",,,"0.054","88.0",-7,-7,0.025,0.025,28,25,28,26,2,1,6,1,6,1,"1.83","1.27","-1.27","27.0",-10.190869243939899,22.02521899046533,36.75770118724578,37.274674166744276,14.403330881763477
"CH","2026-04-04","83.3","-1.42","5.25","Imai, Tatsuya",671732,837227,,"called_strike",,,,,2,,"R","L","R","ATH","HOU","S",,,0,0,2026,"-1.21","0.7",0.22121215068319144,3.295867526319671,,,,0,5,"Bot",,,,,,,6.081641885839046,-121.20017940857821,0.7654507678999024,-13.152470172556908,24.732046097020056,-25.719903947140182,3.34375,1.6875,,,,"82.4",1769,"5.8",825027,543877,572233,514888,621043,665161,670541,676694,694388,"54.68",,,,,,,,46,1,"Changeup",0,7,0,7,7,0,0,7,"Standard","Standard",259,"-0.001","-0.042",,,,,"0.042",,-7,-7,0.026,0.026,28,25,28,26,2,1,6,1,6,1,"2.6","1.21","-1.21","24.6",,,,,
"SL","2026-04-04","87.4","-1.56","5.27","Imai, Tatsuya",805779,837227,"field_out","hit_into_play",,,,,1,"Jacob Wilson grounds out, third baseman Carlos Correa to first baseman Christian Walker.","R","R","R","ATH","HOU","X",5,"ground_ball",0,0,2026,"-0.31","0.13",-0.7324279607424704,2.9478295690547953,,,,2,4,"Bot",100.63,167.9,,,,,2.5811688669457795,-127.26162849090285,0.4609615215628724,-3.8734237627891877,27.279235222182578,-31.12531554061966,3.29109252,1.660925197,36,"95.8",-3,"86.5",2389,"5.8",825027,543877,572233,514888,621043,665161,670541,676694,694388,"54.75",0.286,0.27,"0",1,0,0,2,41,1,"Slider",0,7,0,7,7,0,0,7,"Standard","Standard",269,"-0.002","-0.258",,,,0.332,"0.258","95.8",-7,-7,0.024,0.024,28,24,28,24,2,1,6,1,6,1,"2.86","0.31","0.31","27.1",,,,,
"FF","2026-04-04","95.7","-1.63","4.97","Imai, Tatsuya",667670,837227,"strikeout","swinging_strike",,,,,3,"Brent Rooker strikes out swinging.","R","R","R","ATH","HOU","S",2,,1,2,2026,"-1.38","0.98",0.4402373905758725,3.01413183184033,,,,1,4,"Bot",,,,,,,8.552752089850147,-139.10274427305615,-1.5982233323028172,-19.90609475024377,32.35730569882302,-19.301920007121456,3.363935368,1.697687008,,,,"95.5",2079,"6.3",825027,543877,572233,514888,621043,665161,670541,676694,694388,"54.2",,0,"0",1,0,0,,40,4,"4-Seam Fastball",0,7,0,7,7,0,0,7,"Infield shade","Standard",233,"-0.003","-0.181","67.2","4.8","0.374136492",,"0.181",,-7,-7,0.027,0.027,28,31,28,32,2,1,6,1,6,1,"1.52","1.38","1.38","25.8",-16.945263149236496,45.80284534700716,38.67333957837384,39.46501983903634,3.804848320184706
"FF","2026-04-04","95.4","-1.72","5.06","Imai, Tatsuya",667670,837227,,"called_strike",,,,,6,,"R","R","R","ATH","HOU","S",,,1,1,2026,"-1.53","1.02",0.42086426882446104,2.467764894713712,,,,1,4,"Bot",,,,,,,9.000239333915673,-138.59971657223483,-3.2927615999143685,-21.68231138155072,31.549440400009733,-18.430979355348427,3.363935368,1.697687008,,,,"94.9",2142,"6.1",825027,543877,572233,514888,621043,665161,670541,676694,694388,"54.4",,,,,,,,40,3,"4-Seam Fastball",0,7,0,7,7,0,0,7,"Infield shade","Standard",236,"-0.002","-0.072",,,,,"0.072",,-7,-7,0.029,0.029,28,31,28,32,2,1,6,1,6,1,"1.49","1.53","1.53","25.1",,,,,
"FF","2026-04-04","94.3","-1.81","5.11","Imai, Tatsuya",667670,837227,,"called_strike",,,,,6,,"R","R","R","ATH","HOU","S",,,1,0,2026,"-1.13","1.3",0.7330159663125193,2.23842359929981,,,,1,4,"Bot",,,,,,,8.99943650490116,-136.96055327357035,-4.45727395519972,-16.26379038100671,30.854841207351004,-14.952016211264542,3.363935368,1.697687008,,,,"93.5",2181,"5.9",825027,543877,572233,514888,621043,665161,670541,676694,694388,"54.56",,,,,,,,40,2,"4-Seam Fastball",0,7,0,7,7,0,0,7,"Strategic","Standard",238,"-0.001","-0.05",,,,,"0.05",,-7,-7,0.03,0.03,28,31,28,32,2,1,6,1,6,1,"1.27","1.13","1.13","26.0",,,,,
"SL","2026-04-04","85.5","-1.64","5.37","Imai, Tatsuya",667670,837227,,"ball",,,,,14,,"R","R","R","ATH","HOU","B",,,0,0,2026,"-0.45","0.17",0.8840721425091014,0.3952529412823651,,,,1,4,"Bot",,,,,,,6.714325435481222,-124.21354344205922,-5.378230739273821,-6.10175972209422,27.80093234284381,-29.484445989497026,3.363935368,1.697687008,,,,"84.2",2242,"5.8",825027,543877,572233,514888,621043,665161,670541,676694,694388,"54.72",,,,,,,,40,1,"Slider",0,7,0,7,7,0,0,7,"Infield shade","Standard",268,"0.001","0.041",,,,,"-0.041",,-7,-7,0.029,0.029,28,31,28,32,2,1,6,1,6,1,"2.99","0.45","0.45","24.7",,,,,
"SL","2026-04-04","85.2","-1.72","5.35","Imai, Tatsuya",691016,837227,"strikeout","swinging_strike",,,,,14,"Tyler Soderstrom strikes out swinging.","R","L","R","ATH","HOU","S",2,,2,2,2026,"-0.32","-0.22",1.0414151219342087,1.5175642086763061,,,,0,4,"Bot",,,,,,,6.999478474289732,-123.84048995259306,-1.9598765052170832,-4.786674543042889,26.229185844507583,-34.22843266603211,3.285826772,1.658267717,,,,"84.3",2282,"5.9",825027,543877,572233,514888,621043,665161,670541,676694,694388,"54.63",,0,"0",1,0,0,,39,5,"Slider",0,7,0,7,7,0,0,7,"Infield shade","Standard",297,"-0.006","-0.232","73.9","9.1","1.456878216",,"0.232",,-7,-7,0.035,0.035,28,24,28,25,2,1,6,1,6,1,"3.38","0.32","-0.32","27.7",28.17596292220573,-47.862261797913945,33.23423399996572,29.08039588140238,48.76914418589146
"SL","2026-04-04","85.1","-1.97","5.23","Imai, Tatsuya",691016,837227,,"swinging_strike",,,,,8,,"R","L","R","ATH","HOU","S",,,2,1,2026,"-0.65","0.4",-0.0384679088086306,1.9578176240619816,,,,0,4,"Bot",,,,,,,5.715546681543941,-123.64715560955729,-1.8459813437398473,-7.885057350538848,28.642244764463285,-27.92452154655077,3.285826772,1.658267717,,,,"83.5",2296,"5.7",825027,543877,572233,514888,621043,665161,670541,676694,694388,"54.79",,,,,,,,39,4,"Slider",0,7,0,7,7,0,0,7,"Standard","Standard",285,"-0.002","-0.078","76.8","9.1","1.612573932",,"0.078",,-7,-7,0.037,0.037,28,24,28,25,2,1,6,1,6,1,"2.8","0.65","-0.65","25.6",24.855912187956967,-40.96814404693507,30.698078132802106,40.552719146904366,46.41233582521394
"FF","2026-04-04","92.2","-1.81","5.26","Imai, Tatsuya",691016,837227,,"ball",,,,,14,,"R","L","R","ATH","HOU","B",,,1,1,2026,"-1.13","1.11",1.3172975820430435,1.3635624782461409,,,,0,4,"Bot",,,,,,,10.196796104180327,-133.78582603701273,-6.15466614078258,-15.898888548400626,30.515991241825887,-17.65699605918309,3.285826772,1.658267717,,,,"90.7",1957,"5.6",825027,543877,572233,514888,621043,665161,670541,676694,694388,"54.87",,,,,,,,39,3,"4-Seam Fastball",0,7,0,7,7,0,0,7,"Standard","Standard",236,"0.001","0.063",,,,,"-0.063",,-7,-7,0.036,0.036,28,24,28,25,2,1,6,1,6,1,"1.6","1.13","-1.13","24.2",,,,,
"CU","2026-04-04","75.8","-1.84","5.58","Imai, Tatsuya",691016,837227,,"called_strike",,,,,4,,"R","L","R","ATH","HOU","S",,,1,0,2026,"0.52","-0.69",-0.5408068187876575,2.511020307718961,,,,0,4,"Bot",,,,,,,1.7078781259576854,-110.32937308938567,2.161764126694706,3.844465808536686,21.82962418452677,-38.46872381809659,3.285826772,1.658267717,,,,"74.3",2273,"5.4",825027,543877,572233,514888,621043,665161,670541,676694,694388,"55.1",,,,,,,,39,2,"Curveball",0,7,0,7,7,0,0,7,"Infield shade","Standard",40,"-0.001","-0.056",,,,,"0.056",,-7,-7,0.037,0.037,28,24,28,25,2,1,6,1,6,1,"4.7","-0.52","0.52","32.3",,,,,
"CU","2026-04-04","74.9","-1.89","5.57","Imai, Tatsuya",691016,837227,,"ball",,,,,11,,"R","L","R","ATH","HOU","B",,,0,0,2026,"0.53","-0.77",-1.9617980019258254,3.5208603909313014,,,,0,4,"Bot",,,,,,,-1.0775609376903525,-108.88066207526873,4.495969598042592,4.401695917747634,21.09459188699974,-39.38765699417539,3.285826772,1.658267717,,,,"73.4",2483,"5.5",825027,543877,572233,514888,621043,665161,670541,676694,694388,"55.04",,,,,,,,39,1,"Curveball",0,7,0,7,7,0,0,7,"Infield shade","Standard",39,"0.001","0.043",,,,,"-0.043",,-7,-7,0.036,0.036,28,24,28,25,2,1,6,1,6,1,"4.88","-0.53","0.53","30.2",,,,,
"SL","2026-04-04","87.2","-1.73","5.3","Imai, Tatsuya",669127,837227,"strikeout","swinging_strike",,,,,14,"Shea Langeliers strikes out swinging.","R","R","R","ATH","HOU","S",2,,0,2,2026,"-0.6","0.02",0.20884611255318342,1.3284137665441054,,691777,701762,2,3,"Bot",,,,,,,5.815791955558963,-126.78880132294925,-3.1187289516356227,-7.672148348627382,28.074668548641146,-31.509923942462063,3.18226706,1.606003937,,,,"86.6",2269,"6.2",825027,543877,572233,514888,621043,665161,670541,676694,694388,"54.33",,0,"0",1,0,0,,32,4,"Slider",0,4,0,4,4,0,0,4,"Infield shade","Standard",271,"-0.022","-0.193","76.0","8.1","2.28184206",,"0.193",,-4,-4,0.146,0.146,28,28,28,29,2,1,6,1,6,1,"3","0.6","0.6","27.3",17.82292347202465,-21.792800937587558,31.60157645459758,41.29959955983898,48.91463369493227
"SL","2026-04-04","87","-1.81","5.19","Imai, Tatsuya",669127,837227,,"foul",,,,,9,,"R","R","R","ATH","HOU","S",,,0,2,2026,"-0.5","0.29",0.5007818288198224,2.0332355682489793,,691777,701762,2,3,"Bot",,,,,,,6.467345325017587,-126.66242904324945,-1.802553069309203,-6.7350443881793405,25.5110511804078,-28.85532219921411,3.18226706,1.606003937,141,"73.3",70,"86.5",2265,"5.9",825027,543877,572233,514888,621043,665161,670541,676694,694388,"54.58",,,,,,,,32,3,"Slider",0,4,0,4,4,0,0,4,"Infield shade","Standard",275,"0","0","73.3","7.6",,,"0","88.0",-4,-4,0.146,0.146,28,28,28,29,2,1,6,1,6,1,"2.71","0.5","0.5","30.3",12.097292948700666,-1.0402037889402431,31.519411730274772,44.945129919043026,34.67424964633736
"FF","2026-04-04","95.3","-1.76","4.99","Imai, Tatsuya",669127,837227,,"foul_tip",,,,,2,,"R","R","R","ATH","HOU","S",,,0,1,2026,"-0.95","1.03",0.08196288465902979,3.067988253893743,,691777,701762,2,3,"Bot",,,,,,,6.933716039930135,-138.71886639219912,-1.6223408260145713,-13.793463618125282,30.21306711323335,-18.680628827973763,3.18226706,1.606003937,,,,"95.2",1982,"6.2",825027,543877,572233,514888,621043,665161,670541,676694,694388,"54.33",,,,,,,,32,2,"4-Seam Fastball",0,4,0,4,4,0,0,4,"Infield shade","Standard",235,"-0.009","-0.052","73.6","5.8",,,"0.052",,-4,-4,0.155,0.155,28,28,28,29,2,1,6,1,6,1,"1.47","0.95","0.95","24.1",-3.5371167578483407,27.995448268944514,27.863371022501486,40.58920819622827,16.35151221941242
"SL","2026-04-04","87.8","-1.81","5.14","Imai, Tatsuya",669127,837227,,"called_strike",,,,,14,,"R","R","R","ATH","HOU","S",,,0,0,2026,"-0.7","0.29",0.15874639673563573,1.382584249840051,,691777,701762,2,3,"Bot",,,,,,,6.16002788801757,-127.68961253594969,-3.31662287403783,-9.003190913334212,27.257113946904617,-28.53138696482089,3.18226706,1.606003937,,,,"87.4",2348,"6.1",825027,543877,572233,514888,621043,665161,670541,676694,694388,"54.37",,,,,,,,32,1,"Slider",0,4,0,4,4,0,0,4,"Infield shade","Standard",267,"-0.005","-0.036",,,,,"0.036",,-4,-4,0.16,0.16,28,28,28,29,2,1,6,1,6,1,"2.68","0.7","0.7","26.0",,,,,
"SL","2026-04-04","86.7","-1.92","5.15","Imai, Tatsuya",701762,837227,"walk","ball",,,,,13,"Nick Kurtz walks. Max Muncy to 2nd.","R","L","R","ATH","HOU","B",,,3,0,2026,"-0.12","-0.2",-0.7562831658624698,1.5032281212046277,,,691777,2,3,"Bot",,,,,,,2.9770003011023847,-126.23982659273287,-1.8704092634673286,-1.9537708371449583,26.52797616296437,-34.14402458258326,3.413082349,1.722490158,,,,"86",2242,"5.9",825027,543877,572233,514888,621043,665161,670541,676694,694388,"54.61",,0.697886,"0.7",1,0,0,,31,4,"Slider",0,4,0,4,4,0,0,4,"Infield shade","Standard",265,"0.008","0.06",,,,,"-0.06",,-4,-4,0.152,0.152,28,23,28,23,2,1,6,1,6,1,"3.24","0.12","-0.12","26.4",,,,,
"SL","2026-04-04","87.9","-1.92","4.99","Imai, Tatsuya",701762,837227,,"ball",,,,,11,,"R","L","R","ATH","HOU","B",,,2,0,2026,"-0.36","-0.05",-1.490240226256173,2.8504627430098233,,,691777,2,3,"Bot",,,,,,,1.7799156917238612,-128.03791064627688,1.1482960285802126,-4.3759772788653954,25.460404789668033,-33.12029694524298,3.413082349,1.722490158,,,,"87.7",2227,"6",825027,543877,572233,514888,621043,665161,670541,676694,694388,"54.45",,,,,,,,31,3,"Slider",0,4,0,4,4,0,0,4,"Infield shade","Standard",249,"0.005","0.116",,,,,"-0.116",,-4,-4,0.147,0.147,28,23,28,23,2,1,6,1,6,1,"2.98","0.36","-0.36","24.1",,,,,
"FF","2026-04-04","95.8","-1.91","4.97","Imai, Tatsuya",701762,837227,,"ball",,,,,11,,"R","L","R","ATH","HOU","B",,,1,0,2026,"-1.08","0.78",-0.7170662487550483,4.227841606977169,,,691777,2,3,"Bot",,,,,,,5.56076098514245,-139.4586145421227,1.9690783546311907,-15.385880542037064,31.427311443283386,-22.63441776080774,3.413082349,1.722490158,,,,"95.4",2014,"6",825027,543877,572233,514888,621043,665161,670541,676694,694388,"54.49",,,,,,,,31,2,"4-Seam Fastball",0,4,0,4,4,0,0,4,"Infield shade","Standard",238,"0.004","0.053",,,,,"-0.053",,-4,-4,0.143,0.143,28,23,28,23,2,1,6,1,6,1,"1.7","1.08","-1.08","19.1",,,,,
"FF","2026-04-04","95.5","-1.87","4.89","Imai, Tatsuya",701762,837227,,"ball",,,,,12,,"R","L","R","ATH","HOU","B",,,0,0,2026,"-0.94","0.71",0.4019706666246039,3.6847898838253306,,,691777,2,3,"Bot",,,,,,,8.017388509355138,-138.9535077884672,0.9346534118432069,-13.978964458557538,29.747498475221697,-23.355642602172598,3.413082349,1.722490158,,,,"95.2",1983,"6",825027,543877,572233,514888,621043,665161,670541,676694,694388,"54.48",,,,,,,,31,1,"4-Seam Fastball",0,4,0,4,4,0,0,4,"Infield shade","Standard",240,"0.002","0.038",,,,,"-0.038",,-4,-4,0.141,0.141,28,23,28,23,2,1,6,1,6,1,"1.78","0.94","-0.94","19.3",,,,,
"SL","2026-04-04","87.1","-1.82","5.33","Imai, Tatsuya",672016,837227,"field_out","hit_into_play",,,,,8,"Denzel Clarke pops out to catcher Christian Vázquez in foul territory.","R","R","R","ATH","HOU","X",2,"popup",2,2,2026,"-0.19","0.28",-0.19503537124892295,1.9167592540045395,,,691777,1,3,"Bot",113.3,213.5,,,,,4.213066769456151,-126.69106678560505,-2.2644021450249068,-3.0170700171518487,31.391017633648193,-28.85860661474355,3.363057743,1.697244095,52,"69.4",88,"85.9",2275,"6",825027,543877,572233,514888,621043,665161,670541,676694,694388,"54.5",0.001,0,"0",1,0,0,3,30,5,"Slider",0,4,0,4,4,0,0,4,"Standard","Standard",263,"-0.021","-0.233","80.1","8.8",,0.001,"0.233","88.0",-4,-4,0.162,0.162,28,26,28,26,1,0,6,1,6,1,"2.78","0.19","0.19","26.8",11.524318246784357,-37.35679365940565,34.480400691122,31.903401921220297,47.33680119613504
"SL","2026-04-04","86.9","-1.84","5.16","Imai, Tatsuya",672016,837227,,"ball",,,,,13,,"R","R","R","ATH","HOU","B",,,1,2,2026,"-0.22","0.18",-1.3600185884468043,1.6135778502199476,,,691777,1,3,"Bot",,,,,,,1.5721689162613601,-126.38951675187967,-2.30699502540146,-2.6949105232226827,32.266786691892555,-29.915729655817053,3.363057743,1.697244095,,,,"85.3",2178,"5.8",825027,543877,572233,514888,621043,665161,670541,676694,694388,"54.66",,,,,,,,30,4,"Slider",0,4,0,4,4,0,0,4,"Standard","Standard",279,"0.003","0.054",,,,,"-0.054",,-4,-4,0.159,0.159,28,26,28,26,1,0,6,1,6,1,"2.9","0.22","0.22","23.6",,,,,
"FF","2026-04-04","93.5","-1.91","4.85","Imai, Tatsuya",672016,837227,,"called_strike",,,,,13,,"R","R","R","ATH","HOU","S",,,1,1,2026,"-0.99","0.6",-0.1217577594019027,1.5754757315993395,,,691777,1,3,"Bot",,,,,,,6.69583639618075,-135.92104533687242,-3.766312509292637,-13.7539893939006,30.963721647757946,-24.057936296385293,3.363057743,1.697244095,,,,"92.6",1937,"5.9",825027,543877,572233,514888,621043,665161,670541,676694,694388,"54.63",,,,,,,,30,3,"4-Seam Fastball",0,4,0,4,4,0,0,4,"Standard","Standard",248,"-0.006","-0.067",,,,,"0.067",,-4,-4,0.165,0.165,28,26,28,26,1,0,6,1,6,1,"2.02","0.99","0.99","18.0",,,,,
"FF","2026-04-04","94.8","-1.81","5.1","Imai, Tatsuya",672016,837227,,"ball",,,,,11,,"R","R","R","ATH","HOU","B",,,0,1,2026,"-0.92","0.68",-0.5372660625233047,4.276195691130659,,,691777,1,3,"Bot",,,,,,,5.351672293517816,-138.01622595211333,2.0925326996351705,-12.981280611713997,31.587234775619113,-24.24603237407893,3.363057743,1.697244095,,,,"94.2",1966,"6",825027,543877,572233,514888,621043,665161,670541,676694,694388,"54.54",,,,,,,,30,2,"4-Seam Fastball",0,4,0,4,4,0,0,4,"Standard","Standard",236,"0.003","0.028",,,,,"-0.028",,-4,-4,0.162,0.162,28,26,28,26,1,0,6,1,6,1,"1.86","0.92","0.92","22.4",,,,,
"FF","2026-04-04","93.6","-1.96","5.04","Imai, Tatsuya",672016,837227,,"foul_bunt",,,,,4,,"R","R","R","ATH","HOU","S",,,0,0,2026,"-1.32","0.86",-0.5632081903393531,2.827142528286883,,,691777,1,3,"Bot",,,,,,,6.458676549135997,-136.24739271771128,-1.7202513344508694,-17.857770886018017,29.90778702312334,-21.272650831082622,3.363057743,1.697244095,,,,"92.9",2143,"5.9",825027,543877,572233,514888,621043,665161,670541,676694,694388,"54.63",,,,,,,,30,1,"4-Seam Fastball",0,4,0,4,4,0,0,4,"Standard","Standard",238,"-0.004","-0.04",,,,,"0.04","88.0",-4,-4,0.166,0.166,28,26,28,26,1,0,6,1,6,1,"1.74","1.32","1.32","22.3",,,,,
"SL","2026-04-04","87.4","-1.89","5.17","Imai, Tatsuya",643446,837227,"strikeout","swinging_strike",,,,,11,"Jeff McNeil strikes out swinging.","R","L","R","ATH","HOU","S",2,,3,2,2026,"-0.44","-0.11",-1.094226425184118,3.0109893111863943,,,691777,0,3,"Bot",,,,,,,2.802026344845284,-127.27919101331786,1.3308444351161741,-5.349532454021377,26.848970655256636,-33.8652246192926,3.213861549,1.621948819,,,,"86.8",2251,"5.9",825027,543877,572233,514888,621043,665161,670541,676694,694388,"54.59",,0,"0",1,0,0,,29,6,"Slider",0,4,0,4,4,0,0,4,"Infield shade","Standard",264,"-0.039","-0.312","64.8","6.1","0.103893792",,"0.312",,-4,-4,0.205,0.205,28,34,28,34,1,0,6,1,6,1,"3.1","0.44","-0.44","26.3",-8.32810095483881,31.32396592502663,28.62422361075051,45.37313456689768,8.553584660159459
"FF","2026-04-04","94.5","-2.02","5.02","Imai, Tatsuya",643446,837227,,"ball",,,,,11,,"R","L","R","ATH","HOU","B",,,2,2,2026,"-1.24","0.89",-2.1765649974714982,4.158886597980929,,,691777,0,3,"Bot",,,,,,,2.386584124554563,-137.55335983136263,1.5399169433975395,-16.229758461561055,31.853248144083516,-21.448617992168618,3.213861549,1.621948819,,,,"93.7",2107,"5.9",825027,543877,572233,514888,621043,665161,670541,676694,694388,"54.58",,,,,,,,29,5,"4-Seam Fastball",0,4,0,4,4,0,0,4,"Standard","Standard",234,"0.013","0.095",,,,,"-0.095",,-4,-4,0.192,0.192,28,34,28,34,1,0,6,1,6,1,"1.67","1.24","-1.24","20.7",,,,,
"SL","2026-04-04","85.8","-1.91","5.27","Imai, Tatsuya",643446,837227,,"foul",,,,,5,,"R","L","R","ATH","HOU","S",,,2,1,2026,"-0.17","0.18",0.12256919722487059,2.3304526010763214,,,691777,0,3,"Bot",,,,,,,5.046718711342098,-124.94224545573144,-0.8669344567958022,-2.829896823983176,25.230216237564395,-30.317570374166852,3.213861549,1.621948819,170,"65.3",56,"85.1",2163,"5.8",825027,543877,572233,514888,621043,665161,670541,676694,694388,"54.69",,,,,,,,29,4,"Slider",0,4,0,4,4,0,0,4,"Infield shade","Standard",283,"-0.011","-0.069","69.4","7.2",,,"0.069","88.0",-4,-4,0.203,0.203,28,34,28,34,1,0,6,1,6,1,"2.91","0.17","-0.17","25.8",2.876935085895231,-7.782316647436223,38.79281900570387,31.95104995274913,26.987914416231423
"SL","2026-04-04","86.1","-1.87","5.22","Imai, Tatsuya",643446,837227,,"called_strike",,,,,5,,"R","L","R","ATH","HOU","S",,,2,0,2026,"-0.41","0.36",-0.021302738335364835,2.718547488441342,,,691777,0,3,"Bot",,,,,,,5.149920551064901,-125.32362364397433,-0.23539488015151144,-5.40637084196948,25.9844275164294,-28.56293789153565,3.213861549,1.621948819,,,,"85.6",2179,"6",825027,543877,572233,514888,621043,665161,670541,676694,694388,"54.51",,,,,,,,29,3,"Slider",0,4,0,4,4,0,0,4,"Infield shade","Standard",258,"-0.01","-0.076",,,,,"0.076",,-4,-4,0.213,0.213,28,34,28,34,1,0,6,1,6,1,"2.72","0.41","-0.41","31.1",,,,,
"FF","2026-04-04","94","-1.83","5.2","Imai, Tatsuya",643446,837227,,"ball",,,,,11,,"R","L","R","ATH","HOU","B",,,1,0,2026,"-0.92","0.91",-1.2247130282997356,4.104601807361625,,,691777,0,3,"Bot",,,,,,,3.5761694683271195,-136.79491206002393,0.9985133408757788,-12.313207393917452,32.797672742004806,-21.2850084697261,3.213861549,1.621948819,,,,"92.9",1960,"5.8",825027,543877,572233,514888,621043,665161,670541,676694,694388,"54.66",,,,,,,,29,2,"4-Seam Fastball",0,4,0,4,4,0,0,4,"Infield shade","Standard",233,"0.01","0.075",,,,,"-0.075",,-4,-4,0.203,0.203,28,34,28,34,1,0,6,1,6,1,"1.69","0.92","-0.92","21.6",,,,,
"FF","2026-04-04","93.6","-1.95","5.12","Imai, Tatsuya",643446,837227,,"ball",,,,,11,,"R","L","R","ATH","HOU","B",,,0,0,2026,"-0.91","0.98",-1.122453734816554,2.910979347339363,,,691777,0,3,"Bot",,,,,,,4.117059440592829,-136.37235457064082,-1.997529271834865,-12.295473090907498,29.68207349388968,-19.66803612075837,3.213861549,1.621948819,,,,"93",1950,"5.8",825027,543877,572233,514888,621043,665161,670541,676694,694388,"54.66",,,,,,,,29,1,"4-Seam Fastball",0,4,0,4,4,0,0,4,"Infield shade","Standard",238,"0.006","0.038",,,,,"-0.038",,-4,-4,0.197,0.197,28,34,28,34,1,0,6,1,6,1,"1.61","0.91","-0.91","23.9",,,,,
"FF","2026-04-04","93.2","-1.65","5.14","Imai, Tatsuya",691777,837227,"single","hit_into_play",,,,,2,"Max Muncy singles on a ground ball to center fielder Jake Meyers.","R","R","R","ATH","HOU","X",8,"ground_ball",1,0,2026,"-1","0.7",-0.12935488444817234,3.2278972270587447,,,,0,3,"Bot",114.31,101.52,,,,,6.068567252037708,-135.57894185046794,-0.5362458644601303,-13.64402301537914,29.705173386204105,-23.684354342827522,3.227903543,1.629035433,86,"101.9",3,"92.9",2050,"6.1",825027,543877,572233,514888,621043,665161,670541,676694,694388,"54.39",0.54,0.503,"0.9",1,1,0,4,28,2,"4-Seam Fastball",0,4,0,4,4,0,0,4,"Infield shade","Standard",176,"0.03","0.405","69.6","6.4",,0.611,"-0.405","101.9",-4,-4,0.167,0.167,28,23,28,24,1,0,6,1,6,1,"1.93","1","1","25.5",-3.1657351384819754,2.6662276905225952,27.005612976036993,33.71725889951678,25.08702543202835
"FF","2026-04-04","91.5","-1.69","5.28","Imai, Tatsuya",691777,837227,,"ball",,,,,12,,"R","R","R","ATH","HOU","B",,,0,0,2026,"-1.02","0.89",0.1321679486961116,3.445906107811822,,,,0,3,"Bot",,,,,,,6.707050244430701,-133.10376452501995,-0.5359418964482386,-13.604157672417927,28.491522659493043,-21.711959520074714,3.227903543,1.629035433,,,,"90.7",1873,"5.8",825027,543877,572233,514888,621043,665161,670541,676694,694388,"54.71",,,,,,,,28,1,"4-Seam Fastball",0,4,0,4,4,0,0,4,"Infield shade","Standard",230,"0.003","0.043",,,,,"-0.043",,-4,-4,0.164,0.164,28,23,28,24,1,0,6,1,6,1,"1.84","1.02","1.02","24.1",,,,,
"FF","2026-04-04","95.5","-1.83","4.99","Imai, Tatsuya",671732,837227,"strikeout","swinging_strike",,,,,12,"Lawrence Butler strikes out swinging.","R","L","R","ATH","HOU","S",2,,2,2,2026,"-1.03","0.97",0.013887899250415892,4.015402086261867,,,,2,2,"Bot",,,,,,,7.100647405880661,-138.88942703515582,0.9692958287717195,-14.869073054332514,31.23386515881839,-20.05320060402386,3.34375,1.6875,,,,"95.2",2083,"6.1",825027,543877,572233,514888,621043,665161,670541,676694,694388,"54.35",,0,"0",1,0,0,,19,6,"4-Seam Fastball",0,2,0,2,2,0,0,2,"Strategic","Standard",232,"-0.009","-0.219","62.4","4.9","2.04064698",,"0.219",,-2,-2,0.297,0.297,28,25,28,26,1,0,6,1,6,1,"1.53","1.03","-1.03","24.1",-4.656740005512953,49.68636874240981,21.26766091291002,38.99653076575004,-1.9180409962889948
"SL","2026-04-04","86.3","-1.75","5.33","Imai, Tatsuya",671732,837227,,"foul",,,,,2,,"R","L","R","ATH","HOU","S",,,2,2,2026,"-0.52","0.18",-0.21482735905479955,2.843598661592602,,,,2,2,"Bot",,,,,,,4.634578052464031,-125.61508139651832,0.10377811863009656,-6.488548140109656,25.618177290207385,-30.470999085983653,3.34375,1.6875,218,"68.9",48,"85.5",2286,"5.8",825027,543877,572233,514888,621043,665161,670541,676694,694388,"54.7",,,,,,,,19,5,"Slider",0,2,0,2,2,0,0,2,"Strategic","Standard",270,"0","0","75.5","7.2",,,"0","88.0",-2,-2,0.297,0.297,28,25,28,26,1,0,6,1,6,1,"2.88","0.52","-0.52","25.5",5.579871244106512,6.971493448537592,28.784555306215996,40.24935415902539,24.70294527881895
"SL","2026-04-04","85.1","-1.9","5.28","Imai, Tatsuya",671732,837227,,"called_strike",,,,,1,,"R","L","R","ATH","HOU","S",,,2,1,2026,"0.25","-0.23",-0.3600529708843081,3.2795704565665673,,,,2,2,"Bot",,,,,,,3.031896437088261,-123.98831097403179,2.1381429771547125,2.020237967125404,21.936375620253138,-35.14762208459822,3.34375,1.6875,,,,"84.6",2288,"5.6",825027,543877,572233,514888,621043,665161,670541,676694,694388,"54.88",,,,,,,,19,4,"Slider",0,2,0,2,2,0,0,2,"Standard","Standard",301,"-0.003","-0.079",,,,,"0.079",,-2,-2,0.3,0.3,28,25,28,26,1,0,6,1,6,1,"3.34","-0.25","0.25","25.1",,,,,
"FF","2026-04-04","93.6","-1.87","5.24","Imai, Tatsuya",671732,837227,,"ball",,,,,11,,"R","L","R","ATH","HOU","B",,,1,1,2026,"-1.14","0.96",-0.9815704669343528,4.191268304892735,,,,2,2,"Bot",,,,,,,4.753846789532814,-136.23886692330646,0.9869887546106487,-15.233036062840783,29.60073813833847,-20.646251497318154,3.34375,1.6875,,,,"92.4",2101,"5.6",825027,543877,572233,514888,621043,665161,670541,676694,694388,"54.94",,,,,,,,19,3,"4-Seam Fastball",0,2,0,2,2,0,0,2,"Standard","Standard",238,"0.002","0.054",,,,,"-0.054",,-2,-2,0.298,0.298,28,25,28,26,1,0,6,1,6,1,"1.64","1.14","-1.14","22.7",,,,,
"FF","2026-04-04","93.7","-1.62","5.34","Imai, Tatsuya",671732,837227,,"ball",,,,,11,,"R","L","R","ATH","HOU","B",,,0,1,2026,"-1.23","1.03",-0.8824128443797938,4.266175525223242,,,,2,2,"Bot",,,,,,,4.5660733605900194,-136.3822821365134,0.7642149079718695,-16.32933660869159,30.150955506288838,-19.68883566621919,3.34375,1.6875,,,,"92.5",2138,"5.6",825027,543877,572233,514888,621043,665161,670541,676694,694388,"54.93",,,,,,,,19,2,"4-Seam Fastball",0,2,0,2,2,0,0,2,"Standard","Standard",237,"0.001","0.03",,,,,"-0.03",,-2,-2,0.297,0.297,28,25,28,26,1,0,6,1,6,1,"1.56","1.23","-1.23","24.0",,,,,
"CH","2026-04-04","85.6","-1.76","5.36","Imai, Tatsuya",671732,837227,,"foul",,,,,4,,"R","L","R","ATH","HOU","S",,,0,0,2026,"-1.2","0.71",-0.338262582711814,2.336624174575497,,,,2,2,"Bot",,,,,,,5.721246190481738,-124.45081619818464,-2.0267397499072777,-13.68252924383179,27.442149159253177,-24.642643425187213,3.34375,1.6875,63,"38.3",22,"84.3",1851,"5.7",825027,543877,572233,514888,621043,665161,670541,676694,694388,"54.78",,,,,,,,19,1,"Changeup",0,2,0,2,2,0,0,2,"Standard","Standard",256,"-0.002","-0.043","76.4","7.4",,,"0.043","88.0",-2,-2,0.299,0.299,28,25,28,26,1,0,6,1,6,1,"2.43","1.2","-1.2","27.0",2.310665274252904,9.11117243592868,32.6513680910169,42.82090115388692,26.020820811480334
"SL","2026-04-04","87.3","-1.81","5.4","Imai, Tatsuya",805779,837227,"field_out","hit_into_play",,,,,7,"Jacob Wilson pops out to first baseman Christian Walker.","R","R","R","ATH","HOU","X",3,"popup",1,2,2026,"-0.67","0.53",-0.48294303462355215,1.9948231921931674,,,,1,2,"Bot",153.12,158.16,,,,,4.507881430687133,-126.94535434778238,-2.8031579271220974,-8.19274320219564,30.0522178140611,-26.088053556236865,3.29109252,1.660925197,127,"67",64,"85.9",2176,"5.8",825027,543877,572233,514888,621043,665161,670541,676694,694388,"54.73",0.003,0.003,"0",1,0,0,3,18,5,"Slider",0,2,0,2,2,0,0,2,"Standard","Standard",264,"-0.013","-0.181","66.7","6.3",,0.003,"0.181","88.0",-2,-2,0.312,0.312,28,24,28,24,1,0,6,1,6,1,"2.5","0.67","0.67","25.9",7.725187408781748,-7.465488504653418,42.214679488197554,23.99134062612755,35.07690859351748
"SL","2026-04-04","87.5","-1.77","5.48","Imai, Tatsuya",805779,837227,,"foul",,,,,11,,"R","R","R","ATH","HOU","S",,,1,2,2026,"-0.81","0.3",-1.0228293377883384,2.6069615162731554,,,,1,2,"Bot",,,,,,,3.449015116276937,-127.33513640632043,-1.1250613039225266,-9.559225131638211,29.806293054688258,-28.93852915035909,3.29109252,1.660925197,5,"70.7",-28,"86",2297,"5.7",825027,543877,572233,514888,621043,665161,670541,676694,694388,"54.83",,,,,,,,18,4,"Slider",0,2,0,2,2,0,0,2,"Standard","Standard",261,"0","0","53.4","4.9",,,"0","88.0",-2,-2,0.312,0.312,28,24,28,24,1,0,6,1,6,1,"2.71","0.81","0.81","27.6",-6.754069383387873,5.057149046291613,42.79032240231202,17.98739766238225,25.51032116380793
"SL","2026-04-04","87.4","-1.59","5.42","Imai, Tatsuya",805779,837227,,"ball",,,,,14,,"R","R","R","ATH","HOU","B",,,0,2,2026,"-0.72","-0.02",1.5064724668415534,-0.2805662963503508,,,,1,2,"Bot",,,,,,,8.73931133205315,-126.71214708560872,-7.05742415864646,-9.732142819451512,29.336270760278808,-30.906709415822082,3.29109252,1.660925197,,,,"85.7",2334,"5.7",825027,543877,572233,514888,621043,665161,670541,676694,694388,"54.83",,,,,,,,18,3,"Slider",0,2,0,2,2,0,0,2,"Standard","Standard",255,"0.002","0.017",,,,,"-0.017",,-2,-2,0.31,0.31,28,24,28,24,1,0,6,1,6,1,"3.06","0.72","0.72","25.8",,,,,
"SL","2026-04-04","86.6","-1.53","5.6","Imai, Tatsuya",805779,837227,,"swinging_strike",,,,,14,,"R","R","R","ATH","HOU","S",,,0,1,2026,"-0.62","0.38",1.1504764784997392,1.3014431171456389,,,,1,2,"Bot",,,,,,,7.479087053846621,-125.80882402694242,-4.44398611031314,-8.26740567416137,28.527416283982472,-27.36090945876716,3.29109252,1.660925197,,,,"84.7",2348,"5.4",825027,543877,572233,514888,621043,665161,670541,676694,694388,"55.12",,,,,,,,18,2,"Slider",0,2,0,2,2,0,0,2,"Standard","Standard",256,"-0.004","-0.057","66.2","6.8","0.523788432",,"0.057",,-2,-2,0.314,0.314,28,24,28,24,1,0,6,1,6,1,"2.7","0.62","0.62","28.1",3.4294523742449043,1.3151965601473876,39.34891370671947,45.900770684189254,24.927207318554455
"FF","2026-04-04","92.5","-1.78","5.26","Imai, Tatsuya",805779,837227,,"called_strike",,,,,4,,"R","R","R","ATH","HOU","S",,,0,0,2026,"-1.11","0.81",-0.7378285508164053,2.463184077571296,,,,1,2,"Bot",,,,,,,5.017801460202752,-134.53562223662328,-2.8228624821310766,-14.54203273229526,32.50637404820143,-21.977866558493947,3.29109252,1.660925197,,,,"91",2057,"5.7",825027,543877,572233,514888,621043,665161,670541,676694,694388,"54.82",,,,,,,,18,1,"4-Seam Fastball",0,2,0,2,2,0,0,2,"Standard","Standard",241,"-0.003","-0.041",,,,,"0.041",,-2,-2,0.317,0.317,28,24,28,24,1,0,6,1,6,1,"1.88","1.11","1.11","21.7",,,,,
"FF","2026-04-04","92.5","-1.77","5.22","Imai, Tatsuya",667670,837227,"field_out","hit_into_play",,,,,2,"Brent Rooker flies out to right fielder Joey Loperfido.","R","R","R","ATH","HOU","X",9,"fly_ball",1,0,2026,"-1.12","0.71",-0.04411463756678069,3.131854778399194,,,,0,2,"Bot",175.63,66.39,,,,,6.759648642234802,-134.5788300569516,-0.8959529036591379,-15.081696505752001,30.985235599118408,-23.548721785683494,3.363935368,1.697687008,351,"95.8",30,"91.6",2062,"5.9",825027,543877,572233,514888,621043,665161,670541,676694,694388,"54.59",0.211,0.368,"0",1,0,0,5,17,2,"4-Seam Fastball",0,2,0,2,2,0,0,2,"Infield shade","Standard",241,"-0.028","-0.304","73.5","6.2",,0.68,"0.304","95.8",-2,-2,0.345,0.345,28,31,28,32,1,0,6,1,6,1,"1.96","1.12","1.12","22.6",3.490898642770867,11.36093180717286,28.35278126098861,34.80475567243117,25.074868429237824
"FF","2026-04-04","91.7","-1.73","5.28","Imai, Tatsuya",667670,837227,,"ball",,,,,12,,"R","R","R","ATH","HOU","B",,,0,0,2026,"-1.1","1.03",0.9755954581286748,3.665398447213962,,,,0,2,"Bot",,,,,,,9.07600017439035,-133.30821255364052,-0.32902552819418623,-15.075769844860172,27.929157923796737,-19.989359711452423,3.363935368,1.697687008,,,,"90.8",2081,"5.7",825027,543877,572233,514888,621043,665161,670541,676694,694388,"54.76",,,,,,,,17,1,"4-Seam Fastball",0,2,0,2,2,0,0,2,"Infield shade","Standard",238,"0.004","0.043",,,,,"-0.043",,-2,-2,0.341,0.341,28,31,28,32,1,0,6,1,6,1,"1.68","1.1","1.1","23.6",,,,,
"SL","2026-04-04","88.4","-1.86","5.23","Imai, Tatsuya",691016,837227,"strikeout_double_play","swinging_strike",,,,,13,"Tyler Soderstrom strikes out swinging and Nick Kurtz caught stealing 2nd, catcher Christian Vázquez to shortstop Jeremy Peña to catcher Christian Vázquez.","R","L","R","ATH","HOU","S",2,,3,2,2026,"-1.29","0.59",-0.25746409436244244,1.5113637429389284,,,701762,1,1,"Bot",,,,,,,6.554594248968964,-128.65538389840142,-3.9985763430271906,-15.651343292544464,25.906384896088863,-25.040956520288912,3.285826772,1.658267717,,,,"88.1",2184,"6",825027,543877,572233,514888,621043,665161,670541,676694,694388,"54.47",,0,"0",1,0,0,,10,7,"Slider",0,2,0,2,2,0,0,2,"Infield shade","Standard",245,"-0.059","-0.309","72.7","8.9","0.914491104",,"0.309",,-2,-2,0.361,0.361,28,24,28,25,1,0,6,1,6,1,"2.32","1.29","-1.29","26.9",22.181288837754767,-29.069167433972705,33.152217092584436,44.251925094916345,42.6680820120882
"FF","2026-04-04","96.1","-1.97","5.01","Imai, Tatsuya",691016,837227,,"foul",,,,,1,,"R","L","R","ATH","HOU","S",,,3,2,2026,"-1.2","0.87",-0.33534219379622554,3.330522742272902,,,701762,1,1,"Bot",,,,,,,7.01454746892783,-139.72187085244377,-0.638476345031196,-17.397921879708818,34.56732244283648,-20.959260844748172,3.285826772,1.658267717,227,"80.8",54,"95.2",1991,"6",825027,543877,572233,514888,621043,665161,670541,676694,694388,"54.46",,,,,,,,10,6,"4-Seam Fastball",0,2,0,2,2,0,0,2,"Infield shade","Standard",238,"0","0","67.3","6.3",,,"0","88.0",-2,-2,0.361,0.361,28,24,28,25,1,0,6,1,6,1,"1.62","1.2","-1.2","23.8",-0.5455476488363228,24.659655225616596,18.217878390925495,45.04234391344454,12.345336662147403
"SL","2026-04-04","87.8","-1.85","5.28","Imai, Tatsuya",691016,837227,,"ball",,,,,11,,"R","L","R","ATH","HOU","B",,,2,2,2026,"-0.43","0.46",-0.8369768464671646,2.5845154276004956,,,701762,1,1,"Bot",,,,,,,3.3106862146679026,-127.62618786368726,-1.0305798624990685,-5.5070039267684185,32.08856001109737,-27.20541883422756,3.285826772,1.658267717,,,,"86.2",2126,"5.8",825027,543877,572233,514888,621043,665161,670541,676694,694388,"54.66",,,,,,,,10,5,"Slider",0,2,0,2,2,0,0,2,"Infield shade","Standard",266,"0.011","0.08",,,,,"-0.08",,-2,-2,0.35,0.35,28,24,28,25,1,0,6,1,6,1,"2.56","0.43","-0.43","25.5",,,,,
"SL","2026-04-04","88","-1.72","5.22","Imai, Tatsuya",691016,837227,,"blocked_ball",,,,,14,,"R","L","R","ATH","HOU","B",,,1,2,2026,"-1.22","0.28",1.2192525796366105,-0.13262465004748547,,,701762,1,1,"Bot",,,,,,,9.518685465234855,-127.65672423176704,-7.033452119890753,-15.460295257231484,29.267401920899854,-27.660704491768566,3.285826772,1.658267717,,,,"86.6",2199,"5.9",825027,543877,572233,514888,621043,665161,670541,676694,694388,"54.65",,,,,,,,10,4,"Slider",0,2,0,2,2,0,0,2,"Standard","Standard",272,"0.004","0.054",,,,,"-0.054",,-2,-2,0.346,0.346,28,24,28,25,1,0,6,1,6,1,"2.71","1.22","-1.22","25.5",,,,,
"FF","2026-04-04","94.5","-1.75","5.25","Imai, Tatsuya",691016,837227,,"ball",,,,,11,,"R","L","R","ATH","HOU","B",,,0,2,2026,"-1.02","0.72",-0.5874361630954139,4.539868802349195,,,701762,1,1,"Bot",,,,,,,5.255000108449124,-137.5254981196523,2.312395487530085,-14.12559290021357,31.307179349536934,-23.819437785176397,3.285826772,1.658267717,,,,"93.7",1858,"5.9",825027,543877,572233,514888,621043,665161,670541,676694,694388,"54.64",,,,,,,,10,3,"4-Seam Fastball",0,2,0,2,2,0,0,2,"Standard","Standard",240,"0.003","0.017",,,,,"-0.017",,-2,-2,0.343,0.343,28,24,28,25,1,0,6,1,6,1,"1.84","1.02","-1.02","24.3",,,,,
"FF","2026-04-04","95.2","-1.94","5.17","Imai, Tatsuya",691016,837227,,"foul",,,,,5,,"R","L","R","ATH","HOU","S",,,0,1,2026,"-1","1.07",-0.05264559945743752,2.432228898304159,,,701762,1,1,"Bot",,,,,,,7.089678882213491,-138.388351790371,-3.728473783592176,-14.425044092767129,32.300640701449026,-17.786942133369426,3.285826772,1.658267717,70,"102.1",0,"94.2",2115,"5.9",825027,543877,572233,514888,621043,665161,670541,676694,694388,"54.62",,,,,,,,10,2,"4-Seam Fastball",0,2,0,2,2,0,0,2,"Infield shade","Standard",233,"-0.007","-0.056","71.5","6.0",,,"0.056","102.1",-2,-2,0.35,0.35,28,24,28,25,1,0,6,1,6,1,"1.46","1","-1","23.4",-20.048319929028064,30.16722823146578,33.843159111054796,41.32026516443628,7.626625748161491
"SL","2026-04-04","87.8","-1.85","5.35","Imai, Tatsuya",691016,837227,,"called_strike",,,,,4,,"R","L","R","ATH","HOU","S",,,0,0,2026,"-1.11","0.32",-0.7505327312394368,2.173687133643432,,,701762,1,1,"Bot",,,,,,,4.901916880087448,-127.70745775046211,-1.972250158599632,-13.128005934635395,28.007083530933055,-28.492471456346763,3.285826772,1.658267717,,,,"86.9",2175,"5.9",825027,543877,572233,514888,621043,665161,670541,676694,694388,"54.64",,,,,,,,10,1,"Slider",0,2,0,2,2,0,0,2,"Infield shade","Standard",265,"-0.005","-0.04",,,,,"0.04",,-2,-2,0.355,0.355,28,24,28,25,1,0,6,1,6,1,"2.66","1.11","-1.11","29.0",,,,,
"SL","2026-04-04","88.5","-1.83","5.33","Imai, Tatsuya",669127,837227,"strikeout","swinging_strike_blocked",,,,,14,"Shea Langeliers strikes out swinging.","R","R","R","ATH","HOU","S",2,,1,2,2026,"-0.51","0.23",0.3780793545149558,0.3743206353339441,,,701762,0,1,"Bot",,,,,,,6.354899008047538,-128.48636592544344,-6.04656412407386,-7.156403049518526,33.17123372479628,-28.30896289241691,3.18226706,1.606003937,,,,"87.1",2215,"6.1",825027,543877,572233,514888,621043,665161,670541,676694,694388,"54.42",,0,"0",1,0,0,,9,4,"Slider",0,2,0,2,2,0,0,2,"Standard","Standard",268,"-0.024","-0.177","72.3","8.3","7.067113008",,"0.177",,-2,-2,0.379,0.379,28,28,28,29,1,0,6,1,6,1,"2.75","0.51","0.51","27.6",18.105493728525417,-24.801662344204466,38.2110854983256,41.541216930657754,46.99346249829601
"SL","2026-04-04","87.7","-1.87","5.34","Imai, Tatsuya",669127,837227,,"swinging_strike",,,,,1,,"R","R","R","ATH","HOU","S",,,1,1,2026,"-0.26","0.23",-0.4945205632949528,2.7107725952339337,,,701762,0,1,"Bot",,,,,,,3.806603145101512,-127.54994626519077,-0.3749488072716064,-3.808103949294761,33.039813347215755,-29.864143897030807,3.18226706,1.606003937,,,,"86.3",2236,"6",825027,543877,572233,514888,621043,665161,670541,676694,694388,"54.46",,,,,,,,9,3,"Slider",0,2,0,2,2,0,0,2,"Standard","Standard",254,"-0.009","-0.055","77.2","8.2","6.203596344",,"0.055",,-2,-2,0.388,0.388,28,28,28,29,1,0,6,1,6,1,"2.8","0.26","0.26","27.5",20.020663640235863,-50.38380829158459,25.358840685787982,32.39818337271653,59.418695641134555
"SL","2026-04-04","86.8","-1.77","5.38","Imai, Tatsuya",669127,837227,,"called_strike",,,,,2,,"R","R","R","ATH","HOU","S",,,1,0,2026,"-0.55","0.27",-0.0038575044391538915,2.856046276445598,,,701762,0,1,"Bot",,,,,,,5.269103041655039,-126.1779750630614,-0.1356892835337864,-7.0521510346845435,29.46162505958946,-29.52515087810981,3.18226706,1.606003937,,,,"85.4",2161,"5.8",825027,543877,572233,514888,621043,665161,670541,676694,694388,"54.74",,,,,,,,9,2,"Slider",0,2,0,2,2,0,0,2,"Standard","Standard",259,"-0.008","-0.055",,,,,"0.055",,-2,-2,0.396,0.396,28,28,28,29,1,0,6,1,6,1,"2.8","0.55","0.55","25.4",,,,,
"FF","2026-04-04","92.9","-1.91","5.27","Imai, Tatsuya",669127,837227,,"ball",,,,,12,,"R","R","R","ATH","HOU","B",,,0,0,2026,"-0.91","1.25",0.8607757801204075,3.382957938163135,,,701762,0,1,"Bot",,,,,,,8.912229932628929,-134.93580409478417,-1.6028409244401862,-13.167377439174922,31.129520032182874,-16.848201057920033,3.18226706,1.606003937,,,,"91.4",2028,"5.6",825027,543877,572233,514888,621043,665161,670541,676694,694388,"54.86",,,,,,,,9,1,"4-Seam Fastball",0,2,0,2,2,0,0,2,"Standard","Standard",239,"0.006","0.038",,,,,"-0.038",,-2,-2,0.39,0.39,28,28,28,29,1,0,6,1,6,1,"1.42","0.91","0.91","21.8",,,,,
"SL","2026-04-04","87.4","-1.75","5.37","Imai, Tatsuya",701762,837227,"single","hit_into_play",,,,,9,"Nick Kurtz singles on a soft line drive to left fielder Yordan Alvarez.","R","L","R","ATH","HOU","X",7,"line_drive",2,2,2026,"-0.58","0.15",0.44387146064017946,1.7415299766985637,,,,0,1,"Bot",103.11,105.28,,,,,6.350231048264768,-127.21121879456426,-2.7051597131710645,-7.517082126637016,24.894462823693647,-30.161356355547934,3.413082349,1.722490158,190,"72.6",18,"86.5",2183,"5.6",825027,543877,572233,514888,621043,665161,670541,676694,694388,"54.87",0.891,0.811,"0.9",1,1,0,4,8,5,"Slider",0,2,0,2,2,0,0,2,"Infield shade","Standard",264,"0.041","0.476","70.8","7.5",,0.951,"-0.476","88.0",-2,-2,0.349,0.349,28,23,28,23,1,0,6,1,6,1,"2.82","0.58","-0.58","24.2",-1.7973665194665314,17.296130048683402,42.866414012387146,32.00533587134739,18.46767306949714
"FF","2026-04-04","94.2","-1.63","5.33","Imai, Tatsuya",701762,837227,,"ball",,,,,14,,"R","L","R","ATH","HOU","B",,,1,2,2026,"-0.98","0.82",1.4907521934016095,2.322792075771339,,,,0,1,"Bot",,,,,,,10.081795299434173,-136.970497673724,-3.7682070411828987,-14.403222587724416,27.427491727434578,-21.13525763079788,3.413082349,1.722490158,,,,"93.6",1834,"5.8",825027,543877,572233,514888,621043,665161,670541,676694,694388,"54.75",,,,,,,,8,4,"4-Seam Fastball",0,2,0,2,2,0,0,2,"Infield shade","Standard",243,"0.004","0.047",,,,,"-0.047",,-2,-2,0.345,0.345,28,23,28,23,1,0,6,1,6,1,"1.73","0.98","-0.98","23.3",,,,,
"SL","2026-04-04","85.1","-1.61","5.58","Imai, Tatsuya",701762,837227,,"ball",,,,,14,,"R","L","R","ATH","HOU","B",,,0,2,2026,"-0.45","0.28",1.4107212442185615,1.5481186474475073,,,,0,1,"Bot",,,,,,,7.81455442545978,-123.78034017648135,-3.4792284347707367,-6.080878696046605,23.44748533956617,-28.787892251420097,3.413082349,1.722490158,,,,"84.4",2128,"5.7",825027,543877,572233,514888,621043,665161,670541,676694,694388,"54.78",,,,,,,,8,3,"Slider",0,2,0,2,2,0,0,2,"Infield shade","Standard",267,"0.002","0.021",,,,,"-0.021",,-2,-2,0.343,0.343,28,23,28,23,1,0,6,1,6,1,"2.86","0.45","-0.45","27.3",,,,,
"FF","2026-04-04","91.8","-1.73","5.41","Imai, Tatsuya",701762,837227,,"called_strike",,,,,4,,"R","L","R","ATH","HOU","S",,,0,1,2026,"-1.08","0.65",-0.5297105334320509,2.7424290747664277,,,,0,1,"Bot",,,,,,,5.300007527369917,-133.69092707149176,-2.1525454538393403,-14.06173263808378,27.35152795615137,-24.160749404181043,3.413082349,1.722490158,,,,"90.9",1783,"5.6",825027,543877,572233,514888,621043,665161,670541,676694,694388,"54.89",,,,,,,,8,2,"4-Seam Fastball",0,2,0,2,2,0,0,2,"Infield shade","Standard",243,"-0.006","-0.054",,,,,"0.054",,-2,-2,0.349,0.349,28,23,28,23,1,0,6,1,6,1,"2.04","1.08","-1.08","22.7",,,,,
"FF","2026-04-04","92","-1.73","5.37","Imai, Tatsuya",701762,837227,,"called_strike",,,,,6,,"R","L","R","ATH","HOU","S",,,0,0,2026,"-1.01","0.83",0.6882662392977732,2.5628120727847636,,,,0,1,"Bot",,,,,,,8.139822300381793,-133.86466155614187,-2.913824651252403,-13.822964728761972,27.016317494643626,-21.7935878205321,3.413082349,1.722490158,,,,"91",1984,"5.5",825027,543877,572233,514888,621043,665161,670541,676694,694388,"54.96",,,,,,,,8,1,"4-Seam Fastball",0,2,0,2,2,0,0,2,"Infield shade","Standard",232,"-0.003","-0.042",,,,,"0.042",,-2,-2,0.352,0.352,28,23,28,23,1,0,6,1,6,1,"1.85","1.01","-1.01","23.3",,,,,
,"2026-04-04",,,,"Imai, Tatsuya",667670,837227,"walk","automatic_ball",,,,,,"Brent Rooker walks. Tyler Soderstrom to 2nd.","R","R","R","ATH","HOU","B",,,3,2,2026,,,,,,,691016,2,6,"Bot",,,,,,,,,,,,,,,,,,,,,825027,543877,572233,514888,621043,669397,670541,676694,694388,,,0.697886,"0.7",1,0,0,,62,7,,0,10,0,10,10,0,0,10,,,,"0",,,,,,,,-10,-10,0.002,0.002,28,31,28,32,3,2,6,1,6,1,,,,,,,,,
"SL","2026-03-29","86.7","-2.07","5.35","Imai, Tatsuya",666176,837227,"single","hit_into_play",,,,,8,"Jo Adell singles on a line drive to left fielder Yordan Alvarez. Jorge Soler scores.","R","R","R","HOU","LAA","X",7,"line_drive",2,1,2026,"-0.08","-0.18",0.2414973822073339,1.6711019953139528,624585,,,2,3,"Top",58.78,111.92,,,,,5.574928290624075,-125.84831888443414,-1.7187505022974736,-2.3952820528804515,35.01096852245685,-33.87987906311517,3.305134514,1.668011811,272,"91.1",20,"84.8",2290,"6.1",824215,543877,572233,670623,621043,665161,670541,694388,701358,"54.41",0.337,0.306,"0.9",1,1,0,4,29,4,"Slider",4,3,3,4,4,4,4,4,"Standard","Standard",269,"-0.095","0.679","75.9","8.4",,0.421,"-0.679","91.1",1,-1,0.625,0.375,28,27,28,27,2,1,,1,6,1,"3.33","0.08","0.08","26.1",13.913845164228764,-12.9712197710708,36.72390701887681,39.3156023620291,34.65538981719368
"SL","2026-03-29","86.4","-2.22","5.27","Imai, Tatsuya",666176,837227,,"swinging_strike",,,,,8,,"R","R","R","HOU","LAA","S",,,2,0,2026,"-0.09","-0.26",0.15449016557901685,1.7072483375542045,624585,,,2,3,"Top",,,,,,,5.711516500729507,-125.45005855143378,-1.2489557047735436,-2.4853476845445037,33.91061866520767,-34.84756207348139,3.305134514,1.668011811,,,,"84.4",2271,"5.9",824215,543877,572233,670623,621043,665161,670541,694388,701358,"54.6",,,,,,,,29,3,"Slider",4,3,3,4,3,4,3,4,"Standard","Standard",280,"0.003","-0.014","84.6","8.8","0.567473208",,"0.014",,1,-1,0.622,0.378,28,27,28,27,2,1,,1,6,1,"3.42","0.09","0.09","25.6",12.698883549885831,-14.55860149114689,36.08431387376641,37.817715280725636,45.36788491318279
"FS","2026-03-29","83.7","-2.07","5.12","Imai, Tatsuya",666176,837227,,"ball",,,,,13,,"R","R","R","HOU","LAA","B",,,1,0,2026,"-1.41","0.16",-0.3867813370923123,1.0952437359758798,624585,,,2,3,"Top",,,,,,,6.633747670218831,-121.55560013178965,-2.822482815127099,-15.304541970528671,27.51060097524967,-30.23430852162277,3.305134514,1.668011811,,,,"82.9",1289,"6.2",824215,543877,572233,670623,621043,665161,670541,694388,701358,"54.29",,,,,,,,29,2,"Split-Finger",4,3,3,4,3,4,3,4,"Standard","Standard",261,"-0.003","0.013",,,,,"-0.013",,1,-1,0.625,0.375,28,27,28,27,2,1,,1,6,1,"3.15","1.41","1.41","25.5",,,,,
"FF","2026-03-29","95.4","-2.2","5.1","Imai, Tatsuya",666176,837227,,"ball",,,,,14,,"R","R","R","HOU","LAA","B",,,0,0,2026,"-1.38","0.66",0.006689676220022589,1.2878251512449042,624585,,,2,3,"Top",,,,,,,8.84640607078808,-138.39031868107105,-5.539306305706563,-19.834124926529313,35.59911945107712,-22.49999789347199,3.305134514,1.668011811,,,,"94.4",1996,"6.2",824215,543877,572233,670623,621043,665161,670541,694388,701358,"54.29",,,,,,,,29,1,"4-Seam Fastball",4,3,3,4,3,4,3,4,"Standard","Standard",241,"-0.001","0.033",,,,,"-0.033",,1,-1,0.626,0.374,28,27,28,27,2,1,,1,6,1,"1.89","1.38","1.38","24.5",,,,,
"CU","2026-03-29","78.7","-2.06","5.37","Imai, Tatsuya",660162,837227,"field_out","hit_into_play",,,,,4,"Yoán Moncada grounds out, second baseman Isaac Paredes to first baseman Christian Walker. Jorge Soler to 3rd.","R","L","R","HOU","LAA","X",4,"ground_ball",1,1,2026,"1.2","-0.71",-0.632840364612477,2.331483372886095,,624585,,1,3,"Top",152.82,154.72,,,,,0.7779506974683723,-114.48045245372874,1.8523544604387234,10.276883093453243,24.603092231354335,-38.944448900580085,3.217372047,1.623720472,22,"98.9",-5,"77.4",2638,"5.8",824215,543877,572233,670623,621043,665161,670541,694388,701358,"54.75",0.29,0.272,"0",1,0,0,2,28,3,"Curveball",4,3,3,4,3,4,3,4,"Standard","Standard",43,"0.034","-0.24","72.2","7.4",,0.311,"0.24","98.9",1,-1,0.592,0.40800000000000003,28,31,28,31,2,1,,1,6,1,"4.44","-1.2","1.2","29.7",4.2433574149063675,1.898043142205668,36.056511883314606,43.77946661315223,32.30470218012447
"FF","2026-03-29","94.3","-2.13","5.1","Imai, Tatsuya",660162,837227,,"ball",,,,,14,,"R","L","R","HOU","LAA","B",,,0,1,2026,"-1.16","0.77",2.1690983761171,1.1754782673314046,,624585,,1,3,"Top",,,,,,,13.54775746528438,-136.51408960313765,-5.9181886418090635,-17.53295603897166,31.464768849120038,-21.327145705577554,3.217372047,1.623720472,,,,"93.6",1925,"6.2",824215,543877,572233,670623,621043,665161,670541,694388,701358,"54.26",,,,,,,,28,2,"4-Seam Fastball",4,3,3,4,3,4,3,4,"Infield shade","Standard",239,"-0.004","0.039",,,,,"-0.039",,1,-1,0.596,0.404,28,31,28,31,2,1,,1,6,1,"1.83","1.16","-1.16","21.8",,,,,
"CU","2026-03-29","78.6","-2.04","5.49","Imai, Tatsuya",660162,837227,,"foul",,,,,8,,"R","L","R","HOU","LAA","S",,,0,0,2026,"0.86","-0.82",-0.22828292949974638,1.5511353009798245,,624585,,1,3,"Top",,,,,,,2.2478966195342833,-114.32986738035453,0.16477424501661675,6.9755734806020655,23.58222044183755,-39.615615964090686,3.217372047,1.623720472,63,"78",4,"77.5",2580,"5.8",824215,543877,572233,670623,621043,665161,670541,694388,701358,"54.67",,,,,,,,28,1,"Curveball",4,3,3,4,3,4,3,4,"Infield shade","Standard",40,"0.006","-0.046",,,,,"0.046","88.0",1,-1,0.59,0.41000000000000003,28,31,28,31,2,1,,1,6,1,"4.55","-0.86","0.86","31.9",,,,,
"SL","2026-03-29","87.7","-2.11","5.14","Imai, Tatsuya",624585,837227,"double","hit_into_play",,,,,8,"Jorge Soler doubles (1) on a line drive to left fielder Yordan Alvarez. Zach Neto scores. Mike Trout scores. Nolan Schanuel scores.","R","R","R","HOU","LAA","X",7,"line_drive",1,1,2026,"-0.93","0.57",-0.09301858797408202,2.018262551591135,687263,545361,694384,1,3,"Top",45.74,123.46,,,,,6.739268712890501,-127.46321513471756,-2.312839848756731,-11.604662336450048,29.753180936822517,-25.689565308337745,3.354281496,1.692814961,271,"82.5",25,"86.8",2216,"6.1",824215,543877,572233,670623,621043,665161,670541,694388,701358,"54.38",0.206,0.188,"1.25",1,1,1,3,27,3,"Slider",4,0,0,4,3,4,3,4,"Standard","Standard",251,"-0.183","0.685","78.5","8.7",,0.267,"-0.685","88.0",4,-4,0.773,0.22699999999999998,28,34,28,34,2,1,,1,6,1,"2.43","0.93","0.93","22.8",22.14176259662248,-20.528486970554805,36.21100472625112,37.91851113096288,36.57490239842434
"SL","2026-03-29","87.5","-2.19","5.18","Imai, Tatsuya",624585,837227,,"foul",,,,,2,,"R","R","R","HOU","LAA","S",,,1,0,2026,"-0.86","0.57",-0.03162246765858734,2.966423106418459,687263,545361,694384,1,3,"Top",,,,,,,6.932424665966085,-127.21517899364027,-0.18412911675182142,-10.851017658141906,27.775177700124654,-26.18434676790262,3.354281496,1.692814961,7,"78.7",-22,"87",2203,"6.1",824215,543877,572233,670623,621043,665161,670541,694388,701358,"54.36",,,,,,,,27,2,"Slider",4,0,0,4,0,4,0,4,"Standard","Standard",263,"0.011","-0.049","73.9","7.6",,,"0.049","88.0",4,-4,0.762,0.238,28,34,28,34,2,1,,1,6,1,"2.43","0.86","0.86","26.2",22.33990987242995,-10.55770155985622,26.432431879673086,38.344598785278336,32.58575174298169
"SL","2026-03-29","87.6","-2.26","5.23","Imai, Tatsuya",624585,837227,,"ball",,,,,11,,"R","R","R","HOU","LAA","B",,,0,0,2026,"-1.21","0.16",-1.1974618237635843,3.2008677462259936,687263,545361,694384,1,3,"Top",,,,,,,5.057801975159924,-127.45454909156084,1.1125512468225662,-14.27832851324642,28.295248519884137,-30.91825334412378,3.354281496,1.692814961,,,,"86.7",2288,"5.9",824215,543877,572233,670623,621043,665161,670541,694388,701358,"54.58",,,,,,,,27,1,"Slider",4,0,0,4,0,4,0,4,"Standard","Standard",250,"-0.008","0.026",,,,,"-0.026",,4,-4,0.77,0.22999999999999998,28,34,28,34,2,1,,1,6,1,"2.83","1.21","1.21","25.6",,,,,
"SL","2026-03-29","87.1","-2.42","5.07","Imai, Tatsuya",694384,837227,"walk","ball",,,,,11,"Nolan Schanuel walks. Mike Trout to 2nd.","R","L","R","HOU","LAA","B",,,3,1,2026,"-1.01","0.3",-2.187105235795022,3.5283948879024787,687263,,545361,1,3,"Top",,,,,,,2.6378239678341044,-126.79976948924192,2.0539947912764944,-11.349706920936866,29.212555030695636,-29.64844028897556,3.290214895,1.660482283,,,,"86.4",2061,"6.1",824215,543877,572233,670623,621043,665161,670541,694388,701358,"54.39",,0.697886,"0.7",1,0,0,,26,5,"Slider",4,0,0,4,0,4,0,4,"Infield shade","Standard",251,"-0.023","0.128",,,,,"-0.128",,4,-4,0.793,0.20699999999999996,28,24,28,24,2,1,,1,6,1,"2.73","1.01","-1.01","25.6",,,,,
"FF","2026-03-29","95.5","-2.42","4.98","Imai, Tatsuya",694384,837227,,"called_strike",,,,,1,,"R","L","R","HOU","LAA","S",,,3,0,2026,"-1.02","0.95",-0.29146243855019893,2.789612171314955,687263,,545361,1,3,"Top",,,,,,,7.856969845486588,-138.88390317881374,-2.137942721923088,-15.018269045386957,31.06562597017483,-19.567933721993114,3.290214895,1.660482283,,,,"95.3",1871,"6.2",824215,543877,572233,670623,621043,665161,670541,694388,701358,"54.28",,,,,,,,26,4,"4-Seam Fastball",4,0,0,4,0,4,0,4,"Infield shade","Standard",239,"0.008","-0.015",,,,,"0.015",,4,-4,0.785,0.21499999999999997,28,24,28,24,2,1,,1,6,1,"1.55","1.02","-1.02","22.1",,,,,
"FF","2026-03-29","95.9","-2.44","4.89","Imai, Tatsuya",694384,837227,,"ball",,,,,11,,"R","L","R","HOU","LAA","B",,,2,0,2026,"-0.98","0.85",-1.6921347029964893,3.49829699145624,687263,,545361,1,3,"Top",,,,,,,4.196498992716933,-139.61353073432753,0.11199334562494156,-13.75281004885738,31.782321465277168,-21.332831921676764,3.290214895,1.660482283,,,,"95.8",1886,"6.2",824215,543877,572233,670623,621043,665161,670541,694388,701358,"54.28",,,,,,,,26,3,"4-Seam Fastball",4,0,0,4,0,4,0,4,"Infield shade","Standard",241,"-0.012","0.073",,,,,"-0.073",,4,-4,0.797,0.20299999999999996,28,24,28,24,2,1,,1,6,1,"1.63","0.98","-0.98","21.0",,,,,
"CH","2026-03-29","86.9","-2.3","5.17","Imai, Tatsuya",694384,837227,,"ball",,,,,11,,"R","L","R","HOU","LAA","B",,,1,0,2026,"-1.35","0.57",-2.501856240247169,4.202033274677028,687263,,545361,1,3,"Top",,,,,,,2.3249237656111323,-126.47623421706687,2.816051517217523,-14.953873064968011,26.805008204990443,-26.886038866864677,3.290214895,1.660482283,,,,"86.4",1962,"6",824215,543877,572233,670623,621043,665161,670541,694388,701358,"54.45",,,,,,,,26,2,"Changeup",4,0,0,4,0,4,0,4,"Infield shade","Standard",259,"-0.007","0.053",,,,,"-0.053",,4,-4,0.804,0.19599999999999995,28,24,28,24,2,1,,1,6,1,"2.46","1.35","-1.35","23.8",,,,,
"FS","2026-03-29","84.7","-2.33","5.14","Imai, Tatsuya",694384,837227,,"ball",,,,,11,,"R","L","R","HOU","LAA","B",,,0,0,2026,"-0.69","-0.09",-1.9722797999884976,3.723748059275887,687263,,545361,1,3,"Top",,,,,,,2.221608915612822,-123.2046556045497,3.379451014609775,-7.496450435613201,25.24205674596607,-34.04800862711898,3.290214895,1.660482283,,,,"84.1",1117,"6",824215,543877,572233,670623,621043,665161,670541,694388,701358,"54.53",,,,,,,,26,1,"Split-Finger",4,0,0,4,0,4,0,4,"Infield shade","Standard",270,"-0.004","0.026",,,,,"-0.026",,4,-4,0.808,0.19199999999999995,28,24,28,24,2,1,,1,6,1,"3.28","0.69","-0.69","25.1",,,,,
"FF","2026-03-29","95.9","-2.32","4.79","Imai, Tatsuya",545361,837227,"single","hit_into_play",,,,,6,"Mike Trout singles on a line drive to center fielder Joey Loperfido. Zach Neto to 3rd.","R","R","R","HOU","LAA","X",8,"line_drive",3,2,2026,"-1.21","0.84",0.5156718401657325,2.599670331234903,,,687263,1,3,"Top",118.87,90.87,,,,,10.167932268921097,-139.22384296390067,-1.8756318494642321,-18.132859526326385,33.73151241672227,-21.078088603505396,3.243700787,1.637007874,247,"87.7",15,"95.4",1963,"6.3",824215,543877,572233,670623,621043,665161,670541,694388,701358,"54.2",0.983,0.917,"0.9",1,1,0,4,25,7,"4-Seam Fastball",4,0,0,4,0,4,0,4,"Standard","Standard",240,"-0.043","0.353","73.7","7.7",,1.111,"-0.353","88.0",4,-4,0.851,0.14900000000000002,28,34,28,35,2,1,,1,6,1,"1.67","1.21","1.21","21.6",8.244910018662535,-1.114247153512562,26.12979693776726,38.40532522294297,23.88815282307443
"FF","2026-03-29","95.9","-2.22","4.92","Imai, Tatsuya",545361,837227,,"ball",,,,,11,,"R","R","R","HOU","LAA","B",,,2,2,2026,"-1.21","0.94",-0.3537771840221118,3.9560102984184446,,,687263,1,3,"Top",,,,,,,7.644561396830146,-139.33968534047062,1.0905081237287697,-17.495922856647493,33.598663878142304,-20.488193705828078,3.243700787,1.637007874,,,,"95.5",1984,"6.3",824215,543877,572233,670623,621043,665161,670541,694388,701358,"54.19",,,,,,,,25,6,"4-Seam Fastball",4,0,0,4,0,4,0,4,"Standard","Standard",239,"-0.008","0.08",,,,,"-0.08",,4,-4,0.859,0.14100000000000001,28,34,28,35,2,1,,1,6,1,"1.56","1.21","1.21","20.3",,,,,
"FF","2026-03-29","96","-2.24","4.86","Imai, Tatsuya",545361,837227,,"foul",,,,,12,,"R","R","R","HOU","LAA","S",,,2,2,2026,"-0.93","1.17",0.9525419402698265,2.4545801965659813,,,687263,1,3,"Top",,,,,,,10.432731231583002,-139.2911038899711,-3.1758064461300113,-14.566004642967627,34.81132593296221,-16.47743965556915,3.243700787,1.637007874,191,"76.3",59,"95.2",2048,"6.3",824215,543877,572233,670623,621043,665161,670541,694388,701358,"54.24",,,,,,,,25,5,"4-Seam Fastball",4,0,0,4,0,4,0,4,"Standard","Standard",238,"0","0","65.6","7.3",,,"0","88.0",4,-4,0.859,0.14100000000000001,28,34,28,35,2,1,,1,6,1,"1.34","0.93","0.93","23.4",-1.6531262083790572,7.3930665613663065,24.141261901570303,43.97636001733112,21.990929971389892
"FF","2026-03-29","95.7","-2.16","4.88","Imai, Tatsuya",545361,837227,,"ball",,,,,12,,"R","R","R","HOU","LAA","B",,,1,2,2026,"-0.91","1.21",0.9582938517451451,2.851571355412357,,,687263,1,3,"Top",,,,,,,10.223133009828683,-138.92446004515605,-2.2628709236145945,-14.166810022657845,34.34289033141515,-16.309392779637818,3.243700787,1.637007874,,,,"95.5",2098,"6.5",824215,543877,572233,670623,621043,665161,670541,694388,701358,"53.98",,,,,,,,25,4,"4-Seam Fastball",4,0,0,4,0,4,0,4,"Standard","Standard",241,"-0.004","0.054",,,,,"-0.054",,4,-4,0.863,0.137,28,34,28,35,2,1,,1,6,1,"1.31","0.91","0.91","23.3",,,,,
"FF","2026-03-29","95.5","-2.25","4.96","Imai, Tatsuya",545361,837227,,"ball",,,,,12,,"R","R","R","HOU","LAA","B",,,0,2,2026,"-0.99","1.28",0.6259751296691443,3.422262125902899,,,687263,1,3,"Top",,,,,,,9.747564715595695,-138.61333531153073,-1.1284583902287528,-15.06901271734935,33.891275441390086,-15.761923613841438,3.243700787,1.637007874,,,,"95.1",2180,"6.4",824215,543877,572233,670623,621043,665161,670541,694388,701358,"54.08",,,,,,,,25,3,"4-Seam Fastball",4,0,0,4,0,4,0,4,"Standard","Standard",240,"-0.002","0.017",,,,,"-0.017",,4,-4,0.865,0.135,28,34,28,35,2,1,,1,6,1,"1.25","0.99","0.99","24.1",,,,,
"FF","2026-03-29","94.8","-2.22","5.06","Imai, Tatsuya",545361,837227,,"called_strike",,,,,3,,"R","R","R","HOU","LAA","S",,,0,1,2026,"-1.12","1.27",0.5306483272656226,3.3632021448291898,,,687263,1,3,"Top",,,,,,,9.600783720496112,-137.70873066117565,-1.419282726394545,-16.469518485243224,33.48627307521841,-16.00615457190047,3.243700787,1.637007874,,,,"94.2",2179,"6.2",824215,543877,572233,670623,621043,665161,670541,694388,701358,"54.26",,,,,,,,25,2,"4-Seam Fastball",4,0,0,4,0,4,0,4,"Standard","Standard",236,"0.006","-0.056",,,,,"0.056",,4,-4,0.859,0.14100000000000001,28,34,28,35,2,1,,1,6,1,"1.3","1.12","1.12","28.5",,,,,
"FF","2026-03-29","95.2","-2.31","5.08","Imai, Tatsuya",545361,837227,,"foul",,,,,9,,"R","R","R","HOU","LAA","S",,,0,0,2026,"-1.46","0.64",0.5386302343100311,2.0603293739506126,,,687263,1,3,"Top",,,,,,,10.645596083984445,-138.05137179611117,-3.417716859954994,-21.15485952689691,35.55580578463223,-23.37154748309877,3.243700787,1.637007874,1,"74.6",-60,"94",2164,"6.2",824215,543877,572233,670623,621043,665161,670541,694388,701358,"54.34",,,,,,,,25,1,"4-Seam Fastball",4,0,0,4,0,4,0,4,"Standard","Standard",234,"0.003","-0.04","71.5","7.0",,,"0.04","88.0",4,-4,0.856,0.14400000000000002,28,34,28,35,2,1,,1,6,1,"1.92","1.46","1.46","22.0",-3.153308120971945,15.283258000443888,33.3031181081923,38.87084557497833,16.667611581787234
"SL","2026-03-29","88.3","-2.3","5.14","Imai, Tatsuya",687263,837227,"walk","ball",,,,,14,"Zach Neto walks.","R","R","R","HOU","LAA","B",,,3,2,2026,"-0.34","0.09",1.0705929387613624,1.0100861503404803,,,,1,3,"Top",,,,,,,8.764650098276109,-128.07707040567615,-3.7563493123726213,-5.827169384637674,31.80884641560927,-30.453017579479436,3.169980315,1.59980315,,,,"87",2430,"6.1",824215,543877,572233,670623,621043,665161,670541,694388,701358,"54.37",,0.697886,"0.7",1,0,0,,24,6,"Slider",4,0,0,4,0,4,0,4,"Standard","Standard",269,"-0.017","0.336",,,,,"-0.336",,4,-4,0.873,0.127,28,25,28,25,2,1,,1,6,1,"2.9","0.34","0.34","27.8",,,,,
"FF","2026-03-29","95.1","-2.34","5.06","Imai, Tatsuya",687263,837227,,"ball",,,,,11,,"R","R","R","HOU","LAA","B",,,2,2,2026,"-1.2","0.89",-0.5824822558051221,4.022984754114642,,,,1,3,"Top",,,,,,,7.2565041717510255,-138.1289262881325,1.1593210014191286,-17.03113160126098,36.33743731483172,-21.55422165608877,3.169980315,1.59980315,,,,"94",2169,"6.2",824215,543877,572233,670623,621043,665161,670541,694388,701358,"54.33",,,,,,,,24,5,"4-Seam Fastball",4,0,0,4,0,4,0,4,"Standard","Standard",242,"-0.005","0.111",,,,,"-0.111",,4,-4,0.878,0.122,28,25,28,25,2,1,,1,6,1,"1.68","1.2","1.2","25.9",,,,,
"SL","2026-03-29","88.2","-2.18","5.27","Imai, Tatsuya",687263,837227,,"ball",,,,,14,,"R","R","R","HOU","LAA","B",,,1,2,2026,"-0.15","0.08",2.1634337452366936,1.3598475110297956,,,,1,3,"Top",,,,,,,10.65035551501287,-127.77993898063369,-3.0887451579675043,-4.43515145458984,34.07001856605804,-30.732539556290224,3.169980315,1.59980315,,,,"86.4",2298,"6.1",824215,543877,572233,670623,621043,665161,670541,694388,701358,"54.44",,,,,,,,24,4,"Slider",4,0,0,4,0,4,0,4,"Infield shade","Standard",268,"-0.001","0.052",,,,,"-0.052",,4,-4,0.879,0.121,28,25,28,25,2,1,,1,6,1,"2.95","0.15","0.15","28.1",,,,,
"SL","2026-03-29","88.8","-2.31","5.2","Imai, Tatsuya",687263,837227,,"swinging_strike",,,,,14,,"R","R","R","HOU","LAA","S",,,1,1,2026,"-0.16","0.08",1.0984750027650931,1.4561669340091878,,,,1,3,"Top",,,,,,,8.49972902360286,-128.81058014582962,-2.819714056927466,-4.054813202594385,35.5421113606971,-30.74936310520683,3.169980315,1.59980315,,,,"87",2304,"6.1",824215,543877,572233,670623,621043,665161,670541,694388,701358,"54.44",,,,,,,,24,3,"Slider",4,0,0,4,0,4,0,4,"Standard","Standard",277,"0.002","-0.072","71.2","7.7","5.318711592",,"0.072",,4,-4,0.877,0.123,28,25,28,25,2,1,,1,6,1,"2.91","0.16","0.16","28.8",31.63879742509218,-17.802676606894078,39.02016559394191,41.472941913684906,42.414888625839815
"SL","2026-03-29","87.6","-2.32","5.3","Imai, Tatsuya",687263,837227,,"ball",,,,,13,,"R","R","R","HOU","LAA","B",,,0,1,2026,"-0.13","0.05",-0.44231127183177177,1.1063968446850527,,,,1,3,"Top",,,,,,,4.715622995805641,-127.34469019455774,-3.678163055858379,-2.632244414040341,32.10231773061208,-30.95571284265138,3.169980315,1.59980315,,,,"86.1",2354,"5.9",824215,543877,572233,670623,621043,665161,670541,694388,701358,"54.59",,,,,,,,24,2,"Slider",4,0,0,4,0,4,0,4,"Infield shade","Standard",252,"-0.001","0.032",,,,,"-0.032",,4,-4,0.878,0.122,28,25,28,25,2,1,,1,6,1,"2.98","0.13","0.13","33.1",,,,,
"FF","2026-03-29","94.5","-2.38","5.18","Imai, Tatsuya",687263,837227,,"called_strike",,,,,3,,"R","R","R","HOU","LAA","S",,,0,0,2026,"-1.17","0.96",0.7147383371027791,2.9302106831659995,,,,1,3,"Top",,,,,,,10.551843291424793,-137.15380391599714,-2.04967487628529,-17.336302908926182,35.11342264878578,-19.84868504077886,3.169980315,1.59980315,,,,"93.3",2151,"6.1",824215,543877,572233,670623,621043,665161,670541,694388,701358,"54.41",,,,,,,,24,1,"4-Seam Fastball",4,0,0,4,0,4,0,4,"Standard","Standard",239,"0.002","-0.041",,,,,"0.041",,4,-4,0.876,0.124,28,25,28,25,2,1,,1,6,1,"1.64","1.17","1.17","25.5",,,,,
"FF","2026-03-29","94.4","-2.34","4.98","Imai, Tatsuya",624428,837227,"field_out","hit_into_play",,,,,1,"Adam Frazier grounds out, first baseman Christian Walker to pitcher Tatsuya Imai.","R","L","R","HOU","LAA","X",3,"ground_ball",3,1,2026,"-1.08","0.73",-0.4002303591124703,2.699290960092566,,,,0,3,"Top",165.49,153.67,,,,,7.409607817331792,-137.29621491874317,-1.6641883276336744,-15.321642232241723,33.401040436712144,-22.838887648290378,3.111179462,1.570127953,13,"90.8",-12,"93.9",1813,"6.2",824215,543877,572233,670623,621043,665161,670541,694388,701358,"54.28",0.15,0.147,"0",1,0,0,2,23,5,"4-Seam Fastball",4,0,0,4,0,4,0,4,"Standard","Standard",242,"0.03","-0.451","70.4","7.0",,0.183,"0.451","90.8",4,-4,0.846,0.15400000000000003,28,34,28,35,1,0,,,6,7,"1.85","1.08","-1.08","21.9",17.46726162087221,1.935321120322161,34.27132774074575,34.28643465394725,29.924856309416334
"FS","2026-03-29","84.2","-2.2","5.2","Imai, Tatsuya",624428,837227,,"ball",,,,,11,,"R","L","R","HOU","LAA","B",,,2,1,2026,"-1.07","0.51",-0.9435154667693841,4.203134355064686,,,,0,3,"Top",,,,,,,5.013379897816976,-122.43090967912596,3.2491713179441493,-11.752482094161396,27.458625355059027,-28.062537982117213,3.111179462,1.570127953,,,,"83.3",1095,"6",824215,543877,572233,670623,621043,665161,670541,694388,701358,"54.45",,,,,,,,23,4,"Split-Finger",4,0,0,4,0,4,0,4,"Standard","Standard",266,"-0.009","0.141",,,,,"-0.141",,4,-4,0.855,0.14500000000000002,28,34,28,35,1,0,,,6,7,"2.74","1.07","-1.07","25.9",,,,,
"FF","2026-03-29","95","-2.25","5.18","Imai, Tatsuya",624428,837227,,"ball",,,,,11,,"R","L","R","HOU","LAA","B",,,1,1,2026,"-1.12","1",-1.3567818674072185,3.0705110186478595,,,,0,3,"Top",,,,,,,4.834795829903499,-138.1513854525834,-1.9173031447551425,-15.460800280662315,34.144561460204564,-19.192396272754937,3.111179462,1.570127953,,,,"94.1",2058,"6",824215,543877,572233,670623,621043,665161,670541,694388,701358,"54.48",,,,,,,,23,3,"4-Seam Fastball",4,0,0,4,0,4,0,4,"Standard","Standard",235,"-0.004","0.063",,,,,"-0.063",,4,-4,0.859,0.14100000000000001,28,34,28,35,1,0,,,6,7,"1.55","1.12","-1.12","25.6",,,,,
"FF","2026-03-29","94.5","-2.29","5.2","Imai, Tatsuya",624428,837227,,"called_strike",,,,,8,,"R","L","R","HOU","LAA","S",,,1,0,2026,"-1.1","0.95",-0.1421461271400335,1.6876358897922308,,,,0,3,"Top",,,,,,,7.99439590989703,-137.32918686928082,-5.3076735588057975,-15.808191325462793,33.16392769422468,-19.13875889995281,3.111179462,1.570127953,,,,"93.8",2017,"6.1",824215,543877,572233,670623,621043,665161,670541,694388,701358,"54.37",,,,,,,,23,2,"4-Seam Fastball",4,0,0,4,0,4,0,4,"Standard","Standard",241,"0.004","-0.056",,,,,"0.056",,4,-4,0.855,0.14500000000000002,28,34,28,35,1,0,,,6,7,"1.63","1.1","-1.1","24.0",,,,,
"FF","2026-03-29","94","-2.32","5.22","Imai, Tatsuya",624428,837227,,"ball",,,,,11,,"R","L","R","HOU","LAA","B",,,0,0,2026,"-1.07","0.79",-0.8673073526182582,2.4316089870355375,,,,0,3,"Top",,,,,,,6.094915825161857,-136.6376160839304,-3.038751551655376,-14.809966590094508,33.16476314036202,-21.783947116060258,3.111179462,1.570127953,,,,"93.2",1831,"6.1",824215,543877,572233,670623,621043,665161,670541,694388,701358,"54.38",,,,,,,,23,1,"4-Seam Fastball",4,0,0,4,0,4,0,4,"Standard","Standard",239,"-0.003","0.043",,,,,"-0.043",,4,-4,0.858,0.14200000000000002,28,34,28,35,1,0,,,6,7,"1.81","1.07","-1.07","27.0",,,,,
"FF","2026-03-29","96.8","-2.15","4.98","Imai, Tatsuya",518595,837227,"strikeout","swinging_strike",,,,,8,"Travis d'Arnaud strikes out swinging.","R","R","R","HOU","LAA","S",2,,1,2,2026,"-1.27","1.07",-0.059981212413082075,2.0831298194451904,,,,2,2,"Top",,,,,,,8.452010395631923,-140.56646769790365,-4.34620841189719,-18.867295407243923,36.467687806570225,-17.283683752505645,3.194553806,1.612204724,,,,"96",2143,"6.3",824215,543877,572233,670623,621043,665161,670541,694388,701358,"54.23",,0,"0",1,0,0,,12,4,"4-Seam Fastball",0,0,0,0,0,0,0,0,"Standard","Standard",237,"0.008","-0.179","71.2","7.6","1.204271052",,"0.179",,0,0,0.543,0.45699999999999996,28,37,28,37,1,0,,,6,3,"1.41","1.27","1.27","23.8",2.512508430057698,14.621823944546607,38.01229759037326,39.06061929269703,19.173461091700823
"FF","2026-03-29","96.8","-2.04","5.18","Imai, Tatsuya",518595,837227,,"ball",,,,,12,,"R","R","R","HOU","LAA","B",,,0,2,2026,"-0.9","1.33",0.11725613791882239,4.071767933832663,,,,2,2,"Top",,,,,,,7.7543925784990435,-140.63791835497477,-0.2780829602034579,-13.775781578886932,36.38528776295762,-14.862298076438375,3.194553806,1.612204724,,,,"96.2",2133,"6.3",824215,543877,572233,670623,621043,665161,670541,694388,701358,"54.17",,,,,,,,12,3,"4-Seam Fastball",0,0,0,0,0,0,0,0,"Standard","Standard",229,"-0.001","0.026",,,,,"-0.026",,0,0,0.544,0.45599999999999996,28,37,28,37,1,0,,,6,3,"1.14","0.9","0.9","28.7",,,,,
"FF","2026-03-29","97.6","-2.09","5.01","Imai, Tatsuya",518595,837227,,"called_strike",,,,,6,,"R","R","R","HOU","LAA","S",,,0,1,2026,"-1.37","0.9",0.49394931583700186,2.141132253519358,,,,2,2,"Top",,,,,,,10.06069814063248,-141.6893148242815,-4.044521596468973,-20.929079314731062,36.25069826930959,-19.2598747295924,3.194553806,1.612204724,,,,"96.9",2199,"6.3",824215,543877,572233,670623,621043,665161,670541,694388,701358,"54.21",,,,,,,,12,2,"4-Seam Fastball",0,0,0,0,0,0,0,0,"Standard","Standard",236,"0.002","-0.061",,,,,"0.061",,0,0,0.542,0.45799999999999996,28,37,28,37,1,0,,,6,3,"1.52","1.37","1.37","24.1",,,,,
"FF","2026-03-29","97","-2.1","5.1","Imai, Tatsuya",518595,837227,,"called_strike",,,,,5,,"R","R","R","HOU","LAA","S",,,0,0,2026,"-0.84","1.41",0.14729916662915532,2.3207751761535875,,,,2,2,"Top",,,,,,,7.837734322610583,-140.94936372007976,-4.89161646165716,-13.06146255984754,35.84851213893188,-12.478390329511653,3.194553806,1.612204724,,,,"96.1",2135,"6.1",824215,543877,572233,670623,621043,665161,670541,694388,701358,"54.36",,,,,,,,12,1,"4-Seam Fastball",0,0,0,0,0,0,0,0,"Standard","Standard",236,"0.002","-0.043",,,,,"0.043",,0,0,0.54,0.45999999999999996,28,37,28,37,1,0,,,6,3,"1.04","0.84","0.84","24.9",,,,,
"SL","2026-03-29","88.5","-2.07","5.13","Imai, Tatsuya",666139,837227,"strikeout","swinging_strike",,,,,14,"Josh Lowe strikes out swinging.","R","L","R","HOU","LAA","S",2,,3,2,2026,"-0.48","-0.14",0.7202746571987706,1.0953285285363106,,,,1,2,"Top",,,,,,,7.6864989182157935,-128.59997306950032,-3.10308234894506,-7.131583057740135,31.404185197839702,-33.23000528834817,3.355159121,1.693257874,,,,"87.3",2220,"6",824215,543877,572233,670623,621043,665161,670541,694388,701358,"54.47",,0,"0",1,0,0,,11,6,"Slider",0,0,0,0,0,0,0,0,"Infield shade","Standard",268,"0.021","-0.344","77.6","8.5","4.166709924",,"0.344",,0,0,0.519,0.481,28,28,28,28,1,0,,1,6,1,"3.11","0.48","-0.48","25.9",32.60095094218794,-23.81166831237745,43.86226432740365,30.830653208669226,51.039885037554534
"SL","2026-03-29","88","-2.3","5.1","Imai, Tatsuya",666139,837227,,"foul",,,,,6,,"R","L","R","HOU","LAA","S",,,3,1,2026,"-0.61","0.44",0.5258001847899627,2.695122993934576,,,,1,2,"Top",,,,,,,7.981972366072021,-127.89908576713205,-0.38974258028880493,-8.439831842165427,29.28284526790529,-27.532485355233057,3.355159121,1.693257874,346,"102.2",35,"87",2393,"6",824215,543877,572233,670623,621043,665161,670541,694388,701358,"54.53",,,,,,,,11,5,"Slider",0,0,0,0,0,0,0,0,"Infield shade","Standard",280,"0.006","-0.095","79.9","8.3",,,"0.095","102.2",0,0,0.513,0.487,28,28,28,28,1,0,,1,6,1,"2.54","0.61","-0.61","24.7",28.495824869537955,-24.774275112920076,35.03969903741411,32.04629453116716,43.90990885325295
"FF","2026-03-29","95.8","-2.22","5.09","Imai, Tatsuya",666139,837227,,"ball",,,,,11,,"R","L","R","HOU","LAA","B",,,2,1,2026,"-1.22","1.06",-0.8892920638247923,3.889187972480923,,,,1,2,"Top",,,,,,,6.228435953792636,-139.30741184804003,0.2101908373833543,-17.277839302570055,34.65273800405249,-18.80831292559587,3.355159121,1.693257874,,,,"94.9",2169,"6",824215,543877,572233,670623,621043,665161,670541,694388,701358,"54.47",,,,,,,,11,4,"4-Seam Fastball",0,0,0,0,0,0,0,0,"Infield shade","Standard",236,"-0.007","0.128",,,,,"-0.128",,0,0,0.52,0.48,28,28,28,28,1,0,,1,6,1,"1.45","1.22","-1.22","25.3",,,,,
"FF","2026-03-29","96.2","-2.27","5.1","Imai, Tatsuya",666139,837227,,"ball",,,,,12,,"R","L","R","HOU","LAA","B",,,1,1,2026,"-1.19","0.94",1.1466077050166203,2.686125885379326,,,,1,2,"Top",,,,,,,11.667054892934239,-139.6041366128623,-2.7243609995924682,-18.344900099288015,34.42120121670151,-19.4527669897314,3.355159121,1.693257874,,,,"95.5",2205,"6.3",824215,543877,572233,670623,621043,665161,670541,694388,701358,"54.23",,,,,,,,11,3,"4-Seam Fastball",0,0,0,0,0,0,0,0,"Standard","Standard",232,"-0.004","0.058",,,,,"-0.058",,0,0,0.524,0.476,28,28,28,28,1,0,,1,6,1,"1.55","1.19","-1.19","25.3",,,,,
"FF","2026-03-29","97.2","-2.18","5.24","Imai, Tatsuya",666139,837227,,"ball",,,,,11,,"R","L","R","HOU","LAA","B",,,0,1,2026,"-1.02","1.04",-0.4985365766874641,3.852967115011401,,,,1,2,"Top",,,,,,,6.800674413571398,-141.30340505741935,-0.40514666986807857,-15.25330177416044,35.261218769761925,-18.454867962055378,3.355159121,1.693257874,,,,"96.4",2111,"6.1",824215,543877,572233,670623,621043,665161,670541,694388,701358,"54.38",,,,,,,,11,2,"4-Seam Fastball",0,0,0,0,0,0,0,0,"Standard","Standard",227,"-0.002","0.032",,,,,"-0.032",,0,0,0.526,0.474,28,28,28,28,1,0,,1,6,1,"1.39","1.02","-1.02","31.7",,,,,
"FF","2026-03-29","96.4","-2.15","5.18","Imai, Tatsuya",666139,837227,,"called_strike",,,,,1,,"R","L","R","HOU","LAA","S",,,0,0,2026,"-1.3","0.98",-0.35203771898315717,2.967650305867372,,,,1,2,"Top",,,,,,,7.694408617327354,-140.16959048175138,-2.340474868450778,-18.937239003180768,34.17501946358699,-19.012537647320084,3.355159121,1.693257874,,,,"95.7",2106,"6.1",824215,543877,572233,670623,621043,665161,670541,694388,701358,"54.38",,,,,,,,11,1,"4-Seam Fastball",0,0,0,0,0,0,0,0,"Standard","Standard",237,"0.003","-0.041",,,,,"0.041",,0,0,0.523,0.477,28,28,28,28,1,0,,1,6,1,"1.5","1.3","-1.3","25.4",,,,,
"SL","2026-03-29","88.8","-2.19","5.22","Imai, Tatsuya",666176,837227,"field_out","hit_into_play",,,,,5,"Jo Adell grounds out, third baseman Carlos Correa to first baseman Christian Walker.","R","R","R","HOU","LAA","X",5,"ground_ball",3,2,2026,"-0.36","0.31",-0.22408113188974332,2.270364188804922,,,,0,2,"Top",98.6,161.82,,,,,5.489488586742296,-129.08436808069362,-1.5442562187073114,-5.3081855271192815,30.49080243641365,-28.571795215532575,3.305134514,1.668011811,94,"95.3",6,"87.6",2263,"5.9",824215,543877,572233,670623,621043,665161,670541,694388,701358,"54.57",0.52,0.484,"0",1,0,0,4,10,6,"Slider",0,0,0,0,0,0,0,0,"Standard","Standard",256,"0.029","-0.344","76.1","7.8",,0.585,"0.344","95.3",0,0,0.494,0.506,28,27,28,27,1,0,,1,6,1,"2.61","0.36","0.36","27.1",15.705441639969738,-8.159370975498668,33.42434391508334,32.83855541633983,29.038944044336983
"FF","2026-03-29","97.1","-2.08","5.12","Imai, Tatsuya",666176,837227,,"ball",,,,,12,,"R","R","R","HOU","LAA","B",,,2,2,2026,"-0.98","1.09",0.9488110820365672,2.919667843822256,,,,0,2,"Top",,,,,,,10.241694587938259,-140.99597926322528,-2.6621492340057418,-15.433502994860094,33.667458269544575,-17.26354294394857,3.305134514,1.668011811,,,,"96.5",2173,"6.2",824215,543877,572233,670623,621043,665161,670541,694388,701358,"54.3",,,,,,,,10,5,"4-Seam Fastball",0,0,0,0,0,0,0,0,"Standard","Standard",228,"-0.009","0.112",,,,,"-0.112",,0,0,0.503,0.497,28,27,28,27,1,0,,1,6,1,"1.35","0.98","0.98","26.9",,,,,
"SL","2026-03-29","88.5","-2.19","5.31","Imai, Tatsuya",666176,837227,,"ball",,,,,14,,"R","R","R","HOU","LAA","B",,,1,2,2026,"-0.39","-0.06",1.2422004942873017,0.29221281182353875,,,,0,2,"Top",,,,,,,9.006783293850273,-128.44182860730953,-5.632678411751177,-6.353335228823963,29.98151256654741,-31.72916193228081,3.305134514,1.668011811,,,,"87.3",2342,"6",824215,543877,572233,670623,621043,665161,670541,694388,701358,"54.52",,,,,,,,10,4,"Slider",0,0,0,0,0,0,0,0,"Standard","Standard",264,"-0.004","0.047",,,,,"-0.047",,0,0,0.507,0.493,28,27,28,27,1,0,,1,6,1,"3.02","0.39","0.39","26.4",,,,,
"SL","2026-03-29","87.5","-2.01","5.36","Imai, Tatsuya",666176,837227,,"swinging_strike",,,,,14,,"R","R","R","HOU","LAA","S",,,1,1,2026,"-0.86","0.38",0.3462555746578053,0.7099228607525587,,,,0,2,"Top",,,,,,,7.358715696623474,-127.12553140104016,-5.581753717070448,-10.882999854031752,26.257982528314194,-27.04360433324006,3.305134514,1.668011811,,,,"86.9",2402,"6",824215,543877,572233,670623,621043,665161,670541,694388,701358,"54.49",,,,,,,,10,3,"Slider",0,0,0,0,0,0,0,0,"Standard","Standard",252,"0.006","-0.062","72.1","8.7","2.825248776",,"0.062",,0,0,0.501,0.499,28,27,28,27,1,0,,1,6,1,"2.6","0.86","0.86","29.5",22.536498856114843,-20.615554034061567,43.381952569067494,38.8926373987619,42.03901170637228
"FF","2026-03-29","94.9","-2.06","5.44","Imai, Tatsuya",666176,837227,,"ball",,,,,11,,"R","R","R","HOU","LAA","B",,,0,1,2026,"-1.06","1.19",-1.062965859706221,5.614930218212308,,,,0,2,"Top",,,,,,,4.948392156589813,-138.00062467250646,3.5316780476913268,-14.671282656789916,33.01115005002703,-18.16721422298612,3.305134514,1.668011811,,,,"94",1989,"5.9",824215,543877,572233,670623,621043,665161,670541,694388,701358,"54.56",,,,,,,,10,2,"4-Seam Fastball",0,0,0,0,0,0,0,0,"Standard","Standard",226,"-0.002","0.029",,,,,"-0.029",,0,0,0.503,0.497,28,27,28,27,1,0,,1,6,1,"1.36","1.06","1.06","30.5",,,,,
"FF","2026-03-29","94.1","-2.11","5.32","Imai, Tatsuya",666176,837227,,"swinging_strike",,,,,12,,"R","R","R","HOU","LAA","S",,,0,0,2026,"-1.04","1.18",0.0730798614864776,3.61055702774373,,,,0,2,"Top",,,,,,,7.888506157840746,-136.77568867823564,-1.162976414066352,-14.851251261105062,32.31913660305402,-17.404802627591053,3.305134514,1.668011811,,,,"93.2",2026,"6",824215,543877,572233,670623,621043,665161,670541,694388,701358,"54.53",,,,,,,,10,1,"4-Seam Fastball",0,0,0,0,0,0,0,0,"Standard","Standard",235,"0.003","-0.042","80.1","7.3","1.205754672",,"0.042",,0,0,0.5,0.5,28,27,28,27,1,0,,1,6,1,"1.42","1.04","1.04","25.8",16.43843518000055,4.009408158104412,30.186906933921403,37.18362100107133,17.70735232798245
"SL","2026-03-29","87.9","-2.28","5.29","Imai, Tatsuya",660162,837227,"field_out","hit_into_play",,,,,4,"Yoán Moncada grounds out, second baseman Isaac Paredes to first baseman Christian Walker.","R","L","R","HOU","LAA","X",4,"ground_ball",3,2,2026,"-0.35","0.19",-0.5902216422244293,2.5246519448174776,,687263,694384,2,1,"Top",154.34,148.14,,,,,4.718711080901701,-127.80900941003745,-0.6554926349564985,-4.9079337280667295,32.20152968623658,-30.256722058653082,3.217372047,1.623720472,31,"98.3",-3,"86.3",2313,"5.9",824215,543877,572233,670623,621043,665161,670541,694388,701358,"54.65",0.338,0.313,"0",1,0,0,2,5,7,"Slider",0,0,0,0,0,0,0,0,"Infield shade","Standard",262,"0.048","-0.281","77.1","7.6",,0.382,"0.281","98.3",0,0,0.5,0.5,28,31,28,31,1,0,,1,6,1,"2.82","0.35","-0.35","24.7",25.444852058383205,3.81054397224828,27.290609664862526,42.24283127523981,34.56748365387283
"SL","2026-03-29","88.9","-2.23","5.23","Imai, Tatsuya",660162,837227,,"foul",,,,,13,,"R","L","R","HOU","LAA","S",,,3,2,2026,"-0.4","-0.22",-0.1573261753180752,1.4441168236447455,,687263,694384,2,1,"Top",,,,,,,5.838087744495387,-129.25103796659408,-2.4159551334494314,-5.870953884612325,30.83033551957025,-34.309363138440006,3.217372047,1.623720472,3,"59.1",-29,"87.8",2336,"6",824215,543877,572233,670623,621043,665161,670541,694388,701358,"54.52",,,,,,,,5,6,"Slider",0,0,0,0,0,0,0,0,"Infield shade","Standard",275,"0","0","76.3","8.1",,,"0","88.0",0,0,0.5,0.5,28,31,28,31,1,0,,1,6,1,"3.15","0.4","-0.4","23.4",17.49900601713176,-11.645784436587773,41.29889311244582,38.168543193183595,42.435499857838636
"FF","2026-03-29","96.7","-2.16","5.14","Imai, Tatsuya",660162,837227,,"ball",,,,,12,,"R","L","R","HOU","LAA","B",,,2,2,2026,"-1.08","1.09",0.2627445837717106,4.137920626116457,,687263,694384,2,1,"Top",,,,,,,8.850957262881396,-140.53010411007722,0.5632003837210134,-16.402874902722594,34.811973853675774,-18.227176379304435,3.217372047,1.623720472,,,,"96",2162,"6.2",824215,543877,572233,670623,621043,665161,670541,694388,701358,"54.32",,,,,,,,5,5,"4-Seam Fastball",0,0,0,0,0,0,0,0,"Infield shade","Standard",240,"-0.011","0.06",,,,,"-0.06",,0,0,0.511,0.489,28,31,28,31,1,0,,1,6,1,"1.37","1.08","-1.08","21.3",,,,,
"FS","2026-03-29","86.4","-2.1","5.26","Imai, Tatsuya",660162,837227,,"blocked_ball",,,,,14,,"R","L","R","HOU","LAA","B",,,1,2,2026,"-1.1","-0.03",0.41562582933370473,0.12205542127148661,,687263,694384,2,1,"Top",,,,,,,8.119811859283379,-125.44955519821742,-5.558922769561347,-13.304045649861461,28.132732221327284,-31.43834219186969,3.217372047,1.623720472,,,,"85.4",1327,"6",824215,543877,572233,670623,621043,665161,670541,694388,701358,"54.47",,,,,,,,5,4,"Split-Finger",0,0,0,0,0,0,0,0,"Standard","Standard",257,"-0.007","0.016",,,,,"-0.016",,0,0,0.518,0.482,28,31,28,31,1,0,,1,6,1,"3.12","1.1","-1.1","30.6",,,,,
"SL","2026-03-29","88.4","-2.33","5.29","Imai, Tatsuya",660162,837227,,"ball",,,,,14,,"R","L","R","HOU","LAA","B",,,0,2,2026,"-0.38","-0.2",0.3361390562105999,1.098516824733161,,687263,694384,2,1,"Top",,,,,,,7.168289246985176,-128.49320076960217,-3.405952792136832,-5.795354978618255,28.742888153639843,-33.83724844869509,3.217372047,1.623720472,,,,"87.5",2324,"6",824215,543877,572233,670623,621043,665161,670541,694388,701358,"54.53",,,,,,,,5,3,"Slider",0,0,0,0,0,0,0,0,"Infield shade","Standard",260,"-0.004","0.011",,,,,"-0.011",,0,0,0.522,0.478,28,31,28,31,1,0,,1,6,1,"3.14","0.38","-0.38","25.2",,,,,
"FF","2026-03-29","96.8","-2.1","5.24","Imai, Tatsuya",660162,837227,,"called_strike",,,,,6,,"R","L","R","HOU","LAA","S",,,0,1,2026,"-1.38","0.76",0.3245697087959576,2.299468959396701,,687263,694384,2,1,"Top",,,,,,,9.519137650854582,-140.50598901411007,-3.755436674769108,-20.56100270534546,35.30447214810369,-21.45968769243969,3.217372047,1.623720472,,,,"95.7",2290,"6",824215,543877,572233,670623,621043,665161,670541,694388,701358,"54.48",,,,,,,,5,2,"4-Seam Fastball",0,0,0,0,0,0,0,0,"Infield shade","Standard",240,"0.011","-0.052",,,,,"0.052",,0,0,0.511,0.489,28,31,28,31,1,0,,1,6,1,"1.71","1.38","-1.38","23.8",,,,,
"CU","2026-03-29","80","-2","5.53","Imai, Tatsuya",660162,837227,,"called_strike",,,,,6,,"R","L","R","HOU","LAA","S",,,0,0,2026,"0.51","-0.85",0.3600723487607989,2.4595804141574877,,687263,694384,2,1,"Top",,,,,,,4.109851428659036,-116.32486954325478,1.8535869006322458,3.773969981099616,24.356124737769616,-40.48769253837215,3.217372047,1.623720472,,,,"78.8",2606,"5.7",824215,543877,572233,670623,621043,665161,670541,694388,701358,"54.76",,,,,,,,5,1,"Curveball",0,0,0,0,0,0,0,0,"Infield shade","Standard",39,"0.006","-0.036",,,,,"0.036",,0,0,0.505,0.495,28,31,28,31,1,0,,1,6,1,"4.45","-0.51","0.51","32.2",,,,,
"SL","2026-03-29","88.3","-2.11","5.45","Imai, Tatsuya",624585,837227,"strikeout","called_strike",,,,,9,"Jorge Soler called out on strikes.","R","R","R","HOU","LAA","S",2,,2,2,2026,"-0.18","0.5",0.3604182640484717,1.973109666630589,,687263,694384,1,1,"Top",,,,,,,6.2474159132821825,-128.2432403839146,-3.0402125550439245,-3.4891826961258676,31.619073967057957,-26.283839751535012,3.354281496,1.692814961,,,,"86.8",2454,"5.9",824215,543877,572233,670623,621043,665161,670541,694388,701358,"54.64",,0,"0",1,0,0,,4,5,"Slider",0,0,0,0,0,0,0,0,"Standard","Standard",243,"0.038","-0.231",,,,,"0.231",,0,0,0.467,0.5329999999999999,28,34,28,34,1,0,,1,6,1,"2.49","0.18","0.18","29.2",,,,,
"SL","2026-03-29","88.2","-2.19","5.33","Imai, Tatsuya",624585,837227,,"called_strike",,,,,8,,"R","R","R","HOU","LAA","S",,,2,1,2026,"-0.27","0.29",0.0032186944785368987,1.6821804890211607,,687263,694384,1,1,"Top",,,,,,,5.784767067515716,-128.19260670197625,-3.0462942076754143,-4.353142348796303,30.24639530115035,-28.500403447413735,3.354281496,1.692814961,,,,"86.9",2411,"5.9",824215,543877,572233,670623,621043,665161,670541,694388,701358,"54.64",,,,,,,,4,4,"Slider",0,0,0,0,0,0,0,0,"Standard","Standard",261,"0.013","-0.07",,,,,"0.07",,0,0,0.454,0.546,28,34,28,34,1,0,,1,6,1,"2.68","0.27","0.27","28.4",,,,,
"SL","2026-03-29","88","-2.06","5.38","Imai, Tatsuya",624585,837227,,"ball",,,,,14,,"R","R","R","HOU","LAA","B",,,1,1,2026,"-0.39","-0.01",1.124699645256372,1.021397446523752,,687263,694384,1,1,"Top",,,,,,,8.371789314665792,-127.69400749950208,-4.049860663679314,-6.196946502532728,30.43775615984317,-31.520012519871635,3.354281496,1.692814961,,,,"86.6",2361,"5.9",824215,543877,572233,670623,621043,665161,670541,694388,701358,"54.56",,,,,,,,4,3,"Slider",0,0,0,0,0,0,0,0,"Standard","Standard",260,"-0.008","0.071",,,,,"-0.071",,0,0,0.462,0.538,28,34,28,34,1,0,,1,6,1,"3.01","0.39","0.39","27.1",,,,,
"SL","2026-03-29","88.1","-1.89","5.47","Imai, Tatsuya",624585,837227,,"ball",,,,,14,,"R","R","R","HOU","LAA","B",,,0,1,2026,"-0.45","0.28",1.0092241675826599,1.643387879949552,,687263,694384,1,1,"Top",,,,,,,7.829660218289564,-127.93786935777045,-3.423264572653056,-6.7343013967293635,30.562223729001794,-28.506928549858078,3.354281496,1.692814961,,,,"86.7",2381,"5.9",824215,543877,572233,670623,621043,665161,670541,694388,701358,"54.61",,,,,,,,4,2,"Slider",0,0,0,0,0,0,0,0,"Standard","Standard",269,"-0.005","0.024",,,,,"-0.024",,0,0,0.467,0.5329999999999999,28,34,28,34,1,0,,1,6,1,"2.7","0.45","0.45","26.2",,,,,
"SL","2026-03-29","88","-2.08","5.47","Imai, Tatsuya",624585,837227,,"called_strike",,,,,7,,"R","R","R","HOU","LAA","S",,,0,0,2026,"-0.71","0.58",-0.37120679168265736,2.0013958815311725,,687263,694384,1,1,"Top",,,,,,,5.55900140328156,-127.95840998412294,-3.2337320457713115,-9.04421233649324,28.867064790522427,-25.387206459532084,3.354281496,1.692814961,,,,"87",2315,"5.9",824215,543877,572233,670623,621043,665161,670541,694388,701358,"54.61",,,,,,,,4,1,"Slider",0,0,0,0,0,0,0,0,"Standard","Standard",257,"0.007","-0.039",,,,,"0.039",,0,0,0.46,0.54,28,34,28,34,1,0,,1,6,1,"2.39","0.71","0.71","27.6",,,,,
"FF","2026-03-29","95.9","-2.21","5.06","Imai, Tatsuya",694384,837227,"walk","ball",,,,,14,"Nolan Schanuel walks. Zach Neto to 2nd.","R","L","R","HOU","LAA","B",,,3,1,2026,"-1.16","0.9",0.9536288338358272,2.3294089560627427,,,687263,1,1,"Top",,,,,,,10.833956865962103,-139.24007349160544,-3.4239135077220695,-17.542066849476093,33.093182048638766,-19.8981771261176,3.290214895,1.660482283,,,,"95.1",1938,"6.1",824215,543877,572233,670623,621043,665161,670541,694388,701358,"54.42",,0.697886,"0.7",1,0,0,,3,5,"4-Seam Fastball",0,0,0,0,0,0,0,0,"Infield shade","Standard",240,"-0.023","0.168",,,,,"-0.168",,0,0,0.483,0.517,28,24,28,24,1,0,,1,6,1,"1.6","1.16","-1.16","21.2",,,,,
"FF","2026-03-29","94.6","-2.17","5.19","Imai, Tatsuya",694384,837227,,"called_strike",,,,,8,,"R","L","R","HOU","LAA","S",,,3,0,2026,"-0.97","1.14",0.1535302633294301,1.6259514254736642,,,687263,1,1,"Top",,,,,,,8.113002991953863,-137.37259514552554,-5.875620813610592,-14.141051312512449,33.42486689677822,-16.541023302632684,3.290214895,1.660482283,,,,"93.6",1986,"6",824215,543877,572233,670623,621043,665161,670541,694388,701358,"54.48",,,,,,,,3,4,"4-Seam Fastball",0,0,0,0,0,0,0,0,"Infield shade","Standard",239,"0.008","-0.051",,,,,"0.051",,0,0,0.475,0.525,28,24,28,24,1,0,,1,6,1,"1.43","0.97","-0.97","21.7",,,,,
"FS","2026-03-29","84.9","-2.15","5.42","Imai, Tatsuya",694384,837227,,"ball",,,,,11,,"R","L","R","HOU","LAA","B",,,2,0,2026,"-1.35","0.45",-0.41756573717571044,3.9236119114383357,,,687263,1,1,"Top",,,,,,,6.671372672315664,-123.36822921739699,2.1314516059213533,-15.093684615372855,26.886503577304527,-28.331593841394955,3.290214895,1.660482283,,,,"83.8",1303,"5.9",824215,543877,572233,670623,621043,665161,670541,694388,701358,"54.63",,,,,,,,3,3,"Split-Finger",0,0,0,0,0,0,0,0,"Infield shade","Standard",260,"-0.012","0.096",,,,,"-0.096",,0,0,0.487,0.513,28,24,28,24,1,0,,1,6,1,"2.75","1.35","-1.35","29.0",,,,,
"FF","2026-03-29","96","-2.17","5.25","Imai, Tatsuya",694384,837227,,"ball",,,,,11,,"R","L","R","HOU","LAA","B",,,1,0,2026,"-0.73","1.36",-0.7455244983891891,4.176278280546651,,,687263,1,1,"Top",,,,,,,5.365572878101218,-139.61558276781312,-0.18386834392888637,-10.837965515813837,34.68171778426145,-14.668501804021778,3.290214895,1.660482283,,,,"94.9",2076,"5.9",824215,543877,572233,670623,621043,665161,670541,694388,701358,"54.57",,,,,,,,3,2,"4-Seam Fastball",0,0,0,0,0,0,0,0,"Infield shade","Standard",241,"-0.007","0.069",,,,,"-0.069",,0,0,0.494,0.506,28,24,28,24,1,0,,1,6,1,"1.13","0.73","-0.73","23.2",,,,,
"FS","2026-03-29","85.9","-2.13","5.39","Imai, Tatsuya",694384,837227,,"ball",,,,,13,,"R","L","R","HOU","LAA","B",,,0,0,2026,"-1.15","-0.01",-0.14976741326243115,0.6821701875888269,,,687263,1,1,"Top",,,,,,,6.955871193052565,-124.76379052985727,-4.513911263773217,-13.481560999641033,27.80351465980476,-31.474610080413,3.290214895,1.660482283,,,,"84.9",1257,"6",824215,543877,572233,670623,621043,665161,670541,694388,701358,"54.5",,,,,,,,3,1,"Split-Finger",0,0,0,0,0,0,0,0,"Infield shade","Standard",264,"-0.004","0.035",,,,,"-0.035",,0,0,0.498,0.502,28,24,28,24,1,0,,1,6,1,"3.14","1.15","-1.15","26.0",,,,,
"FF","2026-03-29","95.3","-2.11","5.32","Imai, Tatsuya",545361,837227,"strikeout","called_strike",,,,,3,"Mike Trout challenged (pitch result), call on the field was confirmed: Mike Trout called out on strikes.","R","R","R","HOU","LAA","S",2,,0,2,2026,"-0.97","1.17",0.7850428612233167,3.1902515504350935,,,687263,0,1,"Top",,,,,,,9.64535559818746,-138.3612927887929,-2.3933376167536684,-14.62556151786459,32.49596586413138,-16.854239165357264,3.243700787,1.637007874,,,,"94.5",1990,"6.1",824215,543877,572233,670623,621043,665161,670541,694388,701358,"54.43",,0,"0",1,0,0,,2,3,"4-Seam Fastball",0,0,0,0,0,0,0,0,"Standard","Standard",239,"0.02","-0.159",,,,,"0.159",,0,0,0.478,0.522,28,34,28,35,1,0,,1,6,1,"1.36","0.97","0.97","25.6",,,,,
"FF","2026-03-29","94.2","-2.08","5.44","Imai, Tatsuya",545361,837227,,"called_strike",,,,,6,,"R","R","R","HOU","LAA","S",,,0,1,2026,"-1.11","1.08",0.7783795134292317,2.5381081378642927,,,687263,0,1,"Top",,,,,,,9.772284442568568,-136.72091642081713,-3.9543172550720445,-16.17196508446815,33.5247924315576,-17.966512363994422,3.243700787,1.637007874,,,,"93.2",2174,"6.1",824215,543877,572233,670623,621043,665161,670541,694388,701358,"54.42",,,,,,,,2,2,"4-Seam Fastball",0,0,0,0,0,0,0,0,"Standard","Standard",237,"0.009","-0.05",,,,,"0.05",,0,0,0.469,0.531,28,34,28,35,1,0,,1,6,1,"1.53","1.11","1.11","25.3",,,,,
"FF","2026-03-29","93.9","-2.22","5.36","Imai, Tatsuya",545361,837227,,"called_strike",,,,,11,,"R","R","R","HOU","LAA","S",,,0,0,2026,"-0.84","1.24",-0.15369686904604152,3.487378339273245,,,687263,0,1,"Top",,,,,,,7.119214008543071,-136.60107029859384,-1.6892402167086868,-12.181201734752015,32.55791209655524,-16.562458895949227,3.243700787,1.637007874,,,,"93",1957,"6",824215,543877,572233,670623,621043,665161,670541,694388,701358,"54.54",,,,,,,,2,1,"4-Seam Fastball",0,0,0,0,0,0,0,0,"Standard","Standard",236,"0.005","-0.041",,,,,"0.041",,0,0,0.464,0.536,28,34,28,35,1,0,,1,6,1,"1.36","0.84","0.84","24.7",,,,,
"FF","2026-03-29","94.8","-2.14","5.18","Imai, Tatsuya",687263,837227,"walk","ball",,,,,12,"Zach Neto walks.","R","R","R","HOU","LAA","B",,,3,1,2026,"-0.8","1.32",0.4956190575967928,3.745865114103361,,,,0,1,"Top",,,,,,,8.581412107620679,-137.72675252007906,-0.8722189260877307,-12.164235009971586,32.42405713961001,-15.459101529620373,3.169980315,1.59980315,,,,"94.2",1913,"6.2",824215,543877,572233,670623,621043,665161,670541,694388,701358,"54.35",,0.697886,"0.7",1,0,0,,1,5,"4-Seam Fastball",0,0,0,0,0,0,0,0,"Infield shade","Standard",235,"-0.022","0.26",,,,,"-0.26",,0,0,0.486,0.514,28,25,28,25,1,0,,1,6,1,"1.24","0.8","0.8","22.5",,,,,
"SL","2026-03-29","87.4","-2.12","5.47","Imai, Tatsuya",687263,837227,,"ball",,,,,14,,"R","R","R","HOU","LAA","B",,,2,1,2026,"-0.42","-0.35",1.2383687390708453,1.6550064864670726,,,,0,1,"Top",,,,,,,8.796939225570522,-126.99293947811563,-2.015497239323457,-6.485929427296212,27.808453170456406,-35.713192258393605,3.169980315,1.59980315,,,,"86.4",2125,"5.9",824215,543877,572233,670623,621043,665161,670541,694388,701358,"54.61",,,,,,,,1,4,"Slider",0,0,0,0,0,0,0,0,"Infield shade","Standard",268,"-0.01","0.141",,,,,"-0.141",,0,0,0.496,0.504,28,25,28,25,1,0,,1,6,1,"3.36","0.42","0.42","27.5",,,,,
"SL","2026-03-29","86.5","-1.97","5.54","Imai, Tatsuya",687263,837227,,"ball",,,,,2,,"R","R","R","HOU","LAA","B",,,1,1,2026,"-0.59","0.3",0.030105158161474632,3.147605615288058,,,,0,1,"Top",,,,,,,5.8603451453283135,-125.75960977346065,0.12262680853978891,-7.565829913137361,28.66300318139436,-29.244043226374274,3.169980315,1.59980315,,,,"85",2162,"5.6",824215,543877,572233,670623,621043,665161,670541,694388,701358,"54.86",,,,,,,,1,3,"Slider",0,0,0,0,0,0,0,0,"Infield shade","Standard",257,"-0.005","0.063",,,,,"-0.063",,0,0,0.501,0.499,28,25,28,25,1,0,,1,6,1,"2.78","0.59","0.59","26.4",,,,,
"SL","2026-03-29","85.7","-2.01","5.51","Imai, Tatsuya",687263,837227,,"swinging_strike",,,,,7,,"R","R","R","HOU","LAA","S",,,1,0,2026,"-0.76","-0.26",-0.7651019379823586,1.5560103298108907,,,,0,1,"Top",,,,,,,4.404138001416405,-124.70911937677444,-2.241711194002157,-8.859413032386271,27.216842317663282,-34.584090748652656,3.169980315,1.59980315,,,,"84.3",2179,"5.6",824215,543877,572233,670623,621043,665161,670541,694388,701358,"54.91",,,,,,,,1,2,"Slider",0,0,0,0,0,0,0,0,"Infield shade","Standard",249,"0.005","-0.056","76.6","8.0","9.096989832",,"0.056",,0,0,0.496,0.504,28,25,28,25,1,0,,1,6,1,"3.38","0.76","0.76","26.3",37.754202248428626,-48.63546950642406,41.933293757384405,22.60646882068483,59.442232497917715
"FS","2026-03-29","82.6","-1.64","5.62","Imai, Tatsuya",687263,837227,,"ball",,,,,12,,"R","R","R","HOU","LAA","B",,,0,0,2026,"-1.08","0.42",1.0812192462566166,3.005635210745591,,,,0,1,"Top",,,,,,,8.171118469732175,-120.01811879891497,-0.04441528187911292,-12.033470665381374,24.488417231389867,-28.36847796296546,3.169980315,1.59980315,,,,"81.6",1435,"5.8",824215,543877,572233,670623,621043,665161,670541,694388,701358,"54.67",,,,,,,,1,1,"Split-Finger",0,0,0,0,0,0,0,0,"Infield shade","Standard",254,"-0.004","0.043",,,,,"-0.043",,0,0,0.5,0.5,28,25,28,25,1,0,,1,6,1,"2.95","1.08","1.08","31.0",,,,,